pair_id,frag_a_id,frag_b_id,source_a,source_b,type_a,type_b,same_file_type,label,seam_byte_diff,seam_avg_diff_4,seam_avg_diff_16,seam_both_null,seam_both_printable,seam_identical,bfa_cosine_sim,bfa_euclidean_dist,bfa_manhattan_dist,bfa_correlation,diff_entropy,avg_entropy,diff_mean,diff_std,diff_variance,diff_printable,diff_null,diff_high_byte,diff_control,diff_max_consecutive,is_header_a,is_footer_b,has_magic_header_a,has_magic_footer_b,invalid_boundary
PAIR_NEG_000793,FRAG_000934,FRAG_000016,sample_png_016.png,sample_jpeg_002.jpeg,png,jpeg,0,0,42.0,53.75,87.5,0,0,0,0.93664,0.02297,0.29148,-0.02082,0.0049,7.9517,3.0568,0.8975,133.1041,0.0002,0.0037,0.0025,0.0044,0,0,0,0,0,0
PAIR_NEG_000006,FRAG_000463,FRAG_000742,sample_pdf_011.pdf,sample_pdf_023.pdf,pdf,pdf,1,0,78.0,46.0,57.25,0,1,0,0.99436,0.02581,0.14499,0.99396,0.1258,4.5501,0.9433,0.9097,50.9736,0.002,0.0,0.002,0.0,0,0,0,0,0,1
PAIR_NEG_000710,FRAG_001001,FRAG_000917,sample_png_023.png,sample_png_014.png,png,png,1,0,198.0,98.5,111.25,0,0,0,0.93573,0.02317,0.30521,0.00686,0.0055,7.9495,1.8008,0.5081,75.2627,0.019,0.0022,0.0125,0.0078,0,0,0,0,0,0
PAIR_NEG_001448,FRAG_000900,FRAG_000743,sample_png_012.png,sample_pdf_023.pdf,png,pdf,0,0,140.0,83.25,71.125,0,0,0,0.27067,0.22641,1.6978,0.05533,3.374,6.2661,33.5285,45.48,4624.5914,0.6216,0.0024,0.5051,0.1113,0,0,0,0,0,0
PAIR_POS_000118,FRAG_000132,FRAG_000133,sample_jpeg_015.jpeg,sample_jpeg_015.jpeg,jpeg,jpeg,1,1,15.0,40.75,75.1875,0,0,0,0.94334,0.02169,0.27089,0.04257,0.0037,7.9541,2.4404,0.6936,102.0657,0.0083,0.0,0.018,0.009,0,0,0,0,0,0
PAIR_NEG_000669,FRAG_001505,FRAG_001477,sample_zip_014.zip,sample_zip_011.zip,zip,zip,1,0,113.0,134.25,87.375,0,0,0,0.937,0.02292,0.29978,0.00117,0.0081,7.9518,1.0315,1.0135,149.0406,0.0095,0.0029,0.0054,0.0032,1,0,0,0,0,0
PAIR_POS_001344,FRAG_001452,FRAG_001453,sample_zip_009.zip,sample_zip_009.zip,zip,zip,1,1,31.0,44.25,58.0625,0,1,0,0.93643,0.02299,0.28885,-0.05486,0.001,7.9542,2.9553,0.8699,129.7332,0.0217,0.0043,0.0249,0.0027,0,0,0,0,0,0
PAIR_NEG_001355,FRAG_000787,FRAG_000119,sample_pdf_025.pdf,sample_jpeg_013.jpeg,pdf,jpeg,0,0,89.0,80.75,81.3125,0,0,0,0.25106,0.22646,1.69536,-0.03884,3.3537,6.2821,33.081,45.9366,4705.8144,0.6138,0.0085,0.4956,0.115,0,0,0,0,0,0
PAIR_NEG_001321,FRAG_000107,FRAG_000781,sample_jpeg_012.jpg,sample_pdf_025.pdf,jpeg,pdf,0,0,223.0,121.25,92.75,0,0,0,0.2588,0.23003,1.70113,0.01951,3.4555,6.224,31.3462,46.962,4776.5204,0.6179,0.0078,0.4963,0.1167,0,0,0,0,0,0
PAIR_NEG_000193,FRAG_001255,FRAG_001157,sample_text_016.json,sample_text_011.json,text,text,1,0,0.0,36.5,36.6875,0,1,1,0.99828,0.01355,0.05077,0.99814,0.0089,4.9853,0.0635,0.1122,7.9524,0.0,0.0,0.0,0.0,0,0,0,0,0,0
PAIR_NEG_000721,FRAG_000963,FRAG_000996,sample_png_019.png,sample_png_023.png,png,png,1,0,27.0,36.0,88.9375,0,0,0,0.93786,0.02276,0.28022,0.00851,0.0087,7.9521,5.4856,0.297,44.0863,0.0088,0.0061,0.0296,0.0205,1,0,0,0,0,1
PAIR_NEG_000625,FRAG_000959,FRAG_000998,sample_png_019.png,sample_png_023.png,png,png,1,0,124.0,82.0,84.25,0,0,0,0.94657,0.02104,0.26511,0.06466,0.0046,7.9561,0.0857,0.3446,50.9178,0.0069,0.0025,0.0059,0.0015,0,0,0,0,0,0
PAIR_POS_001132,FRAG_001221,FRAG_001222,sample_text_015.json,sample_text_015.json,text,text,1,1,64.0,84.75,68.25,0,1,0,0.99937,0.00846,0.0483,0.99933,0.0334,4.9797,0.6987,0.0753,5.3483,0.0,0.0,0.0,0.0,0,0,0,0,0,0
PAIR_POS_001435,FRAG_001551,FRAG_001552,sample_zip_017.zip,sample_zip_017.zip,zip,zip,1,1,166.0,109.75,95.8125,0,0,0,0.93829,0.02269,0.29296,0.02334,0.0011,7.9508,0.2327,0.5194,77.169,0.0015,0.001,0.0034,0.0012,0,0,0,0,0,0
PAIR_NEG_001013,FRAG_000475,FRAG_000023,sample_pdf_011.pdf,sample_jpeg_002.jpeg,pdf,jpeg,0,0,107.0,76.0,75.5625,0,0,0,0.26023,0.22465,1.68069,0.00365,3.3126,6.2916,33.4512,45.8492,4719.3733,0.6326,0.009,0.5,0.1277,0,0,0,0,0,0
PAIR_POS_000992,FRAG_001070,FRAG_001071,sample_text_004.json,sample_text_004.json,text,text,1,1,0.0,40.25,43.5625,0,1,1,0.99888,0.01094,0.05174,0.99879,0.0208,4.9847,0.2776,0.1223,8.6672,0.0,0.0,0.0,0.0,0,0,0,0,0,0
PAIR_NEG_000815,FRAG_001394,FRAG_001201,sample_zip_003.zip,sample_text_014.txt,zip,text,0,0,45.0,48.75,52.625,0,0,0,0.29655,0.1886,1.58411,0.0704,2.7197,6.4582,38.372,45.1826,4833.4138,0.6114,0.0442,0.4454,0.1645,14,0,0,0,0,1
PAIR_NEG_001201,FRAG_000655,FRAG_000997,sample_pdf_019.pdf,sample_png_023.png,pdf,png,0,0,87.0,91.0,79.25,0,0,0,0.25991,0.22828,1.7215,0.01114,3.4458,6.2374,31.5815,47.1215,4788.2285,0.6106,0.0046,0.4932,0.1135,0,0,0,0,0,0
PAIR_POS_000956,FRAG_001031,FRAG_001032,sample_text_001.json,sample_text_001.json,text,text,1,1,12.0,35.0,33.8125,0,1,0,0.99953,0.00706,0.02779,0.99949,0.0035,4.9977,0.0781,0.0574,4.063,0.0,0.0,0.0,0.0,0,0,0,0,0,0
PAIR_NEG_000744,FRAG_000522,FRAG_000268,sample_pdf_013.pdf,sample_pdf_002.pdf,pdf,pdf,1,0,82.0,57.5,36.1875,0,1,0,0.99244,0.0293,0.12397,0.99188,0.0386,4.4946,0.5481,0.3947,21.4557,0.0,0.0,0.0,0.0,0,0,0,0,0,0
PAIR_NEG_000568,FRAG_001433,FRAG_001515,sample_zip_008.zip,sample_zip_014.zip,zip,zip,1,0,129.0,81.0,63.5625,0,0,0,0.92664,0.02477,0.32521,-0.11776,0.0054,7.9479,1.0339,0.9819,144.6817,0.0173,0.0051,0.0169,0.0025,1,0,0,0,0,0
PAIR_POS_000263,FRAG_000290,FRAG_000291,sample_pdf_003.pdf,sample_pdf_003.pdf,pdf,pdf,1,1,13.0,22.5,24.125,0,1,0,0.99987,0.0038,0.01513,0.99986,0.0002,4.5577,0.0486,0.0302,1.6841,0.0,0.0,0.0,0.0,0,0,0,0,0,0
PAIR_NEG_001390,FRAG_001626,FRAG_000036,sample_zip_025.zip,sample_jpeg_004.jpeg,zip,jpeg,0,0,90.0,96.5,85.375,0,0,0,0.94712,0.02095,0.26953,0.09603,0.0014,7.9541,2.0493,0.9371,137.8793,0.001,0.002,0.0078,0.007,0,0,0,0,0,0
PAIR_NEG_000627,FRAG_001211,FRAG_001287,sample_text_015.json,sample_text_019.txt,text,text,1,0,3.0,3.25,12.8125,0,1,0,0.79491,0.13942,0.6494,0.77629,0.092,5.047,10.629,4.4242,292.9341,0.0,0.0,0.0,0.0,2,0,0,0,0,0
PAIR_POS_001481,FRAG_001601,FRAG_001602,sample_zip_021.zip,sample_zip_021.zip,zip,zip,1,1,88.0,65.0,78.0625,0,1,0,0.61431,0.07804,0.48079,-0.01094,0.3094,7.8059,15.2916,2.993,458.1952,0.005,0.0706,0.0861,0.0807,15,0,1,0,1,0
PAIR_NEG_000081,FRAG_001206,FRAG_001241,sample_text_015.json,sample_text_016.json,text,text,1,0,79.0,47.75,28.8125,0,1,0,0.99842,0.01299,0.05124,0.99829,0.0123,4.978,0.0044,0.0725,5.1352,0.0,0.0,0.0,0.0,0,0,0,0,0,0
PAIR_POS_000465,FRAG_000501,FRAG_000502,sample_pdf_012.pdf,sample_pdf_012.pdf,pdf,pdf,1,1,19.0,28.0,15.1875,0,1,0,0.99898,0.01086,0.04641,0.99891,0.012,4.4576,0.1345,0.0439,2.3714,0.0,0.0,0.0,0.0,0,0,0,0,0,0
PAIR_NEG_000244,FRAG_001103,FRAG_001247,sample_text_007.csv,sample_text_016.json,text,text,1,0,15.0,59.75,40.5625,0,1,0,0.39216,0.24398,1.16159,0.3393,0.1053,4.9386,6.2232,11.4146,677.5218,0.0,0.0,0.0,0.0,1,0,0,0,0,0
PAIR_NEG_001250,FRAG_001072,FRAG_000891,sample_text_004.json,sample_png_011.png,text,png,0,0,65.0,84.25,105.4375,0,0,0,0.24014,0.22257,1.59863,-0.10312,2.9557,6.4752,59.0798,39.0369,4288.4858,0.6194,0.0037,0.4993,0.1169,2,0,0,0,0,0
PAIR_NEG_001035,FRAG_000879,FRAG_001414,sample_png_009.png,sample_zip_006.zip,png,zip,0,0,110.0,73.0,112.3125,0,0,0,0.93648,0.02292,0.29492,-0.14721,0.0003,7.9573,1.8082,1.1949,177.1367,0.022,0.0,0.0146,0.0076,0,0,0,0,0,0
PAIR_POS_000327,FRAG_000357,FRAG_000358,sample_pdf_006.pdf,sample_pdf_006.pdf,pdf,pdf,1,1,26.0,11.5,24.5625,0,1,0,0.9993,0.00896,0.04098,0.99925,0.0095,4.5113,0.3152,0.145,8.0389,0.0,0.0,0.0,0.0,0,0,0,0,0,0
PAIR_POS_001146,FRAG_001235,FRAG_001236,sample_text_015.json,sample_text_015.json,text,text,1,1,2.0,3.25,53.8125,0,1,0,0.9994,0.00813,0.04637,0.99936,0.024,4.9888,0.3802,0.1757,12.4613,0.0,0.0,0.0,0.0,0,0,0,0,0,0
PAIR_NEG_000151,FRAG_001574,FRAG_001539,sample_zip_019.zip,sample_zip_016.zip,zip,zip,1,0,20.0,78.0,83.875,0,1,0,0.94272,0.02182,0.28551,0.04714,0.0082,7.9525,1.5779,0.0682,10.1522,0.0117,0.0026,0.0154,0.0029,1,0,0,0,0,0
PAIR_NEG_001051,FRAG_000492,FRAG_001013,sample_pdf_012.pdf,sample_png_025.png,pdf,png,0,0,18.0,14.75,68.0625,0,1,0,0.26156,0.23001,1.70809,0.02999,3.4493,6.2309,32.6064,45.9968,4647.3634,0.6221,0.0027,0.5046,0.1111,0,0,0,0,0,0
PAIR_NEG_000575,FRAG_000620,FRAG_000308,sample_pdf_018.pdf,sample_pdf_004.pdf,pdf,pdf,1,0,1.0,24.5,19.3125,0,1,0,0.99785,0.0155,0.07767,0.99768,0.0059,4.5389,0.1965,0.0463,2.565,0.0,0.0,0.0,0.0,0,0,0,0,0,0
PAIR_NEG_001166,FRAG_000721,FRAG_001289,sample_pdf_022.pdf,sample_text_019.txt,pdf,text,0,0,86.0,28.5,22.4375,0,1,0,0.86068,0.12192,0.69923,0.84963,0.5902,4.8032,15.5959,3.1553,184.846,0.0,0.0,0.0,0.0,1,0,0,0,0,0
PAIR_POS_000574,FRAG_000616,FRAG_000617,sample_pdf_018.pdf,sample_pdf_018.pdf,pdf,pdf,1,1,5.0,10.25,26.1875,0,1,0,0.99871,0.01253,0.06691,0.99862,0.0888,4.5589,1.0537,0.5395,30.0856,0.0,0.0,0.0,0.0,1,0,0,0,0,0
PAIR_NEG_000385,FRAG_001165,FRAG_001029,sample_text_011.json,sample_text_001.json,text,text,1,0,105.0,79.75,61.0625,0,1,0,0.99896,0.01047,0.04537,0.99888,0.0017,4.9867,0.2114,0.0406,2.8787,0.0,0.0,0.0,0.0,0,0,0,0,0,0
PAIR_NEG_000991,FRAG_000768,FRAG_000145,sample_pdf_025.pdf,sample_jpeg_016.jpeg,pdf,jpeg,0,0,42.0,61.25,73.625,0,0,0,0.29232,0.22326,1.65764,0.13255,3.2974,6.2939,32.5972,45.8074,4737.5193,0.5991,0.0095,0.4834,0.1125,0,1,0,1,0,0
PAIR_POS_001254,FRAG_001352,FRAG_001353,sample_text_024.txt,sample_text_024.txt,text,text,1,1,41.0,59.75,34.1875,0,1,0,0.99887,0.00938,0.03714,0.99874,0.0083,5.0974,0.0032,0.0504,3.1144,0.0,0.0,0.0,0.0,1,0,0,0,0,0
PAIR_NEG_000652,FRAG_001294,FRAG_001235,sample_text_019.txt,sample_text_015.json,text,text,1,0,15.0,40.5,42.125,0,1,0,0.79756,0.13951,0.65186,0.77944,0.1393,5.0465,10.3139,4.7001,312.1024,0.0,0.0,0.0,0.0,1,0,0,0,0,0
PAIR_NEG_000317,FRAG_000901,FRAG_000973,sample_png_012.png,sample_png_020.png,png,png,1,0,103.0,95.0,95.75,0,0,0,0.93739,0.02286,0.27851,0.01217,0.011,7.951,1.6428,0.3051,45.3324,0.0068,0.0043,0.0104,0.0036,2,0,1,0,1,0
PAIR_POS_000407,FRAG_000440,FRAG_000441,sample_pdf_009.pdf,sample_pdf_009.pdf,pdf,pdf,1,1,3.0,38.75,28.875,0,1,0,0.99919,0.00955,0.03951,0.99913,0.011,4.5178,0.073,0.127,6.9551,0.0,0.0,0.0,0.0,0,0,0,0,0,0
PAIR_NEG_000572,FRAG_000686,FRAG_000582,sample_pdf_020.pdf,sample_pdf_016.pdf,pdf,pdf,1,0,0.0,20.75,22.3125,0,1,1,0.86222,0.1233,0.42396,0.85171,0.2734,4.6224,12.222,5.6268,338.2647,0.0,0.0,0.0,0.0,8,0,1,0,1,0
PAIR_NEG_000160,FRAG_000134,FRAG_000207,sample_jpeg_015.jpeg,sample_jpeg_024.jpeg,jpeg,jpeg,1,0,136.0,77.25,86.0,0,0,0,0.94517,0.02129,0.2714,-0.00103,0.0055,7.9573,2.6335,0.5701,84.0872,0.0117,0.0005,0.017,0.0049,0,0,0,0,0,0
PAIR_NEG_000725,FRAG_000257,FRAG_000337,sample_pdf_001.pdf,sample_pdf_005.pdf,pdf,pdf,1,0,3.0,6.75,33.0,0,1,0,0.9981,0.01488,0.06887,0.99796,0.0375,4.5301,0.2832,0.1549,8.6093,0.0,0.0,0.0,0.0,0,0,0,0,0,0
PAIR_NEG_000967,FRAG_000132,FRAG_001167,sample_jpeg_015.jpeg,sample_text_011.json,jpeg,text,0,0,92.0,108.0,73.4375,0,0,0,0.27001,0.22116,1.58842,0.02509,2.9602,6.4758,58.0845,38.4173,4203.764,0.6118,0.0068,0.4915,0.1167,2,0,0,0,0,0
PAIR_NEG_000732,FRAG_001562,FRAG_001530,sample_zip_018.zip,sample_zip_016.zip,zip,zip,1,0,35.0,51.5,102.125,0,1,0,0.93789,0.02274,0.28698,-0.00135,0.0016,7.9516,0.5135,0.6062,89.0096,0.0049,0.0012,0.0078,0.0,0,0,0,0,0,1
PAIR_POS_001018,FRAG_001099,FRAG_001100,sample_text_007.csv,sample_text_007.csv,text,text,1,1,13.0,32.25,18.75,0,1,0,0.99039,0.02956,0.07756,0.98948,0.0013,4.8906,0.1392,0.1215,5.8459,0.0,0.0,0.0,0.0,0,0,0,0,0,0
PAIR_NEG_001194,FRAG_001157,FRAG_000903,sample_text_011.json,sample_png_013.png,text,png,0,0,83.0,41.0,51.1875,0,0,0,0.27541,0.22157,1.56786,0.05332,2.9711,6.4664,57.7656,39.3798,4345.6028,0.606,0.0083,0.489,0.1145,1,0,0,0,0,1
PAIR_POS_001270,FRAG_001370,FRAG_001371,sample_zip_001.zip,sample_zip_001.zip,zip,zip,1,1,161.0,72.75,86.625,0,0,0,0.94352,0.02161,0.26412,-0.02127,0.0079,7.9571,0.053,0.426,63.5793,0.0098,0.0012,0.0049,0.0036,0,1,0,1,0,0
PAIR_NEG_000832,FRAG_000915,FRAG_001075,sample_png_014.png,sample_text_004.json,png,text,0,0,117.0,73.25,72.75,0,0,0,0.23844,0.22454,1.60486,-0.10366,2.9834,6.4629,61.0308,38.0388,4148.4684,0.6216,0.0029,0.5103,0.106,2,0,0,0,0,0
PAIR_POS_001465,FRAG_001584,FRAG_001585,sample_zip_020.zip,sample_zip_020.zip,zip,zip,1,1,147.0,136.0,79.0625,0,0,0,0.94373,0.02154,0.27095,-0.0695,0.0005,7.9604,1.0498,0.7644,114.0531,0.0029,0.0039,0.0061,0.0095,1,0,0,0,0,0
PAIR_POS_000242,FRAG_000268,FRAG_000269,sample_pdf_002.pdf,sample_pdf_002.pdf,pdf,pdf,1,1,7.0,10.0,26.0,0,1,0,0.9999,0.00334,0.01706,0.9999,0.0071,4.5175,0.0347,0.0086,0.4697,0.0,0.0,0.0,0.0,0,0,0,0,0,0
PAIR_POS_000075,FRAG_000084,FRAG_000085,sample_jpeg_010.jpg,sample_jpeg_010.jpg,jpeg,jpeg,1,1,178.0,88.25,84.5625,0,0,0,0.94453,0.02152,0.27686,0.13443,0.008,7.9499,1.8068,0.6953,103.0859,0.0044,0.001,0.0047,0.0004,0,0,0,0,0,0
PAIR_NEG_000943,FRAG_000742,FRAG_001359,sample_pdf_023.pdf,sample_text_025.log,pdf,text,0,0,26.0,51.25,44.9375,0,1,0,0.85765,0.12049,0.72604,0.84578,0.5107,4.8684,14.992,2.3198,137.4853,0.002,0.0,0.002,0.0,0,1,0,1,0,0
PAIR_NEG_000397,FRAG_000488,FRAG_000718,sample_pdf_012.pdf,sample_pdf_021.pdf,pdf,pdf,1,0,3.0,1.75,17.4375,0,1,0,0.9985,0.01299,0.0601,0.99839,0.0104,4.5325,0.2019,0.2614,14.4624,0.0,0.0,0.0,0.0,0,0,0,0,0,0
PAIR_NEG_000588,FRAG_001330,FRAG_001299,sample_text_022.log,sample_text_019.txt,text,text,1,0,85.0,40.25,41.125,0,1,0,0.9995,0.00621,0.02678,0.99944,0.005,5.1038,0.0495,0.0043,0.263,0.0,0.0,0.0,0.0,1,0,0,0,0,0
PAIR_POS_000341,FRAG_000372,FRAG_000373,sample_pdf_007.pdf,sample_pdf_007.pdf,pdf,pdf,1,1,13.0,26.25,20.75,0,1,0,0.99919,0.00992,0.05413,0.99914,0.0873,4.5675,0.7497,0.5081,28.6583,0.0,0.0,0.0,0.0,0,0,0,0,0,0
PAIR_NEG_001119,FRAG_000076,FRAG_001380,sample_jpeg_009.jpeg,sample_zip_002.zip,jpeg,zip,0,0,77.0,96.75,103.875,0,0,0,0.943,0.02176,0.26759,0.03767,0.0116,7.9541,0.3838,0.774,114.787,0.0029,0.0012,0.0003,0.0044,1,0,0,0,0,1
PAIR_POS_000334,FRAG_000364,FRAG_000365,sample_pdf_006.pdf,sample_pdf_006.pdf,pdf,pdf,1,1,17.0,42.25,29.8125,0,1,0,0.99941,0.00825,0.03906,0.99937,0.0307,4.5524,0.5784,0.2574,14.3191,0.0,0.0,0.0,0.0,0,0,0,0,0,0
PAIR_NEG_000434,FRAG_000170,FRAG_000222,sample_jpeg_019.jpg,sample_jpeg_025.jpg,jpeg,jpeg,1,0,160.0,73.0,68.1875,0,0,0,0.9441,0.02161,0.27544,0.13003,0.0123,7.9514,5.6055,1.0348,154.3635,0.0066,0.002,0.0335,0.0288,1,1,0,1,0,0
PAIR_POS_001202,FRAG_001295,FRAG_001296,sample_text_019.txt,sample_text_019.txt,text,text,1,1,69.0,24.5,41.125,0,1,0,0.99907,0.00845,0.02682,0.99897,0.0013,5.1045,0.044,0.0224,1.3883,0.0,0.0,0.0,0.0,1,0,0,0,0,0
PAIR_POS_001483,FRAG_001604,FRAG_001605,sample_zip_022.zip,sample_zip_022.zip,zip,zip,1,1,211.0,97.75,93.75,0,0,0,0.93625,0.02304,0.29966,-0.03575,0.0045,7.952,2.4521,0.8055,119.2622,0.0027,0.0029,0.0122,0.0171,1,0,0,0,0,0
PAIR_POS_001048,FRAG_001131,FRAG_001132,sample_text_009.txt,sample_text_009.txt,text,text,1,1,61.0,30.25,47.625,0,1,0,0.99916,0.00813,0.03221,0.99907,0.0151,5.1041,0.0649,0.0401,2.4759,0.0,0.0,0.0,0.0,1,0,0,0,0,0
PAIR_NEG_000525,FRAG_001566,FRAG_001606,sample_zip_018.zip,sample_zip_022.zip,zip,zip,1,0,38.0,66.5,83.9375,0,1,0,0.94184,0.0219,0.27925,-0.1019,0.005,7.9587,2.1362,0.2285,33.9567,0.0214,0.0005,0.0198,0.0025,0,0,0,0,0,0
PAIR_NEG_001382,FRAG_000436,FRAG_000133,sample_pdf_009.pdf,sample_jpeg_015.jpeg,pdf,jpeg,0,0,186.0,119.0,91.375,0,0,0,0.25014,0.22929,1.71538,-0.02365,3.4351,6.2347,34.1152,45.8241,4611.2644,0.6201,0.0068,0.5095,0.1077,0,0,0,0,0,0
PAIR_POS_001127,FRAG_001216,FRAG_001217,sample_text_015.json,sample_text_015.json,text,text,1,1,4.0,20.5,44.5,0,1,0,0.99982,0.00437,0.02337,0.9998,0.0003,4.9943,0.188,0.0595,4.2145,0.0,0.0,0.0,0.0,0,0,0,0,0,0
PAIR_NEG_000901,FRAG_001096,FRAG_001525,sample_text_006.log,sample_zip_015.zip,text,zip,0,0,72.0,87.75,73.5625,0,1,0,0.29525,0.18767,1.62345,-0.0515,2.845,6.5247,48.6397,42.7923,4474.8292,0.6194,0.0032,0.5012,0.1135,0,0,0,0,0,0
PAIR_POS_000170,FRAG_000190,FRAG_000191,sample_jpeg_021.jpg,sample_jpeg_021.jpg,jpeg,jpeg,1,1,2.0,76.0,75.5,0,0,0,0.94966,0.02044,0.25583,0.14239,0.001,7.9561,0.3196,0.7194,106.9291,0.0064,0.0005,0.0071,0.0015,0,0,0,0,0,0
PAIR_POS_000558,FRAG_000599,FRAG_000600,sample_pdf_017.pdf,sample_pdf_017.pdf,pdf,pdf,1,1,1.0,22.5,26.6875,0,1,0,0.99996,0.00202,0.00829,0.99996,0.0038,4.5465,0.0186,0.0041,0.2262,0.0,0.0,0.0,0.0,0,0,0,0,0,0
PAIR_POS_000936,FRAG_001009,FRAG_001010,sample_png_024.png,sample_png_024.png,png,png,1,1,66.0,51.25,83.625,0,0,0,0.92785,0.02476,0.31231,0.06553,0.0414,7.9379,1.6403,0.7664,112.9393,0.0041,0.0003,0.0074,0.0066,2,0,1,0,1,0
PAIR_POS_001241,FRAG_001338,FRAG_001339,sample_text_023.csv,sample_text_023.csv,text,text,1,1,17.0,8.75,25.5,0,1,0,0.988,0.03347,0.09421,0.9869,0.0233,4.8643,0.1485,0.1269,6.1145,0.0,0.0,0.0,0.0,1,0,0,0,0,0
PAIR_POS_000627,FRAG_000670,FRAG_000671,sample_pdf_019.pdf,sample_pdf_019.pdf,pdf,pdf,1,1,11.0,48.0,26.3125,0,1,0,0.99957,0.00694,0.0308,0.99954,0.0054,4.5203,0.095,0.0183,1.0103,0.0,0.0,0.0,0.0,0,0,0,0,0,0
PAIR_POS_001061,FRAG_001145,FRAG_001146,sample_text_010.log,sample_text_010.log,text,text,1,1,3.0,15.25,45.8125,0,1,0,0.99807,0.01224,0.05475,0.99785,0.0131,5.0991,0.0101,0.0191,1.1785,0.0,0.0,0.0,0.0,0,0,1,0,0,0
PAIR_POS_000330,FRAG_000360,FRAG_000361,sample_pdf_006.pdf,sample_pdf_006.pdf,pdf,pdf,1,1,14.0,9.75,25.6875,0,1,0,0.99923,0.00948,0.04439,0.99917,0.0288,4.5203,0.4134,0.1207,6.693,0.0,0.0,0.0,0.0,0,0,0,0,0,0
PAIR_NEG_000777,FRAG_000739,FRAG_001184,sample_pdf_022.pdf,sample_text_012.log,pdf,text,0,0,89.0,33.25,21.6875,0,1,0,0.86,0.12184,0.70265,0.84883,0.5923,4.8002,15.7395,3.433,200.2851,0.0,0.0,0.0,0.0,0,0,0,0,0,0
PAIR_NEG_000264,FRAG_001539,FRAG_001550,sample_zip_016.zip,sample_zip_017.zip,zip,zip,1,0,89.0,72.0,95.0,0,1,0,0.93935,0.02243,0.28601,-0.04354,0.005,7.9541,0.0887,0.2835,42.1298,0.0122,0.0024,0.0112,0.0022,1,0,0,0,0,0
PAIR_NEG_001025,FRAG_001024,FRAG_000147,sample_png_025.png,sample_jpeg_016.jpeg,png,jpeg,0,0,119.0,63.5,82.25,0,0,0,0.83388,0.03978,0.50774,-0.04535,0.165,7.8517,1.1394,0.3282,48.3635,0.0095,0.0034,0.0054,0.0006,2,0,1,0,1,1
PAIR_NEG_000643,FRAG_000977,FRAG_000812,sample_png_021.png,sample_png_003.png,png,png,1,0,157.0,128.25,101.375,0,0,0,0.94282,0.02175,0.28417,-0.03601,0.0088,7.9576,0.0068,0.4749,70.0843,0.0037,0.0008,0.0036,0.0051,0,0,0,0,0,0
PAIR_NEG_000158,FRAG_001467,FRAG_001500,sample_zip_011.zip,sample_zip_013.zip,zip,zip,1,0,158.0,105.5,88.5,0,0,0,0.94307,0.02172,0.27687,-0.0037,0.001,7.9561,0.2415,0.2828,42.0396,0.0054,0.0015,0.0034,0.0005,0,0,0,0,0,0
PAIR_NEG_000535,FRAG_001234,FRAG_001198,sample_text_015.json,sample_text_014.txt,text,text,1,0,28.0,27.75,20.5625,0,1,0,0.79683,0.13946,0.65432,0.77856,0.1402,5.0505,10.708,4.611,305.5353,0.0,0.0,0.0,0.0,2,0,0,0,0,0
PAIR_NEG_000464,FRAG_000106,FRAG_000091,sample_jpeg_012.jpg,sample_jpeg_010.jpg,jpeg,jpeg,1,0,21.0,45.75,78.1875,0,0,0,0.93375,0.02354,0.29634,-0.00895,0.0043,7.9495,2.9263,0.1013,15.0599,0.0157,0.0004,0.0195,0.0058,1,0,1,0,1,0
PAIR_NEG_001115,FRAG_000113,FRAG_001239,sample_jpeg_013.jpeg,sample_text_016.json,jpeg,text,0,0,137.0,99.75,76.9375,0,0,0,0.27766,0.21982,1.58342,0.05381,2.972,6.4724,57.9846,38.6667,4226.3338,0.6094,0.0068,0.4902,0.1143,2,0,0,0,0,0
PAIR_NEG_000855,FRAG_000024,FRAG_001577,sample_jpeg_002.jpeg,sample_zip_020.zip,jpeg,zip,0,0,33.0,24.25,56.8125,0,0,0,0.93359,0.02354,0.2983,-0.04088,0.0036,7.9508,1.5213,1.04,154.7486,0.0117,0.0039,0.0015,0.0147,0,0,0,0,0,0
PAIR_NEG_001375,FRAG_000738,FRAG_001286,sample_pdf_022.pdf,sample_text_018.csv,pdf,text,0,0,14.0,8.25,36.5625,0,1,0,0.23462,0.27741,1.5172,0.16933,0.432,4.7081,32.5966,3.6691,188.151,0.0,0.0,0.0,0.0,1,0,1,0,0,0
PAIR_POS_001334,FRAG_001441,FRAG_001442,sample_zip_008.zip,sample_zip_008.zip,zip,zip,1,1,82.0,86.75,76.6875,0,0,0,0.94034,0.02227,0.28756,0.00262,0.0007,7.9532,2.2739,0.2182,32.1071,0.0019,0.0015,0.0103,0.0095,1,0,0,0,0,0
PAIR_POS_000363,FRAG_000395,FRAG_000396,sample_pdf_008.pdf,sample_pdf_008.pdf,pdf,pdf,1,1,2.0,5.5,19.75,0,1,0,0.99944,0.00826,0.04341,0.9994,0.0731,4.5057,0.5393,0.4504,25.009,0.0,0.0,0.0,0.0,0,0,0,0,0,0
PAIR_POS_000053,FRAG_000060,FRAG_000061,sample_jpeg_008.jpeg,sample_jpeg_008.jpeg,jpeg,jpeg,1,1,23.0,96.0,94.25,0,1,0,0.94674,0.02106,0.26363,0.13441,0.0017,7.9524,0.8982,0.9959,147.96,0.011,0.0,0.0034,0.0096,0,0,0,0,0,0
PAIR_NEG_000349,FRAG_001018,FRAG_000844,sample_png_025.png,sample_png_006.png,png,png,1,0,12.0,85.25,95.0625,0,0,0,0.94427,0.02149,0.27388,0.03095,0.0039,7.955,0.177,0.5762,85.0997,0.0149,0.0024,0.0088,0.0053,0,0,0,0,0,0
PAIR_POS_001343,FRAG_001451,FRAG_001452,sample_zip_009.zip,sample_zip_009.zip,zip,zip,1,1,119.0,123.5,97.25,0,0,0,0.94059,0.02227,0.28844,0.07352,0.0069,7.9503,0.5693,0.9495,141.5325,0.019,0.0024,0.013,0.0071,0,0,0,0,0,0
PAIR_POS_001029,FRAG_001111,FRAG_001112,sample_text_008.json,sample_text_008.json,text,text,1,1,13.0,26.75,18.375,0,1,0,0.99941,0.00801,0.03903,0.99937,0.0115,4.9733,0.1287,0.0396,2.8135,0.0,0.0,0.0,0.0,0,0,0,0,0,0
PAIR_POS_001080,FRAG_001165,FRAG_001166,sample_text_011.json,sample_text_011.json,text,text,1,1,81.0,66.75,58.625,0,1,0,0.99923,0.00915,0.04144,0.99917,0.0238,4.9978,0.1817,0.0794,5.6157,0.0,0.0,0.0,0.0,0,0,0,0,0,0
PAIR_NEG_001435,FRAG_001339,FRAG_001636,sample_text_023.csv,sample_zip_025.zip,text,zip,0,0,188.0,98.5,75.3125,0,0,0,0.26112,0.20903,1.68993,-0.08377,3.1026,6.404,65.925,50.5163,4993.7011,0.6226,0.0024,0.5039,0.114,1,0,0,0,0,0
PAIR_NEG_001354,FRAG_001469,FRAG_000825,sample_zip_011.zip,sample_png_004.png,zip,png,0,0,68.0,95.0,85.8125,0,0,0,0.95218,0.01984,0.24854,0.05582,0.0025,7.9609,0.5515,1.0525,155.8431,0.0078,0.0005,0.0032,0.0042,0,0,0,0,0,0
PAIR_POS_001494,FRAG_001617,FRAG_001618,sample_zip_024.zip,sample_zip_024.zip,zip,zip,1,1,162.0,53.25,93.1875,0,0,0,0.94246,0.02187,0.28413,0.04001,0.0063,7.9533,0.8862,0.5477,80.636,0.0042,0.0017,0.0063,0.0025,1,1,0,1,0,0
PAIR_NEG_000910,FRAG_000057,FRAG_000926,sample_jpeg_007.jpg,sample_png_015.png,jpeg,png,0,0,37.0,100.75,107.4375,0,0,0,0.84082,0.03929,0.50599,0.03784,0.2131,7.8439,0.5687,0.4602,68.6581,0.0094,0.0018,0.0119,0.0005,2,0,1,0,1,0
PAIR_POS_001375,FRAG_001486,FRAG_001487,sample_zip_012.zip,sample_zip_012.zip,zip,zip,1,1,128.0,109.75,97.8125,0,0,0,0.93655,0.02294,0.28215,-0.1027,0.0071,7.9558,0.7585,0.1026,15.2264,0.0064,0.001,0.0061,0.0005,0,0,0,0,0,0
PAIR_NEG_000276,FRAG_000147,FRAG_000073,sample_jpeg_016.jpeg,sample_jpeg_009.jpeg,jpeg,jpeg,1,0,57.0,53.0,79.375,0,0,0,0.92165,0.0257,0.33946,-0.08404,0.0174,7.9429,1.6594,0.7184,106.6493,0.0068,0.0036,0.0121,0.003,0,0,0,0,0,1
PAIR_POS_001369,FRAG_001479,FRAG_001480,sample_zip_011.zip,sample_zip_011.zip,zip,zip,1,1,32.0,62.5,56.0,0,0,0,0.93321,0.02366,0.28571,0.01076,0.0029,7.9495,0.5415,0.2181,32.5229,0.0005,0.0088,0.0007,0.0029,15,0,0,0,0,0
PAIR_POS_000041,FRAG_000045,FRAG_000046,sample_jpeg_005.jpg,sample_jpeg_005.jpg,jpeg,jpeg,1,1,135.0,86.25,119.875,0,0,0,0.94038,0.02231,0.28216,0.06766,0.0031,7.9508,1.2173,1.2043,178.3483,0.0036,0.0027,0.0095,0.0124,1,0,0,0,0,0
PAIR_NEG_001427,FRAG_001573,FRAG_000984,sample_zip_019.zip,sample_png_021.png,zip,png,0,0,123.0,88.0,96.1875,0,0,0,0.94037,0.02228,0.28611,0.02449,0.01,7.9523,0.7246,0.6284,92.2761,0.0103,0.0012,0.0061,0.0044,0,0,0,0,0,0
PAIR_NEG_000090,FRAG_001420,FRAG_001395,sample_zip_006.zip,sample_zip_004.zip,zip,zip,1,0,152.0,86.5,89.5,0,0,0,0.9464,0.0211,0.26802,0.09534,0.0035,7.9549,0.1968,0.6367,94.1598,0.0113,0.0005,0.0059,0.0039,0,0,0,0,0,1
PAIR_NEG_000179,FRAG_000063,FRAG_000122,sample_jpeg_008.jpeg,sample_jpeg_014.jpeg,jpeg,jpeg,1,0,2.0,16.25,69.1875,0,1,0,0.94092,0.02224,0.28367,0.11699,0.0031,7.9474,1.9343,0.5309,79.0899,0.0024,0.0,0.0054,0.0047,0,0,0,0,0,0
PAIR_NEG_000203,FRAG_000053,FRAG_000214,sample_jpeg_007.jpg,sample_jpeg_025.jpg,jpeg,jpeg,1,0,192.0,99.25,115.25,0,0,0,0.93907,0.02276,0.29152,0.2413,0.0136,7.9415,0.3518,0.5572,84.0116,0.0027,0.0042,0.0017,0.0015,0,1,0,1,0,1
PAIR_NEG_000986,FRAG_001016,FRAG_000109,sample_png_025.png,sample_jpeg_012.jpg,png,jpeg,0,0,70.0,83.5,72.25,0,0,0,0.94062,0.02215,0.29102,-0.09582,0.0057,7.9578,3.2205,0.7476,111.0814,0.0105,0.0027,0.0176,0.0066,1,0,0,0,0,0
PAIR_NEG_001047,FRAG_001259,FRAG_000987,sample_text_016.json,sample_png_021.png,text,png,0,0,11.0,76.0,58.625,0,0,0,0.20605,0.22598,1.65191,-0.07974,2.8063,6.3899,59.4711,38.5058,4211.6892,0.6421,0.0069,0.5132,0.1254,0,0,1,0,1,0
PAIR_POS_001379,FRAG_001491,FRAG_001492,sample_zip_013.zip,sample_zip_013.zip,zip,zip,1,1,62.0,67.5,78.8125,0,0,0,0.94937,0.02044,0.26512,0.05279,0.0047,7.959,1.4898,0.7338,108.4668,0.0249,0.0024,0.0117,0.0142,1,0,0,0,0,0
PAIR_NEG_001030,FRAG_001484,FRAG_001189,sample_zip_012.zip,sample_text_013.csv,zip,text,0,0,98.0,90.0,92.75,0,0,0,0.26443,0.20757,1.68649,-0.06971,3.0698,6.4151,65.7488,48.8685,4755.0169,0.6226,0.0059,0.5073,0.1121,0,0,0,0,0,0
PAIR_NEG_001142,FRAG_000210,FRAG_001292,sample_jpeg_024.jpeg,sample_text_019.txt,jpeg,text,0,0,152.0,68.75,43.0,0,0,0,0.34006,0.18374,1.58396,0.12651,2.8286,6.5344,45.7895,42.4693,4421.6428,0.6016,0.0088,0.4805,0.1167,0,0,0,0,0,0
PAIR_NEG_000046,FRAG_001498,FRAG_001375,sample_zip_013.zip,sample_zip_001.zip,zip,zip,1,0,155.0,141.0,76.25,0,0,0,0.9438,0.02158,0.2798,0.01821,0.0075,7.9558,0.5928,0.8033,117.9335,0.0053,0.0002,0.0026,0.0022,0,0,0,0,0,0
PAIR_POS_001317,FRAG_001422,FRAG_001423,sample_zip_006.zip,sample_zip_006.zip,zip,zip,1,1,9.0,27.0,75.125,0,1,0,0.49638,0.33329,1.50202,0.82982,3.4484,6.1802,69.6416,23.5257,3007.1361,0.124,0.3173,0.4234,0.3026,4,0,1,0,1,0
PAIR_POS_000888,FRAG_000955,FRAG_000956,sample_png_018.png,sample_png_018.png,png,png,1,1,144.0,95.5,84.5,0,0,0,0.91655,0.02679,0.34785,0.03498,0.0471,7.9303,1.3805,0.0485,7.1529,0.0067,0.0033,0.0102,0.0025,2,0,1,0,1,0
PAIR_NEG_000820,FRAG_000107,FRAG_001310,sample_jpeg_012.jpg,sample_text_020.txt,jpeg,text,0,0,144.0,120.5,99.0,0,0,0,0.31572,0.18708,1.62006,0.03725,2.8685,6.5175,47.3654,43.3779,4567.4512,0.6179,0.0078,0.4963,0.1167,1,0,0,0,0,0
PAIR_POS_000813,FRAG_000871,FRAG_000872,sample_png_009.png,sample_png_009.png,png,png,1,1,20.0,47.5,87.1875,0,1,0,0.94559,0.02126,0.26359,0.09286,0.0006,7.9531,1.509,0.4833,72.1312,0.0003,0.002,0.0059,0.0041,0,0,0,0,0,0
PAIR_POS_000098,FRAG_000109,FRAG_000110,sample_jpeg_012.jpg,sample_jpeg_012.jpg,jpeg,jpeg,1,1,46.0,92.25,68.4375,0,1,0,0.94432,0.02143,0.27577,-0.06308,0.0028,7.9592,3.8774,0.1043,15.4346,0.0163,0.0017,0.0254,0.0059,1,0,0,0,0,0
PAIR_POS_000004,FRAG_000004,FRAG_000005,sample_jpeg_001.jpeg,sample_jpeg_001.jpeg,jpeg,jpeg,1,1,46.0,61.25,78.0625,0,1,0,0.94414,0.02164,0.28012,0.17598,0.009,7.9487,2.7717,1.1139,166.5855,0.02,0.001,0.0171,0.0041,1,0,0,0,0,0
PAIR_NEG_001223,FRAG_000726,FRAG_000887,sample_pdf_022.pdf,sample_png_010.png,pdf,png,0,0,10.0,68.0,95.6875,0,1,0,0.23563,0.22922,1.69129,-0.01709,3.2586,6.2275,31.8613,46.405,4784.9232,0.6223,0.0065,0.499,0.1226,2,0,1,0,1,0
PAIR_NEG_000949,FRAG_001631,FRAG_001082,sample_zip_025.zip,sample_text_004.json,zip,text,0,0,123.0,79.25,95.3125,0,0,0,0.27467,0.22121,1.58352,0.04871,2.9664,6.466,58.6451,38.6608,4239.5943,0.6228,0.0066,0.4998,0.1189,1,0,0,0,0,0
PAIR_NEG_001175,FRAG_000096,FRAG_000725,sample_jpeg_011.jpeg,sample_pdf_022.pdf,jpeg,pdf,0,0,62.0,68.0,75.6875,0,1,0,0.26557,0.22938,1.71087,0.0448,3.4375,6.2409,31.8897,46.2646,4717.002,0.6191,0.0061,0.4973,0.1187,0,0,0,0,0,0
PAIR_NEG_000784,FRAG_000147,FRAG_000774,sample_jpeg_016.jpeg,sample_pdf_025.pdf,jpeg,pdf,0,0,101.0,114.0,74.625,0,0,0,0.24307,0.22648,1.71614,-0.04981,3.3513,6.2585,32.3408,45.7713,4666.6679,0.6197,0.0052,0.4935,0.1204,0,0,0,0,0,1
PAIR_NEG_001371,FRAG_000197,FRAG_001327,sample_jpeg_022.jpg,sample_text_022.log,jpeg,text,0,0,27.0,95.5,78.9375,0,1,0,0.30509,0.18725,1.61473,-0.0128,2.8533,6.5258,46.9421,43.5651,4588.8873,0.6199,0.0071,0.4951,0.1199,0,0,0,0,0,0
PAIR_NEG_000320,FRAG_001070,FRAG_001186,sample_text_004.json,sample_text_012.log,text,text,1,0,45.0,48.25,27.75,0,1,0,0.79453,0.13995,0.65577,0.77597,0.1164,5.0533,10.6595,4.5803,303.2927,0.0,0.0,0.0,0.0,2,0,0,0,0,0
PAIR_NEG_000114,FRAG_001421,FRAG_001407,sample_zip_006.zip,sample_zip_005.zip,zip,zip,1,0,37.0,70.75,73.0,0,0,0,0.94252,0.02188,0.26412,0.075,0.0011,7.9529,2.1557,1.2093,178.7527,0.0103,0.0034,0.0059,0.0169,1,0,0,0,0,0
PAIR_NEG_001505,FRAG_000141,FRAG_001052,sample_jpeg_016.jpeg,sample_text_002.txt,jpeg,text,0,0,103.0,67.5,64.0625,0,0,0,0.29981,0.1875,1.60652,-0.03147,2.8479,6.5247,48.8267,42.7638,4470.2716,0.6233,0.0068,0.5115,0.1094,0,0,0,0,0,0
PAIR_NEG_001010,FRAG_000926,FRAG_000053,sample_png_015.png,sample_jpeg_007.jpg,png,jpeg,0,0,125.0,121.0,93.5,0,0,0,0.8449,0.0389,0.49147,0.13191,0.1973,7.8361,3.4332,0.2738,41.0477,0.0111,0.0029,0.0251,0.0112,1,0,0,0,0,1
PAIR_NEG_000965,FRAG_001320,FRAG_000500,sample_text_021.csv,sample_pdf_012.pdf,text,pdf,0,0,50.0,44.75,52.8125,0,1,0,0.21683,0.2846,1.54641,0.15236,0.4239,4.662,33.6699,2.8603,145.716,0.0,0.0,0.0,0.0,1,0,0,0,0,0
PAIR_POS_000569,FRAG_000611,FRAG_000612,sample_pdf_018.pdf,sample_pdf_018.pdf,pdf,pdf,1,1,6.0,21.75,19.625,0,1,0,0.99871,0.01199,0.06489,0.99861,0.0507,4.5946,0.2735,0.2421,13.6613,0.0,0.0,0.0,0.0,0,0,0,0,0,0
PAIR_NEG_001059,FRAG_000207,FRAG_000536,sample_jpeg_024.jpeg,sample_pdf_014.pdf,jpeg,pdf,0,0,22.0,74.75,71.0625,0,1,0,0.28379,0.22365,1.67428,0.10232,3.3286,6.2903,35.4228,45.1638,4595.8109,0.6184,0.0068,0.5085,0.1062,0,0,0,0,0,0
PAIR_NEG_001436,FRAG_000994,FRAG_000210,sample_png_022.png,sample_jpeg_024.jpeg,png,jpeg,0,0,103.0,81.5,73.0625,0,0,0,0.93559,0.02313,0.2964,-0.10117,0.0131,7.9552,4.4399,1.1434,168.9168,0.0271,0.0046,0.0344,0.0073,0,0,0,0,0,0
PAIR_POS_000896,FRAG_000964,FRAG_000965,sample_png_019.png,sample_png_019.png,png,png,1,1,150.0,123.0,89.25,0,0,0,0.94388,0.02155,0.2715,-0.00155,0.0014,7.9571,3.0975,0.4991,74.2909,0.0046,0.0004,0.0181,0.0154,1,0,0,0,0,0
PAIR_POS_000641,FRAG_000685,FRAG_000686,sample_pdf_020.pdf,sample_pdf_020.pdf,pdf,pdf,1,1,1.0,19.25,22.75,0,1,0,0.99943,0.0081,0.04001,0.99939,0.0219,4.4748,0.4907,0.2885,15.6398,0.0,0.0,0.0,0.0,0,0,0,0,0,0
PAIR_POS_000696,FRAG_000743,FRAG_000744,sample_pdf_023.pdf,sample_pdf_023.pdf,pdf,pdf,1,1,9.0,30.0,38.0625,0,1,0,0.99664,0.01967,0.09861,0.9964,0.058,4.5501,0.1721,0.021,1.1802,0.0,0.0,0.0,0.0,0,0,0,0,0,0
PAIR_NEG_001370,FRAG_000218,FRAG_001629,sample_jpeg_025.jpg,sample_zip_025.zip,jpeg,zip,0,0,44.0,101.5,88.3125,0,0,0,0.94224,0.02193,0.27687,0.06561,0.002,7.952,0.0151,0.2048,30.4792,0.0127,0.0029,0.0098,0.0032,1,0,0,0,0,0
PAIR_POS_000586,FRAG_000628,FRAG_000629,sample_pdf_018.pdf,sample_pdf_018.pdf,pdf,pdf,1,1,6.0,21.5,21.375,0,1,0,0.99885,0.01117,0.05958,0.99877,0.0469,4.6219,0.0462,0.2163,12.2885,0.0,0.0,0.0,0.0,0,0,0,0,0,0
PAIR_NEG_000595,FRAG_000135,FRAG_000140,sample_jpeg_015.jpeg,sample_jpeg_016.jpeg,jpeg,jpeg,1,0,183.0,140.0,104.3125,0,0,0,0.93482,0.02348,0.30363,0.13374,0.0184,7.9429,4.5742,1.5997,237.6273,0.0103,0.0037,0.0242,0.0161,1,0,0,0,0,1
PAIR_POS_000021,FRAG_000022,FRAG_000023,sample_jpeg_002.jpeg,sample_jpeg_002.jpeg,jpeg,jpeg,1,1,211.0,88.5,96.25,0,0,0,0.94433,0.02152,0.27838,0.06915,0.0137,7.9547,0.1565,0.5199,77.0855,0.0137,0.0017,0.0022,0.0117,0,0,0,0,0,0
PAIR_NEG_000245,FRAG_000759,FRAG_000501,sample_pdf_024.pdf,sample_pdf_012.pdf,pdf,pdf,1,0,17.0,29.25,27.125,0,1,0,0.99632,0.02088,0.11033,0.99606,0.1325,4.5179,1.6242,0.94,51.6743,0.0,0.0,0.0,0.0,0,0,0,0,0,0
PAIR_POS_000477,FRAG_000513,FRAG_000514,sample_pdf_012.pdf,sample_pdf_012.pdf,pdf,pdf,1,1,4.0,10.0,20.4375,0,1,0,0.99872,0.01201,0.05512,0.99862,0.0608,4.6074,0.7144,0.5317,29.995,0.0,0.0,0.0,0.0,0,0,0,0,0,0
PAIR_POS_001302,FRAG_001406,FRAG_001407,sample_zip_005.zip,sample_zip_005.zip,zip,zip,1,1,117.0,71.75,99.125,0,0,0,0.93577,0.02315,0.29106,-0.00367,0.0047,7.9512,0.8386,0.1808,26.9837,0.0098,0.0046,0.0015,0.0081,1,0,0,0,0,0
PAIR_POS_000318,FRAG_000348,FRAG_000349,sample_pdf_006.pdf,sample_pdf_006.pdf,pdf,pdf,1,1,1.0,22.25,25.8125,0,1,0,0.99888,0.01129,0.05763,0.9988,0.0539,4.625,0.2837,0.5517,31.326,0.002,0.0,0.002,0.0,0,1,0,1,0,0
PAIR_NEG_000957,FRAG_001475,FRAG_000436,sample_zip_011.zip,sample_pdf_009.pdf,zip,pdf,0,0,114.0,67.75,83.0,0,0,0,0.23704,0.23015,1.73734,-0.08436,3.4384,6.2363,33.3813,46.5832,4723.0144,0.6292,0.0037,0.5105,0.1152,0,0,0,0,0,0
PAIR_NEG_001393,FRAG_000595,FRAG_001430,sample_pdf_017.pdf,sample_zip_007.zip,pdf,zip,0,0,112.0,102.5,75.5625,0,0,0,0.27754,0.22313,1.68209,0.07068,3.3285,6.295,33.7458,45.8159,4706.2411,0.6121,0.0029,0.4973,0.1106,1,0,0,0,0,0
PAIR_NEG_001212,FRAG_000726,FRAG_001415,sample_pdf_022.pdf,sample_zip_006.zip,pdf,zip,0,0,7.0,81.25,80.0,0,1,0,0.2414,0.22865,1.69184,-0.06314,3.3518,6.2741,33.4238,46.1381,4745.093,0.6238,0.0056,0.5042,0.1157,1,0,0,0,0,0
PAIR_NEG_001384,FRAG_000167,FRAG_001535,sample_jpeg_018.jpeg,sample_zip_016.zip,jpeg,zip,0,0,20.0,116.5,83.75,0,0,0,0.94157,0.02201,0.27822,-0.01487,0.0027,7.956,1.8926,0.0255,3.7746,0.0031,0.002,0.0048,0.0069,1,0,0,0,0,0
PAIR_NEG_000034,FRAG_000547,FRAG_000442,sample_pdf_014.pdf,sample_pdf_009.pdf,pdf,pdf,1,0,18.0,31.5,23.9375,0,1,0,0.99496,0.02357,0.13134,0.99457,0.0985,4.6097,2.0881,1.2623,71.664,0.0,0.0,0.0,0.0,0,0,0,0,0,0
PAIR_NEG_001062,FRAG_000927,FRAG_001050,sample_png_016.png,sample_text_002.txt,png,text,0,0,20.0,57.0,75.25,0,0,0,0.33049,0.18493,1.5943,0.09133,2.8403,6.5293,47.6293,43.5052,4577.5378,0.6064,0.0073,0.4895,0.113,1,1,0,1,0,0
PAIR_POS_001030,FRAG_001112,FRAG_001113,sample_text_008.json,sample_text_008.json,text,text,1,1,81.0,36.0,48.625,0,1,0,0.99961,0.00647,0.03658,0.99957,0.0114,4.9847,0.3896,0.1147,8.1276,0.0,0.0,0.0,0.0,0,0,0,0,0,0
PAIR_NEG_000246,FRAG_001617,FRAG_001608,sample_zip_024.zip,sample_zip_022.zip,zip,zip,1,0,245.0,155.25,104.625,0,0,0,0.94731,0.0209,0.26636,0.07957,0.0111,7.9557,0.4946,0.2284,33.4608,0.0051,0.0022,0.0054,0.0005,1,1,0,1,0,0
PAIR_POS_000101,FRAG_000113,FRAG_000114,sample_jpeg_013.jpeg,sample_jpeg_013.jpeg,jpeg,jpeg,1,1,9.0,19.5,63.8125,0,0,0,0.94368,0.02161,0.27147,0.02346,0.0048,7.956,0.1646,0.0491,7.2637,0.0119,0.0015,0.0113,0.0014,0,0,0,0,0,0
PAIR_POS_001083,FRAG_001168,FRAG_001169,sample_text_011.json,sample_text_011.json,text,text,1,1,5.0,12.25,31.0,0,1,0,0.99927,0.00879,0.0327,0.99921,0.0167,4.9977,0.0085,0.0585,4.1333,0.0,0.0,0.0,0.0,0,0,0,0,0,0
PAIR_NEG_001309,FRAG_000052,FRAG_000954,sample_jpeg_006.jpg,sample_png_018.png,jpeg,png,0,0,195.0,135.0,123.9375,0,0,0,0.63046,0.07575,0.96715,0.04245,1.064,7.424,5.6308,2.3781,358.7649,0.0185,0.0046,0.0171,0.0061,0,0,0,0,0,1
PAIR_POS_001398,FRAG_001511,FRAG_001512,sample_zip_014.zip,sample_zip_014.zip,zip,zip,1,1,20.0,85.25,66.125,0,0,0,0.93685,0.02297,0.28699,0.02997,0.0061,7.9497,2.0276,0.9387,139.7581,0.011,0.0054,0.009,0.0012,1,0,0,0,0,0
PAIR_POS_001063,FRAG_001148,FRAG_001149,sample_text_011.json,sample_text_011.json,text,text,1,1,3.0,15.25,40.375,0,1,0,0.99869,0.01174,0.0454,0.99859,0.0006,4.9952,0.1421,0.0684,4.8346,0.0,0.0,0.0,0.0,0,0,0,0,0,0
PAIR_POS_000421,FRAG_000456,FRAG_000457,sample_pdf_011.pdf,sample_pdf_011.pdf,pdf,pdf,1,1,3.0,26.75,19.5625,0,1,0,0.99917,0.01066,0.05418,0.99912,0.0973,4.4802,1.0112,0.6497,35.392,0.0,0.0,0.0,0.0,0,0,0,0,0,0
PAIR_POS_000610,FRAG_000653,FRAG_000654,sample_pdf_019.pdf,sample_pdf_019.pdf,pdf,pdf,1,1,13.0,32.25,28.875,0,1,0,0.99997,0.0018,0.00732,0.99997,0.0033,4.5086,0.0821,0.0529,2.8804,0.0,0.0,0.0,0.0,0,0,0,0,0,0
PAIR_NEG_001353,FRAG_000413,FRAG_001483,sample_pdf_009.pdf,sample_zip_012.zip,pdf,zip,0,0,103.0,110.5,98.0,0,0,0,0.25216,0.2282,1.72843,-0.02164,3.4085,6.25,33.9243,45.593,4635.317,0.634,0.0037,0.5115,0.1172,0,0,0,0,0,0
PAIR_NEG_001234,FRAG_000903,FRAG_000332,sample_png_013.png,sample_pdf_005.pdf,png,pdf,0,0,48.0,66.75,73.1875,0,0,0,0.27194,0.22351,1.69038,0.04722,3.3611,6.2713,32.2566,46.8514,4820.0459,0.606,0.0083,0.489,0.1145,1,1,0,1,0,0
PAIR_NEG_001079,FRAG_000072,FRAG_001566,sample_jpeg_009.jpeg,sample_zip_018.zip,jpeg,zip,0,0,177.0,93.25,84.375,0,0,0,0.94114,0.02216,0.27775,0.06491,0.0111,7.9506,1.7793,1.5735,235.8748,0.0019,0.0041,0.0061,0.0027,0,0,0,0,0,0
PAIR_NEG_001135,FRAG_000960,FRAG_000140,sample_png_019.png,sample_jpeg_016.jpeg,png,jpeg,0,0,153.0,105.0,95.0,0,0,0,0.92488,0.02525,0.30667,0.04739,0.0125,7.9399,5.1306,1.5011,223.1175,0.001,0.0078,0.0176,0.0186,1,0,0,0,0,1
PAIR_POS_000209,FRAG_000234,FRAG_000235,sample_pdf_001.pdf,sample_pdf_001.pdf,pdf,pdf,1,1,6.0,34.75,43.75,0,1,0,0.9996,0.00691,0.03609,0.99957,0.0626,4.5457,0.6448,0.4943,27.3917,0.0,0.0,0.0,0.0,0,0,0,0,0,0
PAIR_NEG_000431,FRAG_001371,FRAG_001511,sample_zip_001.zip,sample_zip_014.zip,zip,zip,1,0,53.0,99.0,77.5625,0,0,0,0.94324,0.02167,0.27779,-0.01596,0.0082,7.9569,1.1884,0.4434,65.8018,0.0093,0.0024,0.0027,0.0063,1,0,0,0,0,0
PAIR_POS_001405,FRAG_001518,FRAG_001519,sample_zip_014.zip,sample_zip_014.zip,zip,zip,1,1,159.0,53.75,75.6875,0,0,0,0.23538,0.26832,1.09302,0.06671,2.0814,6.9159,53.8269,2.0899,305.2802,0.0403,0.258,0.3054,0.2666,15,0,1,0,1,0
PAIR_POS_000009,FRAG_000009,FRAG_000010,sample_jpeg_001.jpeg,sample_jpeg_001.jpeg,jpeg,jpeg,1,1,54.0,64.5,86.375,0,0,0,0.9535,0.01963,0.25243,0.19111,0.0026,7.9557,0.6211,0.8616,127.386,0.0047,0.0005,0.0092,0.0052,0,0,0,0,0,0
PAIR_POS_001235,FRAG_001331,FRAG_001332,sample_text_022.log,sample_text_022.log,text,text,1,1,12.0,14.75,41.4375,0,1,0,0.99933,0.00717,0.03322,0.99925,0.0092,5.1104,0.0459,0.0066,0.4085,0.0,0.0,0.0,0.0,0,0,0,0,0,0
PAIR_POS_000836,FRAG_000897,FRAG_000898,sample_png_012.png,sample_png_012.png,png,png,1,1,20.0,66.75,69.125,0,0,0,0.93662,0.02295,0.28462,-0.06663,0.0046,7.9544,0.4095,0.8958,133.1961,0.0132,0.0049,0.0007,0.013,1,1,0,1,0,0
PAIR_POS_000409,FRAG_000442,FRAG_000443,sample_pdf_009.pdf,sample_pdf_009.pdf,pdf,pdf,1,1,13.0,26.5,24.125,0,1,0,0.99805,0.01461,0.07664,0.99789,0.0569,4.6304,0.0579,0.002,0.1157,0.0,0.0,0.0,0.0,0,0,0,0,0,0
PAIR_POS_001464,FRAG_001583,FRAG_001584,sample_zip_020.zip,sample_zip_020.zip,zip,zip,1,1,29.0,120.5,95.6875,0,0,0,0.94462,0.02139,0.27485,-0.02326,0.0027,7.9588,0.009,0.7829,116.805,0.0141,0.0052,0.0086,0.0061,1,0,0,0,0,0
PAIR_NEG_000782,FRAG_001598,FRAG_000136,sample_zip_021.zip,sample_jpeg_015.jpeg,zip,jpeg,0,0,12.0,115.5,85.625,0,1,0,0.94022,0.02229,0.2793,0.00277,0.0024,7.9532,0.1362,0.2587,38.0513,0.0002,0.0043,0.0002,0.001,0,0,0,0,0,0
PAIR_NEG_000077,FRAG_000777,FRAG_000360,sample_pdf_025.pdf,sample_pdf_006.pdf,pdf,pdf,1,0,3.0,4.75,26.9375,0,1,0,0.99891,0.01114,0.05419,0.99883,0.0081,4.5018,0.2651,0.2525,13.9016,0.0,0.0,0.0,0.0,0,0,0,0,0,0
PAIR_POS_000480,FRAG_000516,FRAG_000517,sample_pdf_012.pdf,sample_pdf_012.pdf,pdf,pdf,1,1,5.0,9.5,27.4375,0,1,0,0.97026,0.05694,0.1747,0.96797,0.1572,4.65,5.1553,2.7693,162.1943,0.0,0.0,0.0,0.0,8,0,1,0,1,0
PAIR_NEG_001468,FRAG_001573,FRAG_000852,sample_zip_019.zip,sample_png_007.png,zip,png,0,0,239.0,145.75,103.1875,0,0,0,0.93903,0.0225,0.28458,-0.03386,0.0056,7.9545,2.8298,0.7399,108.5754,0.0117,0.0024,0.0154,0.0061,0,0,0,0,0,0
PAIR_NEG_001486,FRAG_000897,FRAG_000026,sample_png_012.png,sample_jpeg_003.jpg,png,jpeg,0,0,83.0,94.25,83.1875,0,0,0,0.93968,0.02253,0.28377,0.15277,0.0117,7.9463,4.4283,1.3276,197.9725,0.0078,0.0029,0.0185,0.0259,0,1,0,1,0,1
PAIR_NEG_001407,FRAG_001080,FRAG_000241,sample_text_004.json,sample_pdf_001.pdf,text,pdf,0,0,68.0,69.0,62.125,0,1,0,0.73449,0.17019,0.87303,0.714,0.389,4.7752,25.9239,7.5033,476.2881,0.0,0.0,0.0,0.0,2,0,0,0,0,0
PAIR_NEG_000171,FRAG_000849,FRAG_000906,sample_png_007.png,sample_png_013.png,png,png,1,0,122.0,100.5,111.875,0,0,0,0.93902,0.02255,0.29438,0.03697,0.0023,7.9505,0.3074,0.2124,31.2801,0.0083,0.001,0.0039,0.0039,0,0,0,0,0,0
PAIR_NEG_000380,FRAG_001153,FRAG_001258,sample_text_011.json,sample_text_016.json,text,text,1,0,48.0,31.5,37.375,0,1,0,0.99861,0.01209,0.04934,0.9985,0.0076,4.993,0.3509,0.0085,0.6083,0.0,0.0,0.0,0.0,0,0,0,0,0,0
PAIR_NEG_000118,FRAG_000836,FRAG_000908,sample_png_006.png,sample_png_013.png,png,png,1,0,92.0,74.0,77.0625,0,0,0,0.94398,0.02154,0.27196,0.00366,0.0129,7.9566,3.6077,0.2372,34.8742,0.0113,0.0009,0.0171,0.0063,0,0,0,0,0,0
PAIR_POS_000521,FRAG_000561,FRAG_000562,sample_pdf_016.pdf,sample_pdf_016.pdf,pdf,pdf,1,1,3.0,28.25,21.1875,0,1,0,0.99863,0.01297,0.0727,0.99854,0.145,4.653,1.2441,1.0339,59.9915,0.002,0.0,0.002,0.0,0,1,0,1,0,0
PAIR_NEG_001314,FRAG_001309,FRAG_000863,sample_text_020.txt,sample_png_008.png,text,png,0,0,111.0,63.25,68.625,0,0,0,0.28008,0.18784,1.62977,-0.13018,2.8346,6.5358,49.5166,43.6583,4598.4992,0.627,0.0051,0.5134,0.1096,1,0,0,0,0,0
PAIR_POS_000300,FRAG_000329,FRAG_000330,sample_pdf_005.pdf,sample_pdf_005.pdf,pdf,pdf,1,1,65.0,26.5,35.8125,0,1,0,0.99943,0.00874,0.05074,0.9994,0.0934,4.578,1.0315,0.6231,35.0822,0.0,0.0,0.0,0.0,0,0,0,0,0,0
PAIR_POS_000984,FRAG_001061,FRAG_001062,sample_text_003.log,sample_text_003.log,text,text,1,1,5.0,11.25,30.4375,0,1,0,0.99911,0.0083,0.03712,0.99901,0.0123,5.1082,0.0344,0.0357,2.1987,0.0,0.0,0.0,0.0,1,0,0,0,0,0
PAIR_NEG_000330,FRAG_000162,FRAG_000156,sample_jpeg_018.jpeg,sample_jpeg_017.jpg,jpeg,jpeg,1,0,109.0,60.25,85.0625,0,0,0,0.952,0.01995,0.25102,0.1641,0.006,7.9574,2.6909,1.9904,296.6099,0.0003,0.0049,0.0146,0.0142,1,1,0,1,0,0
PAIR_NEG_001423,FRAG_001557,FRAG_001338,sample_zip_017.zip,sample_text_023.csv,zip,text,0,0,48.0,50.0,68.0625,0,0,0,0.24308,0.21113,1.65717,0.03548,2.9122,6.3321,55.0219,52.2951,5249.293,0.6107,0.0524,0.4417,0.1638,15,0,0,0,0,1
PAIR_POS_000530,FRAG_000570,FRAG_000571,sample_pdf_016.pdf,sample_pdf_016.pdf,pdf,pdf,1,1,13.0,48.0,36.9375,0,1,0,0.99986,0.00407,0.01706,0.99985,0.0101,4.4514,0.1213,0.0947,5.1881,0.0,0.0,0.0,0.0,0,0,0,0,0,0
PAIR_POS_000413,FRAG_000447,FRAG_000448,sample_pdf_010.pdf,sample_pdf_010.pdf,pdf,pdf,1,1,3.0,26.5,15.9375,0,1,0,0.99934,0.0086,0.05126,0.99929,0.0437,4.5792,0.28,0.3241,18.101,0.0,0.0,0.0,0.0,0,0,0,0,0,0
PAIR_NEG_000178,FRAG_000375,FRAG_000250,sample_pdf_007.pdf,sample_pdf_001.pdf,pdf,pdf,1,0,1.0,20.5,29.0,0,1,0,0.9971,0.01848,0.08543,0.99689,0.0611,4.5514,0.4483,0.0642,3.5938,0.0,0.0,0.0,0.0,0,0,0,0,0,0
PAIR_NEG_000789,FRAG_001603,FRAG_001313,sample_zip_022.zip,sample_text_020.txt,zip,text,0,0,74.0,79.0,77.5,0,0,0,0.30804,0.18684,1.62647,-0.00544,2.8574,6.5282,46.648,43.614,4598.1325,0.623,0.0073,0.4915,0.127,1,1,0,1,0,0
PAIR_POS_000071,FRAG_000080,FRAG_000081,sample_jpeg_010.jpg,sample_jpeg_010.jpg,jpeg,jpeg,1,1,169.0,77.0,108.5625,0,0,0,0.94258,0.0219,0.27673,0.10783,0.0017,7.9508,2.687,0.075,11.1313,0.0213,0.0002,0.0208,0.0005,0,0,0,0,0,0
PAIR_POS_001434,FRAG_001550,FRAG_001551,sample_zip_017.zip,sample_zip_017.zip,zip,zip,1,1,9.0,9.75,51.0625,0,1,0,0.93583,0.02312,0.29143,-0.02984,0.0013,7.951,0.3223,0.3951,58.7564,0.0049,0.0017,0.0083,0.0029,1,0,0,0,0,0
PAIR_NEG_000515,FRAG_000730,FRAG_000700,sample_pdf_022.pdf,sample_pdf_020.pdf,pdf,pdf,1,0,10.0,8.0,21.6875,0,1,0,0.99682,0.01932,0.09616,0.99659,0.0662,4.5179,1.2356,0.5717,31.5317,0.0,0.0,0.0,0.0,0,0,0,0,0,0
PAIR_POS_000879,FRAG_000946,FRAG_000947,sample_png_018.png,sample_png_018.png,png,png,1,1,12.0,37.5,54.9375,0,0,0,0.93487,0.02323,0.29976,-0.13995,0.0013,7.9557,1.1739,0.0717,10.6464,0.0005,0.001,0.0093,0.0095,0,0,0,0,0,0
PAIR_NEG_001333,FRAG_000172,FRAG_000443,sample_jpeg_019.jpg,sample_pdf_009.pdf,jpeg,pdf,0,0,112.0,124.75,71.9375,0,0,0,0.2617,0.22488,1.68885,0.00693,3.3521,6.2781,33.542,45.2157,4668.4305,0.6101,0.0085,0.4888,0.1184,0,0,0,0,0,0
PAIR_NEG_000131,FRAG_001374,FRAG_001427,sample_zip_001.zip,sample_zip_007.zip,zip,zip,1,0,82.0,116.0,129.5,0,0,0,0.93871,0.02259,0.292,0.0007,0.0014,7.9519,0.1972,0.3224,47.3801,0.0149,0.0008,0.0093,0.0054,1,0,0,0,0,0
PAIR_POS_001234,FRAG_001330,FRAG_001331,sample_text_022.log,sample_text_022.log,text,text,1,1,53.0,33.5,45.625,0,1,0,0.99967,0.00503,0.02291,0.99964,0.0087,5.1106,0.0422,0.0391,2.4132,0.0,0.0,0.0,0.0,1,0,0,0,0,0
PAIR_POS_001077,FRAG_001162,FRAG_001163,sample_text_011.json,sample_text_011.json,text,text,1,1,0.0,31.75,42.6875,0,1,1,0.99978,0.00487,0.0283,0.99976,0.005,4.9961,0.1162,0.0567,4.0219,0.0,0.0,0.0,0.0,0,0,0,0,0,0
PAIR_NEG_000150,FRAG_000885,FRAG_000960,sample_png_010.png,sample_png_019.png,png,png,1,0,27.0,129.5,98.25,0,0,0,0.94116,0.02216,0.27778,0.07402,0.0099,7.9512,1.0471,0.2475,36.3644,0.0049,0.0007,0.0134,0.0075,0,0,0,0,0,0
PAIR_POS_000192,FRAG_000216,FRAG_000217,sample_jpeg_025.jpg,sample_jpeg_025.jpg,jpeg,jpeg,1,1,68.0,39.25,91.0625,0,1,0,0.93645,0.02305,0.29394,0.03296,0.002,7.9493,2.1616,0.6424,95.5848,0.0127,0.0008,0.0132,0.003,0,0,0,0,0,0
PAIR_NEG_001008,FRAG_001586,FRAG_001230,sample_zip_020.zip,sample_text_015.json,zip,text,0,0,79.0,115.75,87.125,0,1,0,0.25935,0.2223,1.58693,-0.01852,2.9706,6.4707,57.9878,39.3414,4337.1227,0.6155,0.0063,0.4905,0.1223,1,0,0,0,0,0
PAIR_NEG_000748,FRAG_000431,FRAG_000776,sample_pdf_009.pdf,sample_pdf_025.pdf,pdf,pdf,1,0,17.0,9.25,16.6875,0,1,0,0.99467,0.02663,0.13961,0.99435,0.2032,4.5528,2.7864,1.494,82.8668,0.0,0.0,0.0,0.0,1,0,0,0,0,0
PAIR_NEG_001510,FRAG_000764,FRAG_001457,sample_pdf_024.pdf,sample_zip_010.zip,pdf,zip,0,0,75.0,71.25,68.375,0,1,0,0.26203,0.22736,1.71828,0.01979,3.4095,6.2506,35.0017,46.1011,4700.8659,0.6243,0.0049,0.512,0.1077,0,0,0,0,0,0
PAIR_NEG_000857,FRAG_000180,FRAG_001457,sample_jpeg_019.jpg,sample_zip_010.zip,jpeg,zip,0,0,113.0,89.0,88.9375,0,0,0,0.93548,0.02319,0.29817,-0.03684,0.0054,7.9526,3.0586,0.9996,149.0137,0.0041,0.0046,0.0132,0.0183,0,0,0,0,0,0
PAIR_NEG_000440,FRAG_001254,FRAG_001210,sample_text_016.json,sample_text_015.json,text,text,1,0,53.0,51.25,43.8125,0,1,0,0.9981,0.01412,0.04688,0.99795,0.009,4.9909,0.1409,0.0792,5.6057,0.0,0.0,0.0,0.0,0,0,0,0,0,0
PAIR_POS_000198,FRAG_000222,FRAG_000223,sample_jpeg_025.jpg,sample_jpeg_025.jpg,jpeg,jpeg,1,1,10.0,26.5,68.8125,0,0,0,0.9397,0.02238,0.28402,-0.0114,0.0058,7.9547,2.6282,0.6563,96.7881,0.0164,0.0002,0.0154,0.0003,0,0,0,0,0,0
PAIR_POS_000417,FRAG_000451,FRAG_000452,sample_pdf_010.pdf,sample_pdf_010.pdf,pdf,pdf,1,1,89.0,30.75,24.9375,0,1,0,0.99012,0.03381,0.11446,0.98941,0.1568,4.6099,3.155,1.933,111.3383,0.0,0.0,0.0,0.0,8,0,1,0,1,0
PAIR_NEG_001276,FRAG_000979,FRAG_001361,sample_png_021.png,sample_text_025.log,png,text,0,0,4.0,39.75,69.0625,0,1,0,0.31123,0.18695,1.62549,0.01116,2.8604,6.5265,48.4785,42.7865,4474.9693,0.624,0.0044,0.5083,0.1125,0,0,0,0,0,0
PAIR_POS_000402,FRAG_000435,FRAG_000436,sample_pdf_009.pdf,sample_pdf_009.pdf,pdf,pdf,1,1,41.0,46.0,39.125,0,1,0,0.99889,0.0113,0.0586,0.99881,0.0803,4.5572,0.9981,0.6865,38.0942,0.0,0.0,0.0,0.0,0,0,0,0,0,0
PAIR_NEG_000272,FRAG_000182,FRAG_000137,sample_jpeg_020.jpg,sample_jpeg_015.jpeg,jpeg,jpeg,1,0,5.0,69.25,97.0,0,0,0,0.94677,0.02105,0.27681,0.13201,0.0004,7.9536,1.6291,1.1104,164.6816,0.0022,0.0012,0.0063,0.0071,1,1,0,1,0,0
PAIR_NEG_000060,FRAG_000305,FRAG_000312,sample_pdf_003.pdf,sample_pdf_004.pdf,pdf,pdf,1,0,35.0,30.0,42.25,0,1,0,0.90101,0.10408,0.30091,0.89339,0.1389,4.6213,8.1644,4.1272,248.1946,0.0,0.0,0.0,0.0,8,0,0,0,0,1
PAIR_NEG_000217,FRAG_001094,FRAG_001261,sample_text_006.log,sample_text_016.json,text,text,1,0,95.0,62.25,58.375,0,1,0,0.79291,0.14092,0.6724,0.77433,0.11,5.0393,10.7771,4.5364,301.0431,0.0,0.0,0.0,0.0,2,0,0,0,0,0
PAIR_POS_001236,FRAG_001332,FRAG_001333,sample_text_022.log,sample_text_022.log,text,text,1,1,9.0,44.25,40.1875,0,1,0,0.99894,0.00904,0.03805,0.99882,0.0007,5.1055,0.0886,0.0161,0.9899,0.0,0.0,0.0,0.0,0,0,0,0,0,0
PAIR_POS_000919,FRAG_000990,FRAG_000991,sample_png_022.png,sample_png_022.png,png,png,1,1,1.0,83.0,93.3125,0,0,0,0.94822,0.02068,0.26758,0.04092,0.0058,7.9582,2.4692,0.4205,62.2032,0.0054,0.0007,0.0142,0.0083,0,0,0,0,0,0
PAIR_POS_001218,FRAG_001312,FRAG_001313,sample_text_020.txt,sample_text_020.txt,text,text,1,1,19.0,35.25,38.625,0,1,0,0.99941,0.00674,0.03024,0.99935,0.0042,5.1016,0.1624,0.0558,3.4468,0.0,0.0,0.0,0.0,1,0,0,0,0,0
PAIR_POS_001333,FRAG_001440,FRAG_001441,sample_zip_008.zip,sample_zip_008.zip,zip,zip,1,1,30.0,152.5,90.375,0,0,0,0.93748,0.02279,0.28801,-0.04874,0.0011,7.953,4.1855,1.2935,192.2973,0.0275,0.0024,0.0293,0.0012,1,0,0,0,0,0
PAIR_POS_001246,FRAG_001344,FRAG_001345,sample_text_024.txt,sample_text_024.txt,text,text,1,1,82.0,31.25,39.9375,0,1,0,0.99971,0.00477,0.02096,0.99967,0.005,5.1099,0.002,0.0059,0.3673,0.0,0.0,0.0,0.0,0,0,0,0,0,0
PAIR_POS_000323,FRAG_000353,FRAG_000354,sample_pdf_006.pdf,sample_pdf_006.pdf,pdf,pdf,1,1,11.0,33.75,33.3125,0,1,0,0.99988,0.00374,0.01797,0.99988,0.0162,4.5294,0.2834,0.1997,11.0093,0.0,0.0,0.0,0.0,0,0,0,0,0,0
PAIR_POS_000307,FRAG_000336,FRAG_000337,sample_pdf_005.pdf,sample_pdf_005.pdf,pdf,pdf,1,1,2.0,6.5,21.875,0,1,0,0.99998,0.00146,0.00582,0.99998,0.002,4.5123,0.0039,0.0012,0.0656,0.0,0.0,0.0,0.0,0,0,0,0,0,0
PAIR_NEG_000938,FRAG_001586,FRAG_001120,sample_zip_020.zip,sample_text_008.json,zip,text,0,0,31.0,77.25,83.5,0,1,0,0.25926,0.22203,1.59034,-0.02035,2.9707,6.4707,58.1084,39.3429,4337.2304,0.6155,0.0063,0.4905,0.1223,1,0,0,0,0,0
PAIR_POS_001356,FRAG_001466,FRAG_001467,sample_zip_011.zip,sample_zip_011.zip,zip,zip,1,1,190.0,99.75,87.0625,0,0,0,0.94714,0.02095,0.26615,0.10064,0.0023,7.9544,2.3264,0.3064,45.3639,0.0227,0.0012,0.0203,0.0017,1,0,0,0,0,0
PAIR_POS_001233,FRAG_001329,FRAG_001330,sample_text_022.log,sample_text_022.log,text,text,1,1,5.0,5.0,18.9375,0,1,0,0.99942,0.00667,0.02195,0.99936,0.0014,5.107,0.0222,0.0191,1.177,0.0,0.0,0.0,0.0,0,0,0,0,0,0
PAIR_NEG_000327,FRAG_000053,FRAG_000069,sample_jpeg_007.jpg,sample_jpeg_008.jpeg,jpeg,jpeg,1,0,48.0,90.0,77.1875,0,0,0,0.91922,0.02635,0.33411,0.11182,0.0083,7.9306,3.2597,0.5172,77.4137,0.0057,0.0042,0.0095,0.0152,1,1,1,1,1,0
PAIR_NEG_001202,FRAG_000862,FRAG_001520,sample_png_008.png,sample_zip_015.zip,png,zip,0,0,15.0,74.5,108.125,0,1,0,0.94349,0.02166,0.26766,0.04006,0.0067,7.9552,2.676,0.0997,14.7975,0.0083,0.0054,0.0137,0.0061,1,0,0,0,0,1
PAIR_NEG_001069,FRAG_000209,FRAG_000815,sample_jpeg_024.jpeg,sample_png_004.png,jpeg,png,0,0,79.0,54.75,95.75,0,0,0,0.93149,0.02389,0.30899,-0.10678,0.0007,7.9527,0.6995,1.746,259.4651,0.0281,0.0027,0.0058,0.0236,1,0,0,0,0,1
PAIR_NEG_000884,FRAG_001096,FRAG_000500,sample_text_006.log,sample_pdf_012.pdf,text,pdf,0,0,11.0,42.75,26.75,0,1,0,0.84594,0.12796,0.74664,0.83364,0.6522,4.7761,16.781,3.9871,230.4184,0.0,0.0,0.0,0.0,0,0,0,0,0,0
PAIR_NEG_001450,FRAG_001001,FRAG_000132,sample_png_023.png,sample_jpeg_015.jpeg,png,jpeg,0,0,216.0,161.25,94.1875,0,0,0,0.94389,0.02159,0.27191,0.05351,0.0037,7.9541,1.1992,0.111,16.4026,0.0095,0.0039,0.0052,0.0056,0,0,0,0,0,0
PAIR_NEG_000093,FRAG_001271,FRAG_001134,sample_text_017.txt,sample_text_009.txt,text,text,1,0,6.0,40.75,35.0,0,1,0,0.99908,0.00845,0.03269,0.99897,0.0094,5.1041,0.0032,0.0148,0.9179,0.0,0.0,0.0,0.0,0,0,0,0,0,0
PAIR_POS_001073,FRAG_001158,FRAG_001159,sample_text_011.json,sample_text_011.json,text,text,1,1,6.0,35.25,36.4375,0,1,0,0.99961,0.0064,0.03121,0.99958,0.0035,4.9971,0.177,0.0331,2.345,0.0,0.0,0.0,0.0,0,0,0,0,0,0
PAIR_NEG_001004,FRAG_001611,FRAG_000299,sample_zip_023.zip,sample_pdf_003.pdf,zip,pdf,0,0,37.0,41.25,58.375,0,0,0,0.23658,0.22944,1.70166,-0.08173,3.3964,6.2528,31.2789,46.3439,4741.8789,0.6223,0.0078,0.4978,0.1233,1,0,0,0,0,0
PAIR_NEG_000528,FRAG_001613,FRAG_001626,sample_zip_023.zip,sample_zip_025.zip,zip,zip,1,0,130.0,104.5,103.25,0,0,0,0.94661,0.02106,0.27146,0.10178,0.0014,7.9541,1.5955,0.8067,118.583,0.0108,0.001,0.0056,0.0044,1,0,0,0,0,0
PAIR_POS_001299,FRAG_001403,FRAG_001404,sample_zip_005.zip,sample_zip_005.zip,zip,zip,1,1,99.0,35.75,96.8125,0,0,0,0.94362,0.02159,0.28014,-0.02525,0.0061,7.9572,0.9497,0.3971,59.0634,0.0017,0.0022,0.0007,0.0015,1,0,0,0,0,0
PAIR_NEG_001425,FRAG_001116,FRAG_001559,sample_text_008.json,sample_zip_018.zip,text,zip,0,0,52.0,59.0,92.3125,0,1,0,0.25935,0.22272,1.59774,-0.01548,2.98,6.4637,57.7393,37.7062,4095.8768,0.613,0.0042,0.4924,0.1172,2,0,0,0,0,0
PAIR_NEG_000995,FRAG_000090,FRAG_001244,sample_jpeg_010.jpg,sample_text_016.json,jpeg,text,0,0,42.0,52.5,74.75,0,0,0,0.2418,0.22279,1.6001,-0.08548,2.9583,6.4687,57.3154,39.1829,4307.7781,0.614,0.0078,0.4861,0.1216,2,0,0,0,0,0
PAIR_POS_000313,FRAG_000342,FRAG_000343,sample_pdf_005.pdf,sample_pdf_005.pdf,pdf,pdf,1,1,13.0,26.0,22.125,0,1,0,0.99989,0.00351,0.01607,0.99988,0.0114,4.5119,0.268,0.1516,8.4072,0.0,0.0,0.0,0.0,0,0,0,0,0,0
PAIR_NEG_000513,FRAG_000487,FRAG_000427,sample_pdf_012.pdf,sample_pdf_009.pdf,pdf,pdf,1,0,5.0,20.0,19.5,0,1,0,0.99685,0.01898,0.09717,0.99662,0.0925,4.5854,1.1687,0.8594,48.1568,0.0,0.0,0.0,0.0,0,0,0,0,0,0
PAIR_POS_001265,FRAG_001364,FRAG_001365,sample_text_025.log,sample_text_025.log,text,text,1,1,14.0,22.0,26.6875,0,1,0,0.99962,0.0054,0.01413,0.99958,0.003,5.1098,0.1325,0.0048,0.297,0.0,0.0,0.0,0.0,0,0,0,0,0,0
PAIR_POS_000431,FRAG_000466,FRAG_000467,sample_pdf_011.pdf,sample_pdf_011.pdf,pdf,pdf,1,1,9.0,31.0,40.4375,0,1,0,0.9999,0.00347,0.01614,0.99989,0.0036,4.4786,0.0781,0.0072,0.3983,0.0,0.0,0.0,0.0,0,0,0,0,0,0
PAIR_NEG_000591,FRAG_000905,FRAG_000796,sample_png_013.png,sample_png_001.png,png,png,1,0,24.0,38.0,95.9375,0,0,0,0.93774,0.0227,0.28855,-0.10793,0.0079,7.9573,0.3091,0.0785,11.6439,0.0193,0.0034,0.0105,0.0074,1,0,0,0,0,1
PAIR_NEG_000413,FRAG_000010,FRAG_000078,sample_jpeg_001.jpeg,sample_jpeg_010.jpg,jpeg,jpeg,1,0,138.0,148.0,110.0625,0,0,0,0.94142,0.02215,0.2744,0.1245,0.0071,7.9508,5.521,1.8873,280.9535,0.0047,0.0056,0.0288,0.0235,1,0,0,0,0,1
PAIR_NEG_000900,FRAG_001060,FRAG_001005,sample_text_003.log,sample_png_023.png,text,png,0,0,69.0,82.25,64.0,0,1,0,0.26256,0.18983,1.63061,-0.06933,2.7311,6.4768,50.1892,43.0059,4504.4241,0.6282,0.0089,0.5119,0.1125,1,0,1,0,1,0
PAIR_POS_000830,FRAG_000890,FRAG_000891,sample_png_011.png,sample_png_011.png,png,png,1,1,163.0,107.75,80.8125,0,0,0,0.9424,0.02191,0.2808,0.08302,0.0048,7.9507,0.2212,0.6326,93.7998,0.0017,0.0005,0.0039,0.0061,0,0,0,0,0,0
PAIR_POS_000006,FRAG_000006,FRAG_000007,sample_jpeg_001.jpeg,sample_jpeg_001.jpeg,jpeg,jpeg,1,1,108.0,81.25,81.3125,0,0,0,0.93167,0.02394,0.28901,0.00875,0.0019,7.9464,1.6934,0.0914,13.6305,0.0017,0.0022,0.0091,0.0105,1,0,0,0,0,0
PAIR_POS_000776,FRAG_000830,FRAG_000831,sample_png_005.png,sample_png_005.png,png,png,1,1,90.0,93.0,62.375,0,0,0,0.94699,0.02093,0.26311,0.02806,0.0028,7.9581,3.311,0.3682,54.4368,0.019,0.0022,0.0196,0.0025,0,0,0,0,0,0
PAIR_NEG_000671,FRAG_001346,FRAG_001304,sample_text_024.txt,sample_text_020.txt,text,text,1,0,62.0,56.0,39.5625,0,1,0,0.99926,0.0076,0.02927,0.99918,0.0189,5.1038,0.0325,0.0252,1.5529,0.0,0.0,0.0,0.0,0,0,0,0,0,0
PAIR_POS_000185,FRAG_000208,FRAG_000209,sample_jpeg_024.jpeg,sample_jpeg_024.jpeg,jpeg,jpeg,1,1,77.0,38.25,63.0,0,0,0,0.94029,0.02233,0.28221,0.06746,0.0058,7.9501,1.2334,0.5763,86.3101,0.0142,0.0034,0.0134,0.0024,1,0,0,0,0,0
PAIR_NEG_001412,FRAG_001047,FRAG_000974,sample_text_002.txt,sample_png_021.png,text,png,0,0,84.0,40.25,26.5625,0,0,0,0.32838,0.18471,1.59276,0.07955,2.8424,6.5393,48.2551,42.7292,4458.5448,0.6118,0.0071,0.4985,0.1094,1,0,0,0,0,1
PAIR_POS_000716,FRAG_000764,FRAG_000765,sample_pdf_024.pdf,sample_pdf_024.pdf,pdf,pdf,1,1,69.0,48.75,25.5625,0,1,0,0.99978,0.00519,0.02442,0.99976,0.0196,4.536,0.1805,0.0282,1.5734,0.0,0.0,0.0,0.0,0,0,0,0,0,0
PAIR_NEG_001167,FRAG_000927,FRAG_000203,sample_png_016.png,sample_jpeg_023.jpeg,png,jpeg,0,0,114.0,78.5,80.0625,0,0,0,0.94029,0.02231,0.27872,0.04988,0.0035,7.9512,0.3037,0.2074,30.7973,0.0162,0.0003,0.0105,0.0061,0,1,0,1,0,0
PAIR_POS_000046,FRAG_000051,FRAG_000052,sample_jpeg_006.jpg,sample_jpeg_006.jpg,jpeg,jpeg,1,1,84.0,69.25,79.25,0,0,0,0.61028,0.07744,0.99339,-0.03816,1.0529,7.4184,7.1587,2.3494,354.5147,0.0141,0.0085,0.0183,0.0015,0,0,1,0,1,0
PAIR_POS_000753,FRAG_000804,FRAG_000805,sample_png_002.png,sample_png_002.png,png,png,1,1,61.0,92.5,72.5625,0,1,0,0.94596,0.02118,0.27153,0.07444,0.0039,7.955,1.2326,0.3852,56.132,0.0068,0.0027,0.0029,0.0037,1,0,0,0,0,0
PAIR_NEG_000128,FRAG_000993,FRAG_000829,sample_png_022.png,sample_png_005.png,png,png,1,0,110.0,100.0,120.6875,0,0,0,0.94135,0.02208,0.28173,0.02852,0.0091,7.9524,0.1052,0.0371,5.4537,0.0047,0.0017,0.0,0.003,0,0,0,0,0,0
PAIR_NEG_000614,FRAG_001250,FRAG_001222,sample_text_016.json,sample_text_015.json,text,text,1,0,66.0,77.5,49.3125,0,1,0,0.99839,0.01314,0.05271,0.99827,0.0268,4.9764,0.2583,0.1,7.1004,0.0,0.0,0.0,0.0,0,0,0,0,0,0
PAIR_NEG_000273,FRAG_000505,FRAG_000271,sample_pdf_012.pdf,sample_pdf_002.pdf,pdf,pdf,1,0,13.0,43.25,30.8125,0,1,0,0.99868,0.01222,0.05617,0.99858,0.0018,4.509,0.3493,0.2613,14.2824,0.0,0.0,0.0,0.0,0,0,0,0,0,0
PAIR_POS_000203,FRAG_000228,FRAG_000229,sample_pdf_001.pdf,sample_pdf_001.pdf,pdf,pdf,1,1,41.0,19.5,26.125,0,1,0,0.99965,0.00628,0.02788,0.99962,0.0117,4.529,0.2346,0.1355,7.5237,0.0,0.0,0.0,0.0,0,0,0,0,0,0
PAIR_NEG_000567,FRAG_000937,FRAG_000822,sample_png_016.png,sample_png_004.png,png,png,1,0,115.0,117.75,88.4375,0,0,0,0.9512,0.02012,0.25682,0.15706,0.0081,7.9553,0.8339,0.3144,46.4975,0.0088,0.0012,0.0103,0.001,0,0,0,0,0,0
PAIR_POS_001473,FRAG_001593,FRAG_001594,sample_zip_021.zip,sample_zip_021.zip,zip,zip,1,1,145.0,95.5,95.9375,0,0,0,0.94769,0.02078,0.26612,0.02394,0.0052,7.9583,0.3777,0.0698,10.2309,0.0076,0.0005,0.0017,0.0061,0,0,0,0,0,0
PAIR_POS_000715,FRAG_000763,FRAG_000764,sample_pdf_024.pdf,sample_pdf_024.pdf,pdf,pdf,1,1,68.0,24.5,28.0625,0,1,0,0.99978,0.00531,0.02687,0.99977,0.0313,4.5301,0.492,0.2857,15.8789,0.0,0.0,0.0,0.0,0,0,0,0,0,0
PAIR_POS_000943,FRAG_001017,FRAG_001018,sample_png_025.png,sample_png_025.png,png,png,1,1,53.0,52.25,78.9375,0,0,0,0.94737,0.02096,0.27839,0.17244,0.0047,7.9508,0.5942,0.1083,15.9422,0.0074,0.0003,0.0034,0.0031,0,0,0,0,0,0
PAIR_POS_000082,FRAG_000092,FRAG_000093,sample_jpeg_011.jpeg,sample_jpeg_011.jpeg,jpeg,jpeg,1,1,104.0,76.5,99.375,0,0,0,0.93854,0.02265,0.28169,0.04464,0.0016,7.9513,0.3632,1.2196,183.0599,0.0103,0.0039,0.0005,0.011,0,1,0,1,0,0
PAIR_POS_001205,FRAG_001298,FRAG_001299,sample_text_019.txt,sample_text_019.txt,text,text,1,1,4.0,25.25,23.75,0,1,0,0.99931,0.00731,0.0287,0.99923,0.0024,5.1025,0.0903,0.0192,1.1826,0.0,0.0,0.0,0.0,1,0,0,0,0,0
PAIR_POS_001068,FRAG_001153,FRAG_001154,sample_text_011.json,sample_text_011.json,text,text,1,1,22.0,13.75,38.75,0,1,0,0.99927,0.00878,0.03659,0.99922,0.0152,4.9892,0.0032,0.0314,2.2267,0.0,0.0,0.0,0.0,0,0,0,0,0,0
PAIR_POS_001052,FRAG_001135,FRAG_001136,sample_text_009.txt,sample_text_009.txt,text,text,1,1,18.0,48.5,45.0,0,1,0,0.99966,0.00508,0.02243,0.99963,0.0071,5.102,0.0783,0.0204,1.2634,0.0,0.0,0.0,0.0,1,0,0,0,0,0
PAIR_NEG_000491,FRAG_001398,FRAG_001373,sample_zip_004.zip,sample_zip_001.zip,zip,zip,1,0,71.0,94.75,84.125,0,0,0,0.9459,0.02119,0.26354,0.08019,0.002,7.9547,2.6108,0.7635,113.3194,0.0101,0.001,0.0119,0.0007,1,0,0,0,0,0
PAIR_POS_001406,FRAG_001520,FRAG_001521,sample_zip_015.zip,sample_zip_015.zip,zip,zip,1,1,10.0,59.25,76.0,0,0,0,0.93217,0.02382,0.30418,-0.02886,0.005,7.9494,1.5876,0.0876,13.0016,0.0039,0.0056,0.0015,0.0063,1,1,0,1,0,0
PAIR_POS_001035,FRAG_001117,FRAG_001118,sample_text_008.json,sample_text_008.json,text,text,1,1,22.0,33.5,62.0,0,1,0,0.99948,0.00739,0.04339,0.99944,0.0096,4.9805,0.4619,0.1356,9.6197,0.0,0.0,0.0,0.0,0,0,0,0,0,0
PAIR_POS_001351,FRAG_001460,FRAG_001461,sample_zip_010.zip,sample_zip_010.zip,zip,zip,1,1,34.0,77.75,92.4375,0,0,0,0.94272,0.02178,0.2841,-0.01886,0.0032,7.9566,0.9703,0.9528,142.8343,0.0034,0.0022,0.0057,0.0034,1,0,0,0,0,0
PAIR_POS_000577,FRAG_000619,FRAG_000620,sample_pdf_018.pdf,sample_pdf_018.pdf,pdf,pdf,1,1,15.0,28.5,21.25,0,1,0,0.9983,0.01391,0.05767,0.99817,0.0236,4.5478,0.312,0.0642,3.5525,0.0,0.0,0.0,0.0,0,0,0,0,0,0
PAIR_POS_001310,FRAG_001415,FRAG_001416,sample_zip_006.zip,sample_zip_006.zip,zip,zip,1,1,161.0,89.5,82.875,0,0,0,0.94486,0.02141,0.27197,0.08209,0.0055,7.9527,0.3694,0.8201,121.5081,0.0002,0.0002,0.0046,0.0039,0,0,0,0,0,0
PAIR_NEG_000452,FRAG_001590,FRAG_001420,sample_zip_021.zip,sample_zip_006.zip,zip,zip,1,0,25.0,57.75,80.1875,0,1,0,0.93973,0.0224,0.29583,0.01783,0.0005,7.9528,0.6941,0.1184,17.6005,0.0046,0.0002,0.0066,0.0019,0,0,0,0,0,0
PAIR_NEG_000809,FRAG_001398,FRAG_000368,sample_zip_004.zip,sample_pdf_006.pdf,zip,pdf,0,0,11.0,61.5,89.3125,0,0,0,0.29801,0.21749,1.66549,0.13574,3.2913,6.308,33.6665,44.2686,4576.9759,0.6042,0.0061,0.4832,0.1167,7,0,0,0,0,0
PAIR_POS_000495,FRAG_000533,FRAG_000534,sample_pdf_014.pdf,sample_pdf_014.pdf,pdf,pdf,1,1,2.0,22.75,30.625,0,1,0,0.99961,0.00651,0.03076,0.99958,0.0148,4.6066,0.4717,0.1776,10.0533,0.0,0.0,0.0,0.0,0,0,0,0,0,0
PAIR_NEG_000851,FRAG_000062,FRAG_000421,sample_jpeg_008.jpeg,sample_pdf_009.pdf,jpeg,pdf,0,0,102.0,136.0,87.5,0,0,0,0.2485,0.22795,1.68411,-0.03891,3.3566,6.2756,31.5928,45.7276,4685.9012,0.606,0.0066,0.488,0.1143,0,0,0,0,0,0
PAIR_POS_000208,FRAG_000233,FRAG_000234,sample_pdf_001.pdf,sample_pdf_001.pdf,pdf,pdf,1,1,5.0,27.25,28.5625,0,1,0,0.99794,0.01535,0.07176,0.99778,0.0743,4.5398,0.5124,0.5476,30.3171,0.0,0.0,0.0,0.0,0,0,0,0,0,0
PAIR_NEG_001033,FRAG_000058,FRAG_000753,sample_jpeg_007.jpg,sample_pdf_023.pdf,jpeg,pdf,0,0,101.0,108.25,68.0625,0,0,0,0.23859,0.22958,1.7236,-0.05558,3.3997,6.237,34.2176,46.1796,4694.849,0.6291,0.0083,0.5074,0.1172,0,0,0,0,0,1
PAIR_NEG_001286,FRAG_001625,FRAG_000229,sample_zip_025.zip,sample_pdf_001.pdf,zip,pdf,0,0,34.0,95.25,84.5,0,1,0,0.26399,0.228,1.70799,0.03381,3.4156,6.2427,31.4402,46.106,4691.8323,0.6042,0.0068,0.4895,0.1121,1,0,0,0,0,0
PAIR_POS_001288,FRAG_001390,FRAG_001391,sample_zip_003.zip,sample_zip_003.zip,zip,zip,1,1,97.0,137.0,107.9375,0,0,0,0.94046,0.02227,0.28274,0.04081,0.002,7.9526,0.313,0.1635,24.0232,0.0,0.0032,0.0059,0.0062,1,0,0,0,0,0
PAIR_NEG_000914,FRAG_000107,FRAG_000817,sample_jpeg_012.jpg,sample_png_004.png,jpeg,png,0,0,98.0,134.0,96.6875,0,0,0,0.93561,0.02318,0.29736,-0.00683,0.0029,7.9503,0.2373,0.9295,137.3247,0.0139,0.0049,0.0056,0.0088,0,0,0,0,0,0
PAIR_POS_000673,FRAG_000718,FRAG_000719,sample_pdf_021.pdf,sample_pdf_021.pdf,pdf,pdf,1,1,2.0,24.5,23.5,0,1,0,0.87162,0.11967,0.37909,0.86196,0.1225,4.599,10.0304,5.2541,319.6266,0.0,0.0,0.0,0.0,8,0,1,0,1,0
PAIR_NEG_001292,FRAG_000883,FRAG_001175,sample_png_010.png,sample_text_012.log,png,text,0,0,34.0,127.5,76.6875,0,0,0,0.3226,0.18532,1.60794,0.05715,2.8419,6.5311,47.5122,42.1699,4381.9167,0.6177,0.0051,0.5024,0.1108,1,0,0,0,0,0
PAIR_NEG_001302,FRAG_000869,FRAG_000481,sample_png_009.png,sample_pdf_011.pdf,png,pdf,0,0,43.0,64.25,70.0,0,1,0,0.26331,0.22853,1.70759,0.03353,3.4241,6.2373,31.0478,46.4886,4728.5839,0.6201,0.009,0.4941,0.1221,1,1,0,1,0,0
PAIR_NEG_000596,FRAG_001629,FRAG_001380,sample_zip_025.zip,sample_zip_002.zip,zip,zip,1,0,45.0,113.0,135.625,0,1,0,0.93859,0.02262,0.2924,0.02003,0.0047,7.9506,0.0935,0.5263,77.9144,0.0083,0.001,0.0086,0.0005,0,0,0,0,0,1
PAIR_NEG_000197,FRAG_000877,FRAG_001024,sample_png_009.png,sample_png_025.png,png,png,1,0,75.0,51.0,80.625,0,0,0,0.85504,0.03713,0.47361,0.03318,0.187,7.8627,3.0425,0.4169,61.4817,0.0023,0.0059,0.0117,0.0099,1,0,1,0,1,0
PAIR_POS_000399,FRAG_000432,FRAG_000433,sample_pdf_009.pdf,sample_pdf_009.pdf,pdf,pdf,1,1,2.0,25.25,18.9375,0,1,0,0.99929,0.00898,0.05268,0.99923,0.0325,4.5481,0.0298,0.1727,9.6267,0.0,0.0,0.0,0.0,0,0,0,0,0,0
PAIR_NEG_000912,FRAG_001326,FRAG_001626,sample_text_022.log,sample_zip_025.zip,text,zip,0,0,131.0,117.5,106.0,0,0,0,0.32281,0.18531,1.6016,0.05693,2.842,6.5338,46.7903,42.2292,4389.9635,0.6118,0.0056,0.4934,0.113,0,0,0,0,0,0
PAIR_NEG_000204,FRAG_001224,FRAG_001324,sample_text_015.json,sample_text_021.csv,text,text,1,0,24.0,18.75,48.625,0,1,0,0.37491,0.24639,1.16811,0.31998,0.0885,4.9496,5.9307,11.4054,678.211,0.0,0.0,0.0,0.0,1,0,1,0,0,0
PAIR_NEG_000170,FRAG_001370,FRAG_001525,sample_zip_001.zip,sample_zip_015.zip,zip,zip,1,0,31.0,45.25,67.8125,0,0,0,0.93414,0.02343,0.30366,-0.04674,0.0059,7.9501,0.8726,1.1617,172.5443,0.0051,0.0031,0.0003,0.0056,1,1,0,1,0,0
PAIR_POS_001462,FRAG_001581,FRAG_001582,sample_zip_020.zip,sample_zip_020.zip,zip,zip,1,1,141.0,78.5,94.125,0,0,0,0.92687,0.02477,0.31433,-0.06742,0.0009,7.946,0.2991,0.2042,30.3775,0.01,0.0041,0.0051,0.0049,1,0,0,0,0,0
PAIR_POS_001429,FRAG_001545,FRAG_001546,sample_zip_017.zip,sample_zip_017.zip,zip,zip,1,1,97.0,109.25,105.375,0,0,0,0.94119,0.02208,0.2832,-0.02522,0.001,7.9559,0.2217,0.4117,60.9931,0.0032,0.0032,0.002,0.002,1,0,0,0,0,0
PAIR_POS_000616,FRAG_000659,FRAG_000660,sample_pdf_019.pdf,sample_pdf_019.pdf,pdf,pdf,1,1,69.0,66.25,36.625,0,1,0,0.99814,0.01435,0.08251,0.998,0.0328,4.5603,0.3591,0.0052,0.2893,0.0,0.0,0.0,0.0,0,0,0,0,0,0
PAIR_NEG_000670,FRAG_001583,FRAG_001385,sample_zip_020.zip,sample_zip_003.zip,zip,zip,1,0,168.0,163.25,110.9375,0,0,0,0.94648,0.02107,0.26758,0.07363,0.0045,7.9552,0.5031,0.2577,38.3114,0.0076,0.0042,0.002,0.0063,1,0,0,0,0,1
PAIR_NEG_001440,FRAG_000963,FRAG_000225,sample_png_019.png,sample_pdf_001.pdf,png,pdf,0,0,127.0,63.75,58.0,0,0,0,0.25718,0.22392,1.65044,-0.01323,3.264,6.3158,36.5686,44.8546,4632.9177,0.6101,0.0032,0.5012,0.1045,0,0,0,0,0,1
PAIR_NEG_001096,FRAG_000001,FRAG_001194,sample_jpeg_001.jpeg,sample_text_013.csv,jpeg,text,0,0,19.0,36.75,85.0625,0,0,0,0.27354,0.20202,1.67832,-0.04511,3.0375,6.4226,60.9064,51.2716,5081.2371,0.6167,0.0125,0.48,0.1331,0,1,0,1,0,0
PAIR_NEG_001421,FRAG_000888,FRAG_001079,sample_png_011.png,sample_text_004.json,png,text,0,0,111.0,103.0,93.3125,0,0,0,0.26295,0.22167,1.57027,-0.00628,2.9689,6.4737,56.8049,39.3071,4330.3169,0.6089,0.0078,0.4841,0.1211,1,1,0,1,0,0
PAIR_NEG_000759,FRAG_001389,FRAG_000404,sample_zip_003.zip,sample_pdf_008.pdf,zip,pdf,0,0,118.0,73.5,63.4375,0,0,0,0.26997,0.22449,1.69046,0.041,3.3468,6.2855,34.1175,46.0182,4714.7451,0.6145,0.0042,0.5005,0.1089,0,0,0,0,0,0
PAIR_POS_000609,FRAG_000652,FRAG_000653,sample_pdf_019.pdf,sample_pdf_019.pdf,pdf,pdf,1,1,67.0,42.5,23.75,0,1,0,0.99997,0.00192,0.0078,0.99996,0.0012,4.5076,0.0987,0.0706,3.8426,0.0,0.0,0.0,0.0,0,0,0,0,0,0
PAIR_NEG_000958,FRAG_000137,FRAG_000867,sample_jpeg_015.jpeg,sample_png_008.png,jpeg,png,0,0,190.0,109.25,95.9375,0,0,0,0.9436,0.02163,0.27007,0.0401,0.0028,7.9552,1.7913,0.1106,16.3031,0.0083,0.0022,0.0032,0.0135,0,0,0,0,0,0
PAIR_POS_001031,FRAG_001113,FRAG_001114,sample_text_008.json,sample_text_008.json,text,text,1,1,3.0,9.5,39.6875,0,1,0,0.99958,0.00663,0.03318,0.99955,0.0018,4.9913,0.1142,0.0215,1.5171,0.0,0.0,0.0,0.0,0,0,0,0,0,0
PAIR_POS_000240,FRAG_000266,FRAG_000267,sample_pdf_002.pdf,sample_pdf_002.pdf,pdf,pdf,1,1,89.0,28.0,27.875,0,1,0,0.99988,0.00383,0.01807,0.99987,0.0135,4.4905,0.2366,0.1293,7.0308,0.0,0.0,0.0,0.0,0,0,0,0,0,0
PAIR_NEG_000690,FRAG_001280,FRAG_001182,sample_text_018.csv,sample_text_012.log,text,text,1,0,23.0,25.75,39.625,0,1,0,0.48542,0.20753,1.03467,0.43226,0.2067,4.9946,16.7439,6.9072,379.2173,0.0,0.0,0.0,0.0,1,0,0,0,0,0
PAIR_POS_000256,FRAG_000283,FRAG_000284,sample_pdf_003.pdf,sample_pdf_003.pdf,pdf,pdf,1,1,17.0,34.5,23.0,0,1,0,0.99987,0.0039,0.01657,0.99986,0.0029,4.526,0.0798,0.0181,0.9994,0.0,0.0,0.0,0.0,0,0,0,0,0,0
PAIR_NEG_000286,FRAG_001016,FRAG_000946,sample_png_025.png,sample_png_018.png,png,png,1,0,38.0,93.25,89.0,0,1,0,0.94329,0.02168,0.27985,0.00741,0.0014,7.9556,1.837,0.3964,59.0451,0.0005,0.002,0.0088,0.0087,0,0,0,0,0,0
PAIR_POS_000096,FRAG_000107,FRAG_000108,sample_jpeg_012.jpg,sample_jpeg_012.jpg,jpeg,jpeg,1,1,255.0,128.0,98.25,0,0,0,0.94512,0.02142,0.27296,0.16014,0.0041,7.9497,0.0574,0.2731,40.6771,0.0027,0.0022,0.0025,0.0002,0,0,0,0,0,0
PAIR_NEG_000913,FRAG_000250,FRAG_000919,sample_pdf_001.pdf,sample_png_014.png,pdf,png,0,0,94.0,59.75,73.3125,0,0,0,0.24692,0.226,1.71337,-0.0535,3.3702,6.2671,33.0623,45.699,4648.9668,0.6116,0.0049,0.5,0.1072,0,0,0,0,0,0
PAIR_POS_000476,FRAG_000512,FRAG_000513,sample_pdf_012.pdf,sample_pdf_012.pdf,pdf,pdf,1,1,13.0,23.75,16.9375,0,1,0,0.99887,0.01182,0.06588,0.9988,0.0983,4.5887,1.2866,0.7002,39.3798,0.0,0.0,0.0,0.0,0,0,0,0,0,0
PAIR_POS_001111,FRAG_001199,FRAG_001200,sample_text_014.txt,sample_text_014.txt,text,text,1,1,4.0,6.25,43.5625,0,1,0,0.99937,0.00696,0.02835,0.9993,0.0073,5.1111,0.0735,0.0635,3.9225,0.0,0.0,0.0,0.0,1,0,0,0,0,0
PAIR_NEG_001432,FRAG_000121,FRAG_000670,sample_jpeg_014.jpeg,sample_pdf_019.pdf,jpeg,pdf,0,0,118.0,72.75,77.8125,0,0,0,0.24049,0.2299,1.70752,-0.05427,3.423,6.2345,29.0315,47.8992,4932.6047,0.6199,0.0105,0.4834,0.1323,1,1,0,1,0,0
PAIR_POS_000660,FRAG_000704,FRAG_000705,sample_pdf_020.pdf,sample_pdf_020.pdf,pdf,pdf,1,1,5.0,27.5,28.6875,0,1,0,0.9997,0.00587,0.02836,0.99968,0.0032,4.5126,0.0293,0.0112,0.623,0.0,0.0,0.0,0.0,0,0,0,0,0,0
PAIR_NEG_000766,FRAG_000042,FRAG_000983,sample_jpeg_005.jpg,sample_png_021.png,jpeg,png,0,0,27.0,61.25,62.6875,0,1,0,0.94398,0.02158,0.26505,0.06245,0.0049,7.9558,5.315,0.2154,32.2891,0.0007,0.0051,0.0276,0.0257,1,1,0,1,0,0
PAIR_POS_000658,FRAG_000702,FRAG_000703,sample_pdf_020.pdf,sample_pdf_020.pdf,pdf,pdf,1,1,36.0,18.0,35.1875,0,1,0,0.99899,0.01104,0.0591,0.99892,0.0676,4.5339,0.2675,0.269,14.989,0.0,0.0,0.0,0.0,0,0,0,0,0,0
PAIR_POS_000333,FRAG_000363,FRAG_000364,sample_pdf_006.pdf,sample_pdf_006.pdf,pdf,pdf,1,1,83.0,37.0,22.3125,0,1,0,0.99936,0.00838,0.03519,0.99931,0.0108,4.5623,0.3169,0.183,10.1941,0.0,0.0,0.0,0.0,0,0,0,0,0,0
PAIR_POS_000837,FRAG_000898,FRAG_000899,sample_png_012.png,sample_png_012.png,png,png,1,1,90.0,61.0,59.1875,0,0,0,0.94681,0.02103,0.26799,0.11359,0.0065,7.9535,2.7969,0.2843,42.4421,0.01,0.001,0.0178,0.0071,0,0,0,0,0,0
PAIR_NEG_001291,FRAG_001336,FRAG_001497,sample_text_022.log,sample_zip_013.zip,text,zip,0,0,17.0,26.5,57.375,0,0,0,0.32241,0.18713,1.58545,0.06917,2.8576,6.52,48.2813,43.9517,4656.5731,0.6189,0.0063,0.501,0.1147,1,0,0,0,0,0
PAIR_NEG_000651,FRAG_000080,FRAG_000102,sample_jpeg_010.jpg,sample_jpeg_012.jpg,jpeg,jpeg,1,0,130.0,110.75,91.9375,0,0,0,0.94286,0.02178,0.28608,0.02913,0.0081,7.9558,1.3896,0.0663,9.8462,0.0088,0.0022,0.011,0.0014,0,0,0,0,0,0
PAIR_POS_000654,FRAG_000698,FRAG_000699,sample_pdf_020.pdf,sample_pdf_020.pdf,pdf,pdf,1,1,3.0,20.75,21.4375,0,1,0,0.99908,0.0102,0.05467,0.99901,0.0326,4.5266,0.0713,0.2349,13.0217,0.0,0.0,0.0,0.0,0,0,0,0,0,0
PAIR_NEG_001074,FRAG_000175,FRAG_001243,sample_jpeg_019.jpg,sample_text_016.json,jpeg,text,0,0,79.0,97.25,98.0,0,1,0,0.2443,0.22383,1.57866,-0.0797,2.9829,6.4636,60.0796,38.1634,4168.4213,0.6323,0.0066,0.5134,0.1157,2,0,0,0,0,0
PAIR_NEG_000312,FRAG_001290,FRAG_001358,sample_text_019.txt,sample_text_025.log,text,text,1,0,52.0,41.25,51.3125,0,1,0,0.9992,0.00788,0.03019,0.99911,0.0006,5.0978,0.2897,0.022,1.3624,0.0,0.0,0.0,0.0,1,0,0,0,0,0
PAIR_POS_000779,FRAG_000833,FRAG_000834,sample_png_005.png,sample_png_005.png,png,png,1,1,98.0,72.5,73.125,0,0,0,0.88419,0.03247,0.41707,0.08074,0.1237,7.8911,5.2656,0.19,28.4516,0.0165,0.0067,0.0321,0.0127,2,0,1,0,1,0
PAIR_NEG_001243,FRAG_000165,FRAG_000855,sample_jpeg_018.jpeg,sample_png_008.png,jpeg,png,0,0,44.0,52.0,87.9375,0,0,0,0.9468,0.02099,0.26321,0.0564,0.0009,7.9562,5.6016,0.1964,28.9584,0.0235,0.0013,0.0422,0.0173,1,0,0,0,0,1
PAIR_POS_001470,FRAG_001590,FRAG_001591,sample_zip_021.zip,sample_zip_021.zip,zip,zip,1,1,167.0,97.25,77.875,0,0,0,0.93391,0.02344,0.29971,-0.09187,0.0005,7.9528,0.5012,1.2302,181.4954,0.0144,0.0049,0.0073,0.0064,1,0,0,0,0,0
PAIR_POS_001153,FRAG_001243,FRAG_001244,sample_text_016.json,sample_text_016.json,text,text,1,1,17.0,42.75,46.375,0,1,0,0.99954,0.00711,0.04045,0.9995,0.0173,4.9809,0.0662,0.1522,10.7863,0.0,0.0,0.0,0.0,0,0,0,0,0,0
PAIR_NEG_000486,FRAG_001237,FRAG_001164,sample_text_015.json,sample_text_011.json,text,text,1,0,20.0,59.25,31.75,0,1,0,0.98912,0.03388,0.1569,0.98825,0.0421,4.958,0.9626,0.1194,8.452,0.0,0.0,0.0,0.0,0,0,0,0,0,0
PAIR_NEG_001325,FRAG_001428,FRAG_000172,sample_zip_007.zip,sample_jpeg_019.jpg,zip,jpeg,0,0,35.0,71.75,78.625,0,0,0,0.93817,0.02271,0.28506,0.01953,0.0052,7.9515,0.0633,0.6329,93.5557,0.0019,0.0053,0.0034,0.0066,0,0,0,0,0,0
PAIR_NEG_001499,FRAG_000977,FRAG_001506,sample_png_021.png,sample_zip_014.zip,png,zip,0,0,117.0,99.0,84.25,0,0,0,0.94464,0.02141,0.27886,0.01548,0.0065,7.9565,1.4839,0.4942,72.4591,0.0205,0.001,0.0152,0.0044,0,0,0,0,0,0
PAIR_NEG_000334,FRAG_000119,FRAG_000031,sample_jpeg_013.jpeg,sample_jpeg_003.jpg,jpeg,jpeg,1,0,60.0,61.5,84.5,0,0,0,0.94909,0.02052,0.25674,0.0852,0.002,7.958,1.645,0.7467,111.3565,0.0027,0.0026,0.0063,0.009,0,0,0,0,0,0
PAIR_NEG_001320,FRAG_000843,FRAG_000758,sample_png_006.png,sample_pdf_024.pdf,png,pdf,0,0,164.0,106.25,69.875,0,0,0,0.24948,0.23175,1.72558,-0.01412,3.4688,6.2169,31.5542,46.838,4755.4839,0.6167,0.0056,0.4983,0.1162,0,0,0,0,0,0
PAIR_NEG_000959,FRAG_001535,FRAG_000524,sample_zip_016.zip,sample_pdf_013.pdf,zip,pdf,0,0,127.0,62.5,71.4375,0,0,0,0.2446,0.23269,1.74168,-0.03467,3.5051,6.2021,32.7729,47.2556,4762.48,0.6226,0.0051,0.5063,0.1125,1,0,0,0,0,0
PAIR_NEG_000400,FRAG_001063,FRAG_001097,sample_text_003.log,sample_text_006.log,text,text,1,0,35.0,16.25,35.9375,0,1,0,0.88385,0.10141,0.60926,0.87256,0.4708,4.8769,4.9678,0.0726,4.4714,0.0,0.0,0.0,0.0,2,0,1,0,0,0
PAIR_NEG_000770,FRAG_000898,FRAG_000172,sample_png_012.png,sample_jpeg_019.jpg,png,jpeg,0,0,2.0,68.75,69.5625,0,0,0,0.93358,0.02347,0.30508,-0.13995,0.0026,7.9554,0.5774,0.5615,83.6831,0.0061,0.0051,0.0015,0.0064,0,0,0,0,0,0
PAIR_POS_000509,FRAG_000547,FRAG_000548,sample_pdf_014.pdf,sample_pdf_014.pdf,pdf,pdf,1,1,7.0,22.25,22.0625,0,1,0,0.98393,0.04209,0.12955,0.98271,0.1452,4.633,3.5516,2.2324,128.9037,0.0,0.0,0.0,0.0,8,0,1,0,1,0
PAIR_POS_001070,FRAG_001155,FRAG_001156,sample_text_011.json,sample_text_011.json,text,text,1,1,22.0,13.75,39.5,0,1,0,0.99917,0.00964,0.05562,0.99911,0.0375,4.9817,0.3621,0.2598,18.4301,0.0,0.0,0.0,0.0,0,0,0,0,0,0
PAIR_POS_001124,FRAG_001213,FRAG_001214,sample_text_015.json,sample_text_015.json,text,text,1,1,6.0,22.75,30.875,0,1,0,0.99938,0.00821,0.03655,0.99933,0.0145,4.9912,0.066,0.0872,6.1702,0.0,0.0,0.0,0.0,0,0,0,0,0,0
PAIR_POS_000048,FRAG_000054,FRAG_000055,sample_jpeg_007.jpg,sample_jpeg_007.jpg,jpeg,jpeg,1,1,24.0,70.75,56.5625,0,0,0,0.93857,0.02262,0.29693,0.00707,0.0001,7.952,0.7751,0.7386,110.0653,0.021,0.0005,0.0122,0.0102,1,0,0,0,0,0
PAIR_NEG_000396,FRAG_001626,FRAG_001509,sample_zip_025.zip,sample_zip_014.zip,zip,zip,1,0,112.0,77.75,78.1875,0,0,0,0.93874,0.02257,0.28797,-0.01244,0.0043,7.9527,0.1687,0.9505,139.8605,0.0059,0.002,0.0003,0.0054,1,0,0,0,0,0
PAIR_NEG_000569,FRAG_000196,FRAG_000042,sample_jpeg_022.jpg,sample_jpeg_005.jpg,jpeg,jpeg,1,0,23.0,68.25,89.8125,0,0,0,0.9484,0.02072,0.26271,0.15154,0.0033,7.955,1.6621,0.8581,128.0779,0.0007,0.0056,0.0085,0.0076,1,0,0,0,0,1
PAIR_POS_000882,FRAG_000949,FRAG_000950,sample_png_018.png,sample_png_018.png,png,png,1,1,28.0,77.75,72.25,0,0,0,0.93973,0.0224,0.28561,0.0049,0.0135,7.9524,1.7815,0.7926,116.5286,0.0053,0.0008,0.0013,0.0075,1,0,0,0,0,0
PAIR_POS_001229,FRAG_001325,FRAG_001326,sample_text_022.log,sample_text_022.log,text,text,1,1,5.0,7.25,17.9375,0,1,0,0.99943,0.00663,0.02346,0.99936,0.0006,5.1125,0.0315,0.0277,1.7092,0.0,0.0,0.0,0.0,1,1,0,0,0,0
PAIR_POS_000153,FRAG_000171,FRAG_000172,sample_jpeg_019.jpg,sample_jpeg_019.jpg,jpeg,jpeg,1,1,8.0,81.75,79.9375,0,0,0,0.9417,0.02202,0.28755,0.04451,0.0023,7.953,0.3216,0.0842,12.5072,0.0134,0.0024,0.009,0.0034,0,0,0,0,0,0
PAIR_NEG_000313,FRAG_001167,FRAG_001117,sample_text_011.json,sample_text_008.json,text,text,1,0,0.0,46.75,74.75,0,1,1,0.99827,0.01353,0.05175,0.99813,0.02,4.9857,0.1807,0.0364,2.5797,0.0,0.0,0.0,0.0,0,0,0,0,0,0
PAIR_NEG_000063,FRAG_001454,FRAG_001505,sample_zip_009.zip,sample_zip_014.zip,zip,zip,1,0,138.0,119.0,143.1875,0,0,0,0.74617,0.05677,0.38486,0.21653,0.1834,7.856,12.9282,2.7369,407.1739,0.0049,0.0498,0.0645,0.0612,14,0,0,0,0,1
PAIR_NEG_000166,FRAG_000899,FRAG_000974,sample_png_012.png,sample_png_021.png,png,png,1,0,37.0,52.75,72.6875,0,0,0,0.94321,0.0217,0.27488,0.01329,0.0103,7.9553,0.5327,0.9724,143.9626,0.0144,0.0027,0.0066,0.0083,1,0,0,0,0,1
PAIR_NEG_000444,FRAG_000016,FRAG_000123,sample_jpeg_002.jpeg,sample_jpeg_014.jpeg,jpeg,jpeg,1,0,184.0,106.0,77.625,0,0,0,0.93998,0.0224,0.29201,0.07945,0.0006,7.9495,4.4155,0.1468,21.8853,0.0114,0.0002,0.0183,0.0081,1,0,0,0,0,0
PAIR_POS_000275,FRAG_000302,FRAG_000303,sample_pdf_003.pdf,sample_pdf_003.pdf,pdf,pdf,1,1,11.0,5.0,17.5625,0,1,0,0.99992,0.00325,0.01506,0.99991,0.014,4.4462,0.1296,0.0297,1.6048,0.0,0.0,0.0,0.0,0,0,0,0,0,0
PAIR_POS_001432,FRAG_001548,FRAG_001549,sample_zip_017.zip,sample_zip_017.zip,zip,zip,1,1,62.0,44.0,75.125,0,0,0,0.94683,0.02096,0.26953,0.02507,0.006,7.9573,1.0066,1.2392,183.3049,0.0053,0.0025,0.0044,0.0015,1,0,0,0,0,0
PAIR_POS_000864,FRAG_000929,FRAG_000930,sample_png_016.png,sample_png_016.png,png,png,1,1,107.0,90.25,75.125,0,0,0,0.94091,0.02212,0.28711,-0.05127,0.0064,7.9566,0.0622,0.3696,54.4367,0.0081,0.0019,0.0005,0.0086,0,0,0,0,0,0
PAIR_POS_000388,FRAG_000421,FRAG_000422,sample_pdf_009.pdf,sample_pdf_009.pdf,pdf,pdf,1,1,82.0,28.25,20.4375,0,1,0,0.99883,0.01156,0.05365,0.99875,0.0644,4.5651,0.7234,0.6,33.6872,0.0,0.0,0.0,0.0,0,0,0,0,0,0
PAIR_NEG_000411,FRAG_001179,FRAG_001357,sample_text_012.log,sample_text_024.txt,text,text,1,0,73.0,21.75,27.375,0,1,0,0.99921,0.00787,0.03756,0.99912,0.0204,5.1113,0.0994,0.0949,5.8548,0.0,0.0,0.0,0.0,0,0,1,0,0,0
PAIR_POS_000693,FRAG_000739,FRAG_000740,sample_pdf_022.pdf,sample_pdf_022.pdf,pdf,pdf,1,1,72.0,36.25,23.25,0,1,0,0.99799,0.01535,0.06634,0.99785,0.0259,4.491,0.0276,0.0183,1.0025,0.0,0.0,0.0,0.0,0,0,0,0,0,0
PAIR_NEG_001034,FRAG_000018,FRAG_001263,sample_jpeg_002.jpeg,sample_text_016.json,jpeg,text,0,0,63.0,101.0,89.375,0,1,0,0.25103,0.22319,1.58445,-0.05269,2.9754,6.4685,58.9473,38.9217,4274.3246,0.6243,0.0081,0.502,0.1191,2,0,0,0,0,0
PAIR_NEG_001120,FRAG_000822,FRAG_001407,sample_png_004.png,sample_zip_005.zip,png,zip,0,0,12.0,56.0,56.5625,0,0,0,0.93747,0.02282,0.28606,-0.00458,0.0022,7.9524,2.4882,0.3964,58.9196,0.001,0.0053,0.011,0.0115,1,0,0,0,0,0
PAIR_NEG_000875,FRAG_000549,FRAG_001209,sample_pdf_015.pdf,sample_text_015.json,pdf,text,0,0,0.0,33.5,21.8125,0,1,1,0.75375,0.16121,0.82856,0.73407,0.2981,4.8396,24.0317,6.3855,411.5308,0.002,0.0,0.002,0.0,2,1,0,1,0,0
PAIR_POS_001474,FRAG_001594,FRAG_001595,sample_zip_021.zip,sample_zip_021.zip,zip,zip,1,1,125.0,96.0,81.6875,0,0,0,0.94269,0.02182,0.27738,0.02259,0.0125,7.9546,2.3552,1.039,153.2661,0.0168,0.0012,0.0207,0.0059,1,0,0,0,0,0
PAIR_NEG_000478,FRAG_001480,FRAG_001562,sample_zip_011.zip,sample_zip_018.zip,zip,zip,1,0,95.0,99.5,86.5625,0,0,0,0.93699,0.02298,0.28509,0.073,0.0028,7.9494,1.0524,0.9464,140.4257,0.0044,0.0061,0.0161,0.0105,14,0,0,0,0,0
PAIR_POS_000342,FRAG_000373,FRAG_000374,sample_pdf_007.pdf,sample_pdf_007.pdf,pdf,pdf,1,1,16.0,8.75,25.625,0,1,0,0.99846,0.0138,0.07082,0.99836,0.0729,4.4873,1.3638,0.7443,41.041,0.0,0.0,0.0,0.0,0,0,0,0,0,0
PAIR_NEG_000255,FRAG_001511,FRAG_001375,sample_zip_014.zip,sample_zip_001.zip,zip,zip,1,0,17.0,56.25,71.9375,0,0,0,0.94912,0.02054,0.26518,0.1142,0.0068,7.9562,2.2444,0.1653,24.4286,0.0075,0.0015,0.0044,0.0117,0,0,0,0,0,0
PAIR_POS_000917,FRAG_000988,FRAG_000989,sample_png_022.png,sample_png_022.png,png,png,1,1,72.0,42.25,70.875,0,1,0,0.94483,0.02143,0.27526,0.09497,0.002,7.9524,1.0415,0.7149,105.3737,0.0044,0.0022,0.0083,0.0027,1,1,0,1,0,0
PAIR_POS_000384,FRAG_000417,FRAG_000418,sample_pdf_009.pdf,sample_pdf_009.pdf,pdf,pdf,1,1,0.0,20.25,24.125,0,1,1,0.99954,0.00728,0.03465,0.9995,0.0166,4.5674,0.425,0.1629,9.2013,0.0,0.0,0.0,0.0,0,0,0,0,0,0
PAIR_POS_001085,FRAG_001170,FRAG_001171,sample_text_011.json,sample_text_011.json,text,text,1,1,17.0,24.0,36.625,0,1,0,0.99945,0.00763,0.02687,0.9994,0.0035,5.0071,0.0359,0.0667,4.7179,0.0,0.0,0.0,0.0,0,0,0,0,0,0
PAIR_NEG_000800,FRAG_000248,FRAG_000077,sample_pdf_001.pdf,sample_jpeg_009.jpeg,pdf,jpeg,0,0,99.0,64.75,52.75,0,0,0,0.27478,0.22227,1.67022,0.06176,3.2518,6.2824,34.8248,45.8067,4729.5228,0.6064,0.0066,0.499,0.1029,0,0,1,0,1,0
PAIR_POS_000848,FRAG_000911,FRAG_000912,sample_png_014.png,sample_png_014.png,png,png,1,1,110.0,69.5,87.125,0,0,0,0.93275,0.0237,0.28996,-0.03878,0.0029,7.9508,1.6045,0.8097,119.8086,0.0083,0.0036,0.0093,0.0009,1,1,0,1,0,0
PAIR_NEG_001327,FRAG_001390,FRAG_000553,sample_zip_003.zip,sample_pdf_015.pdf,zip,pdf,0,0,6.0,105.25,68.0625,0,1,0,0.2605,0.22867,1.71677,0.01998,3.4329,6.2371,31.8682,45.8175,4627.333,0.6157,0.0066,0.4998,0.1125,1,0,0,0,0,0
PAIR_POS_000769,FRAG_000822,FRAG_000823,sample_png_004.png,sample_png_004.png,png,png,1,1,71.0,78.5,64.5625,0,0,0,0.94597,0.02117,0.27245,0.06878,0.0065,7.9545,1.2216,0.8788,129.4899,0.0127,0.0,0.0083,0.0049,0,0,0,0,0,0
PAIR_NEG_001511,FRAG_000170,FRAG_001552,sample_jpeg_019.jpg,sample_zip_017.zip,jpeg,zip,0,0,18.0,72.5,73.4375,0,0,0,0.93495,0.02335,0.29587,0.03722,0.0061,7.9483,4.137,1.0749,160.3035,0.001,0.0039,0.0213,0.0217,1,1,0,1,0,0
PAIR_NEG_000447,FRAG_000083,FRAG_000156,sample_jpeg_010.jpg,sample_jpeg_017.jpg,jpeg,jpeg,1,0,45.0,60.5,81.1875,0,0,0,0.95409,0.01946,0.24555,0.13273,0.0015,7.9596,0.0647,0.5536,81.6958,0.0008,0.001,0.0013,0.0002,0,0,0,0,0,0
PAIR_POS_000959,FRAG_001034,FRAG_001035,sample_text_001.json,sample_text_001.json,text,text,1,1,8.0,34.5,33.0625,0,1,0,0.99929,0.00877,0.04153,0.99924,0.0175,4.984,0.2154,0.1397,9.9101,0.0,0.0,0.0,0.0,0,0,0,0,0,0
PAIR_NEG_000590,FRAG_001493,FRAG_001443,sample_zip_013.zip,sample_zip_008.zip,zip,zip,1,0,41.0,105.25,73.0625,0,0,0,0.39123,0.14567,0.73722,0.03909,0.9008,7.5001,28.3216,3.4307,519.8298,0.0599,0.1372,0.1798,0.1206,15,0,1,0,1,0
PAIR_NEG_000498,FRAG_000102,FRAG_000221,sample_jpeg_012.jpg,sample_jpeg_025.jpg,jpeg,jpeg,1,0,43.0,82.25,81.875,0,0,0,0.94493,0.02138,0.27092,0.05712,0.0086,7.9555,1.5989,0.7136,106.4786,0.0144,0.0007,0.0139,0.0017,0,0,0,0,0,0
PAIR_NEG_001396,FRAG_001580,FRAG_000247,sample_zip_020.zip,sample_pdf_001.pdf,zip,pdf,0,0,93.0,80.25,96.9375,0,0,0,0.25577,0.22783,1.70611,-0.00581,3.4032,6.2524,30.5386,45.512,4607.4125,0.6033,0.0029,0.4856,0.1143,0,0,0,0,0,0
PAIR_NEG_000935,FRAG_000079,FRAG_000344,sample_jpeg_010.jpg,sample_pdf_005.pdf,jpeg,pdf,0,0,39.0,63.75,49.4375,0,1,0,0.26621,0.22566,1.70412,0.03276,3.3423,6.279,33.3479,45.9587,4731.4994,0.6309,0.0093,0.5042,0.1201,0,0,0,0,0,0
PAIR_POS_000012,FRAG_000012,FRAG_000013,sample_jpeg_001.jpeg,sample_jpeg_001.jpeg,jpeg,jpeg,1,1,113.0,57.25,73.6875,0,0,0,0.88315,0.03219,0.41742,-0.0741,0.0868,7.9075,1.4213,1.3506,202.5695,0.0134,0.0004,0.011,0.0031,0,0,1,0,1,0
PAIR_POS_000302,FRAG_000331,FRAG_000332,sample_pdf_005.pdf,sample_pdf_005.pdf,pdf,pdf,1,1,3.0,22.25,16.5,0,1,0,0.99966,0.00605,0.03024,0.99963,0.0091,4.5953,0.3044,0.1954,10.9863,0.0,0.0,0.0,0.0,0,0,0,0,0,0
PAIR_POS_001347,FRAG_001456,FRAG_001457,sample_zip_010.zip,sample_zip_010.zip,zip,zip,1,1,125.0,76.0,94.8125,0,0,0,0.93785,0.02271,0.2806,-0.05828,0.0013,7.9546,3.3227,0.6695,98.6781,0.0122,0.0014,0.0164,0.0044,1,0,0,0,0,0
PAIR_NEG_000059,FRAG_000857,FRAG_000810,sample_png_008.png,sample_png_003.png,png,png,1,0,158.0,129.0,89.0625,0,0,0,0.93931,0.02249,0.29104,0.03047,0.0013,7.9512,1.0386,0.0811,12.0925,0.01,0.0024,0.0049,0.0037,0,0,0,0,0,0
PAIR_POS_000699,FRAG_000746,FRAG_000747,sample_pdf_023.pdf,sample_pdf_023.pdf,pdf,pdf,1,1,8.0,49.75,34.6875,0,1,0,0.99977,0.0051,0.02292,0.99975,0.005,4.532,0.0525,0.0629,3.5454,0.0,0.0,0.0,0.0,0,0,0,0,0,0
PAIR_POS_000137,FRAG_000153,FRAG_000154,sample_jpeg_017.jpg,sample_jpeg_017.jpg,jpeg,jpeg,1,1,163.0,135.25,97.125,0,0,0,0.93738,0.0229,0.29487,0.06312,0.0016,7.9492,0.3645,0.5599,82.8941,0.0096,0.001,0.0007,0.0105,0,0,0,0,0,0
PAIR_POS_000216,FRAG_000241,FRAG_000242,sample_pdf_001.pdf,sample_pdf_001.pdf,pdf,pdf,1,1,3.0,20.75,21.4375,0,1,0,0.99832,0.01367,0.06981,0.9982,0.0412,4.5601,0.3313,0.3174,17.6697,0.0,0.0,0.0,0.0,0,0,0,0,0,0
PAIR_POS_000264,FRAG_000291,FRAG_000292,sample_pdf_003.pdf,sample_pdf_003.pdf,pdf,pdf,1,1,2.0,5.0,30.75,0,1,0,0.99986,0.00387,0.01905,0.99985,0.0013,4.5583,0.0317,0.0078,0.431,0.0,0.0,0.0,0.0,0,0,0,0,0,0
PAIR_POS_000807,FRAG_000864,FRAG_000865,sample_png_008.png,sample_png_008.png,png,png,1,1,222.0,108.0,73.625,0,0,0,0.94105,0.02208,0.27733,-0.06161,0.002,7.9564,0.6853,0.1151,17.0732,0.0066,0.0014,0.0056,0.0005,1,0,0,0,0,0
PAIR_NEG_000502,FRAG_001173,FRAG_001083,sample_text_011.json,sample_text_004.json,text,text,1,0,80.0,48.0,32.5625,0,1,0,0.99775,0.01537,0.06139,0.99757,0.0141,4.9995,0.1742,0.1878,13.3004,0.0,0.0,0.0,0.0,0,0,0,0,0,0
PAIR_POS_000337,FRAG_000367,FRAG_000368,sample_pdf_006.pdf,sample_pdf_006.pdf,pdf,pdf,1,1,1.0,19.25,25.25,0,1,0,0.98898,0.03471,0.09719,0.98813,0.086,4.6194,2.3511,1.5499,89.233,0.0,0.0,0.0,0.0,8,0,0,0,0,0
PAIR_POS_001410,FRAG_001524,FRAG_001525,sample_zip_015.zip,sample_zip_015.zip,zip,zip,1,1,61.0,98.75,88.75,0,1,0,0.93714,0.02291,0.30076,0.01939,0.0036,7.949,1.5417,1.0131,150.329,0.009,0.001,0.0086,0.0007,0,0,0,0,0,0
PAIR_POS_000651,FRAG_000695,FRAG_000696,sample_pdf_020.pdf,sample_pdf_020.pdf,pdf,pdf,1,1,1.0,14.25,36.6875,0,1,0,0.99931,0.0094,0.04876,0.99926,0.0899,4.5671,0.9329,0.5677,31.8642,0.0,0.0,0.0,0.0,0,0,0,0,0,0
PAIR_POS_000900,FRAG_000969,FRAG_000970,sample_png_020.png,sample_png_020.png,png,png,1,1,56.0,93.75,90.0625,0,0,0,0.94111,0.02208,0.27477,-0.05063,0.006,7.957,1.6472,0.3138,46.2375,0.0097,0.0049,0.0139,0.0017,1,1,0,1,0,0
PAIR_NEG_000254,FRAG_000867,FRAG_001021,sample_png_008.png,sample_png_025.png,png,png,1,0,20.0,140.25,98.0625,0,0,0,0.94452,0.02144,0.27727,0.02654,0.001,7.9561,0.032,0.3395,50.1533,0.0066,0.0024,0.0017,0.0057,0,0,0,0,0,0
PAIR_NEG_001274,FRAG_000574,FRAG_001211,sample_pdf_016.pdf,sample_text_015.json,pdf,text,0,0,48.0,65.25,39.0625,0,1,0,0.73731,0.16819,0.87214,0.71675,0.413,4.7945,25.4764,7.048,448.1649,0.0,0.0,0.0,0.0,2,0,0,0,0,0
PAIR_POS_000087,FRAG_000097,FRAG_000098,sample_jpeg_011.jpeg,sample_jpeg_011.jpeg,jpeg,jpeg,1,1,46.0,103.75,81.625,0,0,0,0.85945,0.03635,0.46293,0.01925,0.1777,7.8666,2.0814,0.683,100.8239,0.0057,0.0025,0.0051,0.0103,1,0,1,0,1,0
PAIR_NEG_001011,FRAG_000625,FRAG_000946,sample_pdf_018.pdf,sample_png_018.png,pdf,png,0,0,14.0,57.0,67.3125,0,1,0,0.25759,0.22876,1.70413,0.00488,3.4271,6.2428,30.872,46.8168,4762.4707,0.616,0.0054,0.4907,0.1208,0,0,0,0,0,0
PAIR_POS_000059,FRAG_000066,FRAG_000067,sample_jpeg_008.jpeg,sample_jpeg_008.jpeg,jpeg,jpeg,1,1,46.0,84.25,73.0,0,1,0,0.94045,0.02228,0.27437,0.05678,0.0045,7.9513,2.5214,1.0049,148.8242,0.0276,0.0017,0.0244,0.0017,0,0,0,0,0,0
PAIR_POS_000157,FRAG_000175,FRAG_000176,sample_jpeg_019.jpg,sample_jpeg_019.jpg,jpeg,jpeg,1,1,88.0,68.25,123.875,0,0,0,0.93902,0.02255,0.28313,0.02798,0.005,7.9526,2.67,0.0871,12.8395,0.0205,0.0032,0.0224,0.0,0,0,0,0,0,0
PAIR_POS_000645,FRAG_000689,FRAG_000690,sample_pdf_020.pdf,sample_pdf_020.pdf,pdf,pdf,1,1,3.0,33.25,21.1875,0,1,0,0.99957,0.00708,0.0298,0.99953,0.0061,4.482,0.1367,0.0311,1.7026,0.0,0.0,0.0,0.0,0,0,0,0,0,0
PAIR_NEG_000755,FRAG_000141,FRAG_000041,sample_jpeg_016.jpeg,sample_jpeg_004.jpeg,jpeg,jpeg,1,0,7.0,44.0,74.9375,0,0,0,0.83607,0.03972,0.50332,-0.02609,0.2093,7.844,1.7339,0.5196,76.2781,0.0164,0.0032,0.0208,0.0011,0,0,1,0,1,0
PAIR_NEG_000882,FRAG_000895,FRAG_001068,sample_png_011.png,sample_text_004.json,png,text,0,0,88.0,81.5,91.875,0,1,0,0.26277,0.22134,1.57808,-0.00759,2.9752,6.4685,58.8508,38.4981,4207.1121,0.6106,0.0049,0.498,0.1106,1,0,0,0,0,0
PAIR_NEG_001100,FRAG_000181,FRAG_000965,sample_jpeg_019.jpg,sample_png_019.png,jpeg,png,0,0,154.0,104.5,89.125,0,0,0,0.84262,0.0386,0.46827,-0.08203,0.1702,7.8713,2.1111,0.5165,76.3583,0.003,0.0046,0.0043,0.0074,0,0,0,0,0,1
PAIR_POS_001445,FRAG_001562,FRAG_001563,sample_zip_018.zip,sample_zip_018.zip,zip,zip,1,1,210.0,123.25,99.25,0,0,0,0.9453,0.0213,0.26652,0.05106,0.009,7.9553,2.5083,0.1301,19.1713,0.0149,0.0007,0.0246,0.009,0,0,0,0,0,0
PAIR_POS_001110,FRAG_001198,FRAG_001199,sample_text_014.txt,sample_text_014.txt,text,text,1,1,40.0,30.0,30.75,0,1,0,0.99954,0.00595,0.02592,0.99949,0.0132,5.114,0.0022,0.0068,0.4185,0.0,0.0,0.0,0.0,0,0,0,0,0,0
PAIR_NEG_001107,FRAG_001386,FRAG_001118,sample_zip_003.zip,sample_text_008.json,zip,text,0,0,28.0,38.0,93.25,0,0,0,0.2687,0.22113,1.59135,0.02189,2.9651,6.4679,58.8425,39.0499,4289.9444,0.6213,0.002,0.5007,0.1165,2,0,0,0,0,0
PAIR_POS_000585,FRAG_000627,FRAG_000628,sample_pdf_018.pdf,sample_pdf_018.pdf,pdf,pdf,1,1,83.0,27.0,27.9375,0,1,0,0.99504,0.02465,0.12352,0.9947,0.1587,4.5659,2.3461,1.2536,69.9066,0.0,0.0,0.0,0.0,0,0,0,0,0,0
PAIR_POS_000522,FRAG_000562,FRAG_000563,sample_pdf_016.pdf,sample_pdf_016.pdf,pdf,pdf,1,1,50.0,16.5,30.125,0,1,0,0.99997,0.00199,0.00734,0.99996,0.0058,4.5834,0.0061,0.0032,0.181,0.0,0.0,0.0,0.0,0,0,0,0,0,0
PAIR_NEG_000658,FRAG_001282,FRAG_001053,sample_text_018.csv,sample_text_002.txt,text,text,1,0,51.0,41.0,26.3125,0,1,0,0.48886,0.20834,1.02781,0.43684,0.2235,4.9856,16.7783,6.9016,378.3859,0.0,0.0,0.0,0.0,1,0,0,0,0,0
PAIR_POS_000429,FRAG_000464,FRAG_000465,sample_pdf_011.pdf,sample_pdf_011.pdf,pdf,pdf,1,1,83.0,27.25,20.4375,0,1,0,0.99955,0.00719,0.03318,0.99951,0.0041,4.5,0.1673,0.1497,8.2691,0.0,0.0,0.0,0.0,0,0,0,0,0,0
PAIR_NEG_001363,FRAG_001027,FRAG_000545,sample_text_001.json,sample_pdf_014.pdf,text,pdf,0,0,53.0,50.0,24.125,0,1,0,0.72502,0.17245,0.87699,0.7036,0.4324,4.7656,26.3074,7.9096,498.569,0.0,0.0,0.0,0.0,2,0,0,0,0,0
PAIR_NEG_000611,FRAG_000222,FRAG_000168,sample_jpeg_025.jpg,sample_jpeg_018.jpeg,jpeg,jpeg,1,0,26.0,46.75,84.25,0,0,0,0.94607,0.02111,0.26595,0.01971,0.0005,7.9579,2.1121,0.897,132.0724,0.0122,0.0015,0.01,0.0,0,0,0,0,0,0
PAIR_POS_001271,FRAG_001371,FRAG_001372,sample_zip_001.zip,sample_zip_001.zip,zip,zip,1,1,13.0,69.5,97.6875,0,0,0,0.94505,0.02131,0.27195,-0.01228,0.0067,7.9577,0.3848,0.482,71.9686,0.0049,0.0,0.0005,0.0039,0,0,0,0,0,0
PAIR_NEG_001118,FRAG_001453,FRAG_000687,sample_zip_009.zip,sample_pdf_020.pdf,zip,pdf,0,0,123.0,53.25,70.625,0,0,0,0.25569,0.23009,1.70802,0.00419,3.4285,6.2405,34.0523,46.5893,4737.3894,0.6284,0.0042,0.5107,0.114,1,0,0,0,0,0
PAIR_POS_001042,FRAG_001124,FRAG_001125,sample_text_008.json,sample_text_008.json,text,text,1,1,39.0,25.75,39.375,0,1,0,0.9998,0.0047,0.02384,0.99978,0.0058,4.9831,0.0372,0.0809,5.7257,0.0,0.0,0.0,0.0,0,0,0,0,0,0
PAIR_POS_001285,FRAG_001387,FRAG_001388,sample_zip_003.zip,sample_zip_003.zip,zip,zip,1,1,121.0,92.75,92.0625,0,0,0,0.94262,0.02176,0.27922,-0.08215,0.001,7.9588,0.155,1.7314,255.9313,0.0015,0.0,0.0037,0.0056,1,0,0,0,0,0
PAIR_POS_000195,FRAG_000219,FRAG_000220,sample_jpeg_025.jpg,sample_jpeg_025.jpg,jpeg,jpeg,1,1,85.0,134.5,102.375,0,0,0,0.9408,0.02226,0.28557,0.10886,0.009,7.9506,2.5024,0.1963,29.0836,0.0188,0.0027,0.021,0.0044,0,0,0,0,0,0
PAIR_POS_000175,FRAG_000196,FRAG_000197,sample_jpeg_022.jpg,sample_jpeg_022.jpg,jpeg,jpeg,1,1,22.0,26.0,88.875,0,0,0,0.94132,0.02207,0.2842,0.00098,0.0043,7.9545,0.8867,0.2503,37.2068,0.0068,0.0005,0.0,0.0078,0,0,0,0,0,0
PAIR_POS_000321,FRAG_000351,FRAG_000352,sample_pdf_006.pdf,sample_pdf_006.pdf,pdf,pdf,1,1,2.0,50.0,26.625,0,1,0,0.99929,0.00925,0.04982,0.99924,0.0837,4.5695,1.1587,0.7737,43.303,0.0,0.0,0.0,0.0,0,0,0,0,0,0
PAIR_NEG_000607,FRAG_000269,FRAG_000429,sample_pdf_002.pdf,sample_pdf_009.pdf,pdf,pdf,1,0,12.0,44.25,36.5625,0,1,0,0.99763,0.01703,0.07908,0.99747,0.0702,4.4859,0.6936,0.3191,17.3775,0.0,0.0,0.0,0.0,0,0,0,0,0,0
PAIR_POS_001482,FRAG_001603,FRAG_001604,sample_zip_022.zip,sample_zip_022.zip,zip,zip,1,1,105.0,100.5,103.125,0,0,0,0.93452,0.02334,0.30072,-0.08281,0.0072,7.9533,1.2344,0.0918,13.6745,0.0034,0.0036,0.0042,0.0017,1,1,0,1,0,0
PAIR_POS_001453,FRAG_001571,FRAG_001572,sample_zip_019.zip,sample_zip_019.zip,zip,zip,1,1,134.0,78.25,106.875,0,0,0,0.94389,0.02159,0.27577,0.05516,0.0052,7.9538,1.1071,0.8231,121.8481,0.0061,0.0005,0.0058,0.0117,0,0,0,0,0,0
PAIR_NEG_000581,FRAG_001340,FRAG_001027,sample_text_023.csv,sample_text_001.json,text,text,1,0,63.0,41.0,45.9375,0,1,0,0.37368,0.24859,1.17472,0.31965,0.1128,4.9254,5.9819,11.5619,686.5577,0.0,0.0,0.0,0.0,1,0,0,0,0,0
PAIR_NEG_000892,FRAG_001245,FRAG_001004,sample_text_016.json,sample_png_023.png,text,png,0,0,159.0,87.0,80.0,0,0,0,0.23252,0.22453,1.60402,-0.13942,2.9873,6.4653,58.1391,38.4409,4203.8518,0.6169,0.0039,0.4993,0.1147,2,0,0,0,0,0
PAIR_POS_000721,FRAG_000770,FRAG_000771,sample_pdf_025.pdf,sample_pdf_025.pdf,pdf,pdf,1,1,15.0,24.25,26.0625,0,1,0,0.99992,0.00292,0.01267,0.99992,0.002,4.5091,0.0762,0.0492,2.7014,0.0,0.0,0.0,0.0,0,0,0,0,0,0
PAIR_POS_001170,FRAG_001260,FRAG_001261,sample_text_016.json,sample_text_016.json,text,text,1,1,31.0,23.75,37.0625,0,1,0,0.99911,0.00981,0.04733,0.99904,0.0144,4.9915,0.1289,0.153,10.8185,0.0,0.0,0.0,0.0,0,0,0,0,0,0
PAIR_POS_000876,FRAG_000942,FRAG_000943,sample_png_017.png,sample_png_017.png,png,png,1,1,187.0,143.5,89.3125,0,0,0,0.93602,0.02306,0.30029,-0.07062,0.0107,7.9538,0.1717,0.7999,118.4696,0.0037,0.0037,0.0017,0.0027,0,0,0,0,0,0
PAIR_NEG_000989,FRAG_001021,FRAG_001523,sample_png_025.png,sample_zip_015.zip,png,zip,0,0,159.0,79.0,79.6875,0,0,0,0.94343,0.02162,0.2788,-0.04025,0.0049,7.9581,1.8784,0.6598,97.2788,0.0032,0.0029,0.0088,0.0056,1,0,0,0,0,0
PAIR_POS_000611,FRAG_000654,FRAG_000655,sample_pdf_019.pdf,sample_pdf_019.pdf,pdf,pdf,1,1,5.0,23.75,17.25,0,1,0,0.99995,0.00251,0.01073,0.99994,0.0042,4.5124,0.0439,0.0197,1.0738,0.0,0.0,0.0,0.0,0,0,0,0,0,0
PAIR_POS_000032,FRAG_000035,FRAG_000036,sample_jpeg_004.jpeg,sample_jpeg_004.jpeg,jpeg,jpeg,1,1,89.0,112.25,99.0,0,0,0,0.94568,0.02126,0.26948,0.1111,0.0013,7.9527,0.299,0.7622,113.4244,0.0071,0.0009,0.0002,0.009,0,0,0,0,0,0
PAIR_NEG_000404,FRAG_001433,FRAG_001602,sample_zip_008.zip,sample_zip_021.zip,zip,zip,1,0,86.0,80.25,74.9375,0,0,0,0.57954,0.08088,0.46542,-0.15016,0.294,7.7982,13.5546,4.8568,734.4648,0.0089,0.0743,0.069,0.0795,15,0,1,0,1,0
PAIR_POS_001191,FRAG_001283,FRAG_001284,sample_text_018.csv,sample_text_018.csv,text,text,1,1,10.0,6.75,41.0,0,1,0,0.99596,0.01904,0.07371,0.99558,0.0142,4.901,0.3445,0.0133,0.6381,0.0,0.0,0.0,0.0,0,0,0,0,0,0
PAIR_POS_000839,FRAG_000900,FRAG_000901,sample_png_012.png,sample_png_012.png,png,png,1,1,156.0,116.25,102.9375,0,0,0,0.9394,0.02243,0.28664,-0.02493,0.0034,7.9548,0.8891,0.5456,80.5845,0.0095,0.001,0.0136,0.0052,0,0,0,0,0,0
PAIR_NEG_000344,FRAG_000981,FRAG_000872,sample_png_021.png,sample_png_009.png,png,png,1,0,70.0,90.0,83.625,0,1,0,0.95005,0.02035,0.25669,0.14097,0.0026,7.9547,0.2183,0.5953,88.1933,0.0013,0.0003,0.0026,0.0037,0,0,0,0,0,0
PAIR_POS_000541,FRAG_000581,FRAG_000582,sample_pdf_016.pdf,sample_pdf_016.pdf,pdf,pdf,1,1,1.0,26.0,20.75,0,1,0,0.86805,0.12,0.38342,0.85788,0.2287,4.6448,11.3148,4.9754,302.3504,0.0,0.0,0.0,0.0,8,0,1,0,1,0
PAIR_NEG_000089,FRAG_000114,FRAG_000207,sample_jpeg_013.jpeg,sample_jpeg_024.jpeg,jpeg,jpeg,1,0,37.0,38.5,72.375,0,0,0,0.94316,0.02172,0.29534,0.03592,0.001,7.9541,2.6286,0.572,84.3672,0.0029,0.0015,0.007,0.0095,0,0,0,0,0,0
PAIR_NEG_000534,FRAG_000891,FRAG_000868,sample_png_011.png,sample_png_008.png,png,png,1,0,172.0,112.5,103.625,0,0,0,0.76664,0.05114,0.65522,0.02761,0.4731,7.7165,3.9724,0.9765,146.3399,0.0065,0.0113,0.0205,0.0252,2,0,1,0,1,0
PAIR_POS_000918,FRAG_000989,FRAG_000990,sample_png_022.png,sample_png_022.png,png,png,1,1,92.0,66.5,82.75,0,0,0,0.94759,0.02086,0.271,0.11433,0.0039,7.9534,2.8572,0.4088,60.1311,0.0029,0.0002,0.0122,0.0093,0,0,0,0,0,0
PAIR_NEG_000919,FRAG_000872,FRAG_000012,sample_png_009.png,sample_jpeg_001.jpeg,png,jpeg,0,0,163.0,69.0,73.5,0,0,0,0.93591,0.02309,0.28863,-0.04966,0.0025,7.9521,3.5827,0.0596,8.8575,0.0098,0.0039,0.0223,0.0112,0,0,0,0,0,0
PAIR_POS_000678,FRAG_000724,FRAG_000725,sample_pdf_022.pdf,sample_pdf_022.pdf,pdf,pdf,1,1,3.0,14.0,18.375,0,1,0,0.99993,0.00281,0.01123,0.99993,0.004,4.5201,0.0058,0.0116,0.6481,0.0,0.0,0.0,0.0,0,0,0,0,0,0
PAIR_POS_001144,FRAG_001233,FRAG_001234,sample_text_015.json,sample_text_015.json,text,text,1,1,7.0,8.5,16.25,0,1,0,0.99955,0.00694,0.02877,0.99952,0.0149,4.9878,0.051,0.0625,4.4245,0.0,0.0,0.0,0.0,0,0,0,0,0,0
PAIR_POS_000029,FRAG_000031,FRAG_000032,sample_jpeg_003.jpg,sample_jpeg_003.jpg,jpeg,jpeg,1,1,223.0,160.25,65.25,0,0,0,0.94217,0.0219,0.27391,0.00069,0.003,7.9555,1.3421,0.668,99.6675,0.0029,0.001,0.0056,0.0032,0,0,0,0,0,0
PAIR_NEG_000997,FRAG_000142,FRAG_000516,sample_jpeg_016.jpeg,sample_pdf_012.pdf,jpeg,pdf,0,0,6.0,44.5,56.0,0,1,0,0.27025,0.22612,1.68454,0.0512,3.3838,6.2633,32.8308,45.6282,4627.951,0.6223,0.0054,0.5005,0.1174,0,0,0,0,0,0
PAIR_POS_001204,FRAG_001297,FRAG_001298,sample_text_019.txt,sample_text_019.txt,text,text,1,1,4.0,25.25,24.25,0,1,0,0.99955,0.00587,0.01898,0.9995,0.0019,5.1046,0.1267,0.0211,1.3026,0.0,0.0,0.0,0.0,1,0,0,0,0,0
PAIR_POS_000288,FRAG_000317,FRAG_000318,sample_pdf_005.pdf,sample_pdf_005.pdf,pdf,pdf,1,1,1.0,26.25,20.875,0,1,0,0.9971,0.01878,0.1001,0.99691,0.1377,4.5831,2.147,1.0909,61.4188,0.0,0.0,0.0,0.0,0,0,0,0,0,0
PAIR_POS_000958,FRAG_001033,FRAG_001034,sample_text_001.json,sample_text_001.json,text,text,1,1,14.0,44.75,58.4375,0,1,0,0.99937,0.00822,0.03614,0.99932,0.0108,4.9874,0.2216,0.0204,1.4439,0.0,0.0,0.0,0.0,0,0,0,0,0,0
PAIR_NEG_001482,FRAG_001099,FRAG_000378,sample_text_007.csv,sample_pdf_007.pdf,text,pdf,0,0,34.0,64.0,47.875,0,1,0,0.21596,0.28354,1.51711,0.15086,0.3998,4.6913,32.7839,3.1442,161.6166,0.0,0.0,0.0,0.0,1,0,0,0,0,0
PAIR_POS_000969,FRAG_001045,FRAG_001046,sample_text_002.txt,sample_text_002.txt,text,text,1,1,1.0,2.5,36.125,0,1,0,0.99962,0.0054,0.02144,0.99958,0.0067,5.1162,0.0339,0.0383,2.3638,0.0,0.0,0.0,0.0,0,0,0,0,0,0
PAIR_NEG_000751,FRAG_000172,FRAG_000136,sample_jpeg_019.jpg,sample_jpeg_015.jpeg,jpeg,jpeg,1,0,104.0,191.75,103.5625,0,0,0,0.94209,0.02195,0.27575,0.04973,0.0021,7.9531,0.4478,0.5748,84.9991,0.0046,0.0,0.0066,0.0039,0,0,0,0,0,0
PAIR_NEG_000028,FRAG_000698,FRAG_000613,sample_pdf_020.pdf,sample_pdf_018.pdf,pdf,pdf,1,0,10.0,6.5,20.5625,0,1,0,0.99753,0.01686,0.06937,0.99735,0.0294,4.4956,0.3491,0.2069,11.3797,0.0,0.0,0.0,0.0,0,0,0,0,0,0
PAIR_POS_000766,FRAG_000819,FRAG_000820,sample_png_004.png,sample_png_004.png,png,png,1,1,138.0,83.0,73.5,0,0,0,0.95113,0.02007,0.25689,0.07111,0.0075,7.9595,2.3098,0.7666,112.7535,0.0134,0.0002,0.0127,0.0003,1,0,0,0,0,0
PAIR_POS_000458,FRAG_000494,FRAG_000495,sample_pdf_012.pdf,sample_pdf_012.pdf,pdf,pdf,1,1,5.0,24.0,26.4375,0,1,0,0.99881,0.01199,0.06491,0.99873,0.0798,4.5443,0.7187,0.565,31.4431,0.0,0.0,0.0,0.0,0,0,0,0,0,0
PAIR_NEG_000483,FRAG_000386,FRAG_000275,sample_pdf_007.pdf,sample_pdf_002.pdf,pdf,pdf,1,0,2.0,28.0,25.0,0,1,0,0.99826,0.01423,0.06837,0.99813,0.0543,4.526,0.6453,0.1843,10.148,0.0,0.0,0.0,0.0,0,0,0,0,0,0
PAIR_POS_000346,FRAG_000377,FRAG_000378,sample_pdf_007.pdf,sample_pdf_007.pdf,pdf,pdf,1,1,19.0,27.0,15.5625,0,1,0,0.9984,0.01379,0.07279,0.99828,0.1027,4.5427,1.4836,0.9225,51.1675,0.0,0.0,0.0,0.0,0,0,0,0,0,0
PAIR_POS_000849,FRAG_000912,FRAG_000913,sample_png_014.png,sample_png_014.png,png,png,1,1,36.0,91.0,111.25,0,0,0,0.94215,0.02192,0.27926,0.01608,0.0107,7.9546,1.8962,0.5124,76.51,0.0044,0.0027,0.0088,0.004,0,0,0,0,0,0
PAIR_POS_000887,FRAG_000954,FRAG_000955,sample_png_018.png,sample_png_018.png,png,png,1,1,35.0,40.5,69.125,0,0,0,0.94715,0.02094,0.26751,0.09156,0.0022,7.9549,0.2114,0.4035,59.7647,0.011,0.0009,0.0,0.0088,0,0,0,0,0,0
PAIR_POS_001408,FRAG_001522,FRAG_001523,sample_zip_015.zip,sample_zip_015.zip,zip,zip,1,1,35.0,71.5,66.3125,0,0,0,0.94197,0.02192,0.28131,-0.03545,0.0068,7.9571,0.3215,0.7117,104.975,0.0103,0.0015,0.0086,0.0027,1,0,0,0,0,0
PAIR_NEG_001080,FRAG_000429,FRAG_001354,sample_pdf_009.pdf,sample_text_024.txt,pdf,text,0,0,12.0,8.75,17.9375,0,1,0,0.85357,0.12628,0.7236,0.84222,0.6634,4.7825,16.7468,3.7708,218.3662,0.0,0.0,0.0,0.0,1,0,0,0,0,0
PAIR_NEG_000426,FRAG_001071,FRAG_001364,sample_text_004.json,sample_text_025.log,text,text,1,0,76.0,42.75,15.625,0,1,0,0.79621,0.14002,0.66457,0.77799,0.134,5.0413,10.3692,4.652,308.8346,0.0,0.0,0.0,0.0,1,0,0,0,0,0
PAIR_NEG_001221,FRAG_000075,FRAG_000912,sample_jpeg_009.jpeg,sample_png_014.png,jpeg,png,0,0,101.0,69.5,95.1875,0,0,0,0.93723,0.02289,0.29783,0.02124,0.0015,7.9501,1.0674,0.3346,49.6646,0.0044,0.0027,0.0056,0.0017,0,0,0,0,0,0
PAIR_POS_001051,FRAG_001134,FRAG_001135,sample_text_009.txt,sample_text_009.txt,text,text,1,1,2.0,9.5,30.0625,0,1,0,0.99903,0.00867,0.03759,0.99892,0.001,5.0989,0.0205,0.0435,2.69,0.0,0.0,0.0,0.0,1,0,0,0,0,0
PAIR_NEG_000188,FRAG_000349,FRAG_000692,sample_pdf_006.pdf,sample_pdf_020.pdf,pdf,pdf,1,0,84.0,28.25,10.875,0,1,0,0.99846,0.0145,0.07908,0.99837,0.1345,4.5308,1.531,0.8901,49.2635,0.0,0.0,0.0,0.0,0,0,0,0,0,0
PAIR_NEG_001165,FRAG_001121,FRAG_000114,sample_text_008.json,sample_jpeg_013.jpeg,text,jpeg,0,0,168.0,140.25,90.5625,0,0,0,0.2527,0.22167,1.60006,-0.05017,2.9623,6.4725,58.1355,38.6721,4230.5124,0.6213,0.0083,0.5015,0.1157,2,0,0,0,0,0
PAIR_NEG_000215,FRAG_001328,FRAG_001313,sample_text_022.log,sample_text_020.txt,text,text,1,0,65.0,48.0,40.1875,0,1,0,0.99967,0.00505,0.02389,0.99964,0.0159,5.1075,0.0747,0.0845,5.2174,0.0,0.0,0.0,0.0,1,0,0,0,0,0
PAIR_POS_001152,FRAG_001242,FRAG_001243,sample_text_016.json,sample_text_016.json,text,text,1,1,18.0,42.0,23.75,0,1,0,0.99958,0.00671,0.03317,0.99954,0.0051,4.9748,0.0395,0.0818,5.8006,0.0,0.0,0.0,0.0,0,0,0,0,0,0
PAIR_POS_000978,FRAG_001054,FRAG_001055,sample_text_002.txt,sample_text_002.txt,text,text,1,1,1.0,26.25,42.25,0,1,0,0.99956,0.0058,0.02539,0.99951,0.0033,5.1054,0.0122,0.0379,2.3375,0.0,0.0,0.0,0.0,0,0,0,0,0,0
PAIR_POS_001141,FRAG_001230,FRAG_001231,sample_text_015.json,sample_text_015.json,text,text,1,1,13.0,54.25,30.3125,0,1,0,0.9997,0.00568,0.02976,0.99967,0.0014,4.9861,0.0005,0.0807,5.7273,0.0,0.0,0.0,0.0,0,0,0,0,0,0
PAIR_NEG_000226,FRAG_000194,FRAG_000008,sample_jpeg_022.jpg,sample_jpeg_001.jpeg,jpeg,jpeg,1,0,2.0,82.0,94.5625,0,0,0,0.93742,0.02283,0.29052,-0.02199,0.0161,7.9532,2.8233,1.1366,168.347,0.011,0.003,0.0092,0.02,0,0,0,0,0,0
PAIR_NEG_001461,FRAG_000735,FRAG_001472,sample_pdf_022.pdf,sample_zip_011.zip,pdf,zip,0,0,5.0,26.5,67.125,0,1,0,0.25048,0.22954,1.71728,-0.02101,3.4352,6.2345,32.5493,46.3569,4706.4802,0.6223,0.0032,0.5015,0.1169,0,0,0,0,0,0
PAIR_NEG_000421,FRAG_001145,FRAG_001210,sample_text_010.log,sample_text_015.json,text,text,1,0,17.0,27.5,40.375,0,1,0,0.79399,0.14019,0.66692,0.77542,0.0971,5.044,10.7505,4.5464,301.6177,0.0,0.0,0.0,0.0,2,0,0,0,0,0
PAIR_POS_001039,FRAG_001121,FRAG_001122,sample_text_008.json,sample_text_008.json,text,text,1,1,22.0,13.75,24.0625,0,1,0,0.99939,0.00806,0.03756,0.99935,0.0164,4.9831,0.1807,0.0668,4.7331,0.0,0.0,0.0,0.0,0,0,0,0,0,0
PAIR_POS_000722,FRAG_000771,FRAG_000772,sample_pdf_025.pdf,sample_pdf_025.pdf,pdf,pdf,1,1,1.0,26.25,20.875,0,1,0,0.99729,0.01826,0.09759,0.9971,0.1381,4.5771,1.9976,1.1492,64.3724,0.0,0.0,0.0,0.0,0,0,0,0,0,0
PAIR_NEG_000161,FRAG_001470,FRAG_001556,sample_zip_011.zip,sample_zip_017.zip,zip,zip,1,0,7.0,40.0,67.375,0,0,0,0.93717,0.0229,0.29483,0.02037,0.0015,7.9496,0.6162,1.4507,215.3183,0.0061,0.0,0.0127,0.0042,1,0,0,0,0,0
PAIR_POS_001006,FRAG_001085,FRAG_001086,sample_text_005.csv,sample_text_005.csv,text,text,1,1,10.0,16.5,33.375,0,1,0,0.99666,0.01795,0.0855,0.99637,0.0237,4.8785,0.3992,0.5904,28.8026,0.0,0.0,0.0,0.0,1,1,0,0,0,0
PAIR_POS_000019,FRAG_000020,FRAG_000021,sample_jpeg_002.jpeg,sample_jpeg_002.jpeg,jpeg,jpeg,1,1,103.0,127.0,80.1875,0,0,0,0.94645,0.02113,0.27871,0.15394,0.0033,7.9508,0.0996,0.6171,91.2824,0.0197,0.001,0.0115,0.0079,0,0,0,0,0,0
PAIR_POS_000236,FRAG_000262,FRAG_000263,sample_pdf_002.pdf,sample_pdf_002.pdf,pdf,pdf,1,1,15.0,9.75,21.0,0,1,0,0.99961,0.00711,0.03905,0.99959,0.0763,4.5305,0.7903,0.5336,29.5122,0.0,0.0,0.0,0.0,0,0,0,0,0,0
PAIR_POS_000690,FRAG_000736,FRAG_000737,sample_pdf_022.pdf,sample_pdf_022.pdf,pdf,pdf,1,1,11.0,41.75,50.25,0,1,0,0.99894,0.01103,0.05663,0.99887,0.0668,4.5442,0.6111,0.5673,31.6175,0.0,0.0,0.0,0.0,0,0,0,0,0,0
PAIR_POS_000689,FRAG_000735,FRAG_000736,sample_pdf_022.pdf,sample_pdf_022.pdf,pdf,pdf,1,1,19.0,9.75,27.3125,0,1,0,0.99635,0.02022,0.09374,0.99608,0.0607,4.5473,0.7895,0.5636,31.4161,0.0,0.0,0.0,0.0,0,0,0,0,0,0
PAIR_POS_001300,FRAG_001404,FRAG_001405,sample_zip_005.zip,sample_zip_005.zip,zip,zip,1,1,83.0,106.75,86.375,0,0,0,0.93937,0.02244,0.29538,-0.02441,0.0,7.9541,1.3144,0.675,100.2057,0.0102,0.0015,0.0024,0.0056,1,0,0,0,0,0
PAIR_NEG_001294,FRAG_001530,FRAG_000978,sample_zip_016.zip,sample_png_021.png,zip,png,0,0,3.0,83.75,105.0625,0,0,0,0.94404,0.02152,0.27725,-0.00385,0.0083,7.9566,2.8418,1.128,166.212,0.0034,0.0,0.0129,0.0117,1,1,0,1,0,0
PAIR_POS_001232,FRAG_001328,FRAG_001329,sample_text_022.log,sample_text_022.log,text,text,1,1,17.0,8.25,10.0625,0,1,0,0.99942,0.0067,0.02534,0.99935,0.0077,5.1116,0.0417,0.0318,1.9631,0.0,0.0,0.0,0.0,0,0,0,0,0,0
PAIR_POS_000643,FRAG_000687,FRAG_000688,sample_pdf_020.pdf,sample_pdf_020.pdf,pdf,pdf,1,1,19.0,27.0,22.75,0,1,0,0.99805,0.01497,0.07269,0.99791,0.0389,4.5068,0.2293,0.1919,10.5363,0.0,0.0,0.0,0.0,0,0,0,0,0,0
PAIR_NEG_000013,FRAG_001074,FRAG_001208,sample_text_004.json,sample_text_015.json,text,text,1,0,43.0,70.0,49.0625,0,1,0,0.99823,0.01369,0.0493,0.99809,0.0028,4.9868,0.0842,0.0077,0.5495,0.0,0.0,0.0,0.0,0,0,0,0,0,0
PAIR_POS_001417,FRAG_001532,FRAG_001533,sample_zip_016.zip,sample_zip_016.zip,zip,zip,1,1,45.0,92.75,79.1875,0,0,0,0.93426,0.02341,0.29871,-0.04663,0.0091,7.9508,1.1492,0.1899,28.0508,0.0208,0.0003,0.0202,0.0,0,0,0,0,0,0
PAIR_NEG_000325,FRAG_000955,FRAG_000989,sample_png_018.png,sample_png_022.png,png,png,1,0,38.0,111.0,103.875,0,1,0,0.9411,0.02213,0.27443,0.02787,0.0024,7.9526,1.8047,0.5027,73.9846,0.0081,0.0017,0.0036,0.0103,0,0,0,0,0,0
PAIR_NEG_000211,FRAG_001039,FRAG_001224,sample_text_001.json,sample_text_015.json,text,text,1,0,55.0,55.5,29.5,0,1,0,0.99779,0.01537,0.05961,0.99762,0.0202,4.9837,0.0583,0.0704,4.9911,0.0,0.0,0.0,0.0,0,0,0,0,0,0
PAIR_NEG_000305,FRAG_000924,FRAG_000934,sample_png_015.png,sample_png_016.png,png,png,1,0,10.0,54.25,120.9375,0,1,0,0.94014,0.02227,0.27834,-0.05185,0.0032,7.9557,1.695,0.8971,133.0387,0.01,0.0017,0.0049,0.0034,0,0,0,0,0,0
PAIR_POS_001381,FRAG_001493,FRAG_001494,sample_zip_013.zip,sample_zip_013.zip,zip,zip,1,1,55.0,95.5,90.9375,0,0,0,0.93461,0.02338,0.29232,-0.0029,0.0013,7.9498,3.1899,0.3227,47.8976,0.03,0.0032,0.03,0.0005,1,0,0,0,0,0
PAIR_NEG_000797,FRAG_001363,FRAG_000224,sample_text_025.log,sample_jpeg_025.jpg,text,jpeg,0,0,39.0,67.5,64.8125,0,0,0,0.30729,0.18585,1.59799,0.00881,2.8034,6.5225,48.373,43.7548,4610.5917,0.6211,0.0067,0.5043,0.1137,1,0,1,0,1,0
PAIR_NEG_001259,FRAG_001048,FRAG_001402,sample_text_002.txt,sample_zip_005.zip,text,zip,0,0,40.0,99.5,105.375,0,0,0,0.31124,0.18605,1.6001,0.01061,2.8356,6.5316,47.272,42.3516,4407.5197,0.6064,0.0037,0.4915,0.1111,1,0,0,0,0,0
PAIR_POS_000277,FRAG_000304,FRAG_000305,sample_pdf_003.pdf,sample_pdf_003.pdf,pdf,pdf,1,1,13.0,24.0,16.0625,0,1,0,0.89688,0.10792,0.34655,0.88921,0.2556,4.563,10.1376,5.3548,315.4435,0.0,0.0,0.0,0.0,8,0,1,0,1,0
PAIR_POS_000441,FRAG_000476,FRAG_000477,sample_pdf_011.pdf,sample_pdf_011.pdf,pdf,pdf,1,1,19.0,8.0,33.8125,0,1,0,0.9984,0.01339,0.07174,0.99828,0.0816,4.5953,1.1687,0.8262,46.4834,0.0,0.0,0.0,0.0,0,0,0,0,0,0
PAIR_NEG_000480,FRAG_000603,FRAG_000544,sample_pdf_018.pdf,sample_pdf_014.pdf,pdf,pdf,1,0,5.0,6.5,19.25,0,1,0,0.99625,0.02061,0.11568,0.99597,0.1457,4.6346,1.7712,1.3568,77.3028,0.002,0.0,0.002,0.0,0,1,0,1,0,0
PAIR_NEG_000379,FRAG_000946,FRAG_000872,sample_png_018.png,sample_png_009.png,png,png,1,0,103.0,96.75,68.5,0,0,0,0.94105,0.02211,0.28068,-0.02093,0.0029,7.9549,2.9331,0.1046,15.5536,0.0088,0.0025,0.0174,0.0075,0,0,0,0,0,0
PAIR_POS_000712,FRAG_000760,FRAG_000761,sample_pdf_024.pdf,sample_pdf_024.pdf,pdf,pdf,1,1,13.0,23.75,16.9375,0,1,0,0.99889,0.01121,0.05858,0.9988,0.0678,4.5674,0.801,0.5423,30.0917,0.0,0.0,0.0,0.0,0,0,0,0,0,0
PAIR_NEG_001261,FRAG_000906,FRAG_000170,sample_png_013.png,sample_jpeg_019.jpg,png,jpeg,0,0,12.0,53.75,110.875,0,0,0,0.9349,0.02335,0.28471,0.03162,0.0064,7.9485,3.6758,1.3427,199.8876,0.0078,0.0069,0.02,0.0281,1,0,0,0,0,1
PAIR_POS_000259,FRAG_000286,FRAG_000287,sample_pdf_003.pdf,sample_pdf_003.pdf,pdf,pdf,1,1,20.0,12.5,25.125,0,1,0,0.99994,0.00262,0.01071,0.99994,0.0098,4.4688,0.093,0.0762,4.1483,0.0,0.0,0.0,0.0,0,0,0,0,0,0
PAIR_POS_001054,FRAG_001137,FRAG_001138,sample_text_009.txt,sample_text_009.txt,text,text,1,1,65.0,21.0,41.75,0,1,0,0.99885,0.00945,0.04234,0.99873,0.016,5.1039,0.116,0.085,5.2515,0.0,0.0,0.0,0.0,0,0,1,0,0,0
PAIR_POS_000255,FRAG_000282,FRAG_000283,sample_pdf_003.pdf,sample_pdf_003.pdf,pdf,pdf,1,1,10.0,40.75,32.3125,0,1,0,0.99949,0.00763,0.04489,0.99945,0.038,4.5436,0.1116,0.1979,10.9452,0.0,0.0,0.0,0.0,0,0,0,0,0,0
PAIR_NEG_001360,FRAG_001469,FRAG_000082,sample_zip_011.zip,sample_jpeg_010.jpg,zip,jpeg,0,0,64.0,92.25,86.125,0,0,0,0.94208,0.02189,0.27828,-0.05058,0.0045,7.9573,4.0344,0.6337,93.5579,0.0242,0.0049,0.0271,0.0044,0,0,0,0,0,0
PAIR_NEG_001449,FRAG_000129,FRAG_001520,sample_jpeg_015.jpeg,sample_zip_015.zip,jpeg,zip,0,0,18.0,68.25,87.875,0,1,0,0.93972,0.02244,0.28521,0.06992,0.0019,7.951,1.382,0.1363,20.2807,0.0022,0.0005,0.0032,0.0059,1,0,0,0,0,1
PAIR_NEG_001471,FRAG_001571,FRAG_001016,sample_zip_019.zip,sample_png_025.png,zip,png,0,0,98.0,33.5,74.0625,0,0,0,0.93348,0.02351,0.30665,-0.11185,0.0037,7.9531,2.3799,0.2376,35.4207,0.001,0.0022,0.0102,0.01,1,0,0,0,0,0
PAIR_POS_000537,FRAG_000577,FRAG_000578,sample_pdf_016.pdf,sample_pdf_016.pdf,pdf,pdf,1,1,1.0,26.0,20.25,0,1,0,0.99997,0.00192,0.00779,0.99997,0.0029,4.5301,0.052,0.0442,2.4612,0.0,0.0,0.0,0.0,0,0,0,0,0,0
PAIR_NEG_000033,FRAG_001162,FRAG_001058,sample_text_011.json,sample_text_002.txt,text,text,1,0,0.0,60.0,56.25,0,1,1,0.79552,0.14019,0.67775,0.77725,0.0415,5.0144,11.3205,4.3341,288.6277,0.0,0.0,0.0,0.0,2,0,1,0,0,0
PAIR_POS_000253,FRAG_000280,FRAG_000281,sample_pdf_003.pdf,sample_pdf_003.pdf,pdf,pdf,1,1,2.0,22.25,27.75,0,1,0,0.99823,0.0147,0.07566,0.99811,0.1308,4.5506,1.3614,1.405,77.9629,0.002,0.0,0.002,0.0,0,1,0,1,0,0
PAIR_POS_000393,FRAG_000426,FRAG_000427,sample_pdf_009.pdf,sample_pdf_009.pdf,pdf,pdf,1,1,5.0,25.0,28.5,0,1,0,0.99865,0.01268,0.06491,0.99856,0.0843,4.5894,0.8081,0.4675,26.3814,0.0,0.0,0.0,0.0,0,0,0,0,0,0
PAIR_NEG_000492,FRAG_000533,FRAG_000441,sample_pdf_014.pdf,sample_pdf_009.pdf,pdf,pdf,1,0,14.0,25.75,18.375,0,1,0,0.99452,0.02497,0.11765,0.99412,0.0907,4.5686,1.7742,0.9448,52.7599,0.0,0.0,0.0,0.0,0,0,0,0,0,0
PAIR_NEG_000940,FRAG_001096,FRAG_000843,sample_text_006.log,sample_png_006.png,text,png,0,0,13.0,61.0,83.9375,0,1,0,0.30603,0.18693,1.62006,-0.00938,2.8491,6.5267,47.5811,43.295,4549.1591,0.6167,0.0056,0.4983,0.1162,0,0,0,0,0,0
PAIR_NEG_001048,FRAG_000130,FRAG_001438,sample_jpeg_015.jpeg,sample_zip_008.zip,jpeg,zip,0,0,113.0,73.5,74.625,0,0,0,0.94207,0.02193,0.27486,0.0164,0.0038,7.9539,0.7559,0.1648,24.4514,0.002,0.0014,0.0003,0.002,0,0,0,0,0,0
PAIR_POS_001335,FRAG_001442,FRAG_001443,sample_zip_008.zip,sample_zip_008.zip,zip,zip,1,1,32.0,110.0,97.0,0,0,0,0.39675,0.14528,0.71845,0.06156,0.9032,7.5013,28.806,4.0068,604.8048,0.0365,0.1372,0.1674,0.1335,15,0,1,0,1,0
PAIR_POS_000390,FRAG_000423,FRAG_000424,sample_pdf_009.pdf,sample_pdf_009.pdf,pdf,pdf,1,1,2.0,27.5,22.625,0,1,0,0.99964,0.00636,0.02685,0.99962,0.0086,4.5382,0.1431,0.1105,6.1671,0.0,0.0,0.0,0.0,0,0,0,0,0,0
PAIR_POS_000730,FRAG_000779,FRAG_000780,sample_pdf_025.pdf,sample_pdf_025.pdf,pdf,pdf,1,1,12.0,14.75,26.9375,0,1,0,0.99998,0.00146,0.00586,0.99998,0.0036,4.4916,0.023,0.0179,0.9825,0.0,0.0,0.0,0.0,0,0,0,0,0,0
PAIR_NEG_000439,FRAG_000191,FRAG_000017,sample_jpeg_021.jpg,sample_jpeg_002.jpeg,jpeg,jpeg,1,0,93.0,43.5,59.9375,0,0,0,0.94907,0.02058,0.27099,0.15611,0.0028,7.9542,1.9839,0.5426,80.5542,0.0122,0.0005,0.0162,0.0027,0,0,0,0,0,0
PAIR_POS_000319,FRAG_000349,FRAG_000350,sample_pdf_006.pdf,sample_pdf_006.pdf,pdf,pdf,1,1,67.0,24.75,20.1875,0,1,0,0.99487,0.02451,0.11229,0.9945,0.1128,4.5417,1.6111,1.0462,57.7384,0.0,0.0,0.0,0.0,0,0,0,0,0,0
PAIR_NEG_000248,FRAG_001014,FRAG_000858,sample_png_025.png,sample_png_008.png,png,png,1,0,149.0,163.75,101.125,0,0,0,0.94111,0.02211,0.28181,0.00358,0.0036,7.9547,2.1369,1.2113,178.5365,0.0112,0.0019,0.0125,0.0012,1,0,0,0,0,0
PAIR_NEG_000803,FRAG_000418,FRAG_001020,sample_pdf_009.pdf,sample_png_025.png,pdf,png,0,0,63.0,61.25,59.4375,0,0,0,0.26243,0.22741,1.70896,0.02174,3.395,6.2566,31.5825,46.4392,4771.6221,0.6104,0.0029,0.4883,0.1174,0,0,0,0,0,0
PAIR_NEG_000661,FRAG_000928,FRAG_000868,sample_png_016.png,sample_png_008.png,png,png,1,0,67.0,101.25,72.875,0,0,0,0.75286,0.05249,0.67923,-0.07964,0.4767,7.7184,1.9702,1.5607,232.9932,0.016,0.013,0.0114,0.0264,2,0,1,0,1,0
PAIR_NEG_001037,FRAG_000536,FRAG_000985,sample_pdf_014.pdf,sample_png_021.png,pdf,png,0,0,141.0,97.5,74.8125,0,0,0,0.24702,0.22611,1.69581,-0.05764,3.3302,6.2911,33.6409,46.1809,4746.2926,0.6233,0.0039,0.5039,0.1152,1,0,0,0,0,0
PAIR_POS_001304,FRAG_001408,FRAG_001409,sample_zip_005.zip,sample_zip_005.zip,zip,zip,1,1,30.0,77.0,92.6875,0,0,0,0.8096,0.04496,0.34232,0.10791,0.1311,7.8941,9.2639,1.5108,225.318,0.0224,0.038,0.0604,0.0374,15,0,1,0,1,0
PAIR_POS_001242,FRAG_001339,FRAG_001340,sample_text_023.csv,sample_text_023.csv,text,text,1,1,3.0,6.0,15.875,0,1,0,0.99753,0.01538,0.06992,0.99732,0.0163,4.8608,0.022,0.259,12.4525,0.0,0.0,0.0,0.0,0,0,1,0,0,0
PAIR_POS_000092,FRAG_000103,FRAG_000104,sample_jpeg_012.jpg,sample_jpeg_012.jpg,jpeg,jpeg,1,1,103.0,58.5,108.5625,0,0,0,0.9494,0.02047,0.26265,0.10831,0.0097,7.9571,0.5686,0.6972,103.7221,0.0056,0.0007,0.0022,0.0057,0,0,0,0,0,0
PAIR_POS_001004,FRAG_001082,FRAG_001083,sample_text_004.json,sample_text_004.json,text,text,1,1,31.0,24.0,36.6875,0,1,0,0.99959,0.00679,0.03653,0.99956,0.0238,4.9947,0.0396,0.1917,13.5716,0.0,0.0,0.0,0.0,0,0,0,0,0,0
PAIR_NEG_000586,FRAG_000013,FRAG_000062,sample_jpeg_001.jpeg,sample_jpeg_008.jpeg,jpeg,jpeg,1,0,26.0,100.5,92.6875,0,0,0,0.89145,0.03102,0.39426,-0.00687,0.0898,7.909,1.0602,1.5659,234.534,0.0224,0.0002,0.0088,0.0133,0,0,0,0,0,1
PAIR_POS_000348,FRAG_000379,FRAG_000380,sample_pdf_007.pdf,sample_pdf_007.pdf,pdf,pdf,1,1,13.0,25.5,15.625,0,1,0,0.99988,0.0037,0.01563,0.99987,0.0087,4.5032,0.1485,0.0648,3.5525,0.0,0.0,0.0,0.0,0,0,0,0,0,0
PAIR_POS_000511,FRAG_000550,FRAG_000551,sample_pdf_015.pdf,sample_pdf_015.pdf,pdf,pdf,1,1,82.0,27.25,20.9375,0,1,0,0.99967,0.00598,0.02933,0.99965,0.0021,4.5553,0.1689,0.1184,6.6132,0.0,0.0,0.0,0.0,0,0,0,0,0,0
PAIR_POS_000719,FRAG_000768,FRAG_000769,sample_pdf_025.pdf,sample_pdf_025.pdf,pdf,pdf,1,1,12.0,26.0,28.8125,0,1,0,0.99834,0.01421,0.0737,0.99822,0.1377,4.5763,1.4204,1.3542,76.1873,0.002,0.0,0.002,0.0,0,1,0,1,0,0
PAIR_POS_001376,FRAG_001487,FRAG_001488,sample_zip_012.zip,sample_zip_012.zip,zip,zip,1,1,26.0,38.25,59.625,0,0,0,0.9387,0.0226,0.27929,0.01613,0.0003,7.9525,0.7913,0.117,17.3636,0.0118,0.0039,0.008,0.0027,1,0,0,0,0,0
PAIR_NEG_001437,FRAG_000674,FRAG_001030,sample_pdf_020.pdf,sample_text_001.json,pdf,text,0,0,11.0,31.75,28.25,0,1,0,0.72477,0.173,0.88912,0.70345,0.486,4.756,26.5278,7.8839,496.3863,0.0,0.0,0.0,0.0,2,0,0,0,0,0
PAIR_POS_000031,FRAG_000034,FRAG_000035,sample_jpeg_004.jpeg,sample_jpeg_004.jpeg,jpeg,jpeg,1,1,11.0,64.25,65.8125,0,1,0,0.94514,0.02144,0.27346,0.18466,0.0064,7.9489,3.1751,0.1549,23.1943,0.0003,0.0018,0.011,0.0117,1,1,0,1,0,0
PAIR_NEG_000004,FRAG_000152,FRAG_000109,sample_jpeg_017.jpg,sample_jpeg_012.jpg,jpeg,jpeg,1,0,72.0,47.25,69.0625,0,0,0,0.95468,0.01938,0.25144,0.2065,0.0104,7.9554,3.6103,0.1915,28.3485,0.0217,0.0015,0.0288,0.0042,1,0,0,0,0,0
PAIR_POS_000237,FRAG_000263,FRAG_000264,sample_pdf_002.pdf,sample_pdf_002.pdf,pdf,pdf,1,1,75.0,20.75,31.6875,0,1,0,0.99811,0.01481,0.06684,0.99798,0.069,4.5341,0.8003,0.6796,37.4902,0.0,0.0,0.0,0.0,0,0,0,0,0,0
PAIR_POS_000510,FRAG_000549,FRAG_000550,sample_pdf_015.pdf,sample_pdf_015.pdf,pdf,pdf,1,1,13.0,38.5,26.125,0,1,0,0.99884,0.012,0.06488,0.99877,0.1342,4.6234,1.2886,1.1674,66.4211,0.002,0.0,0.002,0.0,0,1,0,1,0,0
PAIR_NEG_000518,FRAG_000121,FRAG_000114,sample_jpeg_014.jpeg,sample_jpeg_013.jpeg,jpeg,jpeg,1,0,42.0,99.5,98.5625,0,0,0,0.93798,0.02278,0.29783,0.05794,0.0076,7.9498,2.6475,1.4057,210.1227,0.0014,0.0022,0.0181,0.0166,1,1,0,1,0,0
PAIR_POS_000257,FRAG_000284,FRAG_000285,sample_pdf_003.pdf,sample_pdf_003.pdf,pdf,pdf,1,1,72.0,21.5,21.0625,0,1,0,0.99705,0.0183,0.09076,0.99683,0.0194,4.5372,0.0557,0.2961,16.3967,0.0,0.0,0.0,0.0,0,0,0,0,0,0
PAIR_POS_000820,FRAG_000878,FRAG_000879,sample_png_009.png,sample_png_009.png,png,png,1,1,72.0,73.0,101.5,0,0,0,0.94543,0.02126,0.26273,0.03757,0.0026,7.9559,1.1934,0.1766,25.9916,0.011,0.0008,0.0058,0.0044,0,0,0,0,0,0
PAIR_NEG_000937,FRAG_001330,FRAG_001440,sample_text_022.log,sample_zip_008.zip,text,zip,0,0,157.0,76.75,70.875,0,0,0,0.30068,0.18712,1.61419,-0.03624,2.8462,6.5294,50.5373,44.1075,4668.9534,0.6335,0.0037,0.5144,0.115,1,0,0,0,0,0
PAIR_POS_000466,FRAG_000502,FRAG_000503,sample_pdf_012.pdf,sample_pdf_012.pdf,pdf,pdf,1,1,37.0,47.5,29.25,0,1,0,0.99956,0.00724,0.03175,0.99953,0.0157,4.4558,0.1668,0.0091,0.4915,0.0,0.0,0.0,0.0,0,0,0,0,0,0
PAIR_NEG_001503,FRAG_000306,FRAG_000849,sample_pdf_004.pdf,sample_png_007.png,pdf,png,0,0,100.0,139.75,70.4375,0,0,0,0.24384,0.22427,1.6655,-0.07252,3.2628,6.318,33.5552,44.5826,4570.2807,0.6147,0.0039,0.4982,0.1125,0,1,0,1,0,0
PAIR_NEG_000143,FRAG_000098,FRAG_000224,sample_jpeg_011.jpeg,sample_jpeg_025.jpg,jpeg,jpeg,1,0,68.0,102.25,111.875,0,0,0,0.85544,0.037,0.46975,0.10232,0.1465,7.851,0.3718,0.4118,61.2415,0.0047,0.0007,0.0008,0.0061,1,0,1,0,1,1
PAIR_POS_001026,FRAG_001108,FRAG_001109,sample_text_008.json,sample_text_008.json,text,text,1,1,18.0,24.0,33.8125,0,1,0,0.99915,0.00948,0.03559,0.99908,0.0027,4.9789,0.084,0.0063,0.4459,0.0,0.0,0.0,0.0,1,1,0,0,0,0
PAIR_NEG_000390,FRAG_000161,FRAG_000166,sample_jpeg_017.jpg,sample_jpeg_018.jpeg,jpeg,jpeg,1,0,133.0,116.75,82.8125,0,0,0,0.88755,0.03171,0.41787,0.02553,0.0914,7.9034,1.421,0.1785,26.3762,0.0214,0.0027,0.0127,0.0105,0,0,0,0,0,1
PAIR_POS_001411,FRAG_001525,FRAG_001526,sample_zip_015.zip,sample_zip_015.zip,zip,zip,1,1,10.0,72.25,61.875,0,0,0,0.94181,0.02198,0.27775,0.00383,0.0134,7.9539,0.6069,0.9957,145.7336,0.0139,0.0027,0.0049,0.0073,1,0,0,0,0,0
PAIR_POS_001313,FRAG_001418,FRAG_001419,sample_zip_006.zip,sample_zip_006.zip,zip,zip,1,1,136.0,86.0,106.5625,0,0,0,0.94587,0.02122,0.2822,0.1043,0.0065,7.9528,1.5854,0.3313,48.5715,0.0058,0.0005,0.0117,0.0081,0,0,0,0,0,0
PAIR_NEG_000703,FRAG_001600,FRAG_001513,sample_zip_021.zip,sample_zip_014.zip,zip,zip,1,0,24.0,65.25,78.1875,0,0,0,0.93337,0.02357,0.30755,-0.05851,0.0003,7.9512,0.1468,0.3762,55.5355,0.0037,0.0,0.0061,0.0029,1,0,0,0,0,0
PAIR_POS_001284,FRAG_001386,FRAG_001387,sample_zip_003.zip,sample_zip_003.zip,zip,zip,1,1,3.0,45.25,76.875,0,0,0,0.93635,0.02299,0.28997,-0.08944,0.0089,7.9549,0.4917,1.4082,207.7058,0.0015,0.0034,0.0064,0.0052,1,0,0,0,0,0
PAIR_NEG_000271,FRAG_000841,FRAG_000873,sample_png_006.png,sample_png_009.png,png,png,1,0,69.0,83.25,96.75,0,0,0,0.93214,0.02383,0.30275,-0.01913,0.0033,7.9481,0.1762,0.9938,146.4575,0.0005,0.0022,0.009,0.0083,0,0,0,0,0,0
PAIR_POS_000286,FRAG_000315,FRAG_000316,sample_pdf_005.pdf,sample_pdf_005.pdf,pdf,pdf,1,1,68.0,37.25,23.9375,0,1,0,0.99976,0.00518,0.02442,0.99974,0.0086,4.5875,0.2112,0.1107,6.2598,0.0,0.0,0.0,0.0,0,0,0,0,0,0
PAIR_NEG_000231,FRAG_000992,FRAG_000890,sample_png_022.png,sample_png_011.png,png,png,1,0,79.0,60.75,88.6875,0,0,0,0.93262,0.02372,0.30269,-0.03975,0.0006,7.9486,1.1209,0.3568,52.8121,0.0,0.001,0.001,0.0012,0,0,0,0,0,0
PAIR_NEG_000050,FRAG_001105,FRAG_001257,sample_text_007.csv,sample_text_016.json,text,text,1,0,58.0,45.0,29.0625,0,1,0,0.38513,0.24509,1.17134,0.33143,0.0848,4.94,6.0696,11.4326,679.9705,0.0,0.0,0.0,0.0,1,0,0,0,0,0
PAIR_NEG_000677,FRAG_000573,FRAG_000372,sample_pdf_016.pdf,sample_pdf_007.pdf,pdf,pdf,1,0,55.0,54.5,35.8125,0,1,0,0.99644,0.02112,0.10841,0.99621,0.1525,4.5349,1.8366,0.9461,52.94,0.0,0.0,0.0,0.0,0,0,0,0,0,0
PAIR_NEG_000142,FRAG_000498,FRAG_000388,sample_pdf_012.pdf,sample_pdf_007.pdf,pdf,pdf,1,0,78.0,22.5,24.375,0,1,0,0.99853,0.01326,0.06203,0.99842,0.0585,4.4717,0.6738,0.4112,22.342,0.0,0.0,0.0,0.0,0,0,0,0,0,0
PAIR_POS_000414,FRAG_000448,FRAG_000449,sample_pdf_010.pdf,sample_pdf_010.pdf,pdf,pdf,1,1,5.0,24.0,26.4375,0,1,0,0.99825,0.01414,0.0713,0.99813,0.0694,4.5663,0.2754,0.2613,14.611,0.0,0.0,0.0,0.0,0,0,0,0,0,0
PAIR_POS_000206,FRAG_000231,FRAG_000232,sample_pdf_001.pdf,sample_pdf_001.pdf,pdf,pdf,1,1,3.0,30.25,24.8125,0,1,0,0.99992,0.00306,0.01516,0.99991,0.0062,4.5183,0.1414,0.0704,3.8708,0.0,0.0,0.0,0.0,0,0,0,0,0,0
PAIR_POS_000907,FRAG_000977,FRAG_000978,sample_png_021.png,sample_png_021.png,png,png,1,1,151.0,95.0,116.625,0,0,0,0.94768,0.02081,0.26223,0.0588,0.0075,7.9569,0.5715,0.6834,101.0046,0.0005,0.0025,0.0039,0.0047,0,0,0,0,0,0
PAIR_NEG_001415,FRAG_001587,FRAG_000035,sample_zip_020.zip,sample_jpeg_004.jpeg,zip,jpeg,0,0,181.0,90.25,85.0625,0,0,0,0.93707,0.02292,0.28376,0.01308,0.0034,7.9504,0.1665,1.1557,171.529,0.0024,0.0048,0.0007,0.0061,0,0,0,0,0,0
PAIR_POS_000373,FRAG_000405,FRAG_000406,sample_pdf_008.pdf,sample_pdf_008.pdf,pdf,pdf,1,1,9.0,43.25,29.25,0,1,0,0.99909,0.01019,0.04586,0.99903,0.0214,4.5052,0.1635,0.0978,5.3715,0.0,0.0,0.0,0.0,0,0,0,0,0,0
PAIR_POS_001393,FRAG_001506,FRAG_001507,sample_zip_014.zip,sample_zip_014.zip,zip,zip,1,1,47.0,82.0,81.25,0,0,0,0.94907,0.02049,0.25536,0.02849,0.0005,7.96,1.7737,1.2096,178.2168,0.0195,0.0024,0.0164,0.004,1,0,0,0,0,0
PAIR_NEG_000384,FRAG_000213,FRAG_000169,sample_jpeg_024.jpeg,sample_jpeg_018.jpeg,jpeg,jpeg,1,0,69.0,99.75,59.5625,0,0,0,0.84673,0.03804,0.48554,-0.02569,0.1735,7.8604,1.7237,0.1888,28.2806,0.0153,0.0011,0.0069,0.0101,0,0,1,0,1,1
PAIR_POS_000871,FRAG_000936,FRAG_000937,sample_png_016.png,sample_png_016.png,png,png,1,1,21.0,70.0,84.25,0,0,0,0.94376,0.02152,0.27196,-0.10733,0.0036,7.9612,0.9053,0.5339,79.091,0.0027,0.0005,0.0039,0.0066,0,0,0,0,0,0
PAIR_NEG_000457,FRAG_001237,FRAG_001073,sample_text_015.json,sample_text_004.json,text,text,1,0,7.0,42.25,44.1875,0,1,0,0.98883,0.03412,0.16198,0.98793,0.0619,4.9679,0.9621,0.0129,0.9133,0.0,0.0,0.0,0.0,0,0,0,0,0,0
PAIR_NEG_001228,FRAG_001394,FRAG_000170,sample_zip_003.zip,sample_jpeg_019.jpg,zip,jpeg,0,0,255.0,237.5,98.625,0,0,0,0.83424,0.0426,0.3543,0.3486,0.1272,7.8817,5.94,0.9761,147.5673,0.0048,0.0344,0.0309,0.0278,14,0,0,0,0,1
PAIR_NEG_000287,FRAG_001181,FRAG_001316,sample_text_012.log,sample_text_020.txt,text,text,1,0,47.0,45.5,38.0625,0,1,0,0.99968,0.00494,0.01365,0.99965,0.0013,5.109,0.0464,0.0031,0.1952,0.0,0.0,0.0,0.0,0,0,0,0,0,0
PAIR_NEG_000208,FRAG_001239,FRAG_001300,sample_text_016.json,sample_text_019.txt,text,text,1,0,71.0,52.75,39.6875,0,1,0,0.79939,0.13815,0.65427,0.78125,0.1157,5.0442,10.8194,4.4337,293.5191,0.0,0.0,0.0,0.0,2,0,0,0,0,0
PAIR_NEG_001031,FRAG_000552,FRAG_001163,sample_pdf_015.pdf,sample_text_011.json,pdf,text,0,0,72.0,54.25,38.625,0,1,0,0.72752,0.17211,0.88037,0.70641,0.4732,4.762,26.3191,7.8544,494.5187,0.0,0.0,0.0,0.0,2,0,0,0,0,0
PAIR_NEG_001454,FRAG_001157,FRAG_000018,sample_text_011.json,sample_jpeg_002.jpeg,text,jpeg,0,0,28.0,81.5,79.8125,0,0,0,0.25084,0.2232,1.59129,-0.05352,2.9754,6.4685,59.0723,38.8844,4271.6771,0.6243,0.0081,0.502,0.1191,2,0,0,0,0,0
PAIR_POS_000449,FRAG_000485,FRAG_000486,sample_pdf_012.pdf,sample_pdf_012.pdf,pdf,pdf,1,1,5.0,9.5,30.625,0,1,0,0.99882,0.01191,0.06542,0.99873,0.0795,4.5762,0.6409,0.5583,31.1946,0.0,0.0,0.0,0.0,0,0,0,0,0,0
PAIR_NEG_000481,FRAG_000994,FRAG_000941,sample_png_022.png,sample_png_017.png,png,png,1,0,148.0,49.0,71.875,0,0,0,0.94506,0.02129,0.26986,-0.02993,0.0058,7.9589,1.0065,0.7032,104.1937,0.0108,0.0013,0.0071,0.0017,0,0,0,0,0,0
PAIR_NEG_001459,FRAG_000122,FRAG_000546,sample_jpeg_014.jpeg,sample_pdf_014.pdf,jpeg,pdf,0,0,45.0,46.25,50.0625,0,0,0,0.28073,0.22623,1.70263,0.09906,3.3966,6.2507,30.2986,46.3903,4734.2961,0.6145,0.0078,0.488,0.1243,0,0,0,0,0,0
PAIR_POS_000772,FRAG_000825,FRAG_000826,sample_png_004.png,sample_png_004.png,png,png,1,1,66.0,107.5,80.0,0,0,0,0.94931,0.02047,0.26119,0.06745,0.0089,7.9577,2.6784,0.5439,80.8182,0.0176,0.0007,0.0251,0.0076,2,0,1,0,1,0
PAIR_NEG_000369,FRAG_001099,FRAG_001150,sample_text_007.csv,sample_text_011.json,text,text,1,0,15.0,62.0,31.75,0,1,0,0.37504,0.24821,1.17337,0.32109,0.1006,4.9415,5.8237,11.2851,671.9398,0.0,0.0,0.0,0.0,1,0,0,0,0,0
PAIR_NEG_000107,FRAG_001496,FRAG_001390,sample_zip_013.zip,sample_zip_003.zip,zip,zip,1,0,0.0,70.75,65.125,0,1,1,0.94385,0.02164,0.26856,0.10682,0.0042,7.9515,0.3733,1.5681,232.6752,0.0012,0.0029,0.0061,0.0037,1,0,0,0,0,0
PAIR_NEG_001266,FRAG_000880,FRAG_000509,sample_png_009.png,sample_pdf_012.pdf,png,pdf,0,0,98.0,61.5,65.0,0,0,0,0.24858,0.22854,1.7085,-0.0096,3.3653,6.2353,33.0014,45.3642,4583.1342,0.6167,0.0042,0.5,0.1133,2,0,0,0,0,1
PAIR_NEG_001028,FRAG_000708,FRAG_000094,sample_pdf_021.pdf,sample_jpeg_011.jpeg,pdf,jpeg,0,0,16.0,44.5,64.125,0,1,0,0.26101,0.22643,1.69149,0.00945,3.3318,6.2905,33.3755,46.3341,4792.1051,0.6113,0.0063,0.4956,0.1123,0,1,0,1,0,0
PAIR_POS_001438,FRAG_001554,FRAG_001555,sample_zip_017.zip,sample_zip_017.zip,zip,zip,1,1,149.0,134.0,76.3125,0,0,0,0.93106,0.02396,0.29879,-0.12079,0.0048,7.9518,1.25,0.325,48.3605,0.0173,0.0015,0.0198,0.0044,1,0,0,0,0,0
PAIR_POS_001022,FRAG_001103,FRAG_001104,sample_text_007.csv,sample_text_007.csv,text,text,1,1,13.0,30.25,15.25,0,1,0,0.99703,0.01643,0.06342,0.99675,0.0028,4.8874,0.1684,0.0947,4.533,0.0,0.0,0.0,0.0,0,0,0,0,0,0
PAIR_NEG_001231,FRAG_001612,FRAG_000975,sample_zip_023.zip,sample_png_021.png,zip,png,0,0,190.0,145.5,110.25,0,0,0,0.92829,0.02451,0.31334,-0.06442,0.0022,7.9475,2.376,1.0544,157.2508,0.0071,0.0002,0.0105,0.0195,0,0,0,0,0,0
PAIR_NEG_000472,FRAG_001312,FRAG_001343,sample_text_020.txt,sample_text_024.txt,text,text,1,0,25.0,38.5,30.3125,0,1,0,0.99928,0.00747,0.03261,0.9992,0.007,5.1072,0.0891,0.0113,0.7001,0.0,0.0,0.0,0.0,0,0,0,0,0,0
PAIR_NEG_000852,FRAG_001551,FRAG_000864,sample_zip_017.zip,sample_png_008.png,zip,png,0,0,30.0,54.5,87.75,0,1,0,0.94547,0.02129,0.27343,0.09552,0.0051,7.9528,0.0261,0.3643,54.1766,0.014,0.0029,0.0078,0.0049,1,0,0,0,0,0
PAIR_NEG_000490,FRAG_000057,FRAG_000102,sample_jpeg_007.jpg,sample_jpeg_012.jpg,jpeg,jpeg,1,0,128.0,121.75,92.6875,0,0,0,0.93572,0.02312,0.29235,-0.0726,0.0093,7.9551,0.5261,0.1202,17.8668,0.0054,0.0034,0.0032,0.0083,0,0,0,0,0,0
PAIR_POS_000840,FRAG_000901,FRAG_000902,sample_png_012.png,sample_png_012.png,png,png,1,1,54.0,78.5,88.6875,0,0,0,0.91305,0.02737,0.34711,0.00788,0.0538,7.9296,1.3855,1.1932,175.4681,0.0083,0.0023,0.0165,0.0061,2,0,1,0,1,0
PAIR_POS_000674,FRAG_000720,FRAG_000721,sample_pdf_022.pdf,sample_pdf_022.pdf,pdf,pdf,1,1,17.0,24.5,29.75,0,1,0,0.99854,0.01374,0.07807,0.99845,0.1424,4.5793,1.4431,1.2864,72.9588,0.002,0.0,0.002,0.0,0,1,0,1,0,0
PAIR_NEG_000765,FRAG_001123,FRAG_001003,sample_text_008.json,sample_png_023.png,text,png,0,0,27.0,56.75,67.5625,0,1,0,0.2899,0.22043,1.58544,0.11374,2.9806,6.464,57.5877,37.9261,4133.8484,0.6169,0.0039,0.5007,0.1133,2,0,0,0,0,0
PAIR_NEG_000704,FRAG_001430,FRAG_001435,sample_zip_007.zip,sample_zip_008.zip,zip,zip,1,0,2.0,94.0,80.5625,0,0,0,0.94218,0.0219,0.26853,-0.00304,0.0066,7.9559,0.9453,0.5072,75.0768,0.0078,0.0042,0.0088,0.0007,1,0,0,0,0,0
PAIR_NEG_001240,FRAG_000796,FRAG_000238,sample_png_001.png,sample_pdf_001.pdf,png,pdf,0,0,33.0,85.25,64.8125,0,1,0,0.2943,0.22435,1.6842,0.15961,3.3762,6.2732,32.4309,46.3556,4734.0197,0.6069,0.0068,0.4929,0.1113,1,1,0,1,0,0
PAIR_POS_000119,FRAG_000133,FRAG_000134,sample_jpeg_015.jpeg,sample_jpeg_015.jpeg,jpeg,jpeg,1,1,121.0,65.25,110.625,0,0,0,0.94763,0.02083,0.26839,0.07514,0.0079,7.9562,2.593,0.8045,118.4654,0.0134,0.0005,0.018,0.0034,0,0,0,0,0,0
PAIR_NEG_001300,FRAG_000007,FRAG_001565,sample_jpeg_001.jpeg,sample_zip_018.zip,jpeg,zip,0,0,137.0,131.0,101.1875,0,0,0,0.93296,0.02367,0.30406,-0.0324,0.0054,7.95,0.8101,0.8522,126.4081,0.0117,0.0022,0.0,0.012,1,0,0,0,0,0
PAIR_POS_000336,FRAG_000366,FRAG_000367,sample_pdf_006.pdf,sample_pdf_006.pdf,pdf,pdf,1,1,1.0,39.25,22.375,0,1,0,0.99885,0.01143,0.05467,0.99877,0.0416,4.5556,0.8818,0.4693,26.0693,0.0,0.0,0.0,0.0,0,0,0,0,0,0
PAIR_NEG_000043,FRAG_000388,FRAG_000657,sample_pdf_007.pdf,sample_pdf_019.pdf,pdf,pdf,1,0,11.0,34.0,21.125,0,1,0,0.99661,0.01959,0.09325,0.99636,0.0791,4.5404,1.0613,0.557,30.7999,0.0,0.0,0.0,0.0,0,0,0,0,0,0
PAIR_NEG_000191,FRAG_001628,FRAG_001588,sample_zip_025.zip,sample_zip_020.zip,zip,zip,1,0,189.0,81.25,94.25,0,0,0,0.76886,0.05092,0.32974,0.04086,0.1318,7.8868,9.2864,2.8744,430.6609,0.0096,0.0455,0.0413,0.0536,14,0,1,0,1,0
PAIR_POS_000571,FRAG_000613,FRAG_000614,sample_pdf_018.pdf,sample_pdf_018.pdf,pdf,pdf,1,1,47.0,39.75,24.0625,0,1,0,0.99975,0.00537,0.02294,0.99973,0.0082,4.485,0.0271,0.0084,0.4605,0.0,0.0,0.0,0.0,0,0,0,0,0,0
PAIR_NEG_000979,FRAG_000963,FRAG_000093,sample_png_019.png,sample_jpeg_011.jpeg,png,jpeg,0,0,38.0,76.25,65.125,0,0,0,0.92292,0.02539,0.32813,-0.16955,0.0027,7.9491,4.6008,0.3697,54.9049,0.0047,0.0029,0.0198,0.0146,1,0,0,0,0,0
PAIR_NEG_001099,FRAG_000338,FRAG_001556,sample_pdf_005.pdf,sample_zip_017.zip,pdf,zip,0,0,64.0,99.5,62.25,0,1,0,0.25569,0.22993,1.71966,0.00602,3.4289,6.2344,35.0652,47.125,4842.0285,0.6272,0.0044,0.5117,0.1104,0,0,0,0,0,0
PAIR_POS_001142,FRAG_001231,FRAG_001232,sample_text_015.json,sample_text_015.json,text,text,1,1,4.0,20.5,44.375,0,1,0,0.9994,0.00802,0.04535,0.99935,0.009,4.9913,0.2885,0.155,10.9943,0.0,0.0,0.0,0.0,0,0,0,0,0,0
PAIR_NEG_000008,FRAG_001584,FRAG_001482,sample_zip_020.zip,sample_zip_012.zip,zip,zip,1,0,142.0,114.5,110.4375,0,0,0,0.94512,0.02135,0.26453,0.06946,0.0101,7.9551,0.7256,0.9805,146.0928,0.0083,0.0008,0.001,0.009,0,0,0,0,0,1
PAIR_NEG_000944,FRAG_001276,FRAG_001582,sample_text_017.txt,sample_zip_020.zip,text,zip,0,0,146.0,113.5,77.9375,0,0,0,0.31202,0.18688,1.62267,0.02186,2.8497,6.5207,47.8857,43.5177,4588.7087,0.6208,0.0037,0.4983,0.1199,0,0,0,0,0,0
PAIR_NEG_001244,FRAG_001160,FRAG_000914,sample_text_011.json,sample_png_014.png,text,png,0,0,161.0,126.75,76.5625,0,0,0,0.25575,0.22278,1.59466,-0.03381,2.9724,6.4702,59.8987,37.7469,4101.9208,0.6201,0.0037,0.5049,0.1101,2,0,0,0,0,0
PAIR_POS_001346,FRAG_001455,FRAG_001456,sample_zip_010.zip,sample_zip_010.zip,zip,zip,1,1,97.0,70.5,75.125,0,0,0,0.93741,0.02284,0.2924,0.00148,0.0053,7.9513,0.5229,0.7166,105.6538,0.0036,0.0017,0.002,0.0019,0,1,0,1,0,0
PAIR_NEG_000015,FRAG_000187,FRAG_000118,sample_jpeg_021.jpg,sample_jpeg_013.jpeg,jpeg,jpeg,1,0,3.0,61.5,84.0625,0,0,0,0.94146,0.02213,0.26605,0.0987,0.0177,7.9524,6.0551,1.3784,207.1248,0.0059,0.0073,0.0232,0.028,1,1,0,1,0,0
PAIR_POS_001157,FRAG_001247,FRAG_001248,sample_text_016.json,sample_text_016.json,text,text,1,1,1.0,26.5,11.75,0,1,0,0.99955,0.00704,0.03852,0.99951,0.0078,4.9874,0.2212,0.1035,7.3369,0.0,0.0,0.0,0.0,0,0,0,0,0,0
PAIR_NEG_000292,FRAG_000227,FRAG_000643,sample_pdf_001.pdf,sample_pdf_019.pdf,pdf,pdf,1,0,64.0,37.5,25.0,0,1,0,0.9989,0.01119,0.05319,0.99882,0.005,4.4927,0.2891,0.2686,14.712,0.0,0.0,0.0,0.0,0,0,0,0,0,0
PAIR_POS_000418,FRAG_000453,FRAG_000454,sample_pdf_011.pdf,sample_pdf_011.pdf,pdf,pdf,1,1,78.0,41.25,16.375,0,1,0,0.99808,0.01519,0.07759,0.99795,0.1483,4.6052,1.77,1.4951,84.6596,0.002,0.0,0.002,0.0,0,1,0,1,0,0
PAIR_NEG_000804,FRAG_000208,FRAG_001584,sample_jpeg_024.jpeg,sample_zip_020.zip,jpeg,zip,0,0,15.0,76.25,83.375,0,0,0,0.94628,0.02114,0.27096,0.11047,0.013,7.9537,1.3015,0.3886,58.1295,0.0029,0.0014,0.011,0.0066,0,0,0,0,0,0
PAIR_POS_000724,FRAG_000773,FRAG_000774,sample_pdf_025.pdf,sample_pdf_025.pdf,pdf,pdf,1,1,6.0,5.75,20.875,0,1,0,0.99962,0.00653,0.03371,0.99959,0.0193,4.5732,0.5767,0.2579,14.4229,0.0,0.0,0.0,0.0,0,0,0,0,0,0
PAIR_NEG_001361,FRAG_001193,FRAG_001526,sample_text_013.csv,sample_zip_015.zip,text,zip,0,0,130.0,59.5,76.125,0,0,0,0.31852,0.20404,1.64787,0.16462,3.0945,6.4134,64.8995,48.6401,4705.0432,0.6055,0.0059,0.4963,0.1062,0,0,0,0,0,0
PAIR_POS_001104,FRAG_001191,FRAG_001192,sample_text_013.csv,sample_text_013.csv,text,text,1,1,4.0,14.5,19.375,0,1,0,0.99477,0.02214,0.0581,0.9943,0.0199,4.8696,0.1464,0.166,7.9763,0.0,0.0,0.0,0.0,0,0,0,0,0,0
PAIR_POS_001371,FRAG_001482,FRAG_001483,sample_zip_012.zip,sample_zip_012.zip,zip,zip,1,1,108.0,98.75,99.8125,0,0,0,0.93547,0.02318,0.29935,-0.04315,0.0042,7.9522,0.8547,0.378,55.8024,0.0215,0.0031,0.0159,0.0056,1,1,0,1,0,0
PAIR_POS_000364,FRAG_000396,FRAG_000397,sample_pdf_008.pdf,sample_pdf_008.pdf,pdf,pdf,1,1,2.0,5.0,26.0,0,1,0,0.99957,0.00713,0.03563,0.99954,0.0196,4.4594,0.3887,0.2662,14.5886,0.0,0.0,0.0,0.0,0,0,0,0,0,0
PAIR_NEG_001439,FRAG_001456,FRAG_000261,sample_zip_010.zip,sample_pdf_002.pdf,zip,pdf,0,0,65.0,64.0,88.3125,0,0,0,0.27899,0.22859,1.70802,0.10369,3.4505,6.2287,30.7451,45.9419,4630.4382,0.6121,0.0063,0.4956,0.1121,1,0,0,0,0,0
PAIR_POS_000110,FRAG_000123,FRAG_000124,sample_jpeg_014.jpeg,sample_jpeg_014.jpeg,jpeg,jpeg,1,1,24.0,55.75,54.9375,0,0,0,0.94055,0.02231,0.28556,0.11717,0.0037,7.948,1.8492,0.6483,96.1109,0.0159,0.0027,0.017,0.0014,0,0,1,0,1,0
PAIR_POS_001159,FRAG_001249,FRAG_001250,sample_text_016.json,sample_text_016.json,text,text,1,1,3.0,3.25,30.625,0,1,0,0.99966,0.00611,0.02922,0.99963,0.0083,4.9939,0.032,0.0876,6.197,0.0,0.0,0.0,0.0,0,0,0,0,0,0
PAIR_NEG_001063,FRAG_001005,FRAG_001459,sample_png_023.png,sample_zip_010.zip,png,zip,0,0,91.0,77.25,93.125,0,0,0,0.88435,0.03234,0.42311,0.05031,0.1084,7.8965,1.7837,0.5808,85.4824,0.0088,0.0008,0.0095,0.001,1,0,0,0,0,1
PAIR_NEG_000442,FRAG_001483,FRAG_001392,sample_zip_012.zip,sample_zip_003.zip,zip,zip,1,0,28.0,64.5,67.0625,0,0,0,0.94577,0.02122,0.27199,0.08007,0.0004,7.9541,0.7634,0.1281,18.8705,0.0261,0.0009,0.0154,0.0083,0,0,0,0,0,0
PAIR_NEG_000044,FRAG_001402,FRAG_001567,sample_zip_005.zip,sample_zip_018.zip,zip,zip,1,0,44.0,52.5,70.8125,0,0,0,0.32323,0.17943,0.80851,0.01903,1.2118,7.3435,36.6044,2.8003,417.8625,0.0307,0.1709,0.2095,0.1826,15,0,1,0,1,0
PAIR_NEG_000122,FRAG_000191,FRAG_000142,sample_jpeg_021.jpg,sample_jpeg_016.jpeg,jpeg,jpeg,1,0,28.0,68.75,82.8125,0,0,0,0.94907,0.02054,0.26171,0.11177,0.0004,7.9554,1.6136,0.4314,63.6344,0.0064,0.0039,0.0098,0.0024,0,0,0,0,0,0
PAIR_NEG_001475,FRAG_000843,FRAG_001504,sample_png_006.png,sample_zip_014.zip,png,zip,0,0,160.0,195.75,103.125,0,0,0,0.94248,0.02187,0.28164,0.04793,0.002,7.9523,0.2324,0.9794,144.3413,0.0073,0.0017,0.0063,0.0007,1,0,0,0,0,0
PAIR_POS_001120,FRAG_001209,FRAG_001210,sample_text_015.json,sample_text_015.json,text,text,1,1,65.0,18.75,37.25,0,1,0,0.9993,0.00856,0.04388,0.99925,0.0068,4.992,0.332,0.0279,1.9766,0.0,0.0,0.0,0.0,0,0,0,0,0,0
PAIR_POS_000925,FRAG_000997,FRAG_000998,sample_png_023.png,sample_png_023.png,png,png,1,1,99.0,55.0,82.0625,0,0,0,0.94643,0.02102,0.25869,-0.00932,0.0019,7.9594,0.4868,0.6777,100.3397,0.0051,0.0012,0.0085,0.0027,0,0,0,0,0,0
PAIR_POS_000551,FRAG_000592,FRAG_000593,sample_pdf_017.pdf,sample_pdf_017.pdf,pdf,pdf,1,1,5.0,48.75,32.6875,0,1,0,0.99981,0.00461,0.02097,0.99979,0.0022,4.562,0.1872,0.0927,5.2153,0.0,0.0,0.0,0.0,0,0,0,0,0,0
PAIR_POS_000989,FRAG_001067,FRAG_001068,sample_text_004.json,sample_text_004.json,text,text,1,1,2.0,59.0,46.625,0,1,0,0.99908,0.0099,0.03464,0.99901,0.0043,4.9787,0.1787,0.0231,1.637,0.0,0.0,0.0,0.0,1,1,0,0,0,0
PAIR_NEG_000753,FRAG_000106,FRAG_000085,sample_jpeg_012.jpg,sample_jpeg_010.jpg,jpeg,jpeg,1,0,3.0,66.5,107.375,0,0,0,0.93722,0.02292,0.29146,0.05078,0.0057,7.9488,0.72,0.6445,95.5181,0.0071,0.0002,0.0041,0.0108,0,0,0,0,0,0
PAIR_POS_000197,FRAG_000221,FRAG_000222,sample_jpeg_025.jpg,sample_jpeg_025.jpg,jpeg,jpeg,1,1,36.0,89.25,81.0625,0,1,0,0.94455,0.02147,0.26799,0.07239,0.0064,7.9544,0.2532,0.8938,133.2046,0.009,0.001,0.0046,0.0076,0,0,0,0,0,0
PAIR_NEG_000610,FRAG_000517,FRAG_000590,sample_pdf_012.pdf,sample_pdf_017.pdf,pdf,pdf,1,0,104.0,58.75,54.4375,0,1,0,0.96563,0.06226,0.2225,0.96307,0.2254,4.6159,5.4661,2.7897,163.334,0.0,0.0,0.0,0.0,8,0,0,0,0,1
PAIR_NEG_000917,FRAG_001548,FRAG_001268,sample_zip_017.zip,sample_text_017.txt,zip,text,0,0,80.0,88.75,68.6875,0,0,0,0.3156,0.18665,1.61873,0.02833,2.8649,6.5278,48.8835,43.7077,4609.174,0.624,0.0054,0.5054,0.114,0,0,0,0,0,0
PAIR_POS_001273,FRAG_001373,FRAG_001374,sample_zip_001.zip,sample_zip_001.zip,zip,zip,1,1,30.0,71.5,77.9375,0,0,0,0.93765,0.02275,0.2885,-0.05498,0.0031,7.9542,0.3432,0.968,143.4697,0.001,0.0008,0.0037,0.0054,1,0,0,0,0,0
PAIR_POS_001010,FRAG_001090,FRAG_001091,sample_text_006.log,sample_text_006.log,text,text,1,1,3.0,8.75,29.6875,0,1,0,0.99894,0.00906,0.03663,0.99882,0.0098,5.1013,0.1482,0.0398,2.4565,0.0,0.0,0.0,0.0,0,1,0,0,0,0
PAIR_POS_000102,FRAG_000114,FRAG_000115,sample_jpeg_013.jpeg,sample_jpeg_013.jpeg,jpeg,jpeg,1,1,24.0,62.75,70.3125,0,0,0,0.95325,0.01972,0.2587,0.22768,0.0,7.9536,0.6878,0.1135,16.8176,0.0009,0.0012,0.0035,0.0032,0,0,0,0,0,0
PAIR_POS_001506,FRAG_001630,FRAG_001631,sample_zip_025.zip,sample_zip_025.zip,zip,zip,1,1,14.0,102.5,85.625,0,0,0,0.94469,0.02144,0.2739,0.07005,0.0089,7.9536,0.7632,0.4606,68.1078,0.0061,0.0029,0.0091,0.0027,1,0,0,0,0,0
PAIR_NEG_000896,FRAG_001191,FRAG_000610,sample_text_013.csv,sample_pdf_018.pdf,text,pdf,0,0,61.0,37.0,48.1875,0,1,0,0.23829,0.27612,1.46725,0.1735,0.2961,4.7315,31.3802,3.9514,206.2442,0.0,0.0,0.0,0.0,1,0,0,0,0,0
PAIR_POS_000518,FRAG_000557,FRAG_000558,sample_pdf_015.pdf,sample_pdf_015.pdf,pdf,pdf,1,1,7.0,7.25,10.625,0,1,0,0.99969,0.00614,0.02784,0.99966,0.0253,4.5107,0.3525,0.2204,12.1592,0.0,0.0,0.0,0.0,0,0,0,0,0,0
PAIR_POS_001294,FRAG_001397,FRAG_001398,sample_zip_004.zip,sample_zip_004.zip,zip,zip,1,1,197.0,121.25,105.0,0,0,0,0.94081,0.02217,0.28667,-0.00504,0.0026,7.955,2.2256,0.1686,24.8643,0.0062,0.0017,0.0119,0.0076,0,0,0,0,0,0
PAIR_NEG_001408,FRAG_000378,FRAG_001335,sample_pdf_007.pdf,sample_text_022.log,pdf,text,0,0,5.0,29.5,43.0,0,1,0,0.8534,0.12429,0.72608,0.84159,0.6007,4.7918,16.2842,3.6332,211.3777,0.0,0.0,0.0,0.0,1,0,0,0,0,0
PAIR_NEG_000639,FRAG_000976,FRAG_000910,sample_png_021.png,sample_png_013.png,png,png,1,0,50.0,105.75,101.4375,0,0,0,0.91681,0.0267,0.34833,-0.01559,0.0529,7.9341,1.3036,0.5043,74.252,0.0163,0.0042,0.0189,0.0011,2,0,1,0,1,0
PAIR_POS_000740,FRAG_000789,FRAG_000790,sample_pdf_025.pdf,sample_pdf_025.pdf,pdf,pdf,1,1,14.0,12.75,24.4375,0,1,0,0.99938,0.00835,0.03705,0.99934,0.0137,4.5156,0.2193,0.2053,11.3322,0.0,0.0,0.0,0.0,0,0,0,0,0,0
PAIR_POS_000675,FRAG_000721,FRAG_000722,sample_pdf_022.pdf,sample_pdf_022.pdf,pdf,pdf,1,1,17.0,44.75,27.25,0,1,0,0.99994,0.00272,0.01219,0.99993,0.0107,4.5134,0.2634,0.121,6.7222,0.0,0.0,0.0,0.0,0,0,0,0,0,0
PAIR_POS_000906,FRAG_000976,FRAG_000977,sample_png_021.png,sample_png_021.png,png,png,1,1,12.0,71.25,85.75,0,0,0,0.94342,0.02164,0.27583,-0.02205,0.0073,7.9568,0.4062,0.3133,46.1869,0.0166,0.0007,0.011,0.0046,0,0,0,0,0,0
PAIR_POS_000878,FRAG_000945,FRAG_000946,sample_png_018.png,sample_png_018.png,png,png,1,1,63.0,98.0,95.375,0,1,0,0.94116,0.02211,0.28271,0.01287,0.0043,7.9542,0.8963,0.4214,62.4062,0.0049,0.0029,0.0005,0.0041,1,1,0,1,0,0
PAIR_POS_000743,FRAG_000792,FRAG_000793,sample_pdf_025.pdf,sample_pdf_025.pdf,pdf,pdf,1,1,15.0,7.25,18.9375,0,1,0,0.9996,0.00679,0.02882,0.99958,0.0184,4.5019,0.3111,0.1189,6.5394,0.0,0.0,0.0,0.0,0,0,0,0,0,0
PAIR_NEG_000552,FRAG_001012,FRAG_000997,sample_png_025.png,sample_png_023.png,png,png,1,0,82.0,103.5,79.3125,0,0,0,0.94081,0.0222,0.28666,0.02933,0.0145,7.9531,1.2574,0.1966,29.1941,0.0015,0.0008,0.0044,0.0051,0,0,0,0,0,0
PAIR_NEG_000757,FRAG_001172,FRAG_000553,sample_text_011.json,sample_pdf_015.pdf,text,pdf,0,0,4.0,20.5,25.625,0,1,0,0.73085,0.17147,0.87841,0.71011,0.4633,4.7523,26.1804,7.9034,498.5475,0.0,0.0,0.0,0.0,2,0,0,0,0,0
PAIR_NEG_000399,FRAG_001001,FRAG_000825,sample_png_023.png,sample_png_004.png,png,png,1,0,231.0,142.0,99.25,0,0,0,0.94604,0.02113,0.26993,0.0271,0.0099,7.9572,0.0445,0.7463,110.7317,0.0034,0.0,0.0034,0.0076,0,0,0,0,0,0
PAIR_POS_000190,FRAG_000214,FRAG_000215,sample_jpeg_025.jpg,sample_jpeg_025.jpg,jpeg,jpeg,1,1,21.0,99.5,97.0,0,0,0,0.93841,0.02268,0.27834,0.0392,0.0079,7.9522,3.4053,0.7229,108.8794,0.0098,0.0,0.0242,0.0144,1,1,0,1,0,0
PAIR_NEG_001125,FRAG_000328,FRAG_000085,sample_pdf_005.pdf,sample_jpeg_010.jpg,pdf,jpeg,0,0,80.0,28.0,68.8125,0,0,0,0.24868,0.23027,1.70991,-0.0204,3.4284,6.2317,31.5769,46.1663,4681.2556,0.6089,0.0081,0.4968,0.1086,0,0,0,0,0,0
PAIR_POS_000827,FRAG_000886,FRAG_000887,sample_png_010.png,sample_png_010.png,png,png,1,1,69.0,110.5,94.1875,0,1,0,0.88535,0.03208,0.40643,0.02197,0.0933,7.9034,0.6915,1.466,217.042,0.0154,0.0016,0.0063,0.0118,2,0,1,0,1,0
PAIR_NEG_000291,FRAG_000790,FRAG_000301,sample_pdf_025.pdf,sample_pdf_003.pdf,pdf,pdf,1,0,4.0,8.0,25.4375,0,1,0,0.99128,0.03197,0.14651,0.99066,0.0721,4.4863,1.3689,0.7959,43.4606,0.0,0.0,0.0,0.0,0,0,0,0,0,0
PAIR_POS_001257,FRAG_001355,FRAG_001356,sample_text_024.txt,sample_text_024.txt,text,text,1,1,3.0,45.25,30.5625,0,1,0,0.99948,0.00634,0.02491,0.99942,0.0083,5.1036,0.0693,0.0203,1.254,0.0,0.0,0.0,0.0,1,0,0,0,0,0
PAIR_POS_000127,FRAG_000142,FRAG_000143,sample_jpeg_016.jpeg,sample_jpeg_016.jpeg,jpeg,jpeg,1,1,55.0,43.0,82.375,0,1,0,0.94428,0.02151,0.27239,0.05852,0.0039,7.9532,0.1138,1.0991,162.8393,0.0024,0.0024,0.0017,0.0,0,0,0,0,0,0
PAIR_POS_001058,FRAG_001142,FRAG_001143,sample_text_010.log,sample_text_010.log,text,text,1,1,5.0,25.25,23.3125,0,1,0,0.99904,0.00867,0.04102,0.99894,0.0191,5.1108,0.1164,0.0517,3.1912,0.0,0.0,0.0,0.0,1,0,0,0,0,0
PAIR_NEG_000362,FRAG_001302,FRAG_001043,sample_text_020.txt,sample_text_002.txt,text,text,1,0,19.0,27.5,40.375,0,1,0,0.99968,0.00503,0.02159,0.99964,0.0116,5.1026,0.0915,0.07,4.3227,0.0,0.0,0.0,0.0,1,1,0,0,0,0
PAIR_POS_001454,FRAG_001572,FRAG_001573,sample_zip_019.zip,sample_zip_019.zip,zip,zip,1,1,6.0,134.75,113.3125,0,1,0,0.95017,0.02031,0.25338,0.11233,0.0009,7.9569,0.7845,0.1321,19.4556,0.0022,0.0005,0.0005,0.0024,1,0,0,0,0,0
PAIR_NEG_000999,FRAG_001570,FRAG_000527,sample_zip_019.zip,sample_pdf_014.pdf,zip,pdf,0,0,119.0,133.75,98.5625,0,0,0,0.27292,0.22405,1.66558,0.05402,3.2969,6.3049,33.3604,44.9858,4616.561,0.6159,0.0046,0.4992,0.113,1,0,0,0,0,1
PAIR_POS_000045,FRAG_000050,FRAG_000051,sample_jpeg_006.jpg,sample_jpeg_006.jpg,jpeg,jpeg,1,1,102.0,56.0,44.375,0,0,0,0.93542,0.02327,0.29785,0.0465,0.0043,7.947,2.3929,0.0496,7.3556,0.0098,0.0004,0.0144,0.0044,0,0,0,0,0,0
PAIR_NEG_000888,FRAG_000065,FRAG_000859,sample_jpeg_008.jpeg,sample_png_008.png,jpeg,png,0,0,151.0,101.5,93.75,0,0,0,0.93877,0.02264,0.28018,0.08092,0.0029,7.9482,1.6538,1.0498,155.8305,0.0066,0.0026,0.0059,0.0027,1,0,0,0,0,0
PAIR_POS_000664,FRAG_000709,FRAG_000710,sample_pdf_021.pdf,sample_pdf_021.pdf,pdf,pdf,1,1,3.0,14.0,23.8125,0,1,0,0.99961,0.00696,0.03468,0.99958,0.0324,4.4852,0.5413,0.2569,14.0529,0.0,0.0,0.0,0.0,0,0,0,0,0,0
PAIR_POS_000481,FRAG_000518,FRAG_000519,sample_pdf_013.pdf,sample_pdf_013.pdf,pdf,pdf,1,1,72.0,58.5,45.75,0,1,0,0.99905,0.01087,0.05519,0.99899,0.1015,4.6523,1.1792,1.0251,59.0125,0.002,0.0,0.002,0.0,0,1,0,1,0,0
PAIR_NEG_001402,FRAG_000707,FRAG_001271,sample_pdf_020.pdf,sample_text_017.txt,pdf,text,0,0,39.0,26.0,28.4375,0,1,0,0.37959,0.41208,1.18778,0.35673,1.6697,4.2739,26.0602,5.6527,317.1126,0.0,0.0,0.0,0.0,3,0,0,0,0,1
PAIR_NEG_000720,FRAG_000153,FRAG_000122,sample_jpeg_017.jpg,sample_jpeg_014.jpeg,jpeg,jpeg,1,0,81.0,47.25,72.6875,0,1,0,0.94383,0.02167,0.27635,0.14768,0.0006,7.9487,1.188,0.0858,12.7482,0.0042,0.0005,0.0042,0.0015,0,0,0,0,0,0
PAIR_POS_000526,FRAG_000566,FRAG_000567,sample_pdf_016.pdf,sample_pdf_016.pdf,pdf,pdf,1,1,13.0,30.5,25.4375,0,1,0,0.99994,0.00265,0.0122,0.99993,0.0032,4.5901,0.1089,0.0455,2.6008,0.0,0.0,0.0,0.0,0,0,0,0,0,0
PAIR_POS_001355,FRAG_001465,FRAG_001466,sample_zip_011.zip,sample_zip_011.zip,zip,zip,1,1,100.0,82.0,87.5625,0,0,0,0.93434,0.02337,0.2934,-0.08441,0.001,7.9528,0.252,0.4569,67.7121,0.0102,0.0015,0.0047,0.0049,1,0,0,0,0,0
PAIR_POS_001225,FRAG_001320,FRAG_001321,sample_text_021.csv,sample_text_021.csv,text,text,1,1,4.0,5.5,7.375,0,1,0,0.99895,0.00998,0.04292,0.99885,0.011,4.8794,0.2298,0.0016,0.0755,0.0,0.0,0.0,0.0,1,0,0,0,0,0
PAIR_NEG_000971,FRAG_001481,FRAG_001244,sample_zip_011.zip,sample_text_016.json,zip,text,0,0,101.0,105.25,77.0625,0,0,0,0.10625,0.42147,1.38567,0.06459,0.4236,4.7777,16.7511,21.3329,1964.5522,0.5315,0.3652,0.0605,0.471,9,0,0,0,0,1
PAIR_NEG_000629,FRAG_001594,FRAG_001387,sample_zip_021.zip,sample_zip_003.zip,zip,zip,1,0,170.0,57.0,97.75,0,0,0,0.94694,0.02091,0.26615,-0.02683,0.0016,7.9601,0.76,0.1888,27.6059,0.0061,0.0012,0.0081,0.0022,1,0,0,0,0,0
PAIR_NEG_000954,FRAG_001016,FRAG_001414,sample_png_025.png,sample_zip_006.zip,png,zip,0,0,36.0,46.25,94.1875,0,1,0,0.94238,0.02185,0.2831,-0.01366,0.0026,7.9562,0.1311,0.0528,7.8895,0.0129,0.0003,0.0073,0.0063,0,0,0,0,0,0
PAIR_NEG_000903,FRAG_001062,FRAG_001599,sample_text_003.log,sample_zip_021.zip,text,zip,0,0,10.0,105.0,98.6875,0,1,0,0.31503,0.18574,1.60152,0.01926,2.845,6.5368,47.439,44.1367,4668.956,0.6133,0.0068,0.49,0.1201,1,0,0,0,0,0
PAIR_POS_000020,FRAG_000021,FRAG_000022,sample_jpeg_002.jpeg,sample_jpeg_002.jpeg,jpeg,jpeg,1,1,84.0,71.75,78.1875,0,0,0,0.95295,0.01973,0.25192,0.15765,0.0091,7.957,0.9849,0.4072,60.3224,0.0019,0.0012,0.0017,0.0005,0,0,0,0,0,0
PAIR_NEG_001453,FRAG_001325,FRAG_001384,sample_text_022.log,sample_zip_002.zip,text,zip,0,0,6.0,89.0,72.125,0,1,0,0.297,0.1872,1.61014,0.01436,2.7946,6.5095,44.2449,45.3499,4853.3912,0.6235,0.0261,0.4798,0.1402,14,1,1,0,1,0
PAIR_POS_001352,FRAG_001461,FRAG_001462,sample_zip_010.zip,sample_zip_010.zip,zip,zip,1,1,110.0,107.5,87.6875,0,0,0,0.74527,0.0556,0.40105,0.1081,0.1926,7.8587,8.0909,0.574,86.9251,0.0068,0.0481,0.0491,0.0423,14,0,1,0,1,0
PAIR_POS_000436,FRAG_000471,FRAG_000472,sample_pdf_011.pdf,sample_pdf_011.pdf,pdf,pdf,1,1,5.0,12.5,36.125,0,1,0,0.99993,0.00291,0.01364,0.99992,0.0101,4.5537,0.1142,0.0961,5.329,0.0,0.0,0.0,0.0,0,0,0,0,0,0
PAIR_NEG_001420,FRAG_000097,FRAG_001475,sample_jpeg_011.jpeg,sample_zip_011.zip,jpeg,zip,0,0,112.0,117.5,76.0625,0,0,0,0.93918,0.02245,0.28957,-0.0596,0.0001,7.9554,2.6308,0.5167,76.1913,0.0071,0.0012,0.0105,0.0027,0,0,0,0,0,0
PAIR_NEG_000430,FRAG_000561,FRAG_000376,sample_pdf_016.pdf,sample_pdf_007.pdf,pdf,pdf,1,0,12.0,16.75,11.375,0,1,0,0.99099,0.03378,0.18161,0.99041,0.2726,4.5892,3.7736,2.2971,130.3802,0.002,0.0,0.002,0.0,0,1,0,1,0,0
PAIR_POS_000215,FRAG_000240,FRAG_000241,sample_pdf_001.pdf,sample_pdf_001.pdf,pdf,pdf,1,1,68.0,23.5,19.75,0,1,0,0.99826,0.01452,0.08148,0.99814,0.1163,4.5226,1.6753,1.0593,58.1732,0.0,0.0,0.0,0.0,0,0,0,0,0,0
PAIR_NEG_001233,FRAG_001364,FRAG_000134,sample_text_025.log,sample_jpeg_015.jpeg,text,jpeg,0,0,4.0,36.75,59.5625,0,1,0,0.30686,0.18671,1.62058,-0.01574,2.8518,6.5342,47.4216,43.1631,4527.7898,0.6067,0.0063,0.4915,0.1111,1,0,0,0,0,0
PAIR_POS_000315,FRAG_000344,FRAG_000345,sample_pdf_005.pdf,sample_pdf_005.pdf,pdf,pdf,1,1,1.0,6.5,9.875,0,1,0,0.9995,0.00773,0.04293,0.99947,0.0696,4.573,0.5571,0.4171,23.6018,0.0,0.0,0.0,0.0,0,0,0,0,0,0
PAIR_NEG_001147,FRAG_000658,FRAG_000021,sample_pdf_019.pdf,sample_jpeg_002.jpeg,pdf,jpeg,0,0,107.0,88.0,79.875,0,0,0,0.25194,0.22901,1.71284,-0.01718,3.4238,6.2406,32.8904,46.6368,4753.1882,0.6208,0.0085,0.4995,0.1165,0,0,0,0,0,0
PAIR_POS_001207,FRAG_001300,FRAG_001301,sample_text_019.txt,sample_text_019.txt,text,text,1,1,4.0,6.25,43.5625,0,1,0,0.99816,0.01192,0.03701,0.99795,0.0029,5.1036,0.182,0.0325,2.009,0.0,0.0,0.0,0.0,1,0,1,0,0,0
PAIR_POS_000132,FRAG_000148,FRAG_000149,sample_jpeg_017.jpg,sample_jpeg_017.jpg,jpeg,jpeg,1,1,49.0,61.5,65.375,0,0,0,0.92942,0.0245,0.30515,0.11669,0.0192,7.9409,3.5806,2.2678,340.2711,0.0071,0.0061,0.0192,0.0127,1,1,0,1,0,0
PAIR_POS_000881,FRAG_000948,FRAG_000949,sample_png_018.png,sample_png_018.png,png,png,1,1,124.0,74.0,82.8125,0,0,0,0.94312,0.0218,0.27341,0.12379,0.0061,7.9486,0.2759,0.6445,94.6501,0.0078,0.001,0.009,0.0008,0,0,0,0,0,0
PAIR_POS_000122,FRAG_000136,FRAG_000137,sample_jpeg_015.jpeg,sample_jpeg_015.jpeg,jpeg,jpeg,1,1,53.0,86.75,87.9375,0,0,0,0.94387,0.02161,0.27628,0.08123,0.0018,7.9529,0.1685,0.0629,9.2715,0.0003,0.0007,0.0013,0.0032,0,0,0,0,0,0
PAIR_NEG_000601,FRAG_000198,FRAG_000149,sample_jpeg_022.jpg,sample_jpeg_017.jpg,jpeg,jpeg,1,0,7.0,113.5,73.4375,0,1,0,0.94057,0.02228,0.2851,0.07743,0.0016,7.9513,0.9882,0.4043,59.9112,0.0078,0.0002,0.0009,0.0066,0,0,0,0,0,0
PAIR_NEG_000841,FRAG_000784,FRAG_001620,sample_pdf_025.pdf,sample_zip_024.zip,pdf,zip,0,0,43.0,87.0,75.375,0,1,0,0.25554,0.22815,1.69829,-0.00342,3.4067,6.2476,34.2171,45.7671,4635.2296,0.6252,0.0024,0.5103,0.1099,0,0,0,0,0,0
PAIR_POS_001493,FRAG_001615,FRAG_001616,sample_zip_023.zip,sample_zip_023.zip,zip,zip,1,1,37.0,136.5,108.125,0,0,0,0.86695,0.03565,0.33343,0.15404,0.0803,7.9115,4.1421,2.1808,326.8577,0.013,0.0264,0.0221,0.0347,15,0,1,0,1,0
PAIR_POS_001161,FRAG_001251,FRAG_001252,sample_text_016.json,sample_text_016.json,text,text,1,1,0.0,39.0,39.25,0,1,1,0.99909,0.00992,0.03996,0.99902,0.0184,4.9742,0.1539,0.0579,4.1031,0.0,0.0,0.0,0.0,0,0,0,0,0,0
PAIR_NEG_000237,FRAG_000329,FRAG_000533,sample_pdf_005.pdf,sample_pdf_014.pdf,pdf,pdf,1,0,69.0,22.25,35.6875,0,1,0,0.99407,0.02613,0.12548,0.99364,0.0827,4.5726,1.3848,0.5549,31.2063,0.0,0.0,0.0,0.0,0,0,0,0,0,0
PAIR_NEG_000540,FRAG_001446,FRAG_001540,sample_zip_009.zip,sample_zip_016.zip,zip,zip,1,0,145.0,84.75,107.0,0,0,0,0.94049,0.02225,0.28228,0.0258,0.0002,7.9535,0.4038,0.0628,9.2395,0.001,0.001,0.0029,0.0027,1,0,0,0,0,0
PAIR_POS_000908,FRAG_000978,FRAG_000979,sample_png_021.png,sample_png_021.png,png,png,1,1,151.0,139.0,83.625,0,0,0,0.941,0.02207,0.28303,-0.10626,0.004,7.9587,1.8669,0.5551,82.1112,0.0078,0.001,0.0178,0.0091,0,0,0,0,0,0
PAIR_POS_001413,FRAG_001527,FRAG_001528,sample_zip_015.zip,sample_zip_015.zip,zip,zip,1,1,108.0,78.0,96.125,0,0,0,0.94133,0.02201,0.27535,-0.09365,0.0018,7.9584,3.6048,1.1374,168.5373,0.0059,0.0022,0.0213,0.0136,1,0,0,0,0,0
PAIR_NEG_001094,FRAG_000263,FRAG_001071,sample_pdf_002.pdf,sample_text_004.json,pdf,text,0,0,75.0,39.5,39.5625,0,1,0,0.73808,0.16894,0.87013,0.71784,0.4057,4.7714,25.864,7.5995,482.1173,0.0,0.0,0.0,0.0,2,0,0,0,0,0
PAIR_NEG_001193,FRAG_000980,FRAG_000251,sample_png_021.png,sample_pdf_001.pdf,png,pdf,0,0,94.0,104.75,62.0625,0,1,0,0.29132,0.22286,1.69822,0.13134,3.3689,6.2679,34.6932,45.7057,4648.8391,0.6248,0.0049,0.5081,0.113,0,0,0,0,0,0
PAIR_NEG_000558,FRAG_000106,FRAG_000094,sample_jpeg_012.jpg,sample_jpeg_011.jpeg,jpeg,jpeg,1,0,71.0,72.5,76.375,0,0,0,0.94106,0.02213,0.28702,0.0194,0.0048,7.954,1.74,0.4519,67.4804,0.0027,0.002,0.0049,0.0071,0,0,0,0,0,0
PAIR_POS_000492,FRAG_000530,FRAG_000531,sample_pdf_014.pdf,sample_pdf_014.pdf,pdf,pdf,1,1,11.0,7.25,23.9375,0,1,0,0.99964,0.00642,0.02878,0.99961,0.0064,4.5434,0.0261,0.0124,0.6892,0.0,0.0,0.0,0.0,0,0,0,0,0,0
PAIR_NEG_001431,FRAG_000100,FRAG_000230,sample_jpeg_012.jpg,sample_pdf_001.pdf,jpeg,pdf,0,0,78.0,91.5,60.0625,0,0,0,0.24439,0.22945,1.71097,-0.05303,3.3908,6.2611,33.8911,46.9214,4823.9863,0.6321,0.0071,0.5115,0.1172,0,0,0,0,0,0
PAIR_NEG_001218,FRAG_000577,FRAG_001529,sample_pdf_016.pdf,sample_zip_015.zip,pdf,zip,0,0,26.0,67.25,50.125,0,0,0,0.17002,0.2467,1.68395,0.03988,2.9272,5.9922,10.9568,49.0429,5136.7935,0.5905,0.1013,0.3763,0.2088,15,0,1,0,1,0
PAIR_POS_000898,FRAG_000966,FRAG_000967,sample_png_019.png,sample_png_019.png,png,png,1,1,74.0,41.5,76.3125,0,0,0,0.95496,0.01935,0.24301,0.25031,0.0031,7.9524,1.2124,0.0558,8.3149,0.0163,0.0003,0.0136,0.0,0,0,0,0,0,0
PAIR_NEG_000856,FRAG_001307,FRAG_001613,sample_text_020.txt,sample_zip_023.zip,text,zip,0,0,69.0,68.75,75.375,0,0,0,0.31154,0.18675,1.60887,0.01396,2.8532,6.5268,48.3272,43.0102,4506.9623,0.6226,0.0066,0.499,0.1174,1,0,0,0,0,0
PAIR_NEG_000952,FRAG_001242,FRAG_000329,sample_text_016.json,sample_pdf_005.pdf,text,pdf,0,0,60.0,61.5,31.9375,0,1,0,0.73015,0.17186,0.87694,0.70939,0.446,4.7543,26.001,7.6104,481.6519,0.0,0.0,0.0,0.0,2,0,0,0,0,0
PAIR_NEG_001470,FRAG_001301,FRAG_001386,sample_text_019.txt,sample_zip_003.zip,text,zip,0,0,150.0,108.0,85.375,0,0,0,0.31094,0.18628,1.6249,0.01021,2.8454,6.5277,48.1363,43.5376,4587.5683,0.6213,0.002,0.5007,0.1165,1,0,0,0,0,0
PAIR_POS_001502,FRAG_001626,FRAG_001627,sample_zip_025.zip,sample_zip_025.zip,zip,zip,1,1,17.0,96.5,76.75,0,0,0,0.93912,0.02243,0.28222,-0.1198,0.0074,7.9585,0.7688,1.9497,288.8244,0.0127,0.0019,0.0066,0.0086,0,0,0,0,0,0
PAIR_POS_001286,FRAG_001388,FRAG_001389,sample_zip_003.zip,sample_zip_003.zip,zip,zip,1,1,129.0,54.75,81.75,0,0,0,0.94923,0.02047,0.25871,0.04647,0.0006,7.9586,0.0501,0.541,80.6148,0.0098,0.0012,0.0029,0.008,0,0,0,0,0,0
PAIR_POS_000545,FRAG_000586,FRAG_000587,sample_pdf_017.pdf,sample_pdf_017.pdf,pdf,pdf,1,1,9.0,43.25,30.0625,0,1,0,0.99786,0.01615,0.08054,0.99772,0.1159,4.5465,1.7012,1.0175,56.6453,0.0,0.0,0.0,0.0,0,0,0,0,0,0
PAIR_NEG_000739,FRAG_000725,FRAG_000549,sample_pdf_022.pdf,sample_pdf_015.pdf,pdf,pdf,1,0,68.0,44.0,56.9375,0,1,0,0.99006,0.03389,0.16307,0.98934,0.1684,4.6063,1.771,1.185,67.3992,0.002,0.0,0.002,0.0,0,0,0,0,0,1
PAIR_POS_000629,FRAG_000673,FRAG_000674,sample_pdf_020.pdf,sample_pdf_020.pdf,pdf,pdf,1,1,4.0,19.0,21.3125,0,1,0,0.99748,0.01768,0.08831,0.99732,0.1718,4.5989,2.063,1.5957,90.4303,0.002,0.0,0.002,0.0,0,1,0,1,0,0
PAIR_POS_000790,FRAG_000846,FRAG_000847,sample_png_007.png,sample_png_007.png,png,png,1,1,16.0,48.75,82.3125,0,0,0,0.94368,0.02167,0.27483,0.10854,0.0106,7.9505,1.2495,0.295,43.6564,0.0161,0.0051,0.0068,0.008,1,1,0,1,0,0
PAIR_POS_000193,FRAG_000217,FRAG_000218,sample_jpeg_025.jpg,sample_jpeg_025.jpg,jpeg,jpeg,1,1,98.0,76.5,90.25,0,0,0,0.93582,0.02315,0.28786,-0.00154,0.0007,7.9506,1.7981,0.2203,32.8751,0.0108,0.0022,0.0103,0.0037,0,0,0,0,0,0
PAIR_POS_000227,FRAG_000252,FRAG_000253,sample_pdf_001.pdf,sample_pdf_001.pdf,pdf,pdf,1,1,2.0,23.5,20.0,0,1,0,0.99548,0.02334,0.11227,0.99517,0.1399,4.5877,2.0808,1.0098,56.8519,0.0,0.0,0.0,0.0,0,0,0,0,0,0
PAIR_POS_001508,FRAG_001632,FRAG_001633,sample_zip_025.zip,sample_zip_025.zip,zip,zip,1,1,121.0,74.0,86.3125,0,0,0,0.93865,0.02258,0.28175,-0.01716,0.0069,7.9524,1.1743,0.1839,26.7951,0.0139,0.0005,0.0137,0.0002,0,0,0,0,0,0
PAIR_POS_000159,FRAG_000177,FRAG_000178,sample_jpeg_019.jpg,sample_jpeg_019.jpg,jpeg,jpeg,1,1,51.0,74.0,84.5,0,0,0,0.942,0.02197,0.28812,0.04924,0.0002,7.9532,3.2312,0.6988,103.7318,0.0113,0.002,0.0168,0.0037,0,0,0,0,0,0
PAIR_NEG_001260,FRAG_000799,FRAG_001484,sample_png_001.png,sample_zip_012.zip,png,zip,0,0,5.0,73.0,70.8125,0,1,0,0.93461,0.02332,0.3003,-0.08704,0.0051,7.9526,3.4595,0.9506,139.8499,0.0162,0.0025,0.0232,0.0058,0,0,0,0,0,0
PAIR_POS_000105,FRAG_000117,FRAG_000118,sample_jpeg_013.jpeg,sample_jpeg_013.jpeg,jpeg,jpeg,1,1,83.0,112.5,109.125,0,0,0,0.95448,0.01937,0.25485,0.12618,0.0015,7.9604,0.5503,0.8591,127.1741,0.0061,0.0025,0.0044,0.0024,0,0,0,0,0,0
PAIR_NEG_000274,FRAG_000142,FRAG_000075,sample_jpeg_016.jpeg,sample_jpeg_009.jpeg,jpeg,jpeg,1,0,2.0,74.75,93.375,0,1,0,0.94099,0.02214,0.28561,0.00621,0.0044,7.953,0.3254,0.5281,77.9429,0.0032,0.0022,0.0034,0.0008,0,0,0,0,0,0
PAIR_NEG_001410,FRAG_001417,FRAG_000124,sample_zip_006.zip,sample_jpeg_014.jpeg,zip,jpeg,0,0,155.0,83.75,76.0,0,0,0,0.93264,0.02373,0.298,-0.02588,0.0061,7.9492,1.0429,0.0642,9.4726,0.0057,0.002,0.0001,0.0059,0,0,1,0,1,0
PAIR_NEG_001101,FRAG_001197,FRAG_000078,sample_text_014.txt,sample_jpeg_010.jpg,text,jpeg,0,0,210.0,188.75,88.5,0,0,0,0.31512,0.18639,1.60833,0.03437,2.8463,6.5242,42.7493,44.4796,4727.1476,0.6135,0.0129,0.4719,0.1365,1,1,0,0,0,1
PAIR_POS_000497,FRAG_000535,FRAG_000536,sample_pdf_014.pdf,sample_pdf_014.pdf,pdf,pdf,1,1,5.0,32.5,30.1875,0,1,0,0.99892,0.01086,0.06348,0.99884,0.0248,4.6136,0.1548,0.1085,6.1236,0.0,0.0,0.0,0.0,0,0,0,0,0,0
PAIR_NEG_001156,FRAG_001580,FRAG_000863,sample_zip_020.zip,sample_png_008.png,zip,png,0,0,194.0,154.5,118.4375,0,0,0,0.94106,0.02213,0.28271,0.015,0.0009,7.9535,3.934,1.1202,165.6432,0.0237,0.0022,0.0278,0.0047,0,0,0,0,0,0
PAIR_NEG_001195,FRAG_001043,FRAG_001467,sample_text_002.txt,sample_zip_011.zip,text,zip,0,0,4.0,67.5,95.0,0,1,0,0.31758,0.18645,1.61723,0.03945,2.8588,6.5262,49.0778,43.2958,4549.3383,0.625,0.0054,0.5066,0.1147,0,1,0,0,0,0
PAIR_POS_001440,FRAG_001556,FRAG_001557,sample_zip_017.zip,sample_zip_017.zip,zip,zip,1,1,69.0,94.75,74.0,0,0,0,0.73608,0.05562,0.40258,-0.00869,0.1606,7.8685,12.2406,1.3999,211.7707,0.0165,0.048,0.07,0.0534,15,0,1,0,1,0
PAIR_POS_001420,FRAG_001535,FRAG_001536,sample_zip_016.zip,sample_zip_016.zip,zip,zip,1,1,201.0,91.5,69.125,0,0,0,0.94189,0.02197,0.27434,0.0166,0.0003,7.9545,0.8305,0.2468,36.4743,0.0037,0.0017,0.0029,0.0009,1,0,0,0,0,0
PAIR_NEG_000560,FRAG_001144,FRAG_001298,sample_text_010.log,sample_text_019.txt,text,text,1,0,13.0,8.5,28.8125,0,1,0,0.99947,0.00645,0.02193,0.99941,0.0133,5.1104,0.1304,0.0511,3.1511,0.0,0.0,0.0,0.0,0,0,0,0,0,0
PAIR_NEG_000262,FRAG_001558,FRAG_001612,sample_zip_018.zip,sample_zip_023.zip,zip,zip,1,0,53.0,107.0,95.875,0,0,0,0.93652,0.02301,0.28645,0.00373,0.0047,7.9509,1.2912,1.7962,266.55,0.012,0.0017,0.0064,0.0202,1,1,0,1,0,0
PAIR_NEG_000366,FRAG_000114,FRAG_000043,sample_jpeg_013.jpeg,sample_jpeg_005.jpg,jpeg,jpeg,1,0,10.0,44.0,69.25,0,0,0,0.94475,0.02144,0.27783,0.09306,0.0001,7.9536,0.5403,0.8798,131.0426,0.0032,0.0,0.0017,0.0051,0,0,0,0,0,0
PAIR_POS_001389,FRAG_001501,FRAG_001502,sample_zip_013.zip,sample_zip_013.zip,zip,zip,1,1,67.0,59.25,113.375,0,0,0,0.65266,0.07187,0.44137,0.0719,0.2878,7.8108,14.8146,2.9288,443.8799,0.0014,0.0653,0.0756,0.0743,15,0,1,0,1,0
PAIR_NEG_000018,FRAG_001555,FRAG_001468,sample_zip_017.zip,sample_zip_011.zip,zip,zip,1,0,52.0,60.5,51.6875,0,1,0,0.93878,0.02253,0.289,-0.06236,0.0028,7.9556,3.7317,0.574,84.8798,0.0307,0.0015,0.0337,0.0039,1,0,0,0,0,0
PAIR_NEG_001160,FRAG_000808,FRAG_000711,sample_png_002.png,sample_pdf_021.pdf,png,pdf,0,0,33.0,36.0,50.25,0,0,0,0.22872,0.23323,1.71966,-0.04496,3.4019,6.1929,28.7088,47.8289,4906.4819,0.6141,0.0048,0.4793,0.132,2,0,0,0,0,1
PAIR_POS_000372,FRAG_000404,FRAG_000405,sample_pdf_008.pdf,sample_pdf_008.pdf,pdf,pdf,1,1,73.0,24.0,29.3125,0,1,0,0.99843,0.01365,0.06738,0.99832,0.0962,4.564,1.1927,0.7053,39.305,0.0,0.0,0.0,0.0,0,0,0,0,0,0
PAIR_NEG_000466,FRAG_001529,FRAG_001550,sample_zip_015.zip,sample_zip_017.zip,zip,zip,1,0,99.0,116.75,141.0,0,0,0,0.54274,0.101,0.54309,0.18554,0.4958,7.7037,21.6105,2.7398,413.8318,0.0233,0.0947,0.1164,0.0921,14,0,0,0,0,1
PAIR_POS_001001,FRAG_001079,FRAG_001080,sample_text_004.json,sample_text_004.json,text,text,1,1,24.0,55.25,41.1875,0,1,0,0.99956,0.00694,0.03415,0.99953,0.0195,4.9794,0.0075,0.0609,4.3208,0.0,0.0,0.0,0.0,0,0,0,0,0,0
PAIR_NEG_000668,FRAG_000021,FRAG_000012,sample_jpeg_002.jpeg,sample_jpeg_001.jpeg,jpeg,jpeg,1,0,15.0,79.75,98.5,0,0,0,0.93692,0.02292,0.29736,-0.02066,0.0016,7.9517,2.2881,0.0382,5.6845,0.0058,0.0017,0.0137,0.008,0,0,0,0,0,0
PAIR_POS_001495,FRAG_001618,FRAG_001619,sample_zip_024.zip,sample_zip_024.zip,zip,zip,1,1,73.0,59.25,68.9375,0,0,0,0.94132,0.02205,0.2803,-0.02416,0.0011,7.9558,0.6923,0.9811,144.0266,0.0091,0.0021,0.0078,0.0002,1,0,0,0,0,0
PAIR_POS_000702,FRAG_000749,FRAG_000750,sample_pdf_023.pdf,sample_pdf_023.pdf,pdf,pdf,1,1,2.0,50.0,26.4375,0,1,0,0.99738,0.01791,0.09371,0.9972,0.1364,4.5885,2.1152,1.2453,70.0903,0.0,0.0,0.0,0.0,0,0,0,0,0,0
PAIR_NEG_000405,FRAG_000968,FRAG_000987,sample_png_019.png,sample_png_021.png,png,png,1,0,109.0,50.0,60.8125,0,0,0,0.85668,0.03665,0.46665,0.05368,0.1401,7.863,0.4321,0.0802,11.8682,0.0206,0.0024,0.0072,0.0118,0,0,1,0,1,1
PAIR_POS_000331,FRAG_000361,FRAG_000362,sample_pdf_006.pdf,sample_pdf_006.pdf,pdf,pdf,1,1,3.0,38.75,27.9375,0,1,0,0.99891,0.01103,0.06053,0.99883,0.0318,4.5506,0.1338,0.2721,15.1853,0.0,0.0,0.0,0.0,0,0,0,0,0,0
PAIR_NEG_001368,FRAG_000512,FRAG_000220,sample_pdf_012.pdf,sample_jpeg_025.jpg,pdf,jpeg,0,0,16.0,66.75,68.625,0,1,0,0.25489,0.22858,1.71381,-0.00657,3.4156,6.2473,32.5149,46.2085,4701.7103,0.6226,0.0083,0.5032,0.1147,0,0,0,0,0,0
PAIR_NEG_000822,FRAG_000880,FRAG_000305,sample_png_009.png,sample_pdf_003.pdf,png,pdf,0,0,16.0,37.25,66.4375,0,0,0,0.24986,0.22312,1.6774,-0.02534,3.2271,6.3044,41.2713,41.0655,4325.365,0.6167,0.0042,0.5,0.1133,6,0,1,0,1,1
PAIR_POS_000763,FRAG_000816,FRAG_000817,sample_png_004.png,sample_png_004.png,png,png,1,1,18.0,77.5,87.8125,0,0,0,0.93899,0.02255,0.28557,0.02319,0.0037,7.9506,1.147,0.8492,123.9622,0.0088,0.0003,0.0149,0.0071,0,0,0,0,0,0
PAIR_POS_000097,FRAG_000108,FRAG_000109,sample_jpeg_012.jpg,sample_jpeg_012.jpg,jpeg,jpeg,1,1,72.0,129.5,90.1875,0,0,0,0.94227,0.0219,0.28176,0.0239,0.013,7.9541,2.1306,0.6891,102.3529,0.0146,0.0039,0.0169,0.0022,1,0,0,0,0,0
PAIR_POS_000188,FRAG_000211,FRAG_000212,sample_jpeg_024.jpeg,sample_jpeg_024.jpeg,jpeg,jpeg,1,1,64.0,67.5,77.75,0,0,0,0.94419,0.02158,0.28513,0.12102,0.0013,7.9499,0.1655,0.0145,2.1756,0.0066,0.0017,0.0091,0.0017,0,0,0,0,0,0
PAIR_POS_000756,FRAG_000807,FRAG_000808,sample_png_002.png,sample_png_002.png,png,png,1,1,125.0,100.0,73.375,0,0,0,0.91847,0.02659,0.32902,0.1059,0.066,7.9269,3.5954,1.3872,206.7385,0.0102,0.0009,0.0288,0.0185,2,0,1,0,1,0
PAIR_POS_000199,FRAG_000223,FRAG_000224,sample_jpeg_025.jpg,sample_jpeg_025.jpg,jpeg,jpeg,1,1,91.0,138.75,104.8125,0,0,0,0.92071,0.02596,0.32727,-0.00549,0.0276,7.938,1.1425,1.1525,170.5349,0.0147,0.0009,0.0099,0.0055,0,0,1,0,1,0
PAIR_NEG_000117,FRAG_000063,FRAG_000095,sample_jpeg_008.jpeg,sample_jpeg_011.jpeg,jpeg,jpeg,1,0,19.0,51.0,85.4375,0,0,0,0.93633,0.02308,0.29345,0.03742,0.0055,7.9486,0.7392,0.799,118.805,0.001,0.0015,0.0012,0.0007,0,0,0,0,0,0
PAIR_NEG_000953,FRAG_000258,FRAG_000911,sample_pdf_001.pdf,sample_png_014.png,pdf,png,0,0,127.0,35.0,36.875,0,0,0,0.26673,0.21781,1.67609,-0.00359,3.2418,6.3313,37.0057,42.7442,4463.2445,0.6152,0.0085,0.4934,0.1174,7,0,0,0,0,1
PAIR_POS_000811,FRAG_000869,FRAG_000870,sample_png_009.png,sample_png_009.png,png,png,1,1,50.0,107.75,106.625,0,1,0,0.9256,0.02495,0.3095,-0.1288,0.0014,7.9487,3.314,0.9916,145.9707,0.0049,0.0058,0.0108,0.0176,1,1,0,1,0,0
PAIR_POS_001000,FRAG_001078,FRAG_001079,sample_text_004.json,sample_text_004.json,text,text,1,1,16.0,15.0,38.625,0,1,0,0.99943,0.00777,0.039,0.99939,0.0053,4.9919,0.0415,0.0797,5.6366,0.0,0.0,0.0,0.0,0,0,0,0,0,0
PAIR_POS_001023,FRAG_001104,FRAG_001105,sample_text_007.csv,sample_text_007.csv,text,text,1,1,8.0,8.0,31.5,0,1,0,0.99663,0.01738,0.06782,0.99631,0.0088,4.8932,0.1731,0.1459,6.988,0.0,0.0,0.0,0.0,0,0,0,0,0,0
PAIR_POS_000798,FRAG_000855,FRAG_000856,sample_png_008.png,sample_png_008.png,png,png,1,1,133.0,72.75,76.0,0,0,0,0.94819,0.02071,0.25983,0.0709,0.0002,7.9565,4.9126,0.0038,0.5549,0.0166,0.0032,0.0366,0.0205,1,1,0,1,0,0
PAIR_POS_001361,FRAG_001471,FRAG_001472,sample_zip_011.zip,sample_zip_011.zip,zip,zip,1,1,35.0,67.25,81.5,0,1,0,0.93902,0.02257,0.29736,0.05481,0.0052,7.9495,1.5527,0.3606,53.1997,0.0156,0.0029,0.012,0.0046,1,0,0,0,0,0
PAIR_NEG_000260,FRAG_000076,FRAG_000057,sample_jpeg_009.jpeg,sample_jpeg_007.jpg,jpeg,jpeg,1,0,179.0,104.0,116.1875,0,0,0,0.94429,0.02152,0.26847,0.06778,0.0094,7.9552,0.1289,0.172,25.6099,0.0078,0.0027,0.0041,0.0049,0,0,0,0,0,0
PAIR_NEG_000574,FRAG_001282,FRAG_001216,sample_text_018.csv,sample_text_015.json,text,text,1,0,58.0,54.75,45.625,0,1,0,0.37454,0.24844,1.16746,0.32062,0.1202,4.934,6.145,11.4686,681.1525,0.0,0.0,0.0,0.0,1,0,0,0,0,0
PAIR_POS_001151,FRAG_001241,FRAG_001242,sample_text_016.json,sample_text_016.json,text,text,1,1,11.0,32.25,51.8125,0,1,0,0.99924,0.00902,0.03849,0.99918,0.0054,4.9746,0.2329,0.0233,1.6501,0.0,0.0,0.0,0.0,0,0,0,0,0,0
PAIR_NEG_000932,FRAG_001548,FRAG_000091,sample_zip_017.zip,sample_jpeg_010.jpg,zip,jpeg,0,0,31.0,72.5,81.5625,0,0,0,0.93801,0.02271,0.29594,-0.0451,0.013,7.9538,0.6651,0.2548,37.9357,0.0077,0.0025,0.0068,0.0004,1,0,1,0,1,0
PAIR_POS_000810,FRAG_000867,FRAG_000868,sample_png_008.png,sample_png_008.png,png,png,1,1,111.0,87.25,58.5,0,0,0,0.76343,0.05145,0.67017,-0.00256,0.4766,7.7183,4.2217,1.7187,256.2967,0.0192,0.0094,0.0185,0.0379,2,0,1,0,1,0
PAIR_POS_000055,FRAG_000062,FRAG_000063,sample_jpeg_008.jpeg,sample_jpeg_008.jpeg,jpeg,jpeg,1,1,143.0,120.5,105.5,0,0,0,0.93631,0.02306,0.29781,0.00892,0.008,7.9499,1.1662,0.6519,97.0371,0.0109,0.0012,0.0054,0.0053,0,0,0,0,0,0
PAIR_POS_000834,FRAG_000894,FRAG_000895,sample_png_011.png,sample_png_011.png,png,png,1,1,84.0,69.0,65.375,0,0,0,0.95048,0.02026,0.25439,0.14255,0.0011,7.9556,1.3591,0.6033,88.7989,0.0005,0.0029,0.0051,0.0015,1,0,0,0,0,0
PAIR_NEG_000719,FRAG_001323,FRAG_001182,sample_text_021.csv,sample_text_012.log,text,text,1,0,4.0,5.5,40.5,0,1,0,0.47869,0.21061,1.03515,0.42574,0.2184,4.9887,16.9055,6.9304,380.3289,0.0,0.0,0.0,0.0,1,0,0,0,0,0
PAIR_POS_000139,FRAG_000155,FRAG_000156,sample_jpeg_017.jpg,sample_jpeg_017.jpg,jpeg,jpeg,1,1,53.0,73.0,91.8125,0,0,0,0.94747,0.02085,0.27084,0.05454,0.006,7.9574,0.2927,0.9078,134.2993,0.0027,0.0005,0.0041,0.0081,1,0,0,0,0,0
PAIR_NEG_000144,FRAG_000220,FRAG_000121,sample_jpeg_025.jpg,sample_jpeg_014.jpeg,jpeg,jpeg,1,0,220.0,122.25,122.0,0,0,0,0.94636,0.02118,0.27346,0.18066,0.0091,7.9505,3.1909,1.4598,218.1226,0.0027,0.0022,0.0198,0.0176,1,0,0,0,0,1
PAIR_POS_000473,FRAG_000509,FRAG_000510,sample_pdf_012.pdf,sample_pdf_012.pdf,pdf,pdf,1,1,11.0,27.75,22.875,0,1,0,0.99968,0.006,0.02785,0.99965,0.0106,4.5473,0.1929,0.1279,7.1054,0.0,0.0,0.0,0.0,0,0,0,0,0,0
PAIR_NEG_000532,FRAG_001458,FRAG_001390,sample_zip_010.zip,sample_zip_003.zip,zip,zip,1,0,41.0,34.25,75.9375,0,0,0,0.93274,0.02369,0.30262,-0.05775,0.0051,7.9511,1.1209,0.0133,1.9529,0.0091,0.0032,0.0047,0.0123,1,0,0,0,0,0
PAIR_POS_001437,FRAG_001553,FRAG_001554,sample_zip_017.zip,sample_zip_017.zip,zip,zip,1,1,61.0,124.5,100.375,0,1,0,0.94392,0.0216,0.27487,0.08359,0.0059,7.9524,1.0383,0.7065,104.8403,0.0046,0.0002,0.0088,0.0147,0,0,0,0,0,0
PAIR_POS_001319,FRAG_001425,FRAG_001426,sample_zip_007.zip,sample_zip_007.zip,zip,zip,1,1,60.0,82.75,70.125,0,0,0,0.947,0.021,0.2762,0.13503,0.0048,7.9515,3.0422,0.8478,126.6437,0.0173,0.0002,0.0193,0.0025,1,0,0,0,0,0
PAIR_POS_000761,FRAG_000813,FRAG_000814,sample_png_003.png,sample_png_003.png,png,png,1,1,10.0,49.5,78.0,0,0,0,0.9316,0.02389,0.29621,-0.08805,0.017,7.9514,3.3039,0.4673,68.4382,0.0131,0.0013,0.0202,0.0072,2,0,1,0,1,0
PAIR_POS_000937,FRAG_001011,FRAG_001012,sample_png_025.png,sample_png_025.png,png,png,1,1,52.0,63.0,65.3125,0,0,0,0.94103,0.0222,0.28655,0.09876,0.0075,7.9496,2.4248,0.2774,41.0753,0.0041,0.0024,0.0152,0.0083,1,1,0,1,0,0
PAIR_NEG_000689,FRAG_000735,FRAG_000752,sample_pdf_022.pdf,sample_pdf_023.pdf,pdf,pdf,1,0,4.0,8.75,22.625,0,1,0,0.99738,0.01714,0.0845,0.99719,0.0019,4.516,0.2386,0.0964,5.3066,0.0,0.0,0.0,0.0,0,0,0,0,0,0
PAIR_NEG_000009,FRAG_001326,FRAG_001167,sample_text_022.log,sample_text_011.json,text,text,1,0,79.0,47.5,46.1875,0,1,0,0.79577,0.1397,0.65768,0.77738,0.1171,5.0542,10.4968,4.6399,307.9373,0.0,0.0,0.0,0.0,2,0,0,0,0,0
PAIR_POS_000590,FRAG_000633,FRAG_000634,sample_pdf_019.pdf,sample_pdf_019.pdf,pdf,pdf,1,1,11.0,27.0,20.625,0,1,0,0.99741,0.0174,0.08442,0.99723,0.143,4.5962,1.774,1.4038,79.0031,0.002,0.0,0.002,0.0,0,1,0,1,0,0
PAIR_NEG_000980,FRAG_000891,FRAG_000171,sample_png_011.png,sample_jpeg_019.jpg,png,jpeg,0,0,31.0,26.0,65.0,0,1,0,0.92852,0.02439,0.31008,-0.172,0.0013,7.9525,1.4997,0.1309,19.4821,0.0041,0.0024,0.0015,0.0049,0,0,0,0,0,0
PAIR_POS_000383,FRAG_000416,FRAG_000417,sample_pdf_009.pdf,sample_pdf_009.pdf,pdf,pdf,1,1,5.0,28.5,30.5625,0,1,0,0.99917,0.0096,0.05858,0.99911,0.0525,4.602,0.1797,0.1889,10.7345,0.0,0.0,0.0,0.0,1,0,0,0,0,0
PAIR_POS_000767,FRAG_000820,FRAG_000821,sample_png_004.png,sample_png_004.png,png,png,1,1,19.0,74.25,81.75,0,0,0,0.94496,0.02136,0.26756,0.04445,0.0015,7.955,0.821,1.4732,217.7287,0.0122,0.0003,0.0054,0.0061,0,0,0,0,0,0
PAIR_NEG_000053,FRAG_001011,FRAG_000959,sample_png_025.png,sample_png_019.png,png,png,1,0,8.0,53.0,96.6875,0,1,0,0.93122,0.02391,0.30567,-0.14184,0.0005,7.9535,1.7399,0.1409,20.8475,0.0176,0.0019,0.0252,0.0044,1,1,0,1,0,0
PAIR_NEG_000086,FRAG_000774,FRAG_000684,sample_pdf_025.pdf,sample_pdf_020.pdf,pdf,pdf,1,0,17.0,10.5,17.5,0,1,0,0.9946,0.02523,0.12845,0.99422,0.1018,4.532,1.6926,0.8784,48.5786,0.0,0.0,0.0,0.0,0,0,0,0,0,0
PAIR_NEG_000145,FRAG_000429,FRAG_000696,sample_pdf_009.pdf,sample_pdf_020.pdf,pdf,pdf,1,0,3.0,7.25,18.0625,0,1,0,0.9948,0.02536,0.13279,0.99445,0.1613,4.5314,2.3687,1.2783,70.8391,0.0,0.0,0.0,0.0,0,0,0,0,0,0
PAIR_NEG_000928,FRAG_001465,FRAG_000094,sample_zip_011.zip,sample_jpeg_011.jpeg,zip,jpeg,0,0,11.0,70.25,80.4375,0,1,0,0.94271,0.02181,0.28167,0.0229,0.0041,7.9543,1.4187,0.5432,81.0612,0.0008,0.0012,0.0066,0.0056,0,0,0,0,0,0
PAIR_POS_000265,FRAG_000292,FRAG_000293,sample_pdf_003.pdf,sample_pdf_003.pdf,pdf,pdf,1,1,78.0,41.25,16.375,0,1,0,0.99986,0.00392,0.01808,0.99985,0.0049,4.5614,0.0651,0.0612,3.4106,0.0,0.0,0.0,0.0,0,0,0,0,0,0
PAIR_NEG_001398,FRAG_001438,FRAG_000749,sample_zip_008.zip,sample_pdf_023.pdf,zip,pdf,0,0,86.0,74.25,77.0,0,0,0,0.28362,0.22167,1.67929,0.09175,3.2991,6.3063,33.8039,45.3677,4668.1193,0.6145,0.0054,0.4946,0.1157,1,0,0,0,0,0
PAIR_POS_000580,FRAG_000622,FRAG_000623,sample_pdf_018.pdf,sample_pdf_018.pdf,pdf,pdf,1,1,6.0,21.5,22.8125,0,1,0,0.99707,0.01864,0.0918,0.99686,0.0874,4.5524,0.6628,0.5125,28.3331,0.0,0.0,0.0,0.0,0,0,0,0,0,0
PAIR_NEG_000395,FRAG_000777,FRAG_000599,sample_pdf_025.pdf,sample_pdf_017.pdf,pdf,pdf,1,0,86.0,23.5,26.25,0,1,0,0.99802,0.01512,0.07322,0.99788,0.0468,4.5212,0.8113,0.2839,15.6397,0.0,0.0,0.0,0.0,0,0,0,0,0,0
PAIR_NEG_000711,FRAG_001603,FRAG_001446,sample_zip_022.zip,sample_zip_009.zip,zip,zip,1,0,52.0,47.0,51.375,0,0,0,0.95016,0.02034,0.25882,0.14848,0.0033,7.9552,0.4702,0.9449,139.9452,0.0146,0.0002,0.0014,0.0154,1,1,0,1,0,0
PAIR_NEG_000780,FRAG_000607,FRAG_001237,sample_pdf_018.pdf,sample_text_015.json,pdf,text,0,0,5.0,8.5,35.6875,0,1,0,0.74558,0.16398,0.85142,0.72526,0.3316,4.7711,24.532,7.1968,456.6612,0.0,0.0,0.0,0.0,2,0,1,0,0,0
PAIR_NEG_000315,FRAG_000121,FRAG_000090,sample_jpeg_014.jpeg,sample_jpeg_010.jpg,jpeg,jpeg,1,0,7.0,111.75,96.0,0,0,0,0.93756,0.02289,0.29396,0.09813,0.0018,7.9469,1.8662,0.8773,131.6065,0.0059,0.0027,0.0027,0.0107,1,1,0,1,0,0
PAIR_NEG_000228,FRAG_001448,FRAG_001492,sample_zip_009.zip,sample_zip_013.zip,zip,zip,1,0,172.0,74.75,72.4375,0,0,0,0.94863,0.0206,0.26113,0.05053,0.0034,7.9584,1.4846,0.1037,15.2334,0.0014,0.0031,0.0076,0.0098,1,0,0,0,0,0
PAIR_POS_000505,FRAG_000543,FRAG_000544,sample_pdf_014.pdf,sample_pdf_014.pdf,pdf,pdf,1,1,17.0,9.0,11.0625,0,1,0,0.99807,0.01462,0.06346,0.99792,0.0051,4.5593,0.0728,0.0484,2.6907,0.0,0.0,0.0,0.0,0,0,0,0,0,0
PAIR_POS_001074,FRAG_001159,FRAG_001160,sample_text_011.json,sample_text_011.json,text,text,1,1,1.0,7.25,24.1875,0,1,0,0.99961,0.00662,0.03368,0.99958,0.0149,4.9915,0.0389,0.0964,6.8241,0.0,0.0,0.0,0.0,0,0,0,0,0,0
PAIR_NEG_000493,FRAG_000486,FRAG_000521,sample_pdf_012.pdf,sample_pdf_013.pdf,pdf,pdf,1,0,0.0,11.0,26.4375,0,1,1,0.99859,0.01256,0.07077,0.99849,0.0288,4.5509,0.2702,0.045,2.4943,0.0,0.0,0.0,0.0,0,0,0,0,0,0
PAIR_POS_001145,FRAG_001234,FRAG_001235,sample_text_015.json,sample_text_015.json,text,text,1,1,6.0,33.0,45.6875,0,1,0,0.99948,0.00742,0.03758,0.99944,0.0036,4.9786,0.3521,0.1153,8.1879,0.0,0.0,0.0,0.0,0,0,0,0,0,0
PAIR_POS_000251,FRAG_000277,FRAG_000278,sample_pdf_002.pdf,sample_pdf_002.pdf,pdf,pdf,1,1,8.0,25.5,41.0625,0,1,0,0.99996,0.00224,0.01027,0.99995,0.0041,4.5564,0.0163,0.0295,1.6303,0.0,0.0,0.0,0.0,0,0,0,0,0,0
PAIR_NEG_000345,FRAG_001620,FRAG_001446,sample_zip_024.zip,sample_zip_009.zip,zip,zip,1,0,150.0,91.5,112.875,0,0,0,0.94114,0.02214,0.28126,0.05313,0.0027,7.9522,2.3301,0.0532,7.8199,0.0168,0.0047,0.0174,0.0017,0,0,0,0,0,0
PAIR_POS_000705,FRAG_000752,FRAG_000753,sample_pdf_023.pdf,sample_pdf_023.pdf,pdf,pdf,1,1,1.0,19.25,23.3125,0,1,0,0.99938,0.00839,0.04007,0.99933,0.0222,4.5261,0.4712,0.2539,14.0203,0.0,0.0,0.0,0.0,0,0,0,0,0,0
PAIR_POS_000504,FRAG_000542,FRAG_000543,sample_pdf_014.pdf,sample_pdf_014.pdf,pdf,pdf,1,1,67.0,18.0,27.8125,0,1,0,0.99781,0.01558,0.08395,0.99764,0.0461,4.5798,0.5469,0.4835,27.0748,0.0,0.0,0.0,0.0,0,0,0,0,0,0
PAIR_NEG_001001,FRAG_000128,FRAG_000297,sample_jpeg_015.jpeg,sample_pdf_003.pdf,jpeg,pdf,0,0,87.0,76.0,68.5625,0,0,0,0.25471,0.22926,1.7041,2e-05,3.4112,6.2437,32.5383,46.1622,4703.9445,0.6172,0.009,0.4929,0.1191,1,0,0,0,0,0
PAIR_POS_000428,FRAG_000463,FRAG_000464,sample_pdf_011.pdf,sample_pdf_011.pdf,pdf,pdf,1,1,1.0,22.5,26.6875,0,1,0,0.99967,0.00624,0.03027,0.99964,0.0108,4.4926,0.0922,0.008,0.4386,0.0,0.0,0.0,0.0,0,0,0,0,0,0
PAIR_POS_001448,FRAG_001565,FRAG_001566,sample_zip_018.zip,sample_zip_018.zip,zip,zip,1,1,162.0,105.75,92.125,0,0,0,0.93956,0.02239,0.28952,-0.04351,0.0035,7.9544,0.0764,0.4208,62.2295,0.0029,0.0015,0.0024,0.001,1,0,0,0,0,0
PAIR_POS_000944,FRAG_001018,FRAG_001019,sample_png_025.png,sample_png_025.png,png,png,1,1,106.0,118.0,103.5,0,0,0,0.94138,0.02211,0.27474,0.06892,0.0035,7.9513,0.666,0.3891,57.0833,0.0101,0.0022,0.0068,0.0031,0,0,0,0,0,0
PAIR_POS_000670,FRAG_000715,FRAG_000716,sample_pdf_021.pdf,sample_pdf_021.pdf,pdf,pdf,1,1,13.0,38.5,46.125,0,1,0,0.99977,0.00562,0.02779,0.99975,0.0347,4.516,0.5227,0.3134,17.2833,0.0,0.0,0.0,0.0,0,0,0,0,0,0
PAIR_POS_001466,FRAG_001585,FRAG_001586,sample_zip_020.zip,sample_zip_020.zip,zip,zip,1,1,18.0,62.75,82.75,0,0,0,0.94854,0.02063,0.26159,0.06638,0.0047,7.9584,1.1387,0.5681,84.6544,0.0024,0.0026,0.0122,0.0112,1,0,0,0,0,0
PAIR_NEG_000381,FRAG_000846,FRAG_000894,sample_png_007.png,sample_png_011.png,png,png,1,0,160.0,135.25,79.75,0,0,0,0.94714,0.02093,0.26369,0.07918,0.0008,7.9554,0.4588,0.5548,81.6269,0.0051,0.0065,0.0017,0.0053,1,1,0,1,0,0
PAIR_NEG_000277,FRAG_001270,FRAG_001250,sample_text_017.txt,sample_text_016.json,text,text,1,0,16.0,49.5,50.4375,0,1,0,0.79602,0.1398,0.65234,0.77772,0.1007,5.0401,10.7966,4.5121,299.3928,0.0,0.0,0.0,0.0,1,0,0,0,0,0
PAIR_POS_000656,FRAG_000700,FRAG_000701,sample_pdf_020.pdf,sample_pdf_020.pdf,pdf,pdf,1,1,1.0,9.0,20.5,0,1,0,0.9999,0.00335,0.01515,0.99989,0.0047,4.4825,0.104,0.0606,3.3053,0.0,0.0,0.0,0.0,0,0,0,0,0,0
PAIR_POS_000308,FRAG_000337,FRAG_000338,sample_pdf_005.pdf,sample_pdf_005.pdf,pdf,pdf,1,1,3.0,41.75,29.0,0,1,0,0.99989,0.00354,0.01712,0.99988,0.0086,4.5156,0.2327,0.1031,5.7233,0.0,0.0,0.0,0.0,0,0,0,0,0,0
PAIR_POS_000269,FRAG_000296,FRAG_000297,sample_pdf_003.pdf,sample_pdf_003.pdf,pdf,pdf,1,1,8.0,25.75,21.875,0,1,0,0.99959,0.00691,0.02926,0.99955,0.015,4.5456,0.1431,0.0693,3.8679,0.0,0.0,0.0,0.0,0,0,0,0,0,0
PAIR_NEG_000463,FRAG_001400,FRAG_001538,sample_zip_004.zip,sample_zip_016.zip,zip,zip,1,0,116.0,187.5,116.125,0,0,0,0.42763,0.12566,0.64918,-0.05081,0.7158,7.6021,27.7084,2.3621,357.3087,0.038,0.1184,0.1549,0.1173,15,0,0,0,0,1
PAIR_POS_001100,FRAG_001186,FRAG_001187,sample_text_012.log,sample_text_012.log,text,text,1,1,19.0,35.25,38.625,0,1,0,0.99815,0.01191,0.04676,0.99794,0.001,5.112,0.0731,0.0519,3.2029,0.0,0.0,0.0,0.0,0,0,1,0,0,0
PAIR_POS_000028,FRAG_000030,FRAG_000031,sample_jpeg_003.jpg,sample_jpeg_003.jpg,jpeg,jpeg,1,1,34.0,77.0,81.5,0,0,0,0.94373,0.02162,0.26899,0.05843,0.004,7.955,2.7996,1.5014,222.7548,0.0041,0.0024,0.0122,0.0085,0,0,0,0,0,0
PAIR_NEG_000975,FRAG_000161,FRAG_001605,sample_jpeg_017.jpg,sample_zip_022.zip,jpeg,zip,0,0,213.0,112.75,98.25,0,0,0,0.8871,0.03173,0.41467,-0.01981,0.0965,7.906,0.8939,0.1631,24.0433,0.0131,0.0046,0.0061,0.0097,1,0,0,0,0,1
PAIR_NEG_000453,FRAG_000219,FRAG_000168,sample_jpeg_025.jpg,sample_jpeg_018.jpeg,jpeg,jpeg,1,0,181.0,149.25,97.0,0,0,0,0.94025,0.02234,0.27968,0.06221,0.012,7.9521,2.2656,1.0046,148.0242,0.0068,0.0047,0.0176,0.0112,0,0,0,0,0,0
PAIR_NEG_000141,FRAG_000996,FRAG_000901,sample_png_023.png,sample_png_012.png,png,png,1,0,117.0,106.5,95.75,0,0,0,0.94209,0.02191,0.26901,-0.01019,0.0,7.9565,3.0679,0.2405,35.7137,0.0088,0.0059,0.0179,0.0085,1,1,0,1,0,0
PAIR_NEG_000190,FRAG_001532,FRAG_001596,sample_zip_016.zip,sample_zip_021.zip,zip,zip,1,0,98.0,142.75,86.0625,0,0,0,0.9435,0.02163,0.2758,0.00206,0.001,7.9559,1.2559,0.4121,60.7789,0.0184,0.0015,0.0185,0.0009,1,0,0,0,0,0
PAIR_POS_001247,FRAG_001345,FRAG_001346,sample_text_024.txt,sample_text_024.txt,text,text,1,1,83.0,27.0,30.875,0,1,0,0.99943,0.00665,0.0278,0.99936,0.0059,5.1104,0.0285,0.0177,1.0912,0.0,0.0,0.0,0.0,0,0,0,0,0,0
PAIR_POS_000995,FRAG_001073,FRAG_001074,sample_text_004.json,sample_text_004.json,text,text,1,1,2.0,8.25,33.25,0,1,0,0.99963,0.00627,0.0258,0.9996,0.0134,4.9921,0.0862,0.0766,5.4169,0.0,0.0,0.0,0.0,0,0,0,0,0,0
PAIR_POS_000600,FRAG_000643,FRAG_000644,sample_pdf_019.pdf,sample_pdf_019.pdf,pdf,pdf,1,1,3.0,28.25,21.1875,0,1,0,0.99943,0.00868,0.04734,0.99939,0.094,4.5372,1.0571,0.7607,42.0329,0.0,0.0,0.0,0.0,0,0,0,0,0,0
PAIR_NEG_000807,FRAG_001150,FRAG_000190,sample_text_011.json,sample_jpeg_021.jpg,text,jpeg,0,0,41.0,73.25,92.5625,0,1,0,0.24505,0.22284,1.6059,-0.08127,2.9648,6.4742,59.7444,39.2651,4322.7875,0.6223,0.0088,0.5032,0.1135,2,0,0,0,0,0
PAIR_NEG_000304,FRAG_000975,FRAG_000899,sample_png_021.png,sample_png_012.png,png,png,1,0,124.0,74.25,87.625,0,0,0,0.93419,0.02345,0.29776,-0.00539,0.0038,7.9483,0.4417,0.4648,69.0558,0.0078,0.0,0.0017,0.0071,0,0,0,0,0,0
PAIR_POS_000865,FRAG_000930,FRAG_000931,sample_png_016.png,sample_png_016.png,png,png,1,1,167.0,144.5,109.25,0,0,0,0.93693,0.02286,0.29104,-0.10942,0.0056,7.9562,1.7127,0.39,57.4575,0.013,0.0019,0.0097,0.0049,0,0,0,0,0,0
PAIR_POS_001062,FRAG_001147,FRAG_001148,sample_text_011.json,sample_text_011.json,text,text,1,1,3.0,18.75,36.0,0,1,0,0.99891,0.01114,0.05412,0.99883,0.0408,4.9745,0.3584,0.1885,13.3561,0.0,0.0,0.0,0.0,1,1,0,0,0,0
PAIR_NEG_001138,FRAG_000915,FRAG_001159,sample_png_014.png,sample_text_011.json,png,text,0,0,101.0,65.75,71.75,0,0,0,0.24196,0.22203,1.60242,-0.10032,2.9557,6.4768,60.8476,38.1842,4158.7712,0.6216,0.0029,0.5103,0.106,2,0,0,0,0,0
PAIR_NEG_001091,FRAG_001553,FRAG_000947,sample_zip_017.zip,sample_png_018.png,zip,png,0,0,72.0,136.75,82.6875,0,0,0,0.94195,0.02194,0.27869,0.00343,0.0003,7.9551,1.1735,0.3539,52.3807,0.0056,0.0012,0.001,0.0066,1,0,0,0,0,0
PAIR_NEG_000468,FRAG_000383,FRAG_000718,sample_pdf_007.pdf,sample_pdf_021.pdf,pdf,pdf,1,0,12.0,26.5,27.5625,0,1,0,0.99772,0.01602,0.07957,0.99755,0.0289,4.5232,0.5642,0.3351,18.5115,0.0,0.0,0.0,0.0,0,0,0,0,0,0
PAIR_NEG_000278,FRAG_000843,FRAG_000809,sample_png_006.png,sample_png_003.png,png,png,1,0,59.0,61.25,75.4375,0,0,0,0.93212,0.02378,0.30309,-0.08653,0.0004,7.9515,0.179,0.5448,80.5289,0.0103,0.0007,0.0042,0.008,1,0,0,0,0,1
PAIR_POS_000141,FRAG_000157,FRAG_000158,sample_jpeg_017.jpg,sample_jpeg_017.jpg,jpeg,jpeg,1,1,98.0,132.0,127.375,0,0,0,0.95326,0.01971,0.25056,0.21926,0.0008,7.9554,1.6692,1.3166,197.2083,0.0017,0.0025,0.0069,0.0052,0,0,0,0,0,0
PAIR_POS_000774,FRAG_000828,FRAG_000829,sample_png_005.png,sample_png_005.png,png,png,1,1,148.0,101.5,101.6875,0,0,0,0.93389,0.02344,0.30713,-0.0973,0.0077,7.9531,0.2188,1.2702,188.6316,0.0136,0.0002,0.0107,0.0026,0,0,0,0,0,0
PAIR_NEG_000022,FRAG_000912,FRAG_000958,sample_png_014.png,sample_png_019.png,png,png,1,0,218.0,93.0,88.125,0,0,0,0.94854,0.02067,0.26425,0.12445,0.011,7.9548,0.2432,0.9912,146.4788,0.0188,0.0015,0.0095,0.0105,0,0,0,0,0,0
PAIR_NEG_000301,FRAG_000948,FRAG_000987,sample_png_018.png,sample_png_021.png,png,png,1,0,13.0,46.0,80.375,0,0,0,0.87084,0.03475,0.4322,0.09704,0.1587,7.8723,1.5219,0.1857,27.4347,0.0271,0.0027,0.0154,0.0129,2,0,1,0,1,0
PAIR_POS_000474,FRAG_000510,FRAG_000511,sample_pdf_012.pdf,sample_pdf_012.pdf,pdf,pdf,1,1,1.0,26.0,20.25,0,1,0,0.99972,0.0057,0.02394,0.99969,0.0129,4.5355,0.2317,0.1038,5.739,0.0,0.0,0.0,0.0,0,0,0,0,0,0
PAIR_NEG_001394,FRAG_000563,FRAG_001083,sample_pdf_016.pdf,sample_text_004.json,pdf,text,0,0,40.0,54.25,31.5625,0,1,0,0.74455,0.16488,0.84233,0.72431,0.4203,4.7965,24.4956,6.8176,434.959,0.0,0.0,0.0,0.0,2,0,0,0,0,0
PAIR_NEG_001344,FRAG_000868,FRAG_000196,sample_png_008.png,sample_jpeg_022.jpg,png,jpeg,0,0,86.0,40.75,102.8125,0,0,0,0.76681,0.05111,0.67382,0.01882,0.4767,7.7184,1.4995,1.2242,183.1676,0.0008,0.0084,0.0163,0.0144,2,0,0,0,0,1
PAIR_NEG_000890,FRAG_000231,FRAG_000897,sample_pdf_001.pdf,sample_png_012.png,pdf,png,0,0,87.0,43.5,57.625,0,0,0,0.28231,0.22702,1.70267,0.1102,3.4307,6.2367,30.9327,46.3797,4703.6218,0.603,0.0083,0.488,0.1118,1,0,0,0,0,1
PAIR_NEG_001452,FRAG_001149,FRAG_001543,sample_text_011.json,sample_zip_016.zip,text,zip,0,0,66.0,86.75,111.3125,0,1,0,0.14771,0.25812,1.47602,0.04438,2.1131,6.052,28.4289,40.2664,4472.3056,0.5656,0.1407,0.3119,0.2502,13,0,1,0,1,0
PAIR_NEG_000758,FRAG_000992,FRAG_000023,sample_png_022.png,sample_jpeg_002.jpeg,png,jpeg,0,0,99.0,70.75,72.0,0,0,0,0.93329,0.02363,0.3011,-0.00545,0.001,7.9484,1.8694,0.2196,32.6221,0.0149,0.0048,0.0042,0.0181,0,0,0,0,0,0
PAIR_POS_001075,FRAG_001160,FRAG_001161,sample_text_011.json,sample_text_011.json,text,text,1,1,84.0,28.75,35.125,0,1,0,0.99882,0.01125,0.04445,0.99873,0.0105,4.9893,0.303,0.0179,1.2638,0.0,0.0,0.0,0.0,0,0,0,0,0,0
PAIR_NEG_001477,FRAG_000843,FRAG_001625,sample_png_006.png,sample_zip_025.zip,png,zip,0,0,26.0,64.5,84.3125,0,0,0,0.9346,0.02336,0.29579,-0.02675,0.0008,7.9509,0.9729,0.2504,37.0795,0.0125,0.0012,0.0088,0.0041,1,0,0,0,0,0
PAIR_POS_001135,FRAG_001224,FRAG_001225,sample_text_015.json,sample_text_015.json,text,text,1,1,36.0,31.0,28.25,0,1,0,0.99945,0.00761,0.03415,0.99941,0.0066,4.9905,0.1638,0.0177,1.2488,0.0,0.0,0.0,0.0,0,0,0,0,0,0
PAIR_NEG_001369,FRAG_000494,FRAG_001409,sample_pdf_012.pdf,sample_zip_005.zip,pdf,zip,0,0,10.0,39.75,70.0625,0,1,0,0.27261,0.23006,1.66343,0.10565,3.3242,6.1665,23.056,47.7869,4915.6073,0.6026,0.0431,0.4416,0.1565,15,0,1,0,1,0
PAIR_POS_000775,FRAG_000829,FRAG_000830,sample_png_005.png,sample_png_005.png,png,png,1,1,125.0,53.25,69.125,0,0,0,0.94734,0.02086,0.26118,0.02903,0.0026,7.9582,1.542,0.1294,19.0692,0.0088,0.0027,0.0035,0.0054,0,0,0,0,0,0
PAIR_POS_001158,FRAG_001248,FRAG_001249,sample_text_016.json,sample_text_016.json,text,text,1,1,2.0,4.0,34.0,0,1,0,0.9996,0.00666,0.03413,0.99957,0.0146,4.9908,0.0608,0.1433,10.1508,0.0,0.0,0.0,0.0,0,0,0,0,0,0
PAIR_NEG_000097,FRAG_001619,FRAG_001449,sample_zip_024.zip,sample_zip_009.zip,zip,zip,1,0,118.0,118.0,81.0625,0,0,0,0.94749,0.02086,0.26666,0.08536,0.001,7.9558,0.0279,0.8775,128.7242,0.0074,0.0017,0.0066,0.0003,1,0,0,0,0,0
PAIR_POS_001012,FRAG_001092,FRAG_001093,sample_text_006.log,sample_text_006.log,text,text,1,1,2.0,9.5,30.0625,0,1,0,0.99942,0.0068,0.02245,0.99936,0.0171,5.106,0.1201,0.0546,3.3729,0.0,0.0,0.0,0.0,1,0,0,0,0,0
PAIR_NEG_001075,FRAG_000444,FRAG_000843,sample_pdf_009.pdf,sample_png_006.png,pdf,png,0,0,114.0,96.0,87.625,0,1,0,0.20383,0.2856,1.65698,-0.01488,3.4642,6.2192,55.3359,40.6601,4379.4299,0.6167,0.0056,0.4983,0.1162,8,0,0,0,0,1
PAIR_POS_000487,FRAG_000524,FRAG_000525,sample_pdf_013.pdf,sample_pdf_013.pdf,pdf,pdf,1,1,1.0,24.5,34.625,0,1,0,0.99991,0.00333,0.01564,0.99991,0.0211,4.4602,0.2771,0.1596,8.5642,0.0,0.0,0.0,0.0,0,0,0,0,0,0
PAIR_NEG_000945,FRAG_001110,FRAG_001412,sample_text_008.json,sample_zip_006.zip,text,zip,0,0,95.0,130.5,105.375,0,0,0,0.25837,0.22289,1.58889,-0.01928,2.9799,6.4634,61.6677,38.3236,4187.3693,0.6187,0.0051,0.5134,0.1016,2,0,0,0,0,0
PAIR_NEG_000577,FRAG_000821,FRAG_001010,sample_png_004.png,sample_png_024.png,png,png,1,0,72.0,49.25,67.8125,0,0,0,0.91844,0.02634,0.34816,-0.03551,0.037,7.9357,0.7099,0.57,84.7633,0.0059,0.0008,0.0018,0.0102,2,0,1,0,1,0
PAIR_NEG_001359,FRAG_000327,FRAG_001515,sample_pdf_005.pdf,sample_zip_014.zip,pdf,zip,0,0,61.0,91.0,73.25,0,1,0,0.26273,0.22662,1.6856,0.02081,3.3468,6.2772,33.5845,45.8327,4697.8005,0.6252,0.0063,0.5066,0.116,1,0,0,0,0,0
PAIR_NEG_001367,FRAG_000937,FRAG_001080,sample_png_016.png,sample_text_004.json,png,text,0,0,22.0,22.75,72.375,0,1,0,0.27209,0.22239,1.5879,0.04035,2.9897,6.4645,59.9449,38.3116,4187.1786,0.6162,0.0044,0.5024,0.1106,2,0,0,0,0,0
PAIR_POS_001380,FRAG_001492,FRAG_001493,sample_zip_013.zip,sample_zip_013.zip,zip,zip,1,1,8.0,50.25,67.5625,0,1,0,0.93519,0.02321,0.31043,-0.08556,0.0062,7.9536,0.4551,0.5032,74.2609,0.0263,0.0022,0.0141,0.0132,1,0,0,0,0,0
PAIR_POS_000602,FRAG_000645,FRAG_000646,sample_pdf_019.pdf,sample_pdf_019.pdf,pdf,pdf,1,1,13.0,28.25,23.0,0,1,0,0.99993,0.00272,0.01026,0.99993,0.0001,4.5427,0.0181,0.0325,1.8112,0.0,0.0,0.0,0.0,0,0,0,0,0,0
PAIR_POS_000901,FRAG_000970,FRAG_000971,sample_png_020.png,sample_png_020.png,png,png,1,1,96.0,66.75,78.4375,0,0,0,0.95313,0.01963,0.25471,0.05314,0.0041,7.962,1.2688,0.0366,5.3924,0.0115,0.001,0.0078,0.0027,0,0,0,0,0,0
PAIR_NEG_001278,FRAG_000574,FRAG_000091,sample_pdf_016.pdf,sample_jpeg_010.jpg,pdf,jpeg,0,0,62.0,77.75,74.625,0,0,0,0.23172,0.22915,1.711,-0.09876,3.3593,6.2676,34.7566,46.0563,4725.2068,0.6317,0.0079,0.5122,0.1136,1,0,1,0,1,0
PAIR_NEG_000729,FRAG_001611,FRAG_001401,sample_zip_023.zip,sample_zip_005.zip,zip,zip,1,0,73.0,78.5,86.375,0,0,0,0.94778,0.02083,0.26945,0.12477,0.0056,7.9538,0.6931,0.4078,60.4581,0.0073,0.0003,0.0049,0.0049,0,0,0,0,0,1
PAIR_POS_000435,FRAG_000470,FRAG_000471,sample_pdf_011.pdf,sample_pdf_011.pdf,pdf,pdf,1,1,7.0,55.75,48.3125,0,1,0,0.99975,0.00527,0.02588,0.99973,0.0126,4.555,0.2832,0.2181,12.1114,0.0,0.0,0.0,0.0,0,0,0,0,0,0
PAIR_NEG_000566,FRAG_000165,FRAG_000124,sample_jpeg_018.jpeg,sample_jpeg_014.jpeg,jpeg,jpeg,1,0,77.0,68.0,89.5,0,0,0,0.9383,0.02268,0.29038,0.02087,0.0096,7.9509,0.9682,0.1918,28.2779,0.0037,0.0017,0.0042,0.0064,1,0,1,0,1,0
PAIR_POS_000826,FRAG_000885,FRAG_000886,sample_png_010.png,sample_png_010.png,png,png,1,1,98.0,78.75,86.9375,0,0,0,0.94957,0.02048,0.25727,0.17131,0.006,7.9531,1.0798,0.027,3.9526,0.0064,0.0012,0.009,0.0026,0,0,0,0,0,0
PAIR_POS_000168,FRAG_000188,FRAG_000189,sample_jpeg_021.jpg,sample_jpeg_021.jpg,jpeg,jpeg,1,1,19.0,49.75,103.25,0,0,0,0.94044,0.02223,0.28066,-0.02687,0.0007,7.9554,2.6362,1.0983,162.1221,0.0336,0.0024,0.0263,0.0061,0,0,0,0,0,0
PAIR_NEG_000529,FRAG_000288,FRAG_000686,sample_pdf_003.pdf,sample_pdf_020.pdf,pdf,pdf,1,0,15.0,28.75,23.8125,0,1,0,0.99669,0.02003,0.10744,0.99646,0.1397,4.5556,1.5567,1.0718,59.5464,0.0,0.0,0.0,0.0,0,0,0,0,0,0
PAIR_POS_000454,FRAG_000490,FRAG_000491,sample_pdf_012.pdf,sample_pdf_012.pdf,pdf,pdf,1,1,13.0,38.5,27.25,0,1,0,0.9987,0.01269,0.06834,0.99861,0.0971,4.5595,1.1929,0.7067,39.3781,0.0,0.0,0.0,0.0,0,0,0,0,0,0
PAIR_NEG_000963,FRAG_000480,FRAG_001444,sample_pdf_011.pdf,sample_zip_009.zip,pdf,zip,0,0,36.0,69.0,67.5,0,1,0,0.2741,0.22842,1.70024,0.07954,3.4306,6.2264,32.2209,47.6674,4884.3602,0.6201,0.0093,0.4956,0.1199,1,0,0,0,0,1
PAIR_POS_000426,FRAG_000461,FRAG_000462,sample_pdf_011.pdf,sample_pdf_011.pdf,pdf,pdf,1,1,2.0,22.75,30.625,0,1,0,0.99962,0.00677,0.0342,0.99959,0.0249,4.4802,0.4661,0.2267,12.4469,0.0,0.0,0.0,0.0,0,0,0,0,0,0
PAIR_NEG_001263,FRAG_001310,FRAG_000280,sample_text_020.txt,sample_pdf_003.pdf,text,pdf,0,0,74.0,42.75,75.3125,0,1,0,0.85961,0.11979,0.71335,0.84792,0.4672,4.8496,15.1857,2.5109,149.1574,0.002,0.0,0.002,0.0,1,0,0,0,0,1
PAIR_POS_000455,FRAG_000491,FRAG_000492,sample_pdf_012.pdf,sample_pdf_012.pdf,pdf,pdf,1,1,65.0,21.75,36.6875,0,1,0,0.99984,0.00422,0.01755,0.99983,0.0047,4.5087,0.0444,0.0125,0.686,0.0,0.0,0.0,0.0,0,0,0,0,0,0
PAIR_NEG_001441,FRAG_000507,FRAG_000200,sample_pdf_012.pdf,sample_jpeg_022.jpg,pdf,jpeg,0,0,60.0,75.75,70.75,0,0,0,0.25659,0.22867,1.70003,0.01204,3.4014,6.2362,30.7582,46.9216,4800.7191,0.6162,0.0079,0.4909,0.1226,0,0,1,0,1,0
PAIR_POS_000221,FRAG_000246,FRAG_000247,sample_pdf_001.pdf,sample_pdf_001.pdf,pdf,pdf,1,1,72.0,21.0,41.25,0,1,0,0.99921,0.00947,0.04835,0.99915,0.0292,4.5654,0.6302,0.3605,20.2158,0.0,0.0,0.0,0.0,0,0,0,0,0,0
PAIR_NEG_000229,FRAG_000709,FRAG_000342,sample_pdf_021.pdf,sample_pdf_005.pdf,pdf,pdf,1,0,5.0,6.25,34.625,0,1,0,0.99646,0.02007,0.09426,0.9962,0.0162,4.5095,0.3791,0.3109,17.1846,0.0,0.0,0.0,0.0,0,0,0,0,0,0
PAIR_NEG_001438,FRAG_000424,FRAG_000804,sample_pdf_009.pdf,sample_png_002.png,pdf,png,0,0,123.0,75.5,93.4375,0,0,0,0.25062,0.22964,1.70855,-0.01989,3.4191,6.2435,32.9243,45.1939,4561.191,0.6084,0.0059,0.4966,0.1062,0,0,0,0,0,0
PAIR_NEG_000920,FRAG_000218,FRAG_001545,sample_jpeg_025.jpg,sample_zip_017.zip,jpeg,zip,0,0,95.0,99.0,96.5,0,0,0,0.94246,0.02187,0.28356,0.04433,0.0054,7.9537,0.0452,0.6276,93.1173,0.0007,0.0017,0.0032,0.0007,1,0,0,0,0,0
PAIR_NEG_001113,FRAG_000294,FRAG_001549,sample_pdf_003.pdf,sample_zip_017.zip,pdf,zip,0,0,46.0,72.5,63.0625,0,1,0,0.26971,0.22572,1.68951,0.04708,3.3447,6.282,33.1479,45.121,4582.6141,0.6187,0.0029,0.501,0.1125,1,0,0,0,0,0
PAIR_NEG_001456,FRAG_001289,FRAG_000933,sample_text_019.txt,sample_png_016.png,text,png,0,0,90.0,89.75,77.625,0,0,0,0.31811,0.18633,1.61027,0.04128,2.8568,6.5267,46.9243,43.2218,4536.597,0.6057,0.0027,0.4893,0.1128,1,0,0,0,0,0
PAIR_POS_000354,FRAG_000385,FRAG_000386,sample_pdf_007.pdf,sample_pdf_007.pdf,pdf,pdf,1,1,84.0,26.5,24.4375,0,1,0,0.99892,0.01145,0.06297,0.99884,0.0939,4.5458,0.971,0.5409,29.9774,0.0,0.0,0.0,0.0,0,0,0,0,0,0
PAIR_POS_000977,FRAG_001053,FRAG_001054,sample_text_002.txt,sample_text_002.txt,text,text,1,1,1.0,26.25,41.8125,0,1,0,0.99934,0.00716,0.02295,0.99926,0.0097,5.1022,0.009,0.0151,0.9317,0.0,0.0,0.0,0.0,1,0,0,0,0,0
PAIR_POS_000013,FRAG_000014,FRAG_000015,sample_jpeg_002.jpeg,sample_jpeg_002.jpeg,jpeg,jpeg,1,1,10.0,32.0,67.125,0,0,0,0.94467,0.02161,0.27644,0.24823,0.0143,7.945,5.6316,0.0527,7.9415,0.0076,0.0017,0.0249,0.02,1,1,0,1,0,0
PAIR_NEG_000673,FRAG_001150,FRAG_001232,sample_text_011.json,sample_text_015.json,text,text,1,0,52.0,34.75,32.875,0,1,0,0.99818,0.01384,0.05126,0.99804,0.004,4.9938,0.1838,0.037,2.6208,0.0,0.0,0.0,0.0,0,0,0,0,0,0
PAIR_NEG_000854,FRAG_001140,FRAG_000532,sample_text_010.log,sample_pdf_014.pdf,text,pdf,0,0,11.0,28.0,32.1875,0,1,0,0.86985,0.11485,0.70216,0.85894,0.4601,4.8697,13.9765,2.3374,138.8438,0.0,0.0,0.0,0.0,0,0,0,0,0,0
PAIR_NEG_000589,FRAG_000162,FRAG_000132,sample_jpeg_018.jpeg,sample_jpeg_015.jpeg,jpeg,jpeg,1,0,229.0,192.75,126.4375,0,0,0,0.94341,0.02169,0.27584,0.0599,0.0015,7.9551,1.4451,1.5875,237.2069,0.0078,0.0044,0.0037,0.0098,1,1,0,1,0,0
PAIR_NEG_000864,FRAG_000303,FRAG_001178,sample_pdf_003.pdf,sample_text_012.log,pdf,text,0,0,6.0,29.75,48.4375,0,1,0,0.84936,0.12822,0.72318,0.83768,0.639,4.7587,16.874,4.0051,231.8303,0.0,0.0,0.0,0.0,1,0,0,0,0,0
PAIR_POS_000734,FRAG_000783,FRAG_000784,sample_pdf_025.pdf,sample_pdf_025.pdf,pdf,pdf,1,1,12.0,48.5,40.25,0,1,0,0.99817,0.01435,0.08103,0.99803,0.0051,4.5467,0.3636,0.0289,1.6052,0.0,0.0,0.0,0.0,0,0,0,0,0,0
PAIR_POS_001109,FRAG_001197,FRAG_001198,sample_text_014.txt,sample_text_014.txt,text,text,1,1,5.0,7.25,18.375,0,1,0,0.99919,0.00794,0.03174,0.9991,0.0196,5.1108,0.1223,0.0729,4.4995,0.0,0.0,0.0,0.0,0,1,0,0,0,0
PAIR_POS_001201,FRAG_001294,FRAG_001295,sample_text_019.txt,sample_text_019.txt,text,text,1,1,9.0,30.75,31.25,0,1,0,0.99927,0.00751,0.03025,0.99919,0.0122,5.11,0.0811,0.0061,0.3717,0.0,0.0,0.0,0.0,1,0,0,0,0,0
PAIR_NEG_000879,FRAG_001077,FRAG_001383,sample_text_004.json,sample_zip_002.zip,text,zip,0,0,59.0,58.0,81.3125,0,0,0,0.29191,0.21932,1.57131,0.11942,2.9687,6.4737,57.377,38.3979,4198.3125,0.6016,0.0071,0.4856,0.113,1,0,0,0,0,0
PAIR_POS_000913,FRAG_000983,FRAG_000984,sample_png_021.png,sample_png_021.png,png,png,1,1,49.0,51.25,80.375,0,1,0,0.93479,0.02329,0.29784,-0.07615,0.011,7.9528,2.3357,1.7313,256.1456,0.0254,0.0037,0.0247,0.0012,0,0,0,0,0,0
PAIR_POS_000058,FRAG_000065,FRAG_000066,sample_jpeg_008.jpeg,sample_jpeg_008.jpeg,jpeg,jpeg,1,1,120.0,118.5,113.0,0,0,0,0.94014,0.02234,0.28508,0.05309,0.0039,7.9516,1.1862,1.1886,176.2567,0.0129,0.0022,0.0093,0.0054,0,0,0,0,0,0
PAIR_POS_000524,FRAG_000564,FRAG_000565,sample_pdf_016.pdf,sample_pdf_016.pdf,pdf,pdf,1,1,11.0,28.5,22.25,0,1,0,0.99982,0.00442,0.01998,0.99981,0.0088,4.5914,0.0457,0.0393,2.2431,0.0,0.0,0.0,0.0,0,0,0,0,0,0
PAIR_POS_000620,FRAG_000663,FRAG_000664,sample_pdf_019.pdf,sample_pdf_019.pdf,pdf,pdf,1,1,1.0,26.0,20.75,0,1,0,0.99804,0.01585,0.08592,0.99792,0.1272,4.4976,1.1452,0.6582,36.0466,0.0,0.0,0.0,0.0,0,0,0,0,0,0
PAIR_NEG_000088,FRAG_000914,FRAG_000859,sample_png_014.png,sample_png_008.png,png,png,1,0,24.0,53.75,76.375,0,1,0,0.93744,0.02284,0.29792,-0.00093,0.0096,7.9516,3.917,0.4823,70.8471,0.0088,0.0005,0.0186,0.01,1,0,0,0,0,0
PAIR_NEG_000394,FRAG_000076,FRAG_000084,sample_jpeg_009.jpeg,sample_jpeg_010.jpg,jpeg,jpeg,1,0,166.0,68.5,94.4375,0,0,0,0.94942,0.02046,0.26611,0.09996,0.006,7.9569,1.8005,0.0619,9.2286,0.0017,0.0003,0.0083,0.009,0,0,0,0,0,0
PAIR_NEG_000681,FRAG_000927,FRAG_000939,sample_png_016.png,sample_png_017.png,png,png,1,0,125.0,83.0,98.5625,0,0,0,0.93687,0.02294,0.28947,-0.00832,0.0041,7.9515,0.309,0.5208,77.1834,0.0125,0.0012,0.0044,0.0081,0,1,0,1,0,1
PAIR_NEG_000456,FRAG_001007,FRAG_000912,sample_png_024.png,sample_png_014.png,png,png,1,0,36.0,57.75,98.8125,0,1,0,0.93445,0.02338,0.29637,-0.04427,0.0039,7.9512,0.2403,0.3718,55.1788,0.0032,0.0017,0.0046,0.0037,1,0,0,0,0,0
PAIR_POS_000404,FRAG_000437,FRAG_000438,sample_pdf_009.pdf,sample_pdf_009.pdf,pdf,pdf,1,1,8.0,8.5,20.1875,0,1,0,0.99991,0.00322,0.01416,0.9999,0.0023,4.5296,0.0264,0.0553,3.0438,0.0,0.0,0.0,0.0,0,0,0,0,0,0
PAIR_POS_000525,FRAG_000565,FRAG_000566,sample_pdf_016.pdf,sample_pdf_016.pdf,pdf,pdf,1,1,33.0,55.0,32.0625,0,1,0,0.99994,0.00255,0.01217,0.99994,0.0073,4.5922,0.1533,0.0677,3.868,0.0,0.0,0.0,0.0,0,0,0,0,0,0
PAIR_POS_000090,FRAG_000101,FRAG_000102,sample_jpeg_012.jpg,sample_jpeg_012.jpg,jpeg,jpeg,1,1,145.0,76.5,75.875,0,0,0,0.94332,0.02174,0.26802,0.08798,0.0153,7.9521,0.6665,0.5902,87.2954,0.0144,0.0002,0.0105,0.0061,0,0,0,0,0,0
PAIR_NEG_000808,FRAG_000113,FRAG_001144,sample_jpeg_013.jpeg,sample_text_010.log,jpeg,text,0,0,52.0,79.0,64.625,0,0,0,0.32246,0.18509,1.6064,0.05284,2.8414,6.5377,47.195,43.1471,4522.7308,0.6094,0.0068,0.4902,0.1143,1,0,0,0,0,0
PAIR_NEG_000512,FRAG_000466,FRAG_000330,sample_pdf_011.pdf,sample_pdf_005.pdf,pdf,pdf,1,0,4.0,7.75,20.0625,0,1,0,0.99772,0.01736,0.09222,0.99759,0.1443,4.5526,1.8318,1.0606,59.2495,0.0,0.0,0.0,0.0,0,0,0,0,0,0
PAIR_NEG_000365,FRAG_000112,FRAG_000026,sample_jpeg_013.jpeg,sample_jpeg_003.jpg,jpeg,jpeg,1,0,254.0,148.0,110.1875,0,0,0,0.94003,0.0225,0.28509,0.18889,0.0082,7.9445,2.1612,0.4579,69.1017,0.0042,0.0012,0.0095,0.0064,0,1,0,1,0,1
PAIR_NEG_000424,FRAG_001166,FRAG_001122,sample_text_011.json,sample_text_008.json,text,text,1,0,78.0,58.5,46.3125,0,1,0,0.99799,0.01465,0.04933,0.99783,0.0348,4.9923,0.0332,0.0981,6.9436,0.0,0.0,0.0,0.0,0,0,0,0,0,0
PAIR_NEG_000212,FRAG_000967,FRAG_000969,sample_png_019.png,sample_png_020.png,png,png,1,0,44.0,62.0,102.625,0,0,0,0.93285,0.02363,0.28796,-0.10487,0.0031,7.9524,2.4663,0.6987,103.6476,0.0251,0.0036,0.0241,0.0019,1,0,0,0,0,1
PAIR_POS_000086,FRAG_000096,FRAG_000097,sample_jpeg_011.jpeg,sample_jpeg_011.jpeg,jpeg,jpeg,1,1,172.0,151.75,81.3125,0,0,0,0.94241,0.02183,0.27041,-0.0326,0.0042,7.9575,0.6743,0.6415,94.6763,0.003,0.0012,0.0027,0.0008,0,0,0,0,0,0
PAIR_NEG_000253,FRAG_000588,FRAG_000489,sample_pdf_017.pdf,sample_pdf_012.pdf,pdf,pdf,1,0,73.0,20.5,18.25,0,1,0,0.99827,0.01408,0.07328,0.99814,0.0333,4.5205,0.1211,0.2026,11.2538,0.0,0.0,0.0,0.0,0,0,0,0,0,0
PAIR_NEG_000663,FRAG_001510,FRAG_001434,sample_zip_014.zip,sample_zip_008.zip,zip,zip,1,0,37.0,72.25,90.5,0,0,0,0.93646,0.02295,0.30027,-0.10042,0.0021,7.9552,2.3255,0.4776,70.7209,0.001,0.0012,0.0102,0.0105,1,0,0,0,0,0
PAIR_NEG_000266,FRAG_000855,FRAG_000826,sample_png_008.png,sample_png_004.png,png,png,1,0,40.0,37.5,65.75,0,1,0,0.94325,0.02169,0.28369,0.01722,0.0034,7.9549,5.8283,0.201,29.7033,0.0269,0.004,0.0441,0.0178,1,1,1,1,1,0
PAIR_NEG_001058,FRAG_000863,FRAG_001086,sample_png_008.png,sample_text_005.csv,png,text,0,0,134.0,57.0,94.1875,0,0,0,0.26043,0.20959,1.69617,-0.08126,3.0864,6.4099,66.2285,50.3967,4968.6571,0.627,0.0051,0.5134,0.1096,1,0,0,0,0,0
PAIR_NEG_000230,FRAG_001481,FRAG_001608,sample_zip_011.zip,sample_zip_022.zip,zip,zip,1,0,9.0,117.25,117.1875,0,0,0,0.15579,0.37419,1.50304,-0.02247,3.3953,6.2636,74.3309,16.4058,2129.9485,0.081,0.3615,0.4332,0.3555,11,0,0,0,0,1
PAIR_POS_001084,FRAG_001169,FRAG_001170,sample_text_011.json,sample_text_011.json,text,text,1,1,11.0,34.5,25.625,0,1,0,0.99918,0.00925,0.03268,0.99911,0.0028,5.0075,0.02,0.0162,1.151,0.0,0.0,0.0,0.0,0,0,0,0,0,0
PAIR_NEG_000895,FRAG_000551,FRAG_001174,sample_pdf_015.pdf,sample_text_012.log,pdf,text,0,0,65.0,49.0,53.375,0,1,0,0.86427,0.11823,0.69923,0.85307,0.5381,4.8232,14.8799,2.9224,172.0929,0.0,0.0,0.0,0.0,0,0,0,0,0,0
PAIR_NEG_000134,FRAG_001445,FRAG_001590,sample_zip_009.zip,sample_zip_021.zip,zip,zip,1,0,57.0,91.75,99.625,0,0,0,0.93559,0.02315,0.29534,-0.05156,0.0005,7.9524,0.8535,0.6953,102.96,0.0039,0.0041,0.0054,0.0022,1,0,0,0,0,0
PAIR_NEG_000694,FRAG_000013,FRAG_000073,sample_jpeg_001.jpeg,sample_jpeg_009.jpeg,jpeg,jpeg,1,0,57.0,79.25,72.9375,0,0,0,0.88907,0.03137,0.39994,-0.01246,0.0875,7.9078,1.0176,1.0847,162.9823,0.0019,0.0024,0.0088,0.0102,0,0,0,0,0,1
PAIR_POS_001067,FRAG_001152,FRAG_001153,sample_text_011.json,sample_text_011.json,text,text,1,1,0.0,12.75,39.75,0,1,1,0.99963,0.00629,0.03318,0.9996,0.0176,4.988,0.0081,0.0908,6.4476,0.0,0.0,0.0,0.0,0,0,0,0,0,0
PAIR_NEG_000333,FRAG_000058,FRAG_000216,sample_jpeg_007.jpg,sample_jpeg_025.jpg,jpeg,jpeg,1,0,119.0,95.5,82.25,0,0,0,0.9234,0.02542,0.31908,-0.03987,0.0114,7.9426,3.0738,0.1531,22.6576,0.0175,0.0002,0.0186,0.001,0,0,0,0,0,1
PAIR_NEG_000990,FRAG_000361,FRAG_001353,sample_pdf_006.pdf,sample_text_024.txt,pdf,text,0,0,3.0,22.5,21.4375,0,1,0,0.85933,0.12131,0.70215,0.84793,0.5668,4.8181,15.2893,3.0781,180.4466,0.0,0.0,0.0,0.0,0,0,0,0,0,0
PAIR_POS_001416,FRAG_001531,FRAG_001532,sample_zip_016.zip,sample_zip_016.zip,zip,zip,1,1,64.0,48.0,91.375,0,0,0,0.93654,0.02295,0.28563,-0.08422,0.0007,7.955,0.593,1.2165,181.3911,0.0095,0.0027,0.0,0.0103,1,0,0,0,0,0
PAIR_POS_000095,FRAG_000106,FRAG_000107,sample_jpeg_012.jpg,sample_jpeg_012.jpg,jpeg,jpeg,1,1,80.0,116.5,98.1875,0,0,0,0.94526,0.02137,0.2705,0.136,0.0001,7.9516,0.7751,0.0915,13.6026,0.0019,0.0005,0.0036,0.0027,0,0,0,0,0,0
PAIR_POS_001452,FRAG_001570,FRAG_001571,sample_zip_019.zip,sample_zip_019.zip,zip,zip,1,1,37.0,66.25,87.25,0,0,0,0.93874,0.02258,0.28621,-0.00438,0.0022,7.9523,1.4558,0.6259,92.7811,0.0024,0.001,0.0119,0.0091,1,0,0,0,0,0
PAIR_POS_000457,FRAG_000493,FRAG_000494,sample_pdf_012.pdf,sample_pdf_012.pdf,pdf,pdf,1,1,76.0,28.0,28.9375,0,1,0,0.99938,0.00845,0.03518,0.99933,0.0016,4.5036,0.166,0.0219,1.202,0.0,0.0,0.0,0.0,0,0,0,0,0,0
PAIR_POS_001198,FRAG_001291,FRAG_001292,sample_text_019.txt,sample_text_019.txt,text,text,1,1,8.0,6.0,27.75,0,1,0,0.99934,0.00724,0.03172,0.99926,0.0235,5.1083,0.0594,0.0642,3.9646,0.0,0.0,0.0,0.0,1,0,0,0,0,0
PAIR_POS_000862,FRAG_000927,FRAG_000928,sample_png_016.png,sample_png_016.png,png,png,1,1,11.0,101.5,81.0625,0,0,0,0.93814,0.02268,0.28751,-0.02825,0.0072,7.9531,1.2595,0.4989,73.9542,0.0035,0.0053,0.0007,0.0027,1,1,0,1,0,0
PAIR_POS_000633,FRAG_000677,FRAG_000678,sample_pdf_020.pdf,sample_pdf_020.pdf,pdf,pdf,1,1,7.0,55.75,47.75,0,1,0,0.99985,0.00418,0.01856,0.99983,0.0008,4.5037,0.0761,0.085,4.6714,0.0,0.0,0.0,0.0,0,0,0,0,0,0
PAIR_POS_000412,FRAG_000446,FRAG_000447,sample_pdf_010.pdf,sample_pdf_010.pdf,pdf,pdf,1,1,11.0,28.5,22.25,0,1,0,0.99962,0.0066,0.02686,0.9996,0.0191,4.5477,0.311,0.1367,7.5696,0.0,0.0,0.0,0.0,0,0,0,0,0,0
PAIR_POS_000933,FRAG_001006,FRAG_001007,sample_png_024.png,sample_png_024.png,png,png,1,1,38.0,78.5,88.3125,0,0,0,0.94473,0.02136,0.27485,-0.02961,0.0103,7.9583,1.7443,0.1821,26.9137,0.02,0.0051,0.0176,0.0005,0,1,0,1,0,0
PAIR_NEG_000092,FRAG_000395,FRAG_000641,sample_pdf_008.pdf,sample_pdf_019.pdf,pdf,pdf,1,0,1.0,24.5,21.3125,0,1,0,0.99666,0.01946,0.09568,0.99641,0.0538,4.5154,0.6956,0.7123,39.3663,0.0,0.0,0.0,0.0,0,0,0,0,0,0
PAIR_POS_001480,FRAG_001600,FRAG_001601,sample_zip_021.zip,sample_zip_021.zip,zip,zip,1,1,31.0,22.5,54.9375,0,0,0,0.94149,0.02202,0.27633,-0.02249,0.0095,7.9558,0.9472,1.0513,156.6864,0.0134,0.0005,0.0131,0.0,1,0,0,0,0,0
PAIR_POS_000565,FRAG_000607,FRAG_000608,sample_pdf_018.pdf,sample_pdf_018.pdf,pdf,pdf,1,1,5.0,27.5,28.6875,0,1,0,0.99803,0.01474,0.07465,0.99787,0.0386,4.586,0.1265,0.0903,5.074,0.0,0.0,0.0,0.0,0,0,0,0,0,0
PAIR_NEG_001204,FRAG_001611,FRAG_000050,sample_zip_023.zip,sample_jpeg_006.jpg,zip,jpeg,0,0,79.0,110.25,94.25,0,0,0,0.93568,0.02317,0.29248,-0.0052,0.0018,7.9501,3.1599,0.1087,16.1485,0.013,0.0003,0.0161,0.0044,1,0,0,0,0,0
PAIR_NEG_001112,FRAG_000798,FRAG_001160,sample_png_001.png,sample_text_011.json,png,text,0,0,4.0,59.5,78.625,0,1,0,0.26261,0.22233,1.58979,0.00037,2.9667,6.4673,59.1333,38.8874,4270.2157,0.6265,0.0051,0.5037,0.1187,2,0,0,0,0,0
PAIR_POS_000042,FRAG_000046,FRAG_000047,sample_jpeg_005.jpg,sample_jpeg_005.jpg,jpeg,jpeg,1,1,27.0,35.5,75.6875,0,0,0,0.93741,0.0229,0.28935,0.07323,0.0011,7.9487,1.6943,0.8732,129.6042,0.0012,0.0028,0.0099,0.0097,1,0,1,0,1,0
PAIR_NEG_001336,FRAG_001044,FRAG_000818,sample_text_002.txt,sample_png_004.png,text,png,0,0,64.0,100.25,99.4375,0,0,0,0.32741,0.18548,1.62263,0.08051,2.8601,6.5267,49.2544,43.539,4585.5804,0.6304,0.0042,0.5061,0.1206,1,0,0,0,0,0
PAIR_POS_000750,FRAG_000800,FRAG_000801,sample_png_001.png,sample_png_001.png,png,png,1,1,94.0,52.75,93.375,0,0,0,0.94008,0.02226,0.2842,-0.08836,0.0032,7.9576,2.6931,0.506,74.6947,0.0196,0.0012,0.0015,0.0183,0,0,0,0,0,0
PAIR_POS_000116,FRAG_000130,FRAG_000131,sample_jpeg_015.jpeg,sample_jpeg_015.jpeg,jpeg,jpeg,1,1,129.0,81.5,67.5,0,0,0,0.93499,0.02326,0.29432,-0.05885,0.0007,7.9524,0.0295,0.1536,22.7996,0.0037,0.0,0.0017,0.0064,1,0,0,0,0,0
PAIR_NEG_000308,FRAG_000950,FRAG_000860,sample_png_018.png,sample_png_008.png,png,png,1,0,182.0,96.75,85.875,0,0,0,0.94549,0.02124,0.26466,0.02695,0.0051,7.9566,1.9331,1.091,162.4354,0.0181,0.0044,0.0137,0.0074,1,0,0,0,0,0
PAIR_NEG_000138,FRAG_000330,FRAG_000587,sample_pdf_005.pdf,sample_pdf_017.pdf,pdf,pdf,1,0,9.0,32.75,14.1875,0,1,0,0.99693,0.01835,0.08057,0.9967,0.0203,4.6145,0.0671,0.1178,6.6896,0.0,0.0,0.0,0.0,0,0,0,0,0,0
PAIR_NEG_001241,FRAG_000214,FRAG_001622,sample_jpeg_025.jpg,sample_zip_024.zip,jpeg,zip,0,0,101.0,94.75,102.0,0,0,0,0.6236,0.08535,0.52812,0.33019,0.4529,7.7218,14.6878,1.0733,163.5633,0.0243,0.0765,0.0851,0.0636,14,1,1,1,1,0
PAIR_POS_000747,FRAG_000797,FRAG_000798,sample_png_001.png,sample_png_001.png,png,png,1,1,12.0,72.75,92.875,0,1,0,0.93914,0.02252,0.27982,0.02456,0.0016,7.9515,0.1494,0.3977,58.9872,0.0061,0.0012,0.0022,0.004,0,0,0,0,0,0
PAIR_NEG_000422,FRAG_000176,FRAG_000095,sample_jpeg_019.jpg,sample_jpeg_011.jpeg,jpeg,jpeg,1,0,108.0,55.5,77.9375,0,0,0,0.93974,0.02244,0.27968,0.07282,0.0013,7.9507,0.0301,0.1724,25.4746,0.0061,0.0035,0.0036,0.0032,0,0,0,0,0,0
PAIR_POS_000819,FRAG_000877,FRAG_000878,sample_png_009.png,sample_png_009.png,png,png,1,1,37.0,103.25,87.625,0,0,0,0.94241,0.02185,0.27386,1e-05,0.0016,7.9554,0.6797,0.2503,36.9627,0.0059,0.0002,0.0018,0.0041,1,0,0,0,0,0
PAIR_NEG_000200,FRAG_000444,FRAG_000290,sample_pdf_009.pdf,sample_pdf_003.pdf,pdf,pdf,1,0,98.0,45.5,51.875,0,1,0,0.54516,0.25615,0.78902,0.51848,0.0707,4.5225,22.7702,5.6553,347.1998,0.0,0.0,0.0,0.0,8,0,0,0,0,1
PAIR_POS_000962,FRAG_001037,FRAG_001038,sample_text_001.json,sample_text_001.json,text,text,1,1,17.0,46.0,35.5625,0,1,0,0.9997,0.00565,0.02484,0.99968,0.0081,4.9958,0.1469,0.0214,1.5085,0.0,0.0,0.0,0.0,0,0,0,0,0,0
PAIR_NEG_000130,FRAG_001307,FRAG_001243,sample_text_020.txt,sample_text_016.json,text,text,1,0,73.0,20.25,22.3125,0,1,0,0.79567,0.14032,0.66595,0.77743,0.128,5.0362,10.6491,4.642,308.3212,0.0,0.0,0.0,0.0,2,0,0,0,0,0
PAIR_NEG_001460,FRAG_001024,FRAG_000500,sample_png_025.png,sample_pdf_012.pdf,png,pdf,0,0,30.0,56.25,61.875,0,0,0,0.21158,0.23513,1.73939,-0.03658,3.3192,6.1096,28.8345,46.6334,4683.7634,0.6102,0.0086,0.4881,0.121,2,0,0,0,0,1
PAIR_NEG_000079,FRAG_001233,FRAG_001122,sample_text_015.json,sample_text_008.json,text,text,1,0,21.0,17.0,43.5625,0,1,0,0.99877,0.01142,0.04394,0.99867,0.0204,4.9851,0.0865,0.0538,3.8131,0.0,0.0,0.0,0.0,0,0,0,0,0,0
PAIR_NEG_000337,FRAG_001266,FRAG_001149,sample_text_017.txt,sample_text_011.json,text,text,1,0,22.0,18.5,43.5,0,1,0,0.7904,0.14142,0.67826,0.7715,0.0943,5.0427,10.6533,4.4807,297.1654,0.0,0.0,0.0,0.0,2,1,0,0,0,0
PAIR_POS_000303,FRAG_000332,FRAG_000333,sample_pdf_005.pdf,sample_pdf_005.pdf,pdf,pdf,1,1,9.0,2.75,20.5625,0,1,0,0.99838,0.01324,0.06882,0.99825,0.0691,4.6254,1.0693,0.7194,40.8246,0.0,0.0,0.0,0.0,0,0,0,0,0,0
PAIR_POS_001066,FRAG_001151,FRAG_001152,sample_text_011.json,sample_text_011.json,text,text,1,1,11.0,24.75,23.5625,0,1,0,0.99949,0.00735,0.0405,0.99946,0.0076,4.983,0.3711,0.0621,4.4124,0.0,0.0,0.0,0.0,0,0,0,0,0,0
PAIR_NEG_000309,FRAG_000024,FRAG_000059,sample_jpeg_002.jpeg,sample_jpeg_008.jpeg,jpeg,jpeg,1,0,195.0,168.0,105.0625,0,0,0,0.93885,0.02266,0.29144,0.11199,0.0085,7.9483,1.4992,0.4611,69.3141,0.003,0.0042,0.0053,0.0073,1,0,0,0,0,1
PAIR_POS_000340,FRAG_000371,FRAG_000372,sample_pdf_007.pdf,sample_pdf_007.pdf,pdf,pdf,1,1,0.0,19.0,27.1875,0,1,1,0.99758,0.01642,0.09272,0.9974,0.0053,4.6137,1.0437,0.2944,16.8367,0.0,0.0,0.0,0.0,0,0,0,0,0,0
PAIR_POS_000520,FRAG_000559,FRAG_000560,sample_pdf_015.pdf,sample_pdf_015.pdf,pdf,pdf,1,1,5.0,20.75,28.875,0,1,0,0.9611,0.06608,0.22067,0.95819,0.2263,4.6147,6.0057,3.5489,208.0117,0.0,0.0,0.0,0.0,8,0,1,0,1,0
PAIR_NEG_001430,FRAG_001306,FRAG_000953,sample_text_020.txt,sample_png_018.png,text,png,0,0,6.0,82.25,81.8125,0,1,0,0.29353,0.18774,1.62697,-0.06771,2.8505,6.5294,48.3059,42.451,4421.2779,0.6143,0.0037,0.499,0.1108,1,0,0,0,0,0
PAIR_NEG_001329,FRAG_001382,FRAG_000928,sample_zip_002.zip,sample_png_016.png,zip,png,0,0,178.0,96.0,89.625,0,0,0,0.9395,0.0224,0.28901,-0.03911,0.005,7.9542,1.7976,0.1611,23.7631,0.0114,0.0009,0.013,0.0005,0,0,0,0,0,0
PAIR_POS_000005,FRAG_000005,FRAG_000006,sample_jpeg_001.jpeg,sample_jpeg_001.jpeg,jpeg,jpeg,1,1,118.0,119.0,89.75,0,0,0,0.92733,0.02465,0.3184,-0.10513,0.0078,7.9493,3.0496,0.2888,42.9509,0.021,0.0034,0.0225,0.0007,0,0,0,0,0,0
PAIR_NEG_001152,FRAG_001344,FRAG_000151,sample_text_024.txt,sample_jpeg_017.jpg,text,jpeg,0,0,70.0,59.25,89.875,0,0,0,0.32154,0.18539,1.61468,0.05399,2.8369,6.5309,45.643,42.625,4447.0654,0.6152,0.01,0.4927,0.1179,0,0,0,0,0,0
PAIR_NEG_000615,FRAG_000843,FRAG_000923,sample_png_006.png,sample_png_015.png,png,png,1,0,160.0,111.5,64.5,0,0,0,0.93522,0.02326,0.29826,-0.00161,0.0043,7.9491,0.2637,0.3206,47.4651,0.0015,0.0005,0.0025,0.0005,0,0,0,0,0,0
PAIR_POS_000470,FRAG_000506,FRAG_000507,sample_pdf_012.pdf,sample_pdf_012.pdf,pdf,pdf,1,1,5.0,20.25,42.125,0,1,0,0.99815,0.01447,0.07277,0.99801,0.0619,4.5664,0.6187,0.4614,25.774,0.0,0.0,0.0,0.0,0,0,0,0,0,0
PAIR_POS_000149,FRAG_000166,FRAG_000167,sample_jpeg_018.jpeg,sample_jpeg_018.jpeg,jpeg,jpeg,1,1,66.0,48.5,101.0625,0,0,0,0.94058,0.02225,0.288,0.03559,0.0083,7.9532,0.5376,0.0787,11.6505,0.0171,0.0014,0.0086,0.0086,0,0,0,0,0,0
PAIR_NEG_000604,FRAG_000700,FRAG_000715,sample_pdf_020.pdf,sample_pdf_021.pdf,pdf,pdf,1,0,5.0,7.25,22.625,0,1,0,0.99849,0.01334,0.06645,0.99838,0.0485,4.5091,0.8381,0.4377,24.0819,0.0,0.0,0.0,0.0,0,0,0,0,0,0
PAIR_POS_000512,FRAG_000551,FRAG_000552,sample_pdf_015.pdf,sample_pdf_015.pdf,pdf,pdf,1,1,11.0,48.0,26.3125,0,1,0,0.99899,0.01073,0.0513,0.99892,0.0288,4.5398,0.8078,0.4288,23.8114,0.0,0.0,0.0,0.0,0,0,0,0,0,0
PAIR_POS_001173,FRAG_001263,FRAG_001264,sample_text_016.json,sample_text_016.json,text,text,1,1,2.0,22.5,36.875,0,1,0,0.9994,0.00808,0.04148,0.99936,0.0133,4.9875,0.2864,0.0269,1.9029,0.0,0.0,0.0,0.0,0,0,0,0,0,0
PAIR_NEG_000538,FRAG_001567,FRAG_001515,sample_zip_018.zip,sample_zip_014.zip,zip,zip,1,0,55.0,130.5,124.5625,0,0,0,0.35039,0.17756,0.85148,0.13252,1.213,7.3441,37.6698,1.8451,277.0919,0.0495,0.1683,0.2246,0.1777,14,0,0,0,0,1
PAIR_POS_000125,FRAG_000140,FRAG_000141,sample_jpeg_016.jpeg,sample_jpeg_016.jpeg,jpeg,jpeg,1,1,40.0,90.0,90.375,0,1,0,0.9344,0.02357,0.29982,0.14777,0.015,7.9412,6.9043,1.4194,211.0888,0.0159,0.0054,0.0408,0.0249,1,1,0,1,0,0
PAIR_POS_001034,FRAG_001116,FRAG_001117,sample_text_008.json,sample_text_008.json,text,text,1,1,2.0,27.5,38.625,0,1,0,0.99951,0.00726,0.03659,0.99947,0.002,4.9747,0.3487,0.0796,5.6499,0.0,0.0,0.0,0.0,0,0,0,0,0,0
PAIR_NEG_000032,FRAG_000207,FRAG_000081,sample_jpeg_024.jpeg,sample_jpeg_010.jpg,jpeg,jpeg,1,0,143.0,130.75,106.25,0,0,0,0.94538,0.02132,0.27873,0.10295,0.0046,7.9523,0.7646,0.7955,117.5102,0.0115,0.0017,0.0018,0.0095,0,0,0,0,0,0
PAIR_NEG_001196,FRAG_000971,FRAG_000772,sample_png_020.png,sample_pdf_025.pdf,png,pdf,0,0,104.0,69.0,62.5,0,0,0,0.27075,0.22283,1.67877,0.03451,3.3179,6.3052,35.4927,44.9627,4591.7237,0.624,0.0034,0.5061,0.1138,0,0,0,0,0,0
PAIR_NEG_000403,FRAG_001032,FRAG_001160,sample_text_001.json,sample_text_011.json,text,text,1,0,5.0,10.5,18.75,0,1,0,0.99938,0.00825,0.04052,0.99934,0.0155,4.9917,0.1032,0.1155,8.1745,0.0,0.0,0.0,0.0,0,0,0,0,0,0
PAIR_NEG_000585,FRAG_000856,FRAG_000873,sample_png_008.png,sample_png_009.png,png,png,1,0,38.0,21.0,58.375,0,0,0,0.94376,0.02165,0.27199,0.09044,0.01,7.9514,1.3169,0.6264,92.0762,0.0008,0.001,0.0022,0.0039,0,0,0,0,0,0
PAIR_NEG_001254,FRAG_000179,FRAG_000285,sample_jpeg_019.jpg,sample_pdf_003.pdf,jpeg,pdf,0,0,20.0,53.0,74.75,0,0,0,0.25009,0.23071,1.6997,-0.0106,3.3976,6.2457,31.3584,46.335,4725.8931,0.6086,0.0088,0.4915,0.1138,0,0,0,0,0,0
PAIR_NEG_001258,FRAG_000724,FRAG_001082,sample_pdf_022.pdf,sample_text_004.json,pdf,text,0,0,8.0,4.5,24.0625,0,1,0,0.73314,0.17122,0.8799,0.7127,0.4647,4.7504,26.0694,7.6656,485.4982,0.0,0.0,0.0,0.0,2,0,0,0,0,0
PAIR_NEG_000016,FRAG_001433,FRAG_001563,sample_zip_008.zip,sample_zip_018.zip,zip,zip,1,0,71.0,58.25,69.375,0,0,0,0.93444,0.02336,0.29498,-0.08307,0.0146,7.9525,0.8348,0.4067,59.6895,0.0017,0.0047,0.0031,0.0054,1,0,0,0,0,0
PAIR_NEG_001105,FRAG_001563,FRAG_000539,sample_zip_018.zip,sample_pdf_014.pdf,zip,pdf,0,0,77.0,73.25,59.125,0,0,0,0.26594,0.22996,1.70161,0.04925,3.4448,6.2374,30.7236,45.964,4652.3449,0.6096,0.0059,0.4866,0.1189,1,0,0,0,0,0
PAIR_POS_001150,FRAG_001240,FRAG_001241,sample_text_016.json,sample_text_016.json,text,text,1,1,26.0,36.5,40.0625,0,1,0,0.99954,0.00705,0.0317,0.9995,0.012,4.9779,0.1074,0.0383,2.7134,0.0,0.0,0.0,0.0,0,0,0,0,0,0
PAIR_POS_000036,FRAG_000039,FRAG_000040,sample_jpeg_004.jpeg,sample_jpeg_004.jpeg,jpeg,jpeg,1,1,82.0,151.5,122.4375,0,0,0,0.93582,0.02313,0.29538,-0.02828,0.0047,7.9523,1.0156,0.6164,91.4864,0.0244,0.0025,0.0163,0.0086,0,0,0,0,0,0
PAIR_NEG_000331,FRAG_000387,FRAG_000543,sample_pdf_007.pdf,sample_pdf_014.pdf,pdf,pdf,1,0,18.0,27.0,21.9375,0,1,0,0.99659,0.01974,0.10006,0.99634,0.0614,4.526,0.8486,0.3927,21.6508,0.0,0.0,0.0,0.0,0,0,0,0,0,0
PAIR_NEG_000798,FRAG_001548,FRAG_000346,sample_zip_017.zip,sample_pdf_005.pdf,zip,pdf,0,0,59.0,63.5,51.6875,0,0,0,0.26239,0.22769,1.71545,0.02001,3.419,6.2508,33.5224,46.6586,4782.6703,0.624,0.0054,0.5054,0.114,0,0,0,0,0,0
PAIR_NEG_000415,FRAG_001257,FRAG_001214,sample_text_016.json,sample_text_015.json,text,text,1,0,10.0,70.75,66.75,0,1,0,0.99713,0.01745,0.05909,0.9969,0.0016,4.9832,0.0367,0.0135,0.9606,0.0,0.0,0.0,0.0,0,0,0,0,0,0
PAIR_NEG_000159,FRAG_000182,FRAG_000112,sample_jpeg_020.jpg,sample_jpeg_013.jpeg,jpeg,jpeg,1,0,106.0,117.75,128.6875,0,0,0,0.94887,0.02067,0.26464,0.21551,0.0048,7.951,1.0852,0.9785,147.1502,0.0022,0.001,0.0088,0.0065,0,1,0,1,0,1
PAIR_NEG_001409,FRAG_000122,FRAG_000264,sample_jpeg_014.jpeg,sample_pdf_002.pdf,jpeg,pdf,0,0,114.0,68.75,65.6875,0,0,0,0.27899,0.22921,1.70653,0.10487,3.4494,6.2243,29.3455,46.9808,4766.8176,0.6145,0.0078,0.488,0.1243,0,0,0,0,0,0
PAIR_NEG_000199,FRAG_000461,FRAG_000617,sample_pdf_011.pdf,sample_pdf_018.pdf,pdf,pdf,1,0,18.0,10.5,29.3125,0,1,0,0.99603,0.02136,0.10156,0.99574,0.0218,4.5036,0.0498,0.0461,2.5423,0.0,0.0,0.0,0.0,0,0,0,0,0,0
PAIR_NEG_000336,FRAG_001509,FRAG_001582,sample_zip_014.zip,sample_zip_020.zip,zip,zip,1,0,3.0,27.75,59.5625,0,0,0,0.93351,0.02359,0.30846,-0.00538,0.0049,7.9481,0.9424,0.4382,65.078,0.0031,0.0039,0.0046,0.0015,1,0,0,0,0,0
PAIR_NEG_000976,FRAG_000220,FRAG_001450,sample_jpeg_025.jpg,sample_zip_009.zip,jpeg,zip,0,0,99.0,103.5,76.875,0,0,0,0.94235,0.02187,0.27824,0.01064,0.0016,7.9559,1.7683,0.3411,50.3507,0.0186,0.0022,0.0174,0.0,1,0,0,0,0,0
PAIR_POS_000589,FRAG_000631,FRAG_000632,sample_pdf_018.pdf,sample_pdf_018.pdf,pdf,pdf,1,1,67.0,21.25,11.75,0,1,0,0.97503,0.05165,0.15406,0.97306,0.1428,4.6775,4.0638,2.2264,131.3401,0.0,0.0,0.0,0.0,8,0,1,0,1,0
PAIR_NEG_001447,FRAG_001319,FRAG_001372,sample_text_021.csv,sample_zip_001.zip,text,zip,0,0,76.0,90.0,86.9375,0,1,0,0.2851,0.20479,1.67433,0.00506,3.0634,6.4226,64.5166,50.7466,5026.5571,0.6196,0.0051,0.4971,0.1194,0,0,0,0,0,0
PAIR_POS_000043,FRAG_000048,FRAG_000049,sample_jpeg_006.jpg,sample_jpeg_006.jpg,jpeg,jpeg,1,1,47.0,78.0,66.9375,0,1,0,0.93569,0.02331,0.29342,0.13096,0.0182,7.9462,5.231,1.4867,224.1364,0.03,0.0059,0.044,0.0134,1,1,0,1,0,0
PAIR_NEG_000631,FRAG_001386,FRAG_001448,sample_zip_003.zip,sample_zip_009.zip,zip,zip,1,0,161.0,113.25,89.8125,0,0,0,0.94849,0.02068,0.2651,0.11835,0.0097,7.9552,1.8721,1.0156,150.194,0.0149,0.0017,0.0146,0.0003,0,0,0,0,0,0
PAIR_POS_000244,FRAG_000270,FRAG_000271,sample_pdf_002.pdf,sample_pdf_002.pdf,pdf,pdf,1,1,9.0,43.25,30.0625,0,1,0,0.99602,0.02112,0.10061,0.99573,0.0459,4.5328,0.5483,0.5597,30.7691,0.0,0.0,0.0,0.0,0,0,0,0,0,0
PAIR_POS_001090,FRAG_001176,FRAG_001177,sample_text_012.log,sample_text_012.log,text,text,1,1,30.0,40.0,43.5625,0,1,0,0.99911,0.00831,0.03025,0.99901,0.0075,5.1025,0.0898,0.0013,0.0835,0.0,0.0,0.0,0.0,0,0,0,0,0,0
PAIR_NEG_000416,FRAG_001584,FRAG_001449,sample_zip_020.zip,sample_zip_009.zip,zip,zip,1,0,5.0,62.0,71.375,0,0,0,0.94108,0.02206,0.29738,-0.08004,0.0039,7.9582,0.9324,1.1986,178.3329,0.0109,0.003,0.0032,0.0076,1,0,0,0,0,0
PAIR_NEG_001350,FRAG_000138,FRAG_001305,sample_jpeg_015.jpeg,sample_text_020.txt,jpeg,text,0,0,21.0,56.0,92.75,0,1,0,0.30526,0.18663,1.61817,-0.01951,2.848,6.5315,48.8943,43.471,4572.2041,0.6169,0.0085,0.5027,0.1113,0,0,0,0,0,0
PAIR_NEG_000459,FRAG_000891,FRAG_000835,sample_png_011.png,sample_png_006.png,png,png,1,0,57.0,85.5,120.5,0,0,0,0.93389,0.02347,0.29726,-0.0581,0.0016,7.9523,1.8366,0.1041,15.5119,0.0059,0.0046,0.0108,0.0047,1,0,0,0,0,1
PAIR_POS_001057,FRAG_001141,FRAG_001142,sample_text_010.log,sample_text_010.log,text,text,1,1,10.0,26.5,26.3125,0,1,0,0.99934,0.00726,0.03513,0.99927,0.0218,5.1094,0.1072,0.0897,5.5353,0.0,0.0,0.0,0.0,0,0,0,0,0,0
PAIR_POS_000710,FRAG_000758,FRAG_000759,sample_pdf_024.pdf,sample_pdf_024.pdf,pdf,pdf,1,1,17.0,18.25,25.5,0,1,0,0.99915,0.01062,0.06002,0.9991,0.1016,4.5333,0.9536,0.6117,33.8269,0.0,0.0,0.0,0.0,0,0,0,0,0,0
PAIR_NEG_001225,FRAG_000359,FRAG_001478,sample_pdf_006.pdf,sample_zip_011.zip,pdf,zip,0,0,219.0,122.25,91.75,0,0,0,0.27371,0.22986,1.70217,0.08531,3.4558,6.2267,32.3928,46.4087,4721.6933,0.6108,0.0073,0.4944,0.1133,1,0,0,0,0,0
PAIR_NEG_000550,FRAG_001123,FRAG_001140,sample_text_008.json,sample_text_010.log,text,text,1,0,50.0,56.75,39.0625,0,1,0,0.79399,0.14063,0.67869,0.77553,0.1261,5.0367,10.4676,4.6654,309.8148,0.0,0.0,0.0,0.0,2,0,0,0,0,0
PAIR_NEG_000754,FRAG_001076,FRAG_001095,sample_text_004.json,sample_text_006.log,text,text,1,0,7.0,23.5,19.9375,0,1,0,0.79856,0.13879,0.64798,0.78043,0.1216,5.0472,10.3672,4.6029,305.2482,0.0,0.0,0.0,0.0,2,0,0,0,0,0
PAIR_NEG_000649,FRAG_001558,FRAG_001609,sample_zip_018.zip,sample_zip_022.zip,zip,zip,1,0,213.0,108.0,99.375,0,0,0,0.82871,0.0417,0.38274,0.1011,0.117,7.8948,8.905,3.0381,454.6228,0.0073,0.032,0.0585,0.053,14,1,1,1,1,0
PAIR_NEG_001385,FRAG_000214,FRAG_000985,sample_jpeg_025.jpg,sample_png_021.png,jpeg,png,0,0,158.0,127.25,105.5625,0,0,0,0.93815,0.02271,0.28652,0.01626,0.0079,7.9522,3.3189,1.1811,177.3276,0.0049,0.0061,0.0215,0.0161,0,1,0,1,0,0
PAIR_POS_000549,FRAG_000590,FRAG_000591,sample_pdf_017.pdf,sample_pdf_017.pdf,pdf,pdf,1,1,82.0,24.25,18.875,0,1,0,0.99933,0.00942,0.05073,0.99929,0.0962,4.5513,0.8057,0.5384,30.3092,0.0,0.0,0.0,0.0,0,0,0,0,0,0
PAIR_NEG_000485,FRAG_001273,FRAG_001335,sample_text_017.txt,sample_text_022.log,text,text,1,0,68.0,34.75,30.75,0,1,0,0.99912,0.00827,0.02972,0.99902,0.0053,5.0948,0.1067,0.0122,0.7525,0.0,0.0,0.0,0.0,1,0,0,0,0,0
PAIR_POS_001045,FRAG_001128,FRAG_001129,sample_text_009.txt,sample_text_009.txt,text,text,1,1,4.0,6.25,43.5625,0,1,0,0.99876,0.0098,0.03904,0.99862,0.0072,5.1033,0.0735,0.0696,4.2973,0.0,0.0,0.0,0.0,1,1,0,0,0,0
PAIR_NEG_000950,FRAG_001507,FRAG_000199,sample_zip_014.zip,sample_jpeg_022.jpg,zip,jpeg,0,0,41.0,44.25,60.6875,0,0,0,0.93961,0.0224,0.28953,-0.01639,0.0105,7.955,1.5671,0.1763,26.2166,0.0,0.003,0.0068,0.0085,1,0,0,0,0,0
PAIR_NEG_001116,FRAG_000729,FRAG_001218,sample_pdf_022.pdf,sample_text_015.json,pdf,text,0,0,78.0,57.25,35.9375,0,1,0,0.73554,0.16947,0.87065,0.71503,0.4207,4.7872,25.7139,7.2936,462.9806,0.0,0.0,0.0,0.0,2,0,0,0,0,0
PAIR_NEG_000012,FRAG_000835,FRAG_000851,sample_png_006.png,sample_png_007.png,png,png,1,0,64.0,45.75,92.875,0,0,0,0.93808,0.02272,0.28022,0.01075,0.0019,7.9525,0.3085,1.4972,221.0024,0.0078,0.0056,0.0034,0.0122,1,1,0,1,0,0
PAIR_POS_001196,FRAG_001289,FRAG_001290,sample_text_019.txt,sample_text_019.txt,text,text,1,1,14.0,22.0,26.6875,0,1,0,0.9994,0.00679,0.03182,0.99934,0.0002,5.0982,0.1171,0.0148,0.9141,0.0,0.0,0.0,0.0,0,0,0,0,0,0
PAIR_POS_000292,FRAG_000321,FRAG_000322,sample_pdf_005.pdf,sample_pdf_005.pdf,pdf,pdf,1,1,19.0,9.75,27.3125,0,1,0,0.99989,0.00362,0.01561,0.99988,0.0097,4.5046,0.1047,0.0221,1.207,0.0,0.0,0.0,0.0,0,0,0,0,0,0
PAIR_NEG_000194,FRAG_000508,FRAG_000758,sample_pdf_012.pdf,sample_pdf_024.pdf,pdf,pdf,1,0,69.0,32.5,32.625,0,1,0,0.9991,0.01038,0.0532,0.99904,0.0461,4.5055,0.4299,0.2519,13.8421,0.0,0.0,0.0,0.0,0,0,0,0,0,0
PAIR_NEG_001297,FRAG_000740,FRAG_001535,sample_pdf_022.pdf,sample_zip_016.zip,pdf,zip,0,0,96.0,73.0,82.625,0,0,0,0.24602,0.23318,1.71921,-0.02595,3.4766,6.2164,33.874,46.583,4726.0284,0.6226,0.0051,0.5063,0.1125,1,0,0,0,0,0
PAIR_POS_001505,FRAG_001629,FRAG_001630,sample_zip_025.zip,sample_zip_025.zip,zip,zip,1,1,8.0,114.75,96.3125,0,0,0,0.94479,0.02139,0.2724,0.03131,0.0051,7.9556,0.1934,0.5922,87.6378,0.0095,0.0029,0.0108,0.0005,1,0,0,0,0,0
PAIR_POS_000866,FRAG_000931,FRAG_000932,sample_png_016.png,sample_png_016.png,png,png,1,1,75.0,62.25,86.625,0,1,0,0.93942,0.02245,0.28657,-0.00724,0.0099,7.954,0.4575,0.0083,1.2267,0.0024,0.0014,0.0061,0.0027,0,0,0,0,0,0
PAIR_POS_001098,FRAG_001184,FRAG_001185,sample_text_012.log,sample_text_012.log,text,text,1,1,1.0,21.5,32.8125,0,1,0,0.99846,0.01091,0.04003,0.99829,0.0119,5.1022,0.0124,0.0241,1.4917,0.0,0.0,0.0,0.0,0,0,0,0,0,0
PAIR_POS_000296,FRAG_000325,FRAG_000326,sample_pdf_005.pdf,sample_pdf_005.pdf,pdf,pdf,1,1,3.0,27.75,33.4375,0,1,0,0.9996,0.00678,0.02841,0.99957,0.0057,4.5175,0.041,0.0227,1.2578,0.0,0.0,0.0,0.0,0,0,0,0,0,0
PAIR_NEG_000222,FRAG_001009,FRAG_000816,sample_png_024.png,sample_png_004.png,png,png,1,0,219.0,125.5,111.5,0,0,0,0.9459,0.02117,0.26264,0.0541,0.0061,7.9555,0.9236,0.7409,108.0632,0.0024,0.0007,0.008,0.0091,0,0,0,0,0,0
PAIR_NEG_000024,FRAG_000849,FRAG_000967,sample_png_007.png,sample_png_019.png,png,png,1,0,62.0,83.0,87.75,0,0,0,0.93628,0.02305,0.28222,-0.01601,0.0015,7.9501,1.3035,0.9711,143.789,0.0112,0.0002,0.0083,0.0022,0,0,0,0,0,0
PAIR_POS_001071,FRAG_001156,FRAG_001157,sample_text_011.json,sample_text_011.json,text,text,1,1,22.0,33.5,62.0,0,1,0,0.99934,0.00842,0.04679,0.99928,0.0179,4.9718,0.4458,0.1098,7.8058,0.0,0.0,0.0,0.0,0,0,0,0,0,0
PAIR_POS_001491,FRAG_001613,FRAG_001614,sample_zip_023.zip,sample_zip_023.zip,zip,zip,1,1,152.0,150.5,100.875,0,0,0,0.93403,0.02338,0.29625,-0.16585,0.0062,7.9565,2.9329,0.2991,44.1173,0.0137,0.002,0.0146,0.0027,1,0,0,0,0,0
PAIR_POS_000991,FRAG_001069,FRAG_001070,sample_text_004.json,sample_text_004.json,text,text,1,1,5.0,7.25,36.0,0,1,0,0.99921,0.00911,0.03958,0.99915,0.0077,4.9912,0.1206,0.015,1.0582,0.0,0.0,0.0,0.0,0,0,0,0,0,0
PAIR_POS_000176,FRAG_000197,FRAG_000198,sample_jpeg_022.jpg,sample_jpeg_022.jpg,jpeg,jpeg,1,1,143.0,66.25,72.4375,0,0,0,0.93642,0.02302,0.28469,-0.01707,0.0003,7.9522,1.3999,0.1549,23.0354,0.0017,0.0012,0.0042,0.0044,0,0,0,0,0,0
PAIR_POS_000314,FRAG_000343,FRAG_000344,sample_pdf_005.pdf,sample_pdf_005.pdf,pdf,pdf,1,1,19.0,10.75,17.5,0,1,0,0.99905,0.01092,0.05852,0.99899,0.1016,4.557,1.3588,0.8562,48.0681,0.0,0.0,0.0,0.0,0,0,0,0,0,0
PAIR_POS_000809,FRAG_000866,FRAG_000867,sample_png_008.png,sample_png_008.png,png,png,1,1,29.0,59.75,61.5625,0,0,0,0.9419,0.02192,0.27785,-0.0486,0.0019,7.9575,0.5838,0.6155,91.0996,0.0127,0.0012,0.0012,0.013,0,0,0,0,0,0
PAIR_NEG_000049,FRAG_000824,FRAG_000871,sample_png_004.png,sample_png_009.png,png,png,1,0,171.0,145.5,106.0625,0,0,0,0.94297,0.02176,0.27978,0.0319,0.0035,7.9545,1.0308,0.7562,112.6514,0.0105,0.0012,0.0098,0.0007,0,0,0,0,0,0
PAIR_NEG_000391,FRAG_000080,FRAG_000202,sample_jpeg_010.jpg,sample_jpeg_023.jpeg,jpeg,jpeg,1,0,136.0,104.25,84.5,0,0,0,0.94249,0.02187,0.27341,0.05069,0.0043,7.9539,2.032,0.2024,29.9811,0.0108,0.0007,0.002,0.0132,0,0,0,0,0,0
PAIR_POS_001509,FRAG_001633,FRAG_001634,sample_zip_025.zip,sample_zip_025.zip,zip,zip,1,1,113.0,95.75,89.875,0,0,0,0.94052,0.02221,0.28027,-0.02338,0.002,7.9548,4.9294,0.2814,41.1282,0.0273,0.0005,0.0329,0.0074,0,0,0,0,0,0
PAIR_POS_000312,FRAG_000341,FRAG_000342,sample_pdf_005.pdf,sample_pdf_005.pdf,pdf,pdf,1,1,1.0,9.0,20.5,0,1,0,0.99985,0.00413,0.021,0.99984,0.0008,4.5172,0.1855,0.1667,9.2376,0.0,0.0,0.0,0.0,0,0,0,0,0,0
PAIR_NEG_000576,FRAG_000853,FRAG_000803,sample_png_007.png,sample_png_002.png,png,png,1,0,57.0,73.75,105.9375,0,0,0,0.94749,0.02084,0.26264,0.04733,0.0007,7.9573,0.5662,0.2543,37.5257,0.0027,0.0024,0.0032,0.0008,1,0,0,0,0,1
PAIR_NEG_000408,FRAG_000707,FRAG_000250,sample_pdf_020.pdf,sample_pdf_001.pdf,pdf,pdf,1,0,100.0,50.25,43.5625,0,1,0,0.23092,0.45169,1.44224,0.20258,1.1429,4.0106,40.6539,2.7924,148.6652,0.0,0.0,0.0,0.0,3,0,0,0,0,1
PAIR_POS_000562,FRAG_000604,FRAG_000605,sample_pdf_018.pdf,sample_pdf_018.pdf,pdf,pdf,1,1,8.0,50.75,32.5,0,1,0,0.9989,0.01183,0.0649,0.99883,0.1096,4.5963,1.4446,0.8216,46.1664,0.0,0.0,0.0,0.0,0,0,0,0,0,0
PAIR_NEG_000157,FRAG_001429,FRAG_001567,sample_zip_007.zip,sample_zip_018.zip,zip,zip,1,0,25.0,74.0,105.0625,0,0,0,0.36144,0.1768,0.81104,0.17651,1.2104,7.3428,35.4217,1.9227,288.6001,0.0344,0.1683,0.2048,0.1746,14,0,1,0,1,0
PAIR_POS_001460,FRAG_001579,FRAG_001580,sample_zip_020.zip,sample_zip_020.zip,zip,zip,1,1,202.0,162.5,99.3125,0,0,0,0.9421,0.0219,0.28271,-0.02447,0.0059,7.9569,2.0541,0.497,73.1768,0.0122,0.0025,0.0127,0.0015,1,0,0,0,0,0
PAIR_NEG_000523,FRAG_000095,FRAG_000213,sample_jpeg_011.jpeg,sample_jpeg_024.jpeg,jpeg,jpeg,1,0,22.0,65.25,63.125,0,1,0,0.93503,0.0233,0.30155,0.00596,0.0043,7.9492,0.4919,1.0611,158.0597,0.0105,0.0023,0.0106,0.0009,0,0,1,0,1,0
PAIR_NEG_001335,FRAG_001103,FRAG_000007,sample_text_007.csv,sample_jpeg_001.jpeg,text,jpeg,0,0,21.0,79.5,66.3125,0,1,0,0.26907,0.20541,1.6982,-0.05554,3.0613,6.4167,62.7271,50.6264,4990.1081,0.6245,0.0081,0.4941,0.127,1,0,0,0,0,0
PAIR_NEG_000269,FRAG_001514,FRAG_001421,sample_zip_014.zip,sample_zip_006.zip,zip,zip,1,0,144.0,68.5,95.125,0,0,0,0.93889,0.02253,0.28661,-0.02337,0.0029,7.9539,0.344,0.6162,90.7134,0.001,0.0017,0.003,0.0062,0,0,0,0,0,0
PAIR_NEG_001281,FRAG_001155,FRAG_000157,sample_text_011.json,sample_jpeg_017.jpg,text,jpeg,0,0,155.0,112.75,70.1875,0,0,0,0.25739,0.22103,1.61082,-0.03226,2.9546,6.4777,60.118,38.9032,4262.8076,0.6343,0.0078,0.5115,0.1191,2,0,0,0,0,0
PAIR_POS_000335,FRAG_000365,FRAG_000366,sample_pdf_006.pdf,sample_pdf_006.pdf,pdf,pdf,1,1,11.0,25.0,13.5,0,1,0,0.99963,0.00645,0.03075,0.9996,0.0022,4.5359,0.1311,0.1432,7.9058,0.0,0.0,0.0,0.0,0,0,0,0,0,0
PAIR_POS_000806,FRAG_000863,FRAG_000864,sample_png_008.png,sample_png_008.png,png,png,1,1,132.0,118.5,113.9375,0,0,0,0.9385,0.02259,0.29933,-0.05608,0.0023,7.9543,1.467,0.3109,46.2185,0.0223,0.0031,0.0202,0.0007,1,0,0,0,0,0
PAIR_POS_000662,FRAG_000706,FRAG_000707,sample_pdf_020.pdf,sample_pdf_020.pdf,pdf,pdf,1,1,0.0,10.25,18.9375,0,1,1,0.33736,0.42654,1.38074,0.31416,1.1633,4.0207,39.4943,4.0009,217.8384,0.0,0.0,0.0,0.0,5,0,1,0,1,0
PAIR_NEG_000768,FRAG_000941,FRAG_001468,sample_png_017.png,sample_zip_011.zip,png,zip,0,0,3.0,57.5,71.75,0,1,0,0.93967,0.02235,0.2812,-0.06397,0.001,7.9565,3.7408,0.0786,11.5838,0.0168,0.0025,0.0295,0.0112,1,0,0,0,0,0
PAIR_NEG_000996,FRAG_000859,FRAG_000508,sample_png_008.png,sample_pdf_012.pdf,png,pdf,0,0,14.0,75.0,60.75,0,0,0,0.25133,0.22927,1.71778,-0.01356,3.4182,6.2377,29.664,46.0921,4668.5917,0.6113,0.0042,0.4863,0.1201,1,0,0,0,0,0
PAIR_NEG_000974,FRAG_001545,FRAG_001049,sample_zip_017.zip,sample_text_002.txt,zip,text,0,0,97.0,55.5,65.875,0,0,0,0.32365,0.18556,1.60638,0.06255,2.8503,6.5312,46.9536,43.0066,4504.2081,0.6128,0.0078,0.4885,0.1196,1,0,0,0,0,0
PAIR_NEG_000319,FRAG_001306,FRAG_001043,sample_text_020.txt,sample_text_002.txt,text,text,1,0,34.0,30.75,12.625,0,1,0,0.99975,0.00438,0.02047,0.99973,0.0074,5.1005,0.0815,0.0405,2.5035,0.0,0.0,0.0,0.0,1,0,0,0,0,0
PAIR_NEG_000070,FRAG_000151,FRAG_000142,sample_jpeg_017.jpg,sample_jpeg_016.jpeg,jpeg,jpeg,1,0,74.0,83.75,68.875,0,0,0,0.94154,0.02207,0.2837,0.05592,0.0059,7.9522,2.0945,0.0504,7.4068,0.0071,0.0046,0.0078,0.0005,0,0,0,0,0,0
PAIR_NEG_000702,FRAG_000814,FRAG_000894,sample_png_003.png,sample_png_011.png,png,png,1,0,60.0,47.25,70.5625,0,0,0,0.93619,0.02311,0.28977,0.03141,0.0121,7.9489,2.9191,0.2857,41.7875,0.0104,0.0032,0.0173,0.0058,2,0,0,0,0,1
PAIR_POS_000533,FRAG_000573,FRAG_000574,sample_pdf_016.pdf,sample_pdf_016.pdf,pdf,pdf,1,1,11.0,26.75,27.5625,0,1,0,0.99775,0.01696,0.08643,0.99761,0.1294,4.5233,1.3715,0.7642,42.624,0.0,0.0,0.0,0.0,0,0,0,0,0,0
PAIR_NEG_000213,FRAG_001109,FRAG_001264,sample_text_008.json,sample_text_016.json,text,text,1,0,69.0,63.25,54.6875,0,1,0,0.99854,0.01242,0.04781,0.99842,0.0138,4.9872,0.4268,0.0332,2.3531,0.0,0.0,0.0,0.0,0,0,0,0,0,0
PAIR_NEG_000259,FRAG_001254,FRAG_001033,sample_text_016.json,sample_text_001.json,text,text,1,0,72.0,55.5,29.0,0,1,0,0.9978,0.01526,0.05564,0.99762,0.0044,4.9842,0.0125,0.053,3.7491,0.0,0.0,0.0,0.0,0,0,0,0,0,0
PAIR_NEG_001290,FRAG_001283,FRAG_001021,sample_text_018.csv,sample_png_025.png,text,png,0,0,63.0,99.0,83.8125,0,1,0,0.28146,0.2012,1.67823,-0.0355,3.0475,6.4318,65.2158,50.0786,4908.2009,0.6133,0.0032,0.499,0.1099,1,0,0,0,0,0
PAIR_NEG_000548,FRAG_000093,FRAG_000080,sample_jpeg_011.jpeg,sample_jpeg_010.jpg,jpeg,jpeg,1,0,10.0,56.75,80.75,0,0,0,0.94144,0.02211,0.27967,0.08916,0.0012,7.9511,1.0427,0.259,38.4932,0.0012,0.0022,0.0061,0.0039,1,0,0,0,0,0
PAIR_NEG_000824,FRAG_000499,FRAG_000097,sample_pdf_012.pdf,sample_jpeg_011.jpeg,pdf,jpeg,0,0,102.0,114.0,79.125,0,0,0,0.24266,0.23267,1.74959,-0.04434,3.508,6.2014,29.8384,46.5593,4673.5906,0.6221,0.0049,0.5,0.1179,0,0,0,0,0,0
PAIR_NEG_000165,FRAG_001528,FRAG_001579,sample_zip_015.zip,sample_zip_020.zip,zip,zip,1,0,87.0,103.25,78.0625,0,0,0,0.94661,0.02099,0.26665,-0.00275,0.0006,7.9596,1.7479,0.3497,51.531,0.0022,0.001,0.0076,0.0029,1,0,0,0,0,0
PAIR_POS_000065,FRAG_000073,FRAG_000074,sample_jpeg_009.jpeg,sample_jpeg_009.jpeg,jpeg,jpeg,1,1,60.0,55.5,71.375,0,1,0,0.95251,0.01992,0.25632,0.26846,0.0011,7.9511,2.3418,0.3814,57.0316,0.0076,0.0022,0.0139,0.0052,0,0,0,0,0,0
PAIR_POS_000194,FRAG_000218,FRAG_000219,sample_jpeg_025.jpg,sample_jpeg_025.jpg,jpeg,jpeg,1,1,241.0,106.5,80.6875,0,0,0,0.9422,0.02202,0.2831,0.15763,0.0049,7.9486,1.5652,0.3219,47.8575,0.0097,0.0015,0.0095,0.0002,0,0,0,0,0,0
PAIR_POS_000299,FRAG_000328,FRAG_000329,sample_pdf_005.pdf,sample_pdf_005.pdf,pdf,pdf,1,1,9.0,43.25,30.0625,0,1,0,0.99968,0.00607,0.02837,0.99965,0.0138,4.5244,0.3184,0.222,12.3074,0.0,0.0,0.0,0.0,0,0,0,0,0,0
PAIR_NEG_001481,FRAG_000938,FRAG_000667,sample_png_016.png,sample_pdf_019.pdf,png,pdf,0,0,16.0,43.25,70.0,0,0,0,0.25961,0.23322,1.73794,0.03943,3.507,6.1922,31.5861,47.8511,4885.759,0.6225,0.0055,0.5018,0.1156,2,0,0,0,0,1
PAIR_NEG_001055,FRAG_000393,FRAG_000116,sample_pdf_008.pdf,sample_jpeg_013.jpeg,pdf,jpeg,0,0,145.0,119.75,74.5625,0,0,0,0.26545,0.22653,1.71393,0.03286,3.3936,6.255,31.2649,45.616,4661.2726,0.6199,0.0076,0.4939,0.1216,0,0,0,0,0,0
PAIR_POS_000861,FRAG_000925,FRAG_000926,sample_png_015.png,sample_png_015.png,png,png,1,1,27.0,76.25,92.1875,0,0,0,0.84575,0.03867,0.49722,0.04683,0.2182,7.8465,0.1752,1.5278,226.3155,0.0204,0.0057,0.0107,0.0125,2,0,1,0,1,0
PAIR_POS_000711,FRAG_000759,FRAG_000760,sample_pdf_024.pdf,sample_pdf_024.pdf,pdf,pdf,1,1,19.0,9.0,21.375,0,1,0,0.99904,0.01036,0.05227,0.99896,0.0506,4.5588,0.5632,0.4851,26.8861,0.0,0.0,0.0,0.0,0,0,0,0,0,0
PAIR_POS_000971,FRAG_001047,FRAG_001048,sample_text_002.txt,sample_text_002.txt,text,text,1,1,21.0,7.75,14.75,0,1,0,0.99943,0.00662,0.02641,0.99936,0.0043,5.1159,0.0967,0.0515,3.1725,0.0,0.0,0.0,0.0,1,0,0,0,0,0
PAIR_NEG_000831,FRAG_001182,FRAG_000862,sample_text_012.log,sample_png_008.png,text,png,0,0,21.0,35.0,68.5625,0,1,0,0.29594,0.18796,1.62733,-0.05989,2.8607,6.5282,49.1968,43.2802,4548.2925,0.6277,0.0022,0.5115,0.1123,0,0,0,0,0,0
PAIR_NEG_000612,FRAG_000865,FRAG_000827,sample_png_008.png,sample_png_005.png,png,png,1,0,98.0,103.5,86.1875,0,0,0,0.94462,0.02146,0.27586,0.0828,0.0099,7.9524,3.9622,0.6856,101.0872,0.0056,0.0051,0.0161,0.009,1,0,0,0,0,1
PAIR_POS_000601,FRAG_000644,FRAG_000645,sample_pdf_019.pdf,sample_pdf_019.pdf,pdf,pdf,1,1,7.0,35.75,28.0625,0,1,0,0.9962,0.02059,0.10004,0.99592,0.0415,4.5634,0.0235,0.1019,5.6987,0.0,0.0,0.0,0.0,0,0,0,0,0,0
PAIR_NEG_000645,FRAG_000403,FRAG_000595,sample_pdf_008.pdf,sample_pdf_017.pdf,pdf,pdf,1,0,4.0,13.0,24.625,0,1,0,0.99775,0.01566,0.07958,0.99758,0.0662,4.5976,0.6616,0.6058,34.1053,0.0,0.0,0.0,0.0,0,0,0,0,0,0
PAIR_NEG_001411,FRAG_000666,FRAG_000134,sample_pdf_019.pdf,sample_jpeg_015.jpeg,pdf,jpeg,0,0,4.0,15.25,52.25,0,1,0,0.26305,0.23207,1.71195,0.04571,3.5016,6.2093,31.0239,46.8108,4739.6808,0.6067,0.0063,0.4915,0.1111,0,0,0,0,0,0
PAIR_POS_000309,FRAG_000338,FRAG_000339,sample_pdf_005.pdf,sample_pdf_005.pdf,pdf,pdf,1,1,10.0,27.5,33.4375,0,1,0,0.99996,0.00218,0.00876,0.99996,0.004,4.5219,0.0242,0.0083,0.4626,0.0,0.0,0.0,0.0,0,0,0,0,0,0
PAIR_POS_001017,FRAG_001098,FRAG_001099,sample_text_007.csv,sample_text_007.csv,text,text,1,1,7.0,3.0,15.375,0,1,0,0.99769,0.01455,0.06884,0.99747,0.0455,4.9139,0.6225,0.5733,27.998,0.0,0.0,0.0,0.0,1,1,0,0,0,0
PAIR_POS_000304,FRAG_000333,FRAG_000334,sample_pdf_005.pdf,sample_pdf_005.pdf,pdf,pdf,1,1,8.0,20.25,31.375,0,1,0,0.99812,0.01572,0.08442,0.99801,0.1361,4.5918,1.7329,0.8852,50.0886,0.0,0.0,0.0,0.0,0,0,0,0,0,0
PAIR_NEG_001191,FRAG_000844,FRAG_001446,sample_png_006.png,sample_zip_009.zip,png,zip,0,0,73.0,44.75,111.25,0,0,0,0.94475,0.02141,0.27236,0.05054,0.0034,7.9553,1.1711,0.5578,82.3924,0.0151,0.0027,0.0115,0.0031,0,0,0,0,0,0
PAIR_NEG_000889,FRAG_001259,FRAG_000334,sample_text_016.json,sample_pdf_005.pdf,text,pdf,0,0,65.0,57.5,71.8125,0,1,0,0.72943,0.17202,0.87638,0.7086,0.4629,4.7553,26.0134,7.5878,480.1915,0.0,0.0,0.0,0.0,2,0,0,0,0,0
PAIR_POS_001287,FRAG_001389,FRAG_001390,sample_zip_003.zip,sample_zip_003.zip,zip,zip,1,1,173.0,75.25,82.8125,0,0,0,0.94,0.0223,0.28854,-0.05514,0.0053,7.9562,1.2688,0.8299,122.5245,0.0012,0.0024,0.0007,0.0036,1,0,0,0,0,0
PAIR_NEG_000791,FRAG_000066,FRAG_001026,sample_jpeg_008.jpeg,sample_text_001.json,jpeg,text,0,0,53.0,71.75,67.5,0,1,0,0.26568,0.22112,1.5766,0.00698,2.9662,6.4705,56.5855,38.1766,4158.4461,0.605,0.009,0.4829,0.1174,2,0,0,0,0,0
PAIR_NEG_000125,FRAG_001153,FRAG_001051,sample_text_011.json,sample_text_002.txt,text,text,1,0,105.0,85.0,50.75,0,1,0,0.79312,0.14053,0.6553,0.77447,0.1111,5.0524,10.7427,4.5823,303.6864,0.0,0.0,0.0,0.0,2,0,0,0,0,0
PAIR_NEG_000257,FRAG_000641,FRAG_000725,sample_pdf_019.pdf,sample_pdf_022.pdf,pdf,pdf,1,0,70.0,28.75,36.0,0,1,0,0.99137,0.03129,0.14407,0.99074,0.0336,4.5053,0.7227,0.5686,31.3455,0.0,0.0,0.0,0.0,0,0,0,0,0,0
PAIR_NEG_001288,FRAG_001630,FRAG_001115,sample_zip_025.zip,sample_text_008.json,zip,text,0,0,42.0,28.25,87.1875,0,0,0,0.25515,0.22289,1.58837,-0.03822,2.9854,6.4654,58.023,38.2616,4175.8429,0.6167,0.0037,0.4907,0.1216,2,0,0,0,0,0
PAIR_POS_000801,FRAG_000858,FRAG_000859,sample_png_008.png,sample_png_008.png,png,png,1,1,55.0,36.0,69.3125,0,1,0,0.93223,0.02377,0.31343,-0.07813,0.0097,7.9516,3.843,0.6093,90.1784,0.0117,0.0005,0.0213,0.0083,0,0,0,0,0,0
PAIR_POS_001391,FRAG_001504,FRAG_001505,sample_zip_014.zip,sample_zip_014.zip,zip,zip,1,1,8.0,69.25,87.9375,0,0,0,0.9387,0.02261,0.28607,0.03004,0.0056,7.9505,0.5774,0.1869,27.3386,0.0049,0.0039,0.0013,0.0066,0,0,0,0,0,0
PAIR_NEG_000968,FRAG_000920,FRAG_001192,sample_png_014.png,sample_text_013.csv,png,text,0,0,34.0,22.0,74.375,0,0,0,0.28757,0.20709,1.67047,0.02797,3.1002,6.4097,64.3259,50.0924,4909.2673,0.6165,0.0046,0.4966,0.115,1,0,0,0,0,0
PAIR_POS_001419,FRAG_001534,FRAG_001535,sample_zip_016.zip,sample_zip_016.zip,zip,zip,1,1,188.0,70.5,83.375,0,0,0,0.94283,0.02175,0.26925,-0.03063,0.0052,7.9573,3.5837,0.0045,0.657,0.0101,0.0012,0.0161,0.0066,0,0,0,0,0,0
PAIR_NEG_000265,FRAG_001163,FRAG_001181,sample_text_011.json,sample_text_012.log,text,text,1,0,24.0,26.75,23.0,0,1,0,0.79474,0.13988,0.65478,0.7762,0.1098,5.0535,10.7166,4.5513,301.5885,0.0,0.0,0.0,0.0,2,0,0,0,0,0
PAIR_POS_000135,FRAG_000151,FRAG_000152,sample_jpeg_017.jpg,sample_jpeg_017.jpg,jpeg,jpeg,1,1,145.0,74.0,106.4375,0,0,0,0.94212,0.022,0.2788,0.11905,0.0009,7.9497,3.2356,0.6341,93.5926,0.0125,0.0024,0.018,0.0034,0,0,0,0,0,0
PAIR_NEG_000847,FRAG_001619,FRAG_001033,sample_zip_024.zip,sample_text_001.json,zip,text,0,0,7.0,68.75,43.875,0,1,0,0.2614,0.22208,1.55854,-0.00958,2.9733,6.4687,57.4375,37.4941,4061.7714,0.6025,0.0063,0.4868,0.1133,1,0,0,0,0,0
PAIR_POS_000926,FRAG_000998,FRAG_000999,sample_png_023.png,sample_png_023.png,png,png,1,1,151.0,121.0,97.25,0,0,0,0.94533,0.02126,0.27754,-8e-05,0.0004,7.9582,1.6866,0.8567,126.9986,0.0152,0.001,0.0149,0.0007,0,0,0,0,0,0
PAIR_NEG_001389,FRAG_000920,FRAG_001616,sample_png_014.png,sample_zip_023.zip,png,zip,0,0,216.0,77.5,68.75,0,0,0,0.8617,0.03629,0.31782,0.07532,0.0885,7.9155,3.7202,1.984,297.7512,0.0152,0.0277,0.0197,0.0349,15,0,1,0,1,0
PAIR_POS_000963,FRAG_001038,FRAG_001039,sample_text_001.json,sample_text_001.json,text,text,1,1,5.0,16.25,23.4375,0,1,0,0.99922,0.00936,0.03905,0.99916,0.0263,4.9868,0.0463,0.1324,9.3821,0.0,0.0,0.0,0.0,0,0,0,0,0,0
PAIR_POS_000252,FRAG_000278,FRAG_000279,sample_pdf_002.pdf,sample_pdf_002.pdf,pdf,pdf,1,1,9.0,23.0,22.625,0,1,0,0.97353,0.05372,0.17915,0.97149,0.1471,4.628,4.9725,2.9284,170.3907,0.0,0.0,0.0,0.0,8,0,1,0,1,0
PAIR_NEG_001295,FRAG_001472,FRAG_000439,sample_zip_011.zip,sample_pdf_009.pdf,zip,pdf,0,0,24.0,84.75,86.0,0,1,0,0.25503,0.22732,1.71091,-0.01105,3.4103,6.247,32.8559,46.2994,4703.3043,0.6223,0.0032,0.5015,0.1169,0,0,0,0,0,0
PAIR_NEG_000993,FRAG_000646,FRAG_001596,sample_pdf_019.pdf,sample_zip_021.zip,pdf,zip,0,0,5.0,45.25,63.75,0,1,0,0.27207,0.22749,1.68846,0.06663,3.4136,6.2496,31.9631,45.6616,4630.2945,0.6064,0.0061,0.4888,0.1121,1,0,0,0,0,0
PAIR_NEG_000543,FRAG_001091,FRAG_001329,sample_text_006.log,sample_text_022.log,text,text,1,0,60.0,41.75,39.375,0,1,0,0.99901,0.00874,0.03121,0.99889,0.0015,5.107,0.0696,0.0051,0.312,0.0,0.0,0.0,0.0,1,0,0,0,0,0
PAIR_POS_000708,FRAG_000756,FRAG_000757,sample_pdf_024.pdf,sample_pdf_024.pdf,pdf,pdf,1,1,2.0,34.5,26.625,0,1,0,0.99994,0.00263,0.00975,0.99994,0.0021,4.4818,0.0054,0.0256,1.4026,0.0,0.0,0.0,0.0,0,0,0,0,0,0
PAIR_NEG_001279,FRAG_000975,FRAG_001424,sample_png_021.png,sample_zip_007.zip,png,zip,0,0,72.0,109.5,90.375,0,0,0,0.93387,0.02358,0.2924,0.0624,0.0039,7.9444,1.8499,0.387,57.4683,0.0107,0.0059,0.0132,0.0017,1,0,0,0,0,1
PAIR_NEG_000176,FRAG_001541,FRAG_001417,sample_zip_016.zip,sample_zip_006.zip,zip,zip,1,0,8.0,65.25,63.875,0,1,0,0.93637,0.02299,0.29048,-0.07123,0.0031,7.9538,0.1282,0.7824,114.9763,0.0078,0.0039,0.0007,0.0091,1,0,0,0,0,0
PAIR_POS_001186,FRAG_001278,FRAG_001279,sample_text_018.csv,sample_text_018.csv,text,text,1,1,11.0,4.0,15.3125,0,1,0,0.99142,0.028,0.06537,0.99062,0.0029,4.8828,0.107,0.0289,1.3944,0.0,0.0,0.0,0.0,0,0,0,0,0,0
PAIR_NEG_001171,FRAG_000480,FRAG_000009,sample_pdf_011.pdf,sample_jpeg_001.jpeg,pdf,jpeg,0,0,59.0,100.25,79.3125,0,1,0,0.25114,0.22995,1.70457,-0.02024,3.4459,6.234,31.6641,46.9524,4777.5338,0.6135,0.0078,0.4915,0.1182,0,0,0,0,0,0
PAIR_POS_000867,FRAG_000932,FRAG_000933,sample_png_016.png,sample_png_016.png,png,png,1,1,147.0,106.0,109.25,0,0,0,0.94199,0.02198,0.28023,0.0641,0.006,7.9521,2.489,0.233,34.4695,0.0149,0.0005,0.0192,0.0032,0,0,0,0,0,0
PAIR_POS_001032,FRAG_001114,FRAG_001115,sample_text_008.json,sample_text_008.json,text,text,1,1,5.0,50.25,31.1875,0,1,0,0.99936,0.00829,0.03412,0.99931,0.0195,4.9825,0.084,0.0339,2.3999,0.0,0.0,0.0,0.0,0,0,0,0,0,0
PAIR_POS_000548,FRAG_000589,FRAG_000590,sample_pdf_017.pdf,sample_pdf_017.pdf,pdf,pdf,1,1,15.0,30.25,19.875,0,1,0,0.99969,0.0061,0.02734,0.99967,0.0191,4.5128,0.1536,0.0382,2.1303,0.0,0.0,0.0,0.0,0,0,0,0,0,0
PAIR_NEG_000772,FRAG_000797,FRAG_000492,sample_png_001.png,sample_pdf_012.pdf,png,pdf,0,0,14.0,61.75,74.8125,0,1,0,0.25087,0.23072,1.6997,-0.01364,3.446,6.2293,32.7348,46.4309,4711.3723,0.6204,0.0039,0.5015,0.1147,0,0,0,0,0,0
PAIR_NEG_001277,FRAG_000825,FRAG_001074,sample_png_004.png,sample_text_004.json,png,text,0,0,94.0,135.0,79.125,0,0,0,0.26492,0.22153,1.58106,-0.00157,2.9767,6.4738,57.1196,39.1411,4304.3751,0.6057,0.0029,0.4829,0.1187,2,0,0,0,0,0
PAIR_POS_000462,FRAG_000498,FRAG_000499,sample_pdf_012.pdf,sample_pdf_012.pdf,pdf,pdf,1,1,67.0,22.75,26.0625,0,1,0,0.99972,0.00566,0.02391,0.9997,0.005,4.4449,0.0161,0.0508,2.7376,0.0,0.0,0.0,0.0,0,0,0,0,0,0
PAIR_NEG_000553,FRAG_000130,FRAG_000198,sample_jpeg_015.jpeg,sample_jpeg_022.jpg,jpeg,jpeg,1,0,17.0,43.0,76.0625,0,0,0,0.94289,0.02182,0.28167,0.08705,0.0001,7.952,0.0274,0.0015,0.2185,0.0017,0.0015,0.0044,0.0022,1,0,0,0,0,0
PAIR_NEG_000904,FRAG_001575,FRAG_001298,sample_zip_019.zip,sample_text_019.txt,zip,text,0,0,117.0,110.5,84.0,0,0,0,0.30218,0.18745,1.60094,0.0394,2.8015,6.5045,41.5979,43.8937,4638.2494,0.6035,0.0307,0.4548,0.1435,14,0,0,0,0,1
PAIR_POS_000233,FRAG_000259,FRAG_000260,sample_pdf_002.pdf,sample_pdf_002.pdf,pdf,pdf,1,1,18.0,5.5,15.875,0,1,0,0.99865,0.01296,0.06787,0.99856,0.1341,4.5685,1.4145,1.3221,74.2422,0.002,0.0,0.002,0.0,0,1,0,1,0,0
PAIR_POS_001365,FRAG_001475,FRAG_001476,sample_zip_011.zip,sample_zip_011.zip,zip,zip,1,1,136.0,88.5,81.1875,0,0,0,0.94139,0.02203,0.28753,-0.03001,0.0014,7.9562,3.4907,0.3704,54.6669,0.0245,0.0031,0.0269,0.0015,1,0,0,0,0,0
PAIR_NEG_001339,FRAG_001255,FRAG_001577,sample_text_016.json,sample_zip_020.zip,text,zip,0,0,5.0,44.5,45.8125,0,0,0,0.2594,0.22155,1.60016,-0.01635,2.9593,6.4694,59.6892,38.5069,4207.0293,0.614,0.0034,0.5022,0.1079,2,0,0,0,0,0
PAIR_NEG_000174,FRAG_001612,FRAG_001456,sample_zip_023.zip,sample_zip_010.zip,zip,zip,1,0,3.0,64.5,81.9375,0,0,0,0.94292,0.02182,0.27141,0.09698,0.0054,7.9513,0.0332,1.7333,257.3215,0.0134,0.0021,0.0027,0.018,1,0,0,0,0,0
PAIR_POS_000420,FRAG_000455,FRAG_000456,sample_pdf_011.pdf,sample_pdf_011.pdf,pdf,pdf,1,1,3.0,14.0,18.375,0,1,0,0.9959,0.02171,0.1064,0.9956,0.0058,4.5318,0.4922,0.0471,2.6003,0.0,0.0,0.0,0.0,0,0,0,0,0,0
PAIR_NEG_001372,FRAG_000789,FRAG_000067,sample_pdf_025.pdf,sample_jpeg_008.jpeg,pdf,jpeg,0,0,91.0,92.75,51.625,0,1,0,0.21032,0.23233,1.73826,-0.18152,3.4404,6.2289,32.5163,47.0608,4802.6444,0.6326,0.0073,0.5073,0.1191,0,0,0,0,0,0
PAIR_POS_000359,FRAG_000391,FRAG_000392,sample_pdf_008.pdf,sample_pdf_008.pdf,pdf,pdf,1,1,9.0,2.75,20.5625,0,1,0,0.99933,0.00879,0.04542,0.99928,0.0718,4.5813,0.8103,0.4735,26.6517,0.0,0.0,0.0,0.0,0,0,0,0,0,0
PAIR_POS_000751,FRAG_000801,FRAG_000802,sample_png_001.png,sample_png_001.png,png,png,1,1,125.0,64.75,91.75,0,0,0,0.93391,0.02359,0.29428,0.0647,0.0243,7.9439,2.0442,0.2742,40.543,0.0054,0.0024,0.0068,0.003,2,0,1,0,1,0
PAIR_POS_001082,FRAG_001167,FRAG_001168,sample_text_011.json,sample_text_011.json,text,text,1,1,67.0,75.0,49.0,0,1,0,0.99888,0.01084,0.04882,0.9988,0.0063,4.9925,0.197,0.1038,7.3646,0.0,0.0,0.0,0.0,0,0,0,0,0,0
PAIR_POS_001283,FRAG_001385,FRAG_001386,sample_zip_003.zip,sample_zip_003.zip,zip,zip,1,1,124.0,104.5,81.4375,0,0,0,0.94445,0.02151,0.27583,0.10768,0.0026,7.9517,1.0317,0.0095,1.4118,0.007,0.0046,0.0107,0.0043,1,1,0,1,0,0
PAIR_NEG_000205,FRAG_000220,FRAG_000196,sample_jpeg_025.jpg,sample_jpeg_022.jpg,jpeg,jpeg,1,0,181.0,90.0,90.0,0,0,0,0.95042,0.02028,0.25299,0.14438,0.0016,7.9559,1.9658,0.2201,32.6086,0.0041,0.0017,0.0081,0.013,0,0,0,0,0,0
PAIR_NEG_000573,FRAG_000107,FRAG_000014,sample_jpeg_012.jpg,sample_jpeg_002.jpeg,jpeg,jpeg,1,0,0.0,96.25,113.875,0,0,1,0.93294,0.02378,0.30465,0.08208,0.0139,7.9447,5.5007,1.0651,159.4752,0.0051,0.0037,0.0254,0.0222,1,0,0,0,0,1
PAIR_NEG_000087,FRAG_000657,FRAG_000412,sample_pdf_019.pdf,sample_pdf_009.pdf,pdf,pdf,1,0,13.0,48.0,28.3125,0,1,0,0.99319,0.02752,0.12891,0.99267,0.0396,4.5602,0.2598,0.0024,0.1287,0.0,0.0,0.0,0.0,0,0,0,0,0,0
PAIR_POS_001169,FRAG_001259,FRAG_001260,sample_text_016.json,sample_text_016.json,text,text,1,1,0.0,44.75,51.25,0,1,1,0.99927,0.00889,0.03511,0.99921,0.012,4.9927,0.0105,0.1398,9.888,0.0,0.0,0.0,0.0,0,0,0,0,0,0
PAIR_NEG_000136,FRAG_000999,FRAG_001016,sample_png_023.png,sample_png_025.png,png,png,1,0,169.0,98.75,107.9375,0,0,0,0.9395,0.02238,0.28708,-0.07217,0.0031,7.9565,1.2971,0.1206,17.9987,0.0144,0.001,0.0171,0.002,0,0,0,0,0,0
PAIR_NEG_000149,FRAG_001017,FRAG_000813,sample_png_025.png,sample_png_003.png,png,png,1,0,54.0,55.25,73.0,0,0,0,0.93381,0.02346,0.30018,-0.1095,0.0115,7.9542,1.0425,0.1981,29.1435,0.0086,0.0022,0.009,0.001,0,0,0,0,0,0
PAIR_NEG_000280,FRAG_000211,FRAG_000017,sample_jpeg_024.jpeg,sample_jpeg_002.jpeg,jpeg,jpeg,1,0,21.0,89.25,84.3125,0,0,0,0.94056,0.02226,0.28755,0.05387,0.0035,7.9511,0.4179,0.4758,71.1186,0.001,0.0022,0.0017,0.0017,0,0,0,0,0,0
PAIR_POS_000113,FRAG_000127,FRAG_000128,sample_jpeg_015.jpeg,sample_jpeg_015.jpeg,jpeg,jpeg,1,1,191.0,141.5,85.75,0,0,0,0.93841,0.02267,0.28464,0.02704,0.0042,7.9514,1.5279,0.6928,103.0528,0.0066,0.0027,0.0149,0.0063,1,0,0,0,0,0
PAIR_NEG_000796,FRAG_000910,FRAG_001218,sample_png_013.png,sample_text_015.json,png,text,0,0,98.0,63.25,69.9375,0,0,0,0.26677,0.22087,1.57848,0.03032,2.9101,6.4526,58.7275,37.9826,4130.7468,0.6164,0.0064,0.5023,0.1112,0,0,0,0,0,1
PAIR_POS_001275,FRAG_001375,FRAG_001376,sample_zip_001.zip,sample_zip_001.zip,zip,zip,1,1,122.0,96.0,68.5625,0,0,0,0.94361,0.02164,0.27338,0.04743,0.0105,7.9543,1.3453,0.3004,44.2469,0.0032,0.0031,0.0061,0.0012,1,0,0,0,0,0
PAIR_POS_000425,FRAG_000460,FRAG_000461,sample_pdf_011.pdf,sample_pdf_011.pdf,pdf,pdf,1,1,3.0,38.75,27.9375,0,1,0,0.99976,0.00524,0.02346,0.99974,0.0015,4.492,0.1103,0.0325,1.7912,0.0,0.0,0.0,0.0,0,0,0,0,0,0
PAIR_NEG_000137,FRAG_000092,FRAG_000054,sample_jpeg_011.jpeg,sample_jpeg_007.jpg,jpeg,jpeg,1,0,216.0,77.25,76.0,0,0,0,0.94718,0.02099,0.27683,0.16419,0.0,7.9521,0.8631,0.7866,118.4001,0.0141,0.0022,0.0178,0.0049,1,1,0,1,0,0
PAIR_NEG_001349,FRAG_001433,FRAG_000267,sample_zip_008.zip,sample_pdf_002.pdf,zip,pdf,0,0,152.0,95.0,84.625,0,0,0,0.26878,0.22979,1.70995,0.0631,3.448,6.2212,30.9964,45.9227,4612.7125,0.6079,0.0012,0.4897,0.1135,0,0,0,0,0,0
PAIR_NEG_000731,FRAG_001536,FRAG_001614,sample_zip_016.zip,sample_zip_023.zip,zip,zip,1,0,117.0,105.5,96.9375,0,0,0,0.95076,0.02019,0.2577,0.12027,0.0052,7.957,3.4654,0.1715,25.283,0.01,0.0012,0.019,0.0085,0,0,0,0,0,0
PAIR_NEG_001132,FRAG_000044,FRAG_000523,sample_jpeg_005.jpg,sample_pdf_013.pdf,jpeg,pdf,0,0,83.0,54.25,67.625,0,0,0,0.25304,0.23175,1.74258,0.00081,3.4996,6.2045,31.7409,47.9024,4854.6543,0.6292,0.0088,0.5061,0.1196,0,0,0,0,0,0
PAIR_POS_001129,FRAG_001218,FRAG_001219,sample_text_015.json,sample_text_015.json,text,text,1,1,15.0,14.25,40.3125,0,1,0,0.99911,0.00972,0.04002,0.99904,0.0164,4.9893,0.0529,0.0537,3.8071,0.0,0.0,0.0,0.0,0,0,0,0,0,0
PAIR_NEG_000412,FRAG_001084,FRAG_001096,sample_text_004.json,sample_text_006.log,text,text,1,0,4.0,32.25,42.875,0,1,0,0.79641,0.13911,0.66416,0.77798,0.1082,5.0481,10.4818,4.5278,300.2221,0.0,0.0,0.0,0.0,2,0,0,0,0,0
PAIR_NEG_000547,FRAG_001285,FRAG_001210,sample_text_018.csv,sample_text_015.json,text,text,1,0,20.0,10.0,27.125,0,1,0,0.38637,0.24251,1.16455,0.33158,0.0752,4.9578,6.064,11.4458,680.3771,0.0,0.0,0.0,0.0,1,0,0,0,0,0
PAIR_NEG_000102,FRAG_001282,FRAG_001296,sample_text_018.csv,sample_text_019.txt,text,text,1,0,5.0,42.25,41.3125,0,1,0,0.48101,0.20973,1.03072,0.42806,0.2313,4.9895,16.8288,6.9185,379.4308,0.0,0.0,0.0,0.0,0,0,0,0,0,0
PAIR_NEG_001267,FRAG_000141,FRAG_000612,sample_jpeg_016.jpeg,sample_pdf_018.pdf,jpeg,pdf,0,0,104.0,69.75,71.5625,0,0,0,0.24544,0.22604,1.69588,-0.05558,3.3287,6.2843,34.4122,45.3114,4621.1428,0.6233,0.0068,0.5115,0.1094,0,0,0,0,0,0
PAIR_NEG_000113,FRAG_000003,FRAG_000118,sample_jpeg_001.jpeg,sample_jpeg_013.jpeg,jpeg,jpeg,1,0,128.0,123.25,85.5625,0,0,0,0.94485,0.02137,0.2666,0.01598,0.0077,7.9573,2.3752,0.5887,88.0011,0.0025,0.0034,0.0102,0.0131,0,0,0,0,0,0
PAIR_POS_000759,FRAG_000811,FRAG_000812,sample_png_003.png,sample_png_003.png,png,png,1,1,19.0,24.5,60.0,0,0,0,0.95815,0.01853,0.23444,0.13542,0.0021,7.963,2.2048,0.2478,36.752,0.0183,0.0002,0.0132,0.0042,0,0,0,0,0,0
PAIR_NEG_000693,FRAG_000445,FRAG_000586,sample_pdf_010.pdf,sample_pdf_017.pdf,pdf,pdf,1,0,3.0,12.0,24.5625,0,1,0,0.99744,0.01858,0.10345,0.9973,0.1948,4.5859,2.0776,1.5328,86.1207,0.002,0.0,0.002,0.0,0,1,0,1,0,0
PAIR_NEG_000683,FRAG_001087,FRAG_001161,sample_text_005.csv,sample_text_011.json,text,text,1,0,8.0,6.5,31.75,0,1,0,0.38192,0.24829,1.17091,0.32931,0.1454,4.9218,6.4602,11.3334,674.9397,0.0,0.0,0.0,0.0,1,0,0,0,0,0
PAIR_POS_000284,FRAG_000312,FRAG_000313,sample_pdf_004.pdf,sample_pdf_004.pdf,pdf,pdf,1,1,14.0,46.5,20.6875,0,1,0,0.99506,0.02391,0.07918,0.99471,0.0933,4.5985,1.7681,1.2751,73.0411,0.0,0.0,0.0,0.0,8,0,1,0,1,0
PAIR_POS_000950,FRAG_001025,FRAG_001026,sample_text_001.json,sample_text_001.json,text,text,1,1,12.0,35.0,33.8125,0,1,0,0.99922,0.00915,0.0351,0.99916,0.0141,4.9803,0.0344,0.0901,6.381,0.0,0.0,0.0,0.0,1,1,0,0,0,0
PAIR_POS_001182,FRAG_001273,FRAG_001274,sample_text_017.txt,sample_text_017.txt,text,text,1,1,65.0,18.75,24.8125,0,1,0,0.99919,0.0079,0.0342,0.9991,0.0006,5.0971,0.0666,0.0344,2.1298,0.0,0.0,0.0,0.0,1,0,0,0,0,0
PAIR_POS_000050,FRAG_000056,FRAG_000057,sample_jpeg_007.jpg,sample_jpeg_007.jpg,jpeg,jpeg,1,1,55.0,76.75,94.5625,0,0,0,0.94426,0.02155,0.27917,0.09731,0.006,7.9535,1.5254,0.279,41.5756,0.0081,0.0017,0.0088,0.0012,0,0,0,0,0,0
PAIR_POS_000941,FRAG_001015,FRAG_001016,sample_png_025.png,sample_png_025.png,png,png,1,1,78.0,55.25,87.5625,0,0,0,0.93612,0.02305,0.29241,-0.05792,0.0031,7.9534,1.0776,0.2711,40.5637,0.0114,0.0002,0.0093,0.0026,0,0,0,0,0,0
PAIR_POS_001469,FRAG_001589,FRAG_001590,sample_zip_021.zip,sample_zip_021.zip,zip,zip,1,1,223.0,153.25,126.0,0,0,0,0.94328,0.02169,0.27976,0.02743,0.0039,7.9546,1.0767,0.3036,45.0799,0.0119,0.0029,0.012,0.0022,0,1,0,1,0,0
PAIR_POS_000625,FRAG_000668,FRAG_000669,sample_pdf_019.pdf,sample_pdf_019.pdf,pdf,pdf,1,1,77.0,26.75,25.125,0,1,0,0.99906,0.01026,0.05415,0.99899,0.0477,4.5424,0.6209,0.5468,30.3583,0.0,0.0,0.0,0.0,0,0,0,0,0,0
PAIR_POS_000983,FRAG_001060,FRAG_001061,sample_text_003.log,sample_text_003.log,text,text,1,1,9.0,6.25,24.8125,0,1,0,0.9994,0.0068,0.03136,0.99933,0.0092,5.1066,0.01,0.0075,0.4642,0.0,0.0,0.0,0.0,0,0,0,0,0,0
PAIR_NEG_000233,FRAG_000823,FRAG_000944,sample_png_004.png,sample_png_017.png,png,png,1,0,50.0,56.25,90.6875,0,0,0,0.86204,0.0362,0.45541,0.07745,0.1879,7.8638,2.0524,1.6919,250.6818,0.0168,0.0075,0.0146,0.0031,2,0,1,0,1,0
PAIR_POS_001395,FRAG_001508,FRAG_001509,sample_zip_014.zip,sample_zip_014.zip,zip,zip,1,1,36.0,43.25,84.625,0,0,0,0.93922,0.02246,0.28706,-0.04536,0.0091,7.955,1.3533,1.048,154.0949,0.0091,0.0047,0.0021,0.0105,1,0,0,0,0,0
PAIR_POS_001259,FRAG_001358,FRAG_001359,sample_text_025.log,sample_text_025.log,text,text,1,1,1.0,3.75,18.9375,0,1,0,0.9991,0.00841,0.03123,0.999,0.0262,5.1106,0.1918,0.1134,7.0006,0.0,0.0,0.0,0.0,0,1,0,0,0,0
PAIR_POS_000606,FRAG_000649,FRAG_000650,sample_pdf_019.pdf,sample_pdf_019.pdf,pdf,pdf,1,1,9.0,20.0,9.6875,0,1,0,0.99951,0.00775,0.04241,0.99948,0.0739,4.5476,0.7395,0.5384,29.622,0.0,0.0,0.0,0.0,0,0,0,0,0,0
PAIR_NEG_001476,FRAG_000707,FRAG_000952,sample_pdf_020.pdf,sample_png_018.png,pdf,png,0,0,127.0,77.0,89.625,0,0,0,0.14711,0.43961,1.74584,0.04458,4.5159,5.697,74.9218,48.4741,4795.0877,0.6118,0.0024,0.5012,0.1067,3,0,0,0,0,1
PAIR_NEG_001040,FRAG_000231,FRAG_001579,sample_pdf_001.pdf,sample_zip_020.zip,pdf,zip,0,0,79.0,63.25,67.1875,0,0,0,0.26025,0.22849,1.71736,0.01446,3.4385,6.2407,32.1499,46.3527,4699.6241,0.6155,0.0054,0.4983,0.1128,1,0,0,0,0,0
PAIR_NEG_000705,FRAG_000101,FRAG_000096,sample_jpeg_012.jpg,sample_jpeg_011.jpeg,jpeg,jpeg,1,0,111.0,104.0,77.125,0,0,0,0.94073,0.02223,0.28513,0.04742,0.0151,7.952,0.0024,0.4529,66.9271,0.0161,0.0002,0.0073,0.011,0,0,0,0,0,0
PAIR_POS_000833,FRAG_000893,FRAG_000894,sample_png_011.png,sample_png_011.png,png,png,1,1,160.0,107.25,85.75,0,0,0,0.93711,0.02284,0.28908,-0.07754,0.0012,7.9544,4.1399,0.4678,68.7925,0.0169,0.0031,0.0259,0.0096,0,0,0,0,0,0
PAIR_NEG_001026,FRAG_000190,FRAG_000746,sample_jpeg_021.jpg,sample_pdf_023.pdf,jpeg,pdf,0,0,36.0,42.0,52.3125,0,0,0,0.2436,0.23074,1.72065,-0.04871,3.4221,6.2455,34.0723,46.4637,4780.8225,0.6223,0.0088,0.5032,0.1135,0,0,0,0,0,0
PAIR_POS_000171,FRAG_000191,FRAG_000192,sample_jpeg_021.jpg,sample_jpeg_021.jpg,jpeg,jpeg,1,1,100.0,114.5,83.5,0,0,0,0.9442,0.02164,0.27248,0.18304,0.0149,7.9482,1.5389,0.1293,19.1448,0.0135,0.0006,0.0131,0.0003,0,0,1,0,1,0
PAIR_POS_000493,FRAG_000531,FRAG_000532,sample_pdf_014.pdf,sample_pdf_014.pdf,pdf,pdf,1,1,8.0,25.5,41.625,0,1,0,0.99873,0.01215,0.06737,0.99863,0.0931,4.5931,1.3931,0.8745,49.1435,0.0,0.0,0.0,0.0,0,0,0,0,0,0
PAIR_POS_001015,FRAG_001095,FRAG_001096,sample_text_006.log,sample_text_006.log,text,text,1,1,8.0,53.5,48.625,0,1,0,0.99965,0.00519,0.02289,0.99961,0.0058,5.1051,0.1301,0.0322,1.9826,0.0,0.0,0.0,0.0,0,0,0,0,0,0
PAIR_NEG_000840,FRAG_001111,FRAG_001550,sample_text_008.json,sample_zip_017.zip,text,zip,0,0,2.0,83.0,82.125,0,1,0,0.24724,0.22419,1.59272,-0.06166,2.9841,6.4596,58.3728,38.6144,4235.5991,0.6138,0.0066,0.4927,0.1167,1,0,0,0,0,0
PAIR_POS_001195,FRAG_001288,FRAG_001289,sample_text_019.txt,sample_text_019.txt,text,text,1,1,82.0,31.25,39.625,0,1,0,0.9992,0.00784,0.03662,0.99911,0.0041,5.1004,0.0689,0.0045,0.2806,0.0,0.0,0.0,0.0,1,0,0,0,0,0
PAIR_NEG_001444,FRAG_000141,FRAG_001515,sample_jpeg_016.jpeg,sample_zip_014.zip,jpeg,zip,0,0,43.0,54.25,82.375,0,0,0,0.93319,0.02361,0.30181,-0.0443,0.0019,7.9497,0.6436,0.517,76.4152,0.0019,0.0005,0.0049,0.0066,1,0,0,0,0,0
PAIR_NEG_001457,FRAG_000064,FRAG_000869,sample_jpeg_008.jpeg,sample_png_009.png,jpeg,png,0,0,85.0,50.0,98.375,0,0,0,0.93987,0.02241,0.28312,0.07114,0.0024,7.9506,1.8928,0.6705,99.8245,0.0073,0.0014,0.0103,0.0034,1,0,0,0,0,1
PAIR_POS_001088,FRAG_001174,FRAG_001175,sample_text_012.log,sample_text_012.log,text,text,1,1,3.0,16.75,32.25,0,1,0,0.99897,0.00897,0.03223,0.99886,0.0178,5.1012,0.1011,0.0341,2.1075,0.0,0.0,0.0,0.0,1,1,0,0,0,0
PAIR_NEG_000299,FRAG_000497,FRAG_000370,sample_pdf_012.pdf,sample_pdf_007.pdf,pdf,pdf,1,0,63.0,39.75,56.8125,0,1,0,0.99197,0.03089,0.16161,0.99141,0.1978,4.6532,3.2443,1.9068,109.9125,0.002,0.0,0.002,0.0,0,0,0,0,0,1
PAIR_NEG_000746,FRAG_000909,FRAG_000963,sample_png_013.png,sample_png_019.png,png,png,1,0,4.0,86.25,98.875,0,1,0,0.93534,0.02326,0.29786,0.02535,0.002,7.9488,2.4509,0.1851,27.4605,0.0066,0.0005,0.0027,0.0112,0,0,0,0,0,0
PAIR_POS_001033,FRAG_001115,FRAG_001116,sample_text_008.json,sample_text_008.json,text,text,1,1,13.0,9.75,29.5625,0,1,0,0.99965,0.00612,0.03022,0.99962,0.001,4.9732,0.1035,0.0212,1.5048,0.0,0.0,0.0,0.0,0,0,0,0,0,0
PAIR_NEG_000454,FRAG_001480,FRAG_001590,sample_zip_011.zip,sample_zip_021.zip,zip,zip,1,0,18.0,76.5,71.3125,0,0,0,0.9384,0.02271,0.29288,0.07316,0.0046,7.9503,0.3249,0.2884,42.9757,0.0022,0.0049,0.0076,0.0054,14,0,0,0,0,0
PAIR_POS_000083,FRAG_000093,FRAG_000094,sample_jpeg_011.jpeg,sample_jpeg_011.jpeg,jpeg,jpeg,1,1,67.0,75.25,93.6875,0,0,0,0.93918,0.02249,0.28654,-0.00978,0.0059,7.9535,2.791,0.4387,65.5137,0.0059,0.0002,0.0142,0.0068,1,0,0,0,0,0
PAIR_NEG_001413,FRAG_001487,FRAG_001271,sample_zip_012.zip,sample_text_017.txt,zip,text,0,0,132.0,55.75,87.75,0,0,0,0.31197,0.1862,1.61668,0.0131,2.8435,6.5305,46.5625,43.344,4555.2752,0.6108,0.0034,0.4893,0.1179,0,0,0,0,0,0
PAIR_POS_000856,FRAG_000919,FRAG_000920,sample_png_014.png,sample_png_014.png,png,png,1,1,34.0,70.5,93.75,0,1,0,0.9414,0.02203,0.28514,-0.0317,0.0076,7.956,0.1577,0.3337,49.3123,0.0049,0.0003,0.0034,0.0078,0,0,0,0,0,0
PAIR_POS_000011,FRAG_000011,FRAG_000012,sample_jpeg_001.jpeg,sample_jpeg_001.jpeg,jpeg,jpeg,1,1,204.0,94.75,86.125,0,0,0,0.93638,0.02307,0.29101,0.04077,0.0025,7.9497,0.821,0.502,74.8686,0.0129,0.0035,0.0041,0.0088,0,0,0,0,0,0
PAIR_NEG_001089,FRAG_000148,FRAG_000622,sample_jpeg_017.jpg,sample_pdf_018.pdf,jpeg,pdf,0,0,44.0,75.25,58.75,0,0,0,0.23098,0.22776,1.7129,-0.07926,3.3352,6.2637,28.4443,48.2586,5021.677,0.6189,0.0142,0.481,0.1348,1,1,0,1,0,0
PAIR_NEG_000988,FRAG_001077,FRAG_000027,sample_text_004.json,sample_jpeg_003.jpg,text,jpeg,0,0,23.0,54.0,94.75,0,0,0,0.26954,0.22082,1.58884,0.02117,2.9659,6.4724,59.1282,38.9666,4282.6472,0.6245,0.0068,0.5029,0.1167,2,0,0,0,0,0
PAIR_NEG_001400,FRAG_000928,FRAG_000640,sample_png_016.png,sample_pdf_019.pdf,png,pdf,0,0,153.0,88.5,68.875,0,0,0,0.25052,0.23105,1.72418,-0.01783,3.4724,6.2205,30.1789,46.6853,4717.0889,0.6099,0.002,0.4902,0.1157,0,0,0,0,0,0
PAIR_NEG_000346,FRAG_001300,FRAG_001272,sample_text_019.txt,sample_text_017.txt,text,text,1,0,28.0,29.5,37.6875,0,1,0,0.99877,0.00974,0.04539,0.99863,0.0024,5.1009,0.096,0.0167,1.0291,0.0,0.0,0.0,0.0,1,0,0,0,0,0
PAIR_POS_000508,FRAG_000546,FRAG_000547,sample_pdf_014.pdf,sample_pdf_014.pdf,pdf,pdf,1,1,17.0,27.75,22.8125,0,1,0,0.99641,0.01995,0.08446,0.99614,0.008,4.5564,0.0823,0.0758,4.2105,0.0,0.0,0.0,0.0,0,0,0,0,0,0
PAIR_POS_000506,FRAG_000544,FRAG_000545,sample_pdf_014.pdf,sample_pdf_014.pdf,pdf,pdf,1,1,8.0,25.5,17.0,0,1,0,0.99974,0.00535,0.0254,0.99972,0.0124,4.5556,0.3445,0.2465,13.6517,0.0,0.0,0.0,0.0,0,0,0,0,0,0
PAIR_NEG_001144,FRAG_001065,FRAG_000897,sample_text_003.log,sample_png_012.png,text,png,0,0,21.0,29.0,61.0625,0,0,0,0.32448,0.18606,1.59909,0.07108,2.8553,6.5244,46.3719,42.995,4505.8846,0.603,0.0083,0.488,0.1118,1,0,0,0,0,1
PAIR_NEG_000436,FRAG_000556,FRAG_000241,sample_pdf_015.pdf,sample_pdf_001.pdf,pdf,pdf,1,0,71.0,25.75,29.75,0,1,0,0.99825,0.01447,0.07569,0.99813,0.0893,4.536,0.5656,0.4809,26.6916,0.0,0.0,0.0,0.0,0,0,0,0,0,0
PAIR_POS_000572,FRAG_000614,FRAG_000615,sample_pdf_018.pdf,sample_pdf_018.pdf,pdf,pdf,1,1,73.0,40.0,34.875,0,1,0,0.99963,0.00649,0.02979,0.9996,0.0142,4.4962,0.1977,0.1588,8.7272,0.0,0.0,0.0,0.0,0,0,0,0,0,0
PAIR_NEG_001464,FRAG_000347,FRAG_000021,sample_pdf_005.pdf,sample_jpeg_002.jpeg,pdf,jpeg,0,0,207.0,100.25,71.25,0,0,0,0.27123,0.2174,1.6699,0.01276,3.2381,6.3335,39.3078,43.0162,4539.9235,0.6208,0.0085,0.4995,0.1165,8,0,0,0,0,1
PAIR_NEG_000140,FRAG_001037,FRAG_001116,sample_text_001.json,sample_text_008.json,text,text,1,0,4.0,38.75,44.5625,0,1,0,0.99862,0.01212,0.04005,0.99851,0.0181,4.9827,0.1215,0.0661,4.6856,0.0,0.0,0.0,0.0,0,0,0,0,0,0
PAIR_POS_000444,FRAG_000479,FRAG_000480,sample_pdf_011.pdf,sample_pdf_011.pdf,pdf,pdf,1,1,1.0,34.75,31.5,0,1,0,0.99963,0.00644,0.02785,0.99961,0.0049,4.5086,0.03,0.0048,0.2659,0.0,0.0,0.0,0.0,0,0,0,0,0,0
PAIR_NEG_000073,FRAG_000059,FRAG_000018,sample_jpeg_008.jpeg,sample_jpeg_002.jpeg,jpeg,jpeg,1,0,76.0,52.0,75.3125,0,0,0,0.93616,0.02313,0.28902,0.0441,0.0121,7.9501,2.3401,1.0114,151.4625,0.0044,0.0034,0.0066,0.0108,1,1,0,1,0,0
PAIR_POS_001069,FRAG_001154,FRAG_001155,sample_text_011.json,sample_text_011.json,text,text,1,1,10.0,26.25,24.3125,0,1,0,0.99945,0.00774,0.03856,0.99941,0.0188,4.991,0.0093,0.1243,8.7985,0.0,0.0,0.0,0.0,0,0,0,0,0,0
PAIR_POS_001260,FRAG_001359,FRAG_001360,sample_text_025.log,sample_text_025.log,text,text,1,1,3.0,3.25,16.875,0,1,0,0.99859,0.01057,0.04195,0.99843,0.0376,5.1049,0.1555,0.0976,6.0206,0.0,0.0,0.0,0.0,0,0,0,0,0,0
PAIR_POS_000178,FRAG_000199,FRAG_000200,sample_jpeg_022.jpg,sample_jpeg_022.jpg,jpeg,jpeg,1,1,31.0,33.5,57.625,0,0,0,0.93798,0.02288,0.2904,0.15807,0.0128,7.9433,0.3522,0.1668,24.8661,0.0005,0.0014,0.0021,0.0024,0,0,1,0,1,0
PAIR_POS_000471,FRAG_000507,FRAG_000508,sample_pdf_012.pdf,sample_pdf_012.pdf,pdf,pdf,1,1,49.0,34.25,24.3125,0,1,0,0.9999,0.00328,0.01465,0.9999,0.0069,4.532,0.1416,0.0978,5.4028,0.0,0.0,0.0,0.0,0,0,0,0,0,0
PAIR_POS_001133,FRAG_001222,FRAG_001223,sample_text_015.json,sample_text_015.json,text,text,1,1,3.0,18.75,36.125,0,1,0,0.99948,0.00758,0.03997,0.99944,0.024,4.975,0.2759,0.1176,8.344,0.0,0.0,0.0,0.0,0,0,0,0,0,0
PAIR_NEG_001041,FRAG_000139,FRAG_000579,sample_jpeg_015.jpeg,sample_pdf_016.pdf,jpeg,pdf,0,0,108.0,74.5,60.3125,0,0,0,0.23993,0.2303,1.69433,0.0071,3.2961,6.1751,31.9425,47.3315,4873.984,0.5918,0.0047,0.4828,0.1072,0,0,0,0,0,1
PAIR_NEG_001085,FRAG_000512,FRAG_000015,sample_pdf_012.pdf,sample_jpeg_002.jpeg,pdf,jpeg,0,0,143.0,88.75,93.75,0,0,0,0.24334,0.22936,1.71912,-0.05156,3.4126,6.2458,32.0628,47.5778,4906.1795,0.6204,0.0098,0.4958,0.1189,0,0,0,0,0,0
PAIR_NEG_000992,FRAG_000113,FRAG_000584,sample_jpeg_013.jpeg,sample_pdf_017.pdf,jpeg,pdf,0,0,71.0,79.0,79.4375,0,0,0,0.26401,0.22836,1.71678,0.03263,3.4351,6.2409,31.7434,46.2733,4705.7675,0.6094,0.0068,0.4902,0.1143,0,0,0,0,0,0
PAIR_POS_000451,FRAG_000487,FRAG_000488,sample_pdf_012.pdf,sample_pdf_012.pdf,pdf,pdf,1,1,11.0,27.0,34.25,0,1,0,0.99973,0.00552,0.02196,0.99971,0.0118,4.5332,0.0705,0.0604,3.3336,0.0,0.0,0.0,0.0,0,0,0,0,0,0
PAIR_NEG_000227,FRAG_000429,FRAG_000245,sample_pdf_009.pdf,sample_pdf_001.pdf,pdf,pdf,1,0,6.0,5.5,21.375,0,1,0,0.99672,0.02067,0.11085,0.99652,0.1664,4.534,2.2463,1.2441,68.902,0.0,0.0,0.0,0.0,0,0,0,0,0,0
PAIR_NEG_000517,FRAG_000834,FRAG_000908,sample_png_005.png,sample_png_013.png,png,png,1,0,40.0,47.25,60.75,0,0,0,0.87838,0.03322,0.42884,-0.03532,0.1337,7.8962,4.4545,1.5934,236.3589,0.0279,0.0065,0.0345,0.0025,2,0,0,0,0,1
PAIR_NEG_000678,FRAG_001016,FRAG_000979,sample_png_025.png,sample_png_021.png,png,png,1,0,2.0,50.5,69.125,0,1,0,0.94444,0.02145,0.27782,0.0237,0.0018,7.9558,0.0279,0.9803,145.4274,0.0075,0.001,0.0088,0.0004,0,0,0,0,0,0
PAIR_POS_000940,FRAG_001014,FRAG_001015,sample_png_025.png,sample_png_025.png,png,png,1,1,68.0,111.5,97.75,0,0,0,0.9341,0.02343,0.2994,-0.066,0.0011,7.9524,2.5725,1.8505,273.9324,0.0161,0.0024,0.0137,0.0017,0,0,0,0,0,0
PAIR_NEG_000455,FRAG_001141,FRAG_001236,sample_text_010.log,sample_text_015.json,text,text,1,0,18.0,6.75,46.0,0,1,0,0.79547,0.13938,0.6587,0.77694,0.0977,5.0496,10.7774,4.4703,296.3028,0.0,0.0,0.0,0.0,2,0,0,0,0,0
PAIR_POS_001485,FRAG_001606,FRAG_001607,sample_zip_022.zip,sample_zip_022.zip,zip,zip,1,1,17.0,131.5,95.9375,0,1,0,0.95019,0.02026,0.25289,0.03179,0.0017,7.9604,1.6345,0.108,16.0777,0.0202,0.0022,0.0193,0.002,1,0,0,0,0,0
PAIR_POS_001178,FRAG_001269,FRAG_001270,sample_text_017.txt,sample_text_017.txt,text,text,1,1,1.0,19.25,20.125,0,1,0,0.99957,0.00576,0.02296,0.99953,0.0072,5.0941,0.0532,0.0072,0.4489,0.0,0.0,0.0,0.0,1,0,0,0,0,0
PAIR_POS_000575,FRAG_000617,FRAG_000618,sample_pdf_018.pdf,sample_pdf_018.pdf,pdf,pdf,1,1,76.0,22.25,10.6875,0,1,0,0.9991,0.01028,0.04293,0.99903,0.0295,4.5292,0.375,0.1076,5.9528,0.0,0.0,0.0,0.0,0,0,0,0,0,0
PAIR_POS_000123,FRAG_000137,FRAG_000138,sample_jpeg_015.jpeg,sample_jpeg_015.jpeg,jpeg,jpeg,1,1,150.0,112.75,75.625,0,0,0,0.93947,0.02242,0.29101,-0.02558,0.0017,7.9546,1.9441,0.7305,108.0552,0.0019,0.0007,0.0086,0.0064,0,0,0,0,0,0
PAIR_NEG_000701,FRAG_000596,FRAG_000791,sample_pdf_017.pdf,sample_pdf_025.pdf,pdf,pdf,1,0,67.0,45.5,38.25,0,1,0,0.99481,0.02393,0.11468,0.99442,0.0352,4.5706,0.0796,0.4197,23.4586,0.0,0.0,0.0,0.0,0,0,0,0,0,0
PAIR_POS_000066,FRAG_000074,FRAG_000075,sample_jpeg_009.jpeg,sample_jpeg_009.jpeg,jpeg,jpeg,1,1,138.0,108.25,96.6875,0,0,0,0.93963,0.02246,0.28165,0.06661,0.0003,7.9506,1.3128,0.9076,135.2456,0.0002,0.0034,0.0054,0.0044,0,0,0,0,0,0
PAIR_NEG_000687,FRAG_000388,FRAG_000560,sample_pdf_007.pdf,sample_pdf_015.pdf,pdf,pdf,1,0,11.0,10.25,16.875,0,1,0,0.95662,0.06923,0.24785,0.95332,0.2269,4.6143,6.4952,3.7088,216.7922,0.0,0.0,0.0,0.0,8,0,1,0,1,0
PAIR_NEG_000318,FRAG_001172,FRAG_001364,sample_text_011.json,sample_text_025.log,text,text,1,0,69.0,49.75,36.5,0,1,0,0.79522,0.14023,0.65971,0.77688,0.1243,5.0461,10.5696,4.6238,306.8312,0.0,0.0,0.0,0.0,1,0,0,0,0,0
PAIR_NEG_001189,FRAG_000017,FRAG_001197,sample_jpeg_002.jpeg,sample_text_014.txt,jpeg,text,0,0,130.0,97.0,74.875,0,0,0,0.31938,0.1861,1.603,0.04717,2.8518,6.5269,47.4927,43.6033,4595.8148,0.6165,0.0088,0.4941,0.1177,0,0,0,0,0,0
PAIR_NEG_001036,FRAG_001374,FRAG_001213,sample_zip_001.zip,sample_text_015.json,zip,text,0,0,76.0,87.25,112.875,0,0,0,0.26548,0.22044,1.57278,0.00237,2.9541,6.4756,58.7644,38.2717,4170.8111,0.6133,0.0059,0.4988,0.1106,1,0,0,0,0,0
PAIR_POS_000735,FRAG_000784,FRAG_000785,sample_pdf_025.pdf,sample_pdf_025.pdf,pdf,pdf,1,1,78.0,28.0,24.9375,0,1,0,0.99986,0.00401,0.02005,0.99984,0.0008,4.5438,0.1406,0.066,3.6708,0.0,0.0,0.0,0.0,0,0,0,0,0,0
PAIR_NEG_001190,FRAG_001016,FRAG_001511,sample_png_025.png,sample_zip_014.zip,png,zip,0,0,3.0,55.5,87.625,0,1,0,0.9352,0.0232,0.29499,-0.08664,0.0021,7.9539,1.9363,0.6938,103.1272,0.0075,0.0007,0.0002,0.0097,0,0,0,0,0,0
PAIR_POS_000938,FRAG_001012,FRAG_001013,sample_png_025.png,sample_png_025.png,png,png,1,1,14.0,34.75,77.9375,0,1,0,0.93469,0.02335,0.28654,-0.02201,0.0098,7.9507,0.4095,0.6548,96.7072,0.013,0.0027,0.007,0.0027,0,0,0,0,0,0
PAIR_POS_000280,FRAG_000308,FRAG_000309,sample_pdf_004.pdf,sample_pdf_004.pdf,pdf,pdf,1,1,5.0,37.75,19.3125,0,1,0,0.99794,0.01516,0.08054,0.99778,0.0556,4.5697,0.5901,0.6005,33.6141,0.0,0.0,0.0,0.0,0,0,0,0,0,0
PAIR_NEG_001285,FRAG_001600,FRAG_000118,sample_zip_021.zip,sample_jpeg_013.jpeg,zip,jpeg,0,0,12.0,62.25,77.0625,0,0,0,0.94324,0.02169,0.27575,0.01185,0.0101,7.9562,1.4157,0.4466,66.289,0.0107,0.0012,0.0114,0.0019,1,0,0,0,0,0
PAIR_POS_000794,FRAG_000850,FRAG_000851,sample_png_007.png,sample_png_007.png,png,png,1,1,147.0,135.75,97.6875,0,0,0,0.9408,0.0222,0.289,0.04237,0.002,7.9524,0.7952,0.8131,119.462,0.0108,0.0015,0.0076,0.0041,0,0,0,0,0,0
PAIR_NEG_000214,FRAG_000771,FRAG_000252,sample_pdf_025.pdf,sample_pdf_001.pdf,pdf,pdf,1,0,9.0,28.25,23.125,0,1,0,0.99697,0.01937,0.10204,0.99677,0.1496,4.5829,2.1961,1.2254,68.7295,0.0,0.0,0.0,0.0,0,0,0,0,0,0
PAIR_NEG_000905,FRAG_001388,FRAG_001209,sample_zip_003.zip,sample_text_015.json,zip,text,0,0,81.0,36.25,68.0,0,0,0,0.24985,0.22201,1.59807,-0.06939,2.9697,6.4734,59.0659,39.3604,4337.2686,0.6243,0.0054,0.5034,0.1169,2,0,0,0,0,0
PAIR_POS_000443,FRAG_000478,FRAG_000479,sample_pdf_011.pdf,sample_pdf_011.pdf,pdf,pdf,1,1,77.0,22.0,32.4375,0,1,0,0.99968,0.00626,0.03178,0.99966,0.034,4.5232,0.5547,0.2566,14.1272,0.0,0.0,0.0,0.0,0,0,0,0,0,0
PAIR_POS_000297,FRAG_000326,FRAG_000327,sample_pdf_005.pdf,sample_pdf_005.pdf,pdf,pdf,1,1,14.0,9.75,18.9375,0,1,0,0.99894,0.01123,0.06148,0.99887,0.0891,4.5593,1.0725,0.6784,37.9824,0.0,0.0,0.0,0.0,0,0,0,0,0,0
PAIR_NEG_001508,FRAG_000080,FRAG_001142,sample_jpeg_010.jpg,sample_text_010.log,jpeg,text,0,0,53.0,73.5,73.5,0,1,0,0.31905,0.18499,1.60891,0.03878,2.8314,6.536,46.6272,43.3655,4553.2911,0.6086,0.0083,0.4895,0.1152,0,0,0,0,0,0
PAIR_NEG_000563,FRAG_001169,FRAG_001220,sample_text_011.json,sample_text_015.json,text,text,1,0,39.0,33.25,54.875,0,1,0,0.99836,0.01312,0.04244,0.99823,0.0138,4.9992,0.0542,0.012,0.8479,0.0,0.0,0.0,0.0,0,0,0,0,0,0
PAIR_NEG_000129,FRAG_000837,FRAG_000985,sample_png_006.png,sample_png_021.png,png,png,1,0,26.0,23.75,69.875,0,0,0,0.94241,0.02181,0.28756,-0.06618,0.0049,7.9587,0.4353,0.407,60.471,0.0125,0.0,0.0071,0.0053,1,0,0,0,0,0
PAIR_NEG_000662,FRAG_000065,FRAG_000051,sample_jpeg_008.jpeg,sample_jpeg_006.jpg,jpeg,jpeg,1,0,165.0,73.0,73.3125,0,0,0,0.9343,0.02346,0.30276,0.02964,0.0048,7.9473,0.166,0.4676,69.6869,0.0076,0.0017,0.0073,0.0005,0,0,0,0,0,0
PAIR_NEG_001289,FRAG_001435,FRAG_000331,sample_zip_008.zip,sample_pdf_005.pdf,zip,pdf,0,0,51.0,82.25,67.0,0,1,0,0.2345,0.22582,1.71148,-0.1105,3.3527,6.2763,34.5261,45.5516,4644.9224,0.6199,0.0071,0.5061,0.1099,0,0,0,0,0,0
PAIR_POS_001428,FRAG_001544,FRAG_001545,sample_zip_017.zip,sample_zip_017.zip,zip,zip,1,1,13.0,64.0,80.0,0,0,0,0.94627,0.02112,0.27631,0.08124,0.0032,7.9548,0.481,0.1841,27.1661,0.0007,0.001,0.0073,0.0063,0,1,0,1,0,0
PAIR_POS_001490,FRAG_001612,FRAG_001613,sample_zip_023.zip,sample_zip_023.zip,zip,zip,1,1,144.0,78.0,85.625,0,0,0,0.9381,0.02273,0.29244,0.034,0.0048,7.951,1.4314,1.1995,178.7176,0.0029,0.0024,0.0061,0.0127,1,0,0,0,0,0
PAIR_POS_000410,FRAG_000443,FRAG_000444,sample_pdf_009.pdf,sample_pdf_009.pdf,pdf,pdf,1,1,36.0,19.75,31.5625,0,1,0,0.55778,0.25208,0.75322,0.53168,0.1149,4.5446,20.7963,4.508,281.9342,0.0,0.0,0.0,0.0,8,0,1,0,1,0
PAIR_POS_000845,FRAG_000907,FRAG_000908,sample_png_013.png,sample_png_013.png,png,png,1,1,26.0,95.5,103.3125,0,0,0,0.94687,0.02094,0.26462,-0.00464,0.0087,7.9587,0.5218,0.2303,33.8571,0.0056,0.0014,0.002,0.0029,0,0,0,0,0,0
PAIR_POS_000486,FRAG_000523,FRAG_000524,sample_pdf_013.pdf,sample_pdf_013.pdf,pdf,pdf,1,1,12.0,28.5,27.375,0,1,0,0.99978,0.00502,0.01956,0.99977,0.0051,4.4521,0.0293,0.0417,2.2343,0.0,0.0,0.0,0.0,0,0,0,0,0,0
PAIR_NEG_000005,FRAG_000008,FRAG_000024,sample_jpeg_001.jpeg,sample_jpeg_002.jpeg,jpeg,jpeg,1,0,17.0,67.75,67.1875,0,1,0,0.93369,0.02357,0.2973,0.01115,0.0074,7.9489,1.6738,0.2946,44.048,0.0025,0.0025,0.007,0.0073,0,0,0,0,0,0
PAIR_NEG_001251,FRAG_000825,FRAG_000635,sample_png_004.png,sample_pdf_019.pdf,png,pdf,0,0,44.0,101.25,64.0,0,0,0,0.27635,0.22684,1.69246,0.08481,3.427,6.2486,30.7431,47.0892,4804.1579,0.6057,0.0029,0.4829,0.1187,0,0,0,0,0,0
PAIR_NEG_000688,FRAG_001530,FRAG_001467,sample_zip_016.zip,sample_zip_011.zip,zip,zip,1,0,169.0,111.0,115.75,0,0,0,0.94083,0.02216,0.27782,-0.003,0.0032,7.954,0.4737,1.0713,157.7962,0.0054,0.0,0.0032,0.0048,1,1,0,1,0,0
PAIR_NEG_000714,FRAG_000627,FRAG_000531,sample_pdf_018.pdf,sample_pdf_014.pdf,pdf,pdf,1,0,73.0,23.75,24.1875,0,1,0,0.98977,0.03419,0.14889,0.98901,0.06,4.5166,1.019,0.4034,22.1518,0.0,0.0,0.0,0.0,0,0,0,0,0,0
PAIR_POS_000472,FRAG_000508,FRAG_000509,sample_pdf_012.pdf,sample_pdf_012.pdf,pdf,pdf,1,1,69.0,43.5,34.375,0,1,0,0.99923,0.00934,0.04204,0.99917,0.024,4.5406,0.366,0.2346,13.0033,0.0,0.0,0.0,0.0,0,0,0,0,0,0
PAIR_POS_001203,FRAG_001296,FRAG_001297,sample_text_019.txt,sample_text_019.txt,text,text,1,1,9.0,11.25,21.0,0,1,0,0.99943,0.00662,0.02286,0.99937,0.0004,5.1054,0.0259,0.0133,0.8236,0.0,0.0,0.0,0.0,1,0,0,0,0,0
PAIR_NEG_000947,FRAG_000058,FRAG_000933,sample_jpeg_007.jpg,sample_png_016.png,jpeg,png,0,0,206.0,87.75,84.625,0,0,0,0.93101,0.02407,0.29675,-0.00283,0.0182,7.946,2.7452,0.1691,25.0232,0.0234,0.0056,0.0181,0.0044,0,0,0,0,0,1
PAIR_POS_000859,FRAG_000923,FRAG_000924,sample_png_015.png,sample_png_015.png,png,png,1,1,6.0,36.0,90.9375,0,0,0,0.93805,0.02271,0.29146,-0.01779,0.0103,7.9521,1.1015,0.7373,109.4626,0.0137,0.0,0.0098,0.0034,0,0,0,0,0,0
PAIR_NEG_001087,FRAG_000478,FRAG_000169,sample_pdf_011.pdf,sample_jpeg_018.jpeg,pdf,jpeg,0,0,116.0,61.75,62.1875,0,0,0,0.19975,0.2325,1.72193,-0.07274,3.2334,6.1569,29.2998,47.1743,4834.335,0.5921,0.0075,0.4771,0.1097,0,0,1,0,1,0
PAIR_NEG_000812,FRAG_000965,FRAG_000758,sample_png_019.png,sample_pdf_024.pdf,png,pdf,0,0,60.0,79.0,79.5625,0,1,0,0.22843,0.23314,1.74166,-0.10919,3.4739,6.2195,33.7222,46.8244,4753.472,0.6228,0.0042,0.5098,0.1086,0,0,0,0,0,0
PAIR_POS_000911,FRAG_000981,FRAG_000982,sample_png_021.png,sample_png_021.png,png,png,1,1,183.0,111.5,91.25,0,0,0,0.93691,0.02287,0.29759,-0.08675,0.0011,7.9555,2.5432,0.2824,41.5955,0.0008,0.0008,0.0058,0.0051,0,0,0,0,0,0
PAIR_NEG_000283,FRAG_000536,FRAG_000312,sample_pdf_014.pdf,sample_pdf_004.pdf,pdf,pdf,1,0,13.0,32.25,35.6875,0,1,0,0.99875,0.01226,0.06779,0.99866,0.0741,4.589,0.5654,0.2932,16.5051,0.0,0.0,0.0,0.0,0,0,0,0,0,0
PAIR_NEG_001207,FRAG_000575,FRAG_001579,sample_pdf_016.pdf,sample_zip_020.zip,pdf,zip,0,0,73.0,78.25,82.5,0,0,0,0.2585,0.22872,1.72073,0.00715,3.4317,6.244,32.4157,46.0345,4682.0103,0.6155,0.0054,0.4983,0.1128,1,0,0,0,0,0
PAIR_NEG_000951,FRAG_001391,FRAG_000990,sample_zip_003.zip,sample_png_022.png,zip,png,0,0,39.0,107.5,92.3125,0,0,0,0.94407,0.02156,0.27925,0.07106,0.0037,7.9535,2.7788,0.1767,26.0357,0.0054,0.0022,0.0154,0.0108,0,0,0,0,0,0
PAIR_POS_001055,FRAG_001139,FRAG_001140,sample_text_010.log,sample_text_010.log,text,text,1,1,9.0,6.25,25.25,0,1,0,0.99883,0.00948,0.0371,0.9987,0.0065,5.103,0.0337,0.0069,0.4218,0.0,0.0,0.0,0.0,1,1,0,0,0,0
PAIR_NEG_001133,FRAG_000217,FRAG_001084,sample_jpeg_025.jpg,sample_text_004.json,jpeg,text,0,0,65.0,75.0,81.375,0,1,0,0.27267,0.22019,1.57566,0.03476,2.9563,6.4722,59.2404,39.3006,4328.3726,0.6243,0.0073,0.502,0.1152,2,0,1,0,0,0
PAIR_NEG_000507,FRAG_001575,FRAG_001410,sample_zip_019.zip,sample_zip_006.zip,zip,zip,1,0,80.0,40.5,67.4375,0,0,0,0.88804,0.03211,0.31028,0.16563,0.0467,7.9285,5.4011,0.4063,60.9401,0.0137,0.0234,0.041,0.0253,14,0,0,0,0,1
PAIR_POS_001278,FRAG_001378,FRAG_001379,sample_zip_001.zip,sample_zip_001.zip,zip,zip,1,1,151.0,105.75,98.6875,0,0,0,0.78133,0.04972,0.33958,0.12327,0.1414,7.8865,7.228,2.7343,412.5855,0.008,0.044,0.0382,0.0462,14,0,1,0,1,0
PAIR_NEG_000445,FRAG_001243,FRAG_001080,sample_text_016.json,sample_text_004.json,text,text,1,0,60.0,36.5,34.0625,0,1,0,0.99797,0.01471,0.06248,0.99781,0.0025,4.971,0.1468,0.0405,2.8746,0.0,0.0,0.0,0.0,0,0,0,0,0,0
PAIR_POS_001101,FRAG_001188,FRAG_001189,sample_text_013.csv,sample_text_013.csv,text,text,1,1,4.0,22.0,30.625,0,1,0,0.99823,0.01284,0.06009,0.99807,0.032,4.8962,0.4969,0.5001,24.4733,0.0,0.0,0.0,0.0,1,1,0,0,0,0
PAIR_NEG_000071,FRAG_000450,FRAG_000232,sample_pdf_010.pdf,sample_pdf_001.pdf,pdf,pdf,1,0,51.0,48.5,37.375,0,1,0,0.9989,0.01116,0.05712,0.99881,0.0333,4.5319,0.7549,0.4857,26.8979,0.0,0.0,0.0,0.0,0,0,0,0,0,0
PAIR_NEG_001348,FRAG_000607,FRAG_000798,sample_pdf_018.pdf,sample_png_001.png,pdf,png,0,0,71.0,62.0,82.8125,0,1,0,0.26369,0.22584,1.67623,0.02201,3.3454,6.278,33.6936,46.2201,4736.4955,0.6265,0.0051,0.5037,0.1187,0,0,0,0,0,0
PAIR_NEG_001491,FRAG_000901,FRAG_000032,sample_png_012.png,sample_jpeg_003.jpg,png,jpeg,0,0,112.0,127.0,111.6875,0,0,0,0.93912,0.02247,0.28125,-0.0479,0.0025,7.9552,0.3618,0.1402,20.8081,0.0073,0.0015,0.0034,0.0043,0,0,0,0,0,0
PAIR_NEG_000698,FRAG_001093,FRAG_001160,sample_text_006.log,sample_text_011.json,text,text,1,0,8.0,23.25,44.75,0,1,0,0.79501,0.14031,0.66013,0.77664,0.1306,5.0493,10.7076,4.6098,305.6865,0.0,0.0,0.0,0.0,2,0,0,0,0,0
PAIR_POS_000685,FRAG_000731,FRAG_000732,sample_pdf_022.pdf,sample_pdf_022.pdf,pdf,pdf,1,1,2.0,27.5,22.625,0,1,0,0.99673,0.0197,0.09418,0.9965,0.1111,4.5609,1.4778,0.8836,49.4932,0.0,0.0,0.0,0.0,0,0,0,0,0,0
PAIR_POS_000515,FRAG_000554,FRAG_000555,sample_pdf_015.pdf,sample_pdf_015.pdf,pdf,pdf,1,1,3.0,10.25,16.6875,0,1,0,0.99809,0.01531,0.07518,0.99796,0.1057,4.555,1.1208,0.7337,40.9219,0.0,0.0,0.0,0.0,0,0,0,0,0,0
PAIR_NEG_000052,FRAG_000744,FRAG_000333,sample_pdf_023.pdf,sample_pdf_005.pdf,pdf,pdf,1,0,1.0,8.0,22.5625,0,1,0,0.99221,0.03018,0.14592,0.99165,0.1388,4.5905,1.6548,0.6525,37.0759,0.0,0.0,0.0,0.0,0,0,0,0,0,0
PAIR_POS_000430,FRAG_000465,FRAG_000466,sample_pdf_011.pdf,sample_pdf_011.pdf,pdf,pdf,1,1,8.0,25.5,17.0,0,1,0,0.99961,0.00683,0.03221,0.99958,0.0217,4.4913,0.4683,0.3038,16.743,0.0,0.0,0.0,0.0,0,0,0,0,0,0
PAIR_POS_000584,FRAG_000626,FRAG_000627,sample_pdf_018.pdf,sample_pdf_018.pdf,pdf,pdf,1,1,5.0,37.75,19.0625,0,1,0,0.99955,0.00725,0.03421,0.99951,0.0174,4.4953,0.2907,0.0995,5.4341,0.0,0.0,0.0,0.0,0,0,0,0,0,0
PAIR_POS_000746,FRAG_000796,FRAG_000797,sample_png_001.png,sample_png_001.png,png,png,1,1,82.0,120.5,79.0,0,0,0,0.9415,0.02201,0.27581,-0.03565,0.009,7.9568,0.8864,0.289,42.833,0.0135,0.0029,0.0086,0.0034,1,1,0,1,0,0
PAIR_NEG_000500,FRAG_001064,FRAG_001185,sample_text_003.log,sample_text_012.log,text,text,1,0,10.0,40.0,23.625,0,1,0,0.99923,0.00773,0.02778,0.99914,0.0133,5.1015,0.1043,0.0478,2.9561,0.0,0.0,0.0,0.0,0,0,0,0,0,0
PAIR_NEG_001504,FRAG_000330,FRAG_001073,sample_pdf_005.pdf,sample_text_004.json,pdf,text,0,0,1.0,47.75,47.125,0,1,0,0.73941,0.16692,0.85741,0.71886,0.3741,4.8117,25.1079,6.8762,438.7033,0.0,0.0,0.0,0.0,2,0,0,0,0,0
PAIR_NEG_001208,FRAG_001443,FRAG_001186,sample_zip_008.zip,sample_text_012.log,zip,text,0,0,77.0,74.75,61.875,0,0,0,0.19133,0.22687,1.51023,0.07485,1.9382,6.0806,19.7843,46.6582,5052.7859,0.5714,0.1418,0.328,0.2402,15,0,0,0,0,1
PAIR_POS_001386,FRAG_001498,FRAG_001499,sample_zip_013.zip,sample_zip_013.zip,zip,zip,1,1,55.0,57.5,77.9375,0,0,0,0.93712,0.02287,0.29678,-0.02899,0.001,7.9526,1.8963,1.9455,287.8502,0.0031,0.0027,0.0156,0.0103,1,0,0,0,0,0
PAIR_NEG_000549,FRAG_000444,FRAG_000574,sample_pdf_009.pdf,sample_pdf_016.pdf,pdf,pdf,1,0,90.0,57.0,51.125,0,1,0,0.55332,0.25396,0.77103,0.52715,0.1009,4.5375,22.4641,5.2542,324.6793,0.0,0.0,0.0,0.0,8,0,0,0,0,1
PAIR_NEG_000056,FRAG_001370,FRAG_001535,sample_zip_001.zip,sample_zip_016.zip,zip,zip,1,0,203.0,94.5,89.75,0,0,0,0.94246,0.02186,0.26802,0.03359,0.0016,7.9539,1.896,0.8249,122.7896,0.0019,0.0012,0.0048,0.0066,0,1,0,1,0,0
PAIR_POS_001342,FRAG_001450,FRAG_001451,sample_zip_009.zip,sample_zip_009.zip,zip,zip,1,1,37.0,63.0,83.0,0,0,0,0.94064,0.02224,0.27977,0.04335,0.0099,7.9517,1.429,0.419,61.8768,0.0217,0.0,0.013,0.0091,0,0,0,0,0,0
PAIR_POS_000231,FRAG_000256,FRAG_000257,sample_pdf_001.pdf,sample_pdf_001.pdf,pdf,pdf,1,1,11.0,28.5,29.0,0,1,0,0.99924,0.00918,0.04249,0.99918,0.0056,4.5516,0.3311,0.1382,7.72,0.0,0.0,0.0,0.0,0,0,0,0,0,0
PAIR_POS_000397,FRAG_000430,FRAG_000431,sample_pdf_009.pdf,sample_pdf_009.pdf,pdf,pdf,1,1,7.0,39.5,34.375,0,1,0,0.99987,0.00389,0.01857,0.99986,0.0018,4.4503,0.0451,0.0277,1.491,0.0,0.0,0.0,0.0,0,0,0,0,0,0
PAIR_NEG_000290,FRAG_000041,FRAG_000062,sample_jpeg_004.jpeg,sample_jpeg_008.jpeg,jpeg,jpeg,1,0,26.0,125.0,116.875,0,0,0,0.83276,0.04008,0.50798,-0.07889,0.2145,7.8467,0.8291,0.9718,143.0775,0.0009,0.0034,0.0027,0.0038,0,0,0,0,0,1
PAIR_NEG_001140,FRAG_000172,FRAG_001546,sample_jpeg_019.jpg,sample_zip_017.zip,jpeg,zip,0,0,124.0,146.0,102.625,0,0,0,0.93908,0.02249,0.28561,-0.02689,0.0013,7.9548,0.1101,0.0496,7.3699,0.0059,0.0039,0.0017,0.0032,0,0,0,0,0,0
PAIR_NEG_000389,FRAG_000481,FRAG_000365,sample_pdf_011.pdf,sample_pdf_006.pdf,pdf,pdf,1,0,7.0,37.5,23.9375,0,1,0,0.99792,0.01528,0.06789,0.99777,0.0117,4.5312,0.1558,0.072,3.9811,0.0,0.0,0.0,0.0,0,0,0,0,0,0
PAIR_NEG_000069,FRAG_000290,FRAG_000571,sample_pdf_003.pdf,sample_pdf_016.pdf,pdf,pdf,1,0,7.0,20.5,27.75,0,1,0,0.99636,0.02131,0.10108,0.99612,0.1114,4.5021,1.3152,0.5101,28.1695,0.0,0.0,0.0,0.0,0,0,0,0,0,0
PAIR_NEG_001164,FRAG_001162,FRAG_000982,sample_text_011.json,sample_png_021.png,text,png,0,0,201.0,168.0,111.0,0,0,0,0.28056,0.22049,1.59277,0.07114,2.9613,6.4742,58.1497,38.0337,4144.2528,0.6243,0.0024,0.5049,0.1147,2,0,0,0,0,0
PAIR_POS_001040,FRAG_001122,FRAG_001123,sample_text_008.json,sample_text_008.json,text,text,1,1,3.0,30.25,26.1875,0,1,0,0.99962,0.00631,0.03371,0.99959,0.0012,4.9743,0.0087,0.1077,7.6426,0.0,0.0,0.0,0.0,0,0,0,0,0,0
PAIR_NEG_000836,FRAG_001521,FRAG_001103,sample_zip_015.zip,sample_text_007.csv,zip,text,0,0,28.0,104.25,110.1875,0,1,0,0.28479,0.20435,1.6821,0.00679,3.0609,6.4165,64.845,50.2264,4930.5953,0.6155,0.002,0.4993,0.1121,1,0,0,0,0,0
PAIR_POS_000742,FRAG_000791,FRAG_000792,sample_pdf_025.pdf,sample_pdf_025.pdf,pdf,pdf,1,1,9.0,31.0,25.6875,0,1,0,0.99591,0.02157,0.10058,0.9956,0.0771,4.5496,0.5927,0.5879,32.7658,0.0,0.0,0.0,0.0,0,0,0,0,0,0
PAIR_POS_000196,FRAG_000220,FRAG_000221,sample_jpeg_025.jpg,sample_jpeg_025.jpg,jpeg,jpeg,1,1,195.0,99.25,100.625,0,0,0,0.94216,0.02194,0.28271,0.06073,0.0039,7.9531,1.6221,0.9825,146.3364,0.0092,0.0015,0.0112,0.0008,0,0,0,0,0,0
PAIR_NEG_000045,FRAG_001330,FRAG_001264,sample_text_022.log,sample_text_016.json,text,text,1,0,69.0,45.25,45.125,0,1,0,0.79818,0.13862,0.6567,0.77994,0.1122,5.0502,10.3838,4.5482,301.5235,0.0,0.0,0.0,0.0,1,0,0,0,0,0
PAIR_POS_000241,FRAG_000267,FRAG_000268,sample_pdf_002.pdf,sample_pdf_002.pdf,pdf,pdf,1,1,36.0,42.5,48.125,0,1,0,0.99991,0.0033,0.01369,0.9999,0.0167,4.5055,0.2326,0.119,6.502,0.0,0.0,0.0,0.0,0,0,0,0,0,0
PAIR_POS_000394,FRAG_000427,FRAG_000428,sample_pdf_009.pdf,sample_pdf_009.pdf,pdf,pdf,1,1,8.0,25.5,41.0625,0,1,0,0.99878,0.0115,0.0527,0.99868,0.0221,4.6426,0.5493,0.1148,6.5428,0.0,0.0,0.0,0.0,0,0,0,0,0,0
PAIR_POS_000483,FRAG_000520,FRAG_000521,sample_pdf_013.pdf,sample_pdf_013.pdf,pdf,pdf,1,1,13.0,18.75,35.0,0,1,0,0.99924,0.00943,0.04931,0.99918,0.0333,4.5487,0.1043,0.0546,3.0262,0.0,0.0,0.0,0.0,0,0,0,0,0,0
PAIR_POS_001143,FRAG_001232,FRAG_001233,sample_text_015.json,sample_text_015.json,text,text,1,1,81.0,76.25,51.25,0,1,0,0.99918,0.0093,0.04193,0.99911,0.0005,4.9955,0.2365,0.0024,0.1701,0.0,0.0,0.0,0.0,0,0,0,0,0,0
PAIR_POS_000010,FRAG_000010,FRAG_000011,sample_jpeg_001.jpeg,sample_jpeg_001.jpeg,jpeg,jpeg,1,1,20.0,90.25,93.0,0,0,0,0.93914,0.02255,0.28022,0.05793,0.006,7.9514,1.3216,1.3274,196.8704,0.0161,0.003,0.019,0.0027,0,0,0,0,0,0
PAIR_POS_000858,FRAG_000922,FRAG_000923,sample_png_015.png,sample_png_015.png,png,png,1,1,168.0,54.5,101.3125,0,0,0,0.93335,0.02359,0.30113,-0.04203,0.0044,7.9492,0.9903,0.4986,73.9145,0.0007,0.002,0.0063,0.0047,1,1,0,1,0,0
PAIR_POS_000713,FRAG_000761,FRAG_000762,sample_pdf_024.pdf,sample_pdf_024.pdf,pdf,pdf,1,1,3.0,20.75,21.4375,0,1,0,0.99607,0.02093,0.10787,0.99577,0.0621,4.5702,0.3381,0.0709,3.9707,0.0,0.0,0.0,0.0,0,0,0,0,0,0
PAIR_POS_000617,FRAG_000660,FRAG_000661,sample_pdf_019.pdf,sample_pdf_019.pdf,pdf,pdf,1,1,15.0,9.75,21.0,0,1,0,0.99958,0.0073,0.0361,0.99955,0.0773,4.5381,0.8325,0.6539,35.8894,0.0,0.0,0.0,0.0,0,0,0,0,0,0
PAIR_NEG_000559,FRAG_000679,FRAG_000516,sample_pdf_020.pdf,sample_pdf_012.pdf,pdf,pdf,1,0,72.0,46.25,27.625,0,1,0,0.99801,0.01494,0.07762,0.99786,0.0019,4.5724,0.3189,0.1426,7.9736,0.0,0.0,0.0,0.0,0,0,0,0,0,0
PAIR_NEG_000620,FRAG_000965,FRAG_000871,sample_png_019.png,sample_png_009.png,png,png,1,0,73.0,96.25,84.4375,0,0,0,0.94076,0.02218,0.28465,-0.00487,0.0036,7.9546,1.7,0.6885,102.6121,0.0017,0.0007,0.0076,0.0088,0,0,0,0,0,0
PAIR_NEG_000014,FRAG_000950,FRAG_000863,sample_png_018.png,sample_png_008.png,png,png,1,0,242.0,116.75,95.125,0,0,0,0.94607,0.02113,0.27135,0.03839,0.006,7.9561,3.8,0.5895,87.4745,0.0145,0.0027,0.0259,0.0112,1,0,0,0,0,0
PAIR_NEG_000350,FRAG_000617,FRAG_000464,sample_pdf_018.pdf,sample_pdf_011.pdf,pdf,pdf,1,0,8.0,24.25,18.5625,0,1,0,0.99522,0.02336,0.11328,0.99487,0.0165,4.5062,0.0073,0.0531,2.9244,0.0,0.0,0.0,0.0,0,0,0,0,0,0
PAIR_NEG_001151,FRAG_001511,FRAG_000929,sample_zip_014.zip,sample_png_016.png,zip,png,0,0,52.0,81.25,73.1875,0,0,0,0.94389,0.02156,0.27592,0.01394,0.007,7.9563,0.6565,0.1443,21.3339,0.0107,0.0019,0.0061,0.0058,0,0,0,0,0,0
PAIR_NEG_000037,FRAG_000477,FRAG_000776,sample_pdf_011.pdf,sample_pdf_025.pdf,pdf,pdf,1,0,11.0,11.0,24.375,0,1,0,0.99835,0.0135,0.06737,0.99822,0.0183,4.6452,0.1846,0.0666,3.7972,0.0,0.0,0.0,0.0,1,0,0,0,0,0
PAIR_NEG_000112,FRAG_000913,FRAG_000876,sample_png_014.png,sample_png_009.png,png,png,1,0,48.0,125.25,109.9375,0,0,0,0.94219,0.02186,0.28376,-0.05636,0.0043,7.9579,3.3865,1.7348,256.8796,0.0127,0.0022,0.0135,0.0008,0,0,0,0,0,0
PAIR_POS_000490,FRAG_000528,FRAG_000529,sample_pdf_014.pdf,sample_pdf_014.pdf,pdf,pdf,1,1,2.0,27.25,20.125,0,1,0,0.99966,0.00621,0.03079,0.99964,0.0177,4.5427,0.3418,0.1267,7.0184,0.0,0.0,0.0,0.0,0,0,0,0,0,0
PAIR_POS_000844,FRAG_000906,FRAG_000907,sample_png_013.png,sample_png_013.png,png,png,1,1,109.0,80.5,73.0,0,0,0,0.93874,0.02256,0.28212,-0.02407,0.0026,7.953,0.0837,0.1593,23.4644,0.0088,0.0003,0.0013,0.0054,0,0,0,0,0,0
PAIR_POS_000923,FRAG_000994,FRAG_000995,sample_png_022.png,sample_png_022.png,png,png,1,1,5.0,28.25,75.1875,0,1,0,0.86271,0.03631,0.4703,0.11441,0.2091,7.8573,1.8518,0.0999,14.8608,0.0022,0.0055,0.0082,0.0087,2,0,1,0,1,0
PAIR_NEG_001230,FRAG_001219,FRAG_001433,sample_text_015.json,sample_zip_008.zip,text,zip,0,0,100.0,101.0,102.0625,0,1,0,0.26905,0.2214,1.5928,0.02658,2.9641,6.4631,57.9663,37.7447,4099.9462,0.6079,0.0012,0.4897,0.1135,2,0,0,0,0,0
PAIR_NEG_000781,FRAG_001481,FRAG_001151,sample_zip_011.zip,sample_text_011.json,zip,text,0,0,116.0,106.25,90.5625,0,0,0,0.10658,0.42147,1.3765,0.06496,0.4209,4.7763,17.0724,21.2544,1958.9967,0.5315,0.3652,0.0605,0.471,9,0,0,0,0,1
PAIR_NEG_001023,FRAG_001398,FRAG_000923,sample_zip_004.zip,sample_png_015.png,zip,png,0,0,91.0,73.0,101.375,0,0,0,0.92968,0.02422,0.30715,-0.10555,0.0067,7.9504,2.001,0.0339,4.9985,0.011,0.001,0.0126,0.001,1,0,0,0,0,0
PAIR_NEG_000554,FRAG_001389,FRAG_001542,sample_zip_003.zip,sample_zip_016.zip,zip,zip,1,0,132.0,69.75,90.875,0,0,0,0.9397,0.02236,0.28327,-0.04425,0.0072,7.9553,0.1057,1.6476,241.9029,0.0078,0.0018,0.0085,0.001,0,0,0,0,0,0
PAIR_NEG_000127,FRAG_000807,FRAG_000796,sample_png_002.png,sample_png_001.png,png,png,1,0,131.0,61.5,79.125,0,0,0,0.94944,0.02041,0.26076,0.02919,0.0014,7.9606,0.687,0.4206,62.2784,0.0174,0.0029,0.0152,0.0022,1,0,0,0,0,1
PAIR_NEG_000728,FRAG_001129,FRAG_001235,sample_text_009.txt,sample_text_015.json,text,text,1,0,52.0,27.25,35.75,0,1,0,0.79723,0.13964,0.65233,0.77909,0.1301,5.0419,10.2443,4.6484,308.9128,0.0,0.0,0.0,0.0,1,0,0,0,0,0
PAIR_POS_000853,FRAG_000916,FRAG_000917,sample_png_014.png,sample_png_014.png,png,png,1,1,4.0,68.75,95.5625,0,1,0,0.93904,0.02253,0.28806,0.01114,0.0109,7.9521,0.3471,0.5996,88.7588,0.0075,0.0027,0.0066,0.0132,0,0,0,0,0,0
PAIR_POS_000582,FRAG_000624,FRAG_000625,sample_pdf_018.pdf,sample_pdf_018.pdf,pdf,pdf,1,1,1.0,2.75,19.4375,0,1,0,0.99952,0.00798,0.04053,0.99949,0.0505,4.5039,0.6416,0.275,15.0268,0.0,0.0,0.0,0.0,0,0,0,0,0,0
PAIR_POS_001216,FRAG_001310,FRAG_001311,sample_text_020.txt,sample_text_020.txt,text,text,1,1,11.0,21.0,27.75,0,1,0,0.99933,0.00728,0.0264,0.99926,0.022,5.0942,0.1113,0.0883,5.4557,0.0,0.0,0.0,0.0,0,0,0,0,0,0
PAIR_NEG_000307,FRAG_001390,FRAG_001591,sample_zip_003.zip,sample_zip_021.zip,zip,zip,1,0,133.0,72.25,73.5,0,0,0,0.93697,0.0229,0.28848,-0.0369,0.0005,7.9534,0.26,0.2577,37.7697,0.0078,0.0037,0.0044,0.0039,1,0,0,0,0,0
PAIR_POS_000368,FRAG_000400,FRAG_000401,sample_pdf_008.pdf,sample_pdf_008.pdf,pdf,pdf,1,1,5.0,20.25,42.375,0,1,0,0.99544,0.02293,0.10598,0.9951,0.0972,4.5571,1.2847,0.5614,31.304,0.0,0.0,0.0,0.0,0,0,0,0,0,0
PAIR_NEG_000737,FRAG_001522,FRAG_001485,sample_zip_015.zip,sample_zip_012.zip,zip,zip,1,0,184.0,102.5,91.625,0,0,0,0.93342,0.02358,0.3057,-0.03084,0.006,7.9507,0.7383,0.3564,52.9408,0.0031,0.0002,0.0041,0.002,0,0,0,0,0,0
PAIR_POS_000014,FRAG_000015,FRAG_000016,sample_jpeg_002.jpeg,sample_jpeg_002.jpeg,jpeg,jpeg,1,1,152.0,48.5,65.8125,0,0,0,0.94305,0.02181,0.28224,0.11653,0.0029,7.9506,2.8625,0.7471,112.0257,0.0013,0.0027,0.0074,0.0076,0,0,0,0,0,0
PAIR_POS_000166,FRAG_000185,FRAG_000186,sample_jpeg_020.jpg,sample_jpeg_020.jpg,jpeg,jpeg,1,1,197.0,156.75,121.0,0,0,0,0.93463,0.02339,0.30258,0.01899,0.004,7.95,0.0802,0.6607,98.159,0.0049,0.0021,0.003,0.0,0,0,1,0,1,0
PAIR_POS_000998,FRAG_001076,FRAG_001077,sample_text_004.json,sample_text_004.json,text,text,1,1,1.0,28.25,30.375,0,1,0,0.99949,0.00731,0.03712,0.99945,0.003,4.9879,0.1426,0.0096,0.6823,0.0,0.0,0.0,0.0,0,0,0,0,0,0
PAIR_NEG_000885,FRAG_000922,FRAG_001444,sample_png_015.png,sample_zip_009.zip,png,zip,0,0,124.0,81.75,95.25,0,0,0,0.93166,0.02394,0.31203,-0.00308,0.0097,7.9466,1.1992,0.7052,105.3727,0.0056,0.0022,0.0061,0.0005,0,1,0,1,0,1
PAIR_POS_000324,FRAG_000354,FRAG_000355,sample_pdf_006.pdf,sample_pdf_006.pdf,pdf,pdf,1,1,19.0,25.75,32.9375,0,1,0,0.99992,0.00308,0.01558,0.99991,0.0036,4.5231,0.1604,0.1383,7.6159,0.0,0.0,0.0,0.0,0,0,0,0,0,0
PAIR_NEG_001433,FRAG_000068,FRAG_001483,sample_jpeg_008.jpeg,sample_zip_012.zip,jpeg,zip,0,0,34.0,108.5,91.625,0,0,0,0.93804,0.02267,0.28606,-0.07075,0.0023,7.9554,0.8984,0.551,81.437,0.0117,0.0063,0.0081,0.0022,0,0,0,0,0,0
PAIR_POS_001255,FRAG_001353,FRAG_001354,sample_text_024.txt,sample_text_024.txt,text,text,1,1,9.0,11.25,21.0,0,1,0,0.99926,0.00756,0.02679,0.99918,0.0127,5.1079,0.0539,0.0105,0.6492,0.0,0.0,0.0,0.0,1,0,0,0,0,0
PAIR_POS_000205,FRAG_000230,FRAG_000231,sample_pdf_001.pdf,sample_pdf_001.pdf,pdf,pdf,1,1,17.0,22.75,30.125,0,1,0,0.99902,0.01049,0.05468,0.99894,0.0443,4.5435,0.3405,0.4263,23.6412,0.0,0.0,0.0,0.0,0,0,0,0,0,0
PAIR_NEG_001237,FRAG_000760,FRAG_000847,sample_pdf_024.pdf,sample_png_007.png,pdf,png,0,0,55.0,58.25,65.0625,0,1,0,0.26488,0.22737,1.70801,0.03603,3.4117,6.2393,31.9089,46.6631,4741.388,0.5991,0.0034,0.4878,0.1094,0,0,0,0,0,0
PAIR_POS_000084,FRAG_000094,FRAG_000095,sample_jpeg_011.jpeg,sample_jpeg_011.jpeg,jpeg,jpeg,1,1,51.0,55.0,101.625,0,0,0,0.939,0.02251,0.2836,-0.01987,0.005,7.9539,1.5161,0.9256,137.7588,0.0046,0.0,0.003,0.0066,0,0,0,0,0,0
PAIR_POS_001192,FRAG_001284,FRAG_001285,sample_text_018.csv,sample_text_018.csv,text,text,1,1,9.0,8.25,23.75,0,1,0,0.99468,0.02205,0.07906,0.99418,0.0263,4.907,0.1018,0.0464,2.2232,0.0,0.0,0.0,0.0,0,0,0,0,0,0
PAIR_POS_000499,FRAG_000537,FRAG_000538,sample_pdf_014.pdf,sample_pdf_014.pdf,pdf,pdf,1,1,9.0,27.5,20.8125,0,1,0,0.99979,0.00493,0.02003,0.99977,0.0018,4.5175,0.0132,0.0472,2.6061,0.0,0.0,0.0,0.0,0,0,0,0,0,0
PAIR_POS_000899,FRAG_000967,FRAG_000968,sample_png_019.png,sample_png_019.png,png,png,1,1,16.0,67.5,85.8125,0,1,0,0.92484,0.02517,0.31854,-0.04033,0.0178,7.942,0.5313,0.4966,73.764,0.0064,0.0008,0.0025,0.0011,2,0,1,0,1,0
PAIR_POS_000338,FRAG_000368,FRAG_000369,sample_pdf_006.pdf,sample_pdf_006.pdf,pdf,pdf,1,1,0.0,5.25,19.25,0,1,1,0.5913,0.23769,1.09859,0.56618,0.3667,4.479,28.5675,3.6095,226.4275,0.0,0.0,0.0,0.0,5,0,1,0,1,0
PAIR_NEG_000545,FRAG_001354,FRAG_001193,sample_text_024.txt,sample_text_013.csv,text,text,1,0,9.0,42.75,49.6875,0,1,0,0.50073,0.20594,1.02054,0.44988,0.2481,4.9901,16.7718,6.7947,372.9357,0.0,0.0,0.0,0.0,0,0,0,0,0,0
PAIR_NEG_000106,FRAG_000638,FRAG_000347,sample_pdf_019.pdf,sample_pdf_005.pdf,pdf,pdf,1,0,70.0,23.75,20.0625,0,1,0,0.95504,0.06965,0.23001,0.95153,0.1269,4.6509,6.1874,3.3221,196.6774,0.0,0.0,0.0,0.0,8,0,1,0,1,0
PAIR_POS_000345,FRAG_000376,FRAG_000377,sample_pdf_007.pdf,sample_pdf_007.pdf,pdf,pdf,1,1,9.0,20.0,9.6875,0,1,0,0.99762,0.01753,0.08892,0.99747,0.1412,4.5235,1.6088,0.9643,53.4434,0.0,0.0,0.0,0.0,0,0,0,0,0,0
PAIR_NEG_000718,FRAG_000968,FRAG_000824,sample_png_019.png,sample_png_004.png,png,png,1,0,30.0,92.5,87.5625,0,0,0,0.93304,0.02374,0.31069,0.04967,0.0232,7.9447,1.2898,0.0809,11.9768,0.0075,0.0008,0.0136,0.0031,2,0,0,0,0,1
PAIR_POS_001337,FRAG_001445,FRAG_001446,sample_zip_009.zip,sample_zip_009.zip,zip,zip,1,1,0.0,54.25,109.0,0,1,1,0.93997,0.02235,0.28175,0.02501,0.0015,7.9528,0.302,0.1074,15.811,0.01,0.0034,0.0044,0.0056,0,0,0,0,0,0
PAIR_POS_000561,FRAG_000603,FRAG_000604,sample_pdf_018.pdf,sample_pdf_018.pdf,pdf,pdf,1,1,89.0,28.0,31.4375,0,1,0,0.99757,0.01719,0.09075,0.99741,0.166,4.6245,1.9612,1.4825,84.2809,0.002,0.0,0.002,0.0,0,1,0,1,0,0
PAIR_POS_001305,FRAG_001410,FRAG_001411,sample_zip_006.zip,sample_zip_006.zip,zip,zip,1,1,9.0,40.75,89.4375,0,0,0,0.94816,0.02071,0.26264,0.05874,0.0103,7.9571,1.8423,1.1287,168.4635,0.011,0.0039,0.012,0.0008,1,1,0,1,0,0
PAIR_POS_001311,FRAG_001416,FRAG_001417,sample_zip_006.zip,sample_zip_006.zip,zip,zip,1,1,25.0,101.5,88.0,0,1,0,0.94336,0.02169,0.28615,0.03984,0.0033,7.9539,0.4512,0.1989,29.3337,0.0061,0.0012,0.0068,0.0003,0,0,0,0,0,0
PAIR_POS_000688,FRAG_000734,FRAG_000735,sample_pdf_022.pdf,sample_pdf_022.pdf,pdf,pdf,1,1,37.0,58.0,39.6875,0,1,0,0.99841,0.01339,0.06593,0.99829,0.0351,4.5344,0.9145,0.5489,30.5859,0.0,0.0,0.0,0.0,0,0,0,0,0,0
PAIR_NEG_001038,FRAG_001607,FRAG_000602,sample_zip_022.zip,sample_pdf_017.pdf,zip,pdf,0,0,57.0,71.0,83.8125,0,0,0,0.29153,0.21368,1.6592,0.08723,3.2098,6.3546,38.5015,43.4991,4589.3662,0.6111,0.0061,0.4922,0.1145,7,0,1,0,1,0
PAIR_NEG_000557,FRAG_001454,FRAG_001594,sample_zip_009.zip,sample_zip_021.zip,zip,zip,1,0,201.0,178.5,138.0,0,0,0,0.71704,0.0595,0.38096,0.01829,0.1966,7.8626,12.2478,2.5204,375.5139,0.0025,0.0534,0.0576,0.0566,15,0,0,0,0,1
PAIR_POS_001332,FRAG_001439,FRAG_001440,sample_zip_008.zip,sample_zip_008.zip,zip,zip,1,1,38.0,56.25,62.8125,0,0,0,0.94298,0.0218,0.27533,0.08531,0.0042,7.9504,1.0036,1.0666,158.8127,0.0124,0.0005,0.0127,0.0003,0,0,0,0,0,0
PAIR_POS_000437,FRAG_000472,FRAG_000473,sample_pdf_011.pdf,sample_pdf_011.pdf,pdf,pdf,1,1,2.0,34.5,26.625,0,1,0,0.99992,0.00289,0.01273,0.99992,0.0018,4.5597,0.0464,0.023,1.2758,0.0,0.0,0.0,0.0,0,0,0,0,0,0
PAIR_POS_000659,FRAG_000703,FRAG_000704,sample_pdf_020.pdf,sample_pdf_020.pdf,pdf,pdf,1,1,15.0,26.0,32.0,0,1,0,0.99954,0.00732,0.03125,0.99951,0.0141,4.5071,0.1501,0.1158,6.4327,0.0,0.0,0.0,0.0,0,0,0,0,0,0
PAIR_NEG_000242,FRAG_001275,FRAG_001079,sample_text_017.txt,sample_text_004.json,text,text,1,0,61.0,58.75,56.5625,0,1,0,0.79583,0.13968,0.66016,0.77744,0.1257,5.052,10.8103,4.5911,304.2397,0.0,0.0,0.0,0.0,2,0,0,0,0,0
PAIR_POS_001118,FRAG_001207,FRAG_001208,sample_text_015.json,sample_text_015.json,text,text,1,1,24.0,36.75,43.0625,0,1,0,0.999,0.01033,0.04194,0.99892,0.0042,4.9903,0.0779,0.0113,0.7997,0.0,0.0,0.0,0.0,0,0,0,0,0,0
PAIR_POS_001180,FRAG_001271,FRAG_001272,sample_text_017.txt,sample_text_017.txt,text,text,1,1,8.0,55.0,51.125,0,1,0,0.999,0.00882,0.03756,0.99888,0.0091,5.1043,0.0122,0.0088,0.5446,0.0,0.0,0.0,0.0,1,0,0,0,0,0
PAIR_POS_000248,FRAG_000274,FRAG_000275,sample_pdf_002.pdf,sample_pdf_002.pdf,pdf,pdf,1,1,6.0,3.0,18.25,0,1,0,0.99994,0.00253,0.00874,0.99994,0.0019,4.5523,0.0374,0.0217,1.1978,0.0,0.0,0.0,0.0,0,0,0,0,0,0
PAIR_NEG_000750,FRAG_000831,FRAG_000823,sample_png_005.png,sample_png_004.png,png,png,1,0,10.0,91.5,72.25,0,0,0,0.94688,0.02095,0.26851,0.03077,0.0011,7.9573,1.9279,0.8798,129.6411,0.02,0.0007,0.0137,0.0039,0,0,0,0,0,0
PAIR_POS_000824,FRAG_000883,FRAG_000884,sample_png_010.png,sample_png_010.png,png,png,1,1,141.0,146.5,100.9375,0,0,0,0.9395,0.02244,0.28503,0.01298,0.0015,7.9527,0.4597,2.0336,301.2015,0.0071,0.0005,0.0051,0.0122,0,0,0,0,0,0
PAIR_POS_000691,FRAG_000737,FRAG_000738,sample_pdf_022.pdf,sample_pdf_022.pdf,pdf,pdf,1,1,67.0,42.5,23.75,0,1,0,0.99928,0.00918,0.03713,0.99923,0.0187,4.5015,0.2287,0.1072,5.9022,0.0,0.0,0.0,0.0,0,0,0,0,0,0
PAIR_POS_000873,FRAG_000939,FRAG_000940,sample_png_017.png,sample_png_017.png,png,png,1,1,39.0,72.5,61.1875,0,1,0,0.93621,0.02302,0.29149,-0.07306,0.0008,7.954,1.7519,0.4634,68.2198,0.0034,0.0056,0.011,0.0147,1,1,0,1,0,0
PAIR_NEG_001317,FRAG_000083,FRAG_000277,sample_jpeg_010.jpg,sample_pdf_002.pdf,jpeg,pdf,0,0,77.0,92.0,88.0,0,0,0,0.26278,0.22622,1.69827,0.01578,3.4004,6.2587,33.302,46.4128,4721.5508,0.6191,0.0073,0.5037,0.1121,0,0,0,0,0,0
PAIR_POS_001484,FRAG_001605,FRAG_001606,sample_zip_022.zip,sample_zip_022.zip,zip,zip,1,1,118.0,116.5,79.3125,0,0,0,0.94296,0.02171,0.28121,-0.04582,0.007,7.9577,1.2332,0.7704,114.0371,0.0144,0.0027,0.012,0.0049,1,0,0,0,0,0
PAIR_POS_000452,FRAG_000488,FRAG_000489,sample_pdf_012.pdf,sample_pdf_012.pdf,pdf,pdf,1,1,68.0,26.5,22.1875,0,1,0,0.99979,0.00489,0.02103,0.99977,0.0098,4.5322,0.195,0.1367,7.5466,0.0,0.0,0.0,0.0,0,0,0,0,0,0
PAIR_NEG_000448,FRAG_000292,FRAG_000354,sample_pdf_003.pdf,sample_pdf_006.pdf,pdf,pdf,1,0,2.0,19.75,18.75,0,1,0,0.99541,0.02276,0.10792,0.99507,0.0376,4.5401,0.6941,0.3694,20.4268,0.0,0.0,0.0,0.0,0,0,0,0,0,0
PAIR_POS_001219,FRAG_001313,FRAG_001314,sample_text_020.txt,sample_text_020.txt,text,text,1,1,3.0,7.25,17.0625,0,1,0,0.99892,0.00911,0.03756,0.9988,0.0129,5.1059,0.0847,0.0833,5.1436,0.0,0.0,0.0,0.0,0,0,0,0,0,0
PAIR_NEG_001181,FRAG_000644,FRAG_000927,sample_pdf_019.pdf,sample_png_016.png,pdf,png,0,0,33.0,36.75,60.8125,0,0,0,0.27878,0.22557,1.68027,0.08746,3.3653,6.2668,32.5971,46.3558,4745.3296,0.6064,0.0073,0.4895,0.113,1,0,0,0,0,1
PAIR_POS_000234,FRAG_000260,FRAG_000261,sample_pdf_002.pdf,sample_pdf_002.pdf,pdf,pdf,1,1,5.0,12.5,36.3125,0,1,0,0.99994,0.0026,0.01216,0.99994,0.0021,4.5024,0.0158,0.0076,0.4173,0.0,0.0,0.0,0.0,0,0,0,0,0,0
PAIR_NEG_000925,FRAG_001339,FRAG_000051,sample_text_023.csv,sample_jpeg_006.jpg,text,jpeg,0,0,39.0,46.25,57.1875,0,1,0,0.27932,0.20783,1.68605,0.00347,3.0922,6.3988,63.8195,50.104,4932.2834,0.6255,0.0085,0.4995,0.1233,1,0,0,0,0,0
PAIR_NEG_001227,FRAG_000164,FRAG_001155,sample_jpeg_018.jpeg,sample_text_011.json,jpeg,text,0,0,13.0,82.25,67.1875,0,1,0,0.24292,0.222,1.60061,-0.08376,2.9469,6.4739,60.5364,38.17,4154.4707,0.6328,0.0088,0.5122,0.1177,1,0,0,0,0,0
PAIR_NEG_000386,FRAG_001395,FRAG_001624,sample_zip_004.zip,sample_zip_025.zip,zip,zip,1,0,65.0,82.5,90.1875,0,0,0,0.93853,0.02258,0.28766,-0.05192,0.004,7.9546,1.6509,0.7909,117.0855,0.0191,0.0022,0.0203,0.0,1,1,0,1,0,0
PAIR_NEG_000423,FRAG_001553,FRAG_001401,sample_zip_017.zip,sample_zip_005.zip,zip,zip,1,0,21.0,155.25,134.0625,0,1,0,0.94097,0.02212,0.28901,-0.02836,0.0013,7.9559,1.9655,0.0781,11.54,0.0051,0.0025,0.0081,0.0137,0,0,0,0,0,1
PAIR_POS_001252,FRAG_001350,FRAG_001351,sample_text_024.txt,sample_text_024.txt,text,text,1,1,70.0,25.25,46.625,0,1,0,0.99925,0.00776,0.03409,0.99917,0.0329,5.0968,0.0703,0.1283,7.9293,0.0,0.0,0.0,0.0,0,0,0,0,0,0
PAIR_POS_000935,FRAG_001008,FRAG_001009,sample_png_024.png,sample_png_024.png,png,png,1,1,5.0,32.0,82.5625,0,0,0,0.94503,0.02132,0.26894,0.00611,0.0023,7.9574,0.4536,0.1995,29.1948,0.002,0.001,0.0015,0.0037,0,0,0,0,0,0
PAIR_NEG_000479,FRAG_001257,FRAG_001199,sample_text_016.json,sample_text_014.txt,text,text,1,0,16.0,48.0,36.625,0,1,0,0.79431,0.14054,0.65382,0.77588,0.125,5.0449,10.6545,4.6354,307.2082,0.0,0.0,0.0,0.0,2,0,0,0,0,0
PAIR_POS_000630,FRAG_000674,FRAG_000675,sample_pdf_020.pdf,sample_pdf_020.pdf,pdf,pdf,1,1,8.0,8.5,19.875,0,1,0,0.99989,0.00357,0.01463,0.99988,0.0047,4.5107,0.0774,0.0858,4.7175,0.0,0.0,0.0,0.0,0,0,0,0,0,0
PAIR_NEG_000578,FRAG_000998,FRAG_000833,sample_png_023.png,sample_png_005.png,png,png,1,0,145.0,67.25,75.1875,0,0,0,0.94252,0.02183,0.27786,0.00606,0.0054,7.9557,0.4348,1.0834,160.8497,0.0073,0.001,0.0037,0.0105,0,0,0,0,0,0
PAIR_NEG_000256,FRAG_001467,FRAG_001413,sample_zip_011.zip,sample_zip_006.zip,zip,zip,1,0,37.0,31.25,52.6875,0,1,0,0.94225,0.02188,0.28172,-0.00921,0.0007,7.9559,3.073,0.1566,23.2526,0.0203,0.0019,0.0276,0.0061,1,0,0,0,0,0
PAIR_POS_000353,FRAG_000384,FRAG_000385,sample_pdf_007.pdf,sample_pdf_007.pdf,pdf,pdf,1,1,68.0,25.75,22.0625,0,1,0,0.99894,0.01175,0.06247,0.99888,0.1146,4.5355,1.3448,0.8363,46.1013,0.0,0.0,0.0,0.0,0,0,0,0,0,0
PAIR_NEG_000116,FRAG_000829,FRAG_000885,sample_png_005.png,sample_png_010.png,png,png,1,0,66.0,77.25,70.1875,0,0,0,0.94,0.02228,0.28119,-0.06856,0.0008,7.9565,0.7202,0.3003,44.1359,0.0088,0.0007,0.0003,0.0083,0,0,0,0,0,0
PAIR_POS_000268,FRAG_000295,FRAG_000296,sample_pdf_003.pdf,sample_pdf_003.pdf,pdf,pdf,1,1,5.0,12.5,35.6875,0,1,0,0.99962,0.00664,0.0278,0.99959,0.0148,4.5457,0.0874,0.0414,2.3085,0.0,0.0,0.0,0.0,0,0,0,0,0,0
PAIR_POS_001329,FRAG_001436,FRAG_001437,sample_zip_008.zip,sample_zip_008.zip,zip,zip,1,1,19.0,37.25,84.6875,0,0,0,0.94363,0.02164,0.27196,0.05835,0.0035,7.9536,1.8545,0.1223,18.0123,0.0222,0.0041,0.0222,0.0015,1,0,0,0,0,0
PAIR_POS_000498,FRAG_000536,FRAG_000537,sample_pdf_014.pdf,sample_pdf_014.pdf,pdf,pdf,1,1,66.0,24.75,25.875,0,1,0,0.99797,0.01579,0.08053,0.99784,0.1076,4.5722,1.126,0.6742,37.6968,0.0,0.0,0.0,0.0,0,0,0,0,0,0
PAIR_NEG_000984,FRAG_000152,FRAG_000456,sample_jpeg_017.jpg,sample_pdf_011.pdf,jpeg,pdf,0,0,19.0,75.5,57.75,0,1,0,0.24968,0.23149,1.69734,-0.01382,3.4213,6.2395,32.9819,46.5492,4732.8478,0.6277,0.0076,0.5107,0.1145,0,0,0,0,0,0
PAIR_POS_001267,FRAG_001366,FRAG_001367,sample_text_025.log,sample_text_025.log,text,text,1,1,7.0,20.5,38.1875,0,1,0,0.99911,0.00829,0.03416,0.99901,0.0004,5.0992,0.1601,0.0202,1.2487,0.0,0.0,0.0,0.0,1,0,0,0,0,0
PAIR_POS_000966,FRAG_001041,FRAG_001042,sample_text_001.json,sample_text_001.json,text,text,1,1,15.0,24.5,34.0625,0,1,0,0.99952,0.0072,0.04243,0.99948,0.0127,4.9897,0.1708,0.107,7.5928,0.0,0.0,0.0,0.0,0,0,1,0,0,0
PAIR_POS_000040,FRAG_000044,FRAG_000045,sample_jpeg_005.jpg,sample_jpeg_005.jpg,jpeg,jpeg,1,1,83.0,78.75,57.4375,0,0,0,0.94609,0.02118,0.26516,0.11913,0.002,7.9533,1.9914,1.1819,175.0018,0.0242,0.0012,0.0142,0.0102,0,0,0,0,0,0
PAIR_POS_001364,FRAG_001474,FRAG_001475,sample_zip_011.zip,sample_zip_011.zip,zip,zip,1,1,110.0,80.25,74.5,0,0,0,0.94761,0.02081,0.26952,0.04031,0.0038,7.9574,1.2592,0.4372,64.5002,0.0091,0.0029,0.0073,0.0017,1,0,0,0,0,0
PAIR_NEG_000593,FRAG_001583,FRAG_001465,sample_zip_020.zip,sample_zip_011.zip,zip,zip,1,0,212.0,116.25,92.5625,0,0,0,0.9368,0.0229,0.29104,-0.08611,0.0052,7.9549,0.5893,0.1306,19.3963,0.0058,0.0027,0.003,0.0034,0,0,0,0,0,0
PAIR_POS_001382,FRAG_001494,FRAG_001495,sample_zip_013.zip,sample_zip_013.zip,zip,zip,1,1,77.0,87.25,77.3125,0,0,0,0.94581,0.02121,0.26657,0.06824,0.0134,7.9559,1.8982,0.7901,116.8863,0.0254,0.0017,0.0207,0.0049,0,0,0,0,0,0
PAIR_POS_000148,FRAG_000165,FRAG_000166,sample_jpeg_018.jpeg,sample_jpeg_018.jpeg,jpeg,jpeg,1,1,9.0,48.0,90.8125,0,1,0,0.94659,0.02109,0.26556,0.13483,0.0066,7.9524,1.4771,0.3507,51.7601,0.0113,0.0022,0.0132,0.0008,0,0,0,0,0,0
PAIR_POS_000478,FRAG_000514,FRAG_000515,sample_pdf_012.pdf,sample_pdf_012.pdf,pdf,pdf,1,1,7.0,26.5,26.125,0,1,0,0.9997,0.0058,0.02683,0.99968,0.0078,4.5731,0.0159,0.0404,2.2619,0.0,0.0,0.0,0.0,0,0,0,0,0,0
PAIR_NEG_001053,FRAG_000865,FRAG_001144,sample_png_008.png,sample_text_010.log,png,text,0,0,118.0,85.5,64.5625,0,0,0,0.30982,0.18595,1.60691,-0.00473,2.8404,6.5372,48.7363,43.2307,4535.1056,0.6113,0.0034,0.4988,0.1094,1,0,0,0,0,0
PAIR_NEG_000897,FRAG_000889,FRAG_001083,sample_png_011.png,sample_text_004.json,png,text,0,0,9.0,84.5,60.75,0,0,0,0.27733,0.21925,1.58349,0.04936,2.9505,6.4818,57.3928,38.1665,4151.878,0.603,0.0029,0.4863,0.1143,2,0,0,0,0,0
PAIR_POS_001099,FRAG_001185,FRAG_001186,sample_text_012.log,sample_text_012.log,text,text,1,1,12.0,8.25,39.75,0,1,0,0.99834,0.01132,0.04736,0.99815,0.0033,5.1098,0.0691,0.0449,2.7681,0.0,0.0,0.0,0.0,0,0,0,0,0,0
PAIR_POS_000939,FRAG_001013,FRAG_001014,sample_png_025.png,sample_png_025.png,png,png,1,1,57.0,80.75,81.0625,0,0,0,0.93692,0.02289,0.28712,-0.06465,0.0027,7.9543,1.4665,0.4284,62.8098,0.0103,0.0029,0.0095,0.0019,0,0,0,0,0,0
PAIR_NEG_000186,FRAG_000405,FRAG_000755,sample_pdf_008.pdf,sample_pdf_024.pdf,pdf,pdf,1,0,64.0,42.0,63.5625,0,1,0,0.99647,0.01993,0.10248,0.99621,0.1115,4.5716,1.2405,1.1983,67.3695,0.002,0.0,0.002,0.0,0,0,0,0,0,1
PAIR_POS_001340,FRAG_001448,FRAG_001449,sample_zip_009.zip,sample_zip_009.zip,zip,zip,1,1,183.0,136.75,108.9375,0,0,0,0.94811,0.02071,0.25882,0.04468,0.0038,7.9582,0.4021,0.3517,51.7665,0.0035,0.0009,0.0073,0.0032,0,0,0,0,0,0
PAIR_POS_000434,FRAG_000469,FRAG_000470,sample_pdf_011.pdf,sample_pdf_011.pdf,pdf,pdf,1,1,2.0,22.75,30.625,0,1,0,0.9999,0.00333,0.01319,0.99989,0.0001,4.5613,0.0246,0.0452,2.5153,0.0,0.0,0.0,0.0,0,0,0,0,0,0
PAIR_POS_000243,FRAG_000269,FRAG_000270,sample_pdf_002.pdf,sample_pdf_002.pdf,pdf,pdf,1,1,9.0,31.0,25.6875,0,1,0,0.9996,0.00672,0.03901,0.99957,0.0348,4.5384,0.364,0.3786,20.8854,0.0,0.0,0.0,0.0,0,0,0,0,0,0
PAIR_NEG_001383,FRAG_000916,FRAG_001257,sample_png_014.png,sample_text_016.json,png,text,0,0,66.0,77.5,96.8125,0,1,0,0.27459,0.22149,1.57861,0.04795,2.9752,6.47,59.133,38.2637,4177.3351,0.6138,0.0024,0.5054,0.1057,2,0,0,0,0,0
PAIR_NEG_001299,FRAG_001516,FRAG_001241,sample_zip_014.zip,sample_text_016.json,zip,text,0,0,181.0,133.0,96.75,0,0,0,0.25831,0.22291,1.60404,-0.0202,2.9834,6.4636,58.4966,38.6232,4231.8776,0.6248,0.0029,0.501,0.1187,2,0,0,0,0,0
PAIR_NEG_000064,FRAG_001586,FRAG_001478,sample_zip_020.zip,sample_zip_011.zip,zip,zip,1,0,138.0,110.5,101.125,0,0,0,0.94502,0.02136,0.26713,0.06075,0.0014,7.9553,0.5874,0.7172,106.7711,0.0047,0.001,0.0039,0.009,0,0,0,0,0,0
PAIR_POS_000115,FRAG_000129,FRAG_000130,sample_jpeg_015.jpeg,sample_jpeg_015.jpeg,jpeg,jpeg,1,1,34.0,89.5,84.875,0,0,0,0.94077,0.02223,0.2851,0.06714,0.002,7.951,0.3631,0.1246,18.54,0.0007,0.0013,0.0061,0.0052,1,0,0,0,0,0
PAIR_POS_000695,FRAG_000742,FRAG_000743,sample_pdf_023.pdf,sample_pdf_023.pdf,pdf,pdf,1,1,83.0,27.0,28.375,0,1,0,0.99919,0.00952,0.05467,0.99913,0.0339,4.596,0.0198,0.3711,20.994,0.002,0.0,0.002,0.0,0,1,0,1,0,0
PAIR_NEG_001090,FRAG_000841,FRAG_000467,sample_png_006.png,sample_pdf_011.pdf,png,pdf,0,0,12.0,31.0,58.875,0,1,0,0.2473,0.23291,1.72024,-0.01711,3.4729,6.2133,30.2852,46.7736,4751.7612,0.6133,0.0032,0.4893,0.1206,0,0,0,0,0,0
PAIR_NEG_001406,FRAG_001487,FRAG_000097,sample_zip_012.zip,sample_jpeg_011.jpeg,zip,jpeg,0,0,31.0,83.5,99.0625,0,0,0,0.94065,0.02221,0.27781,0.01409,0.0031,7.9539,0.0989,0.7506,110.8608,0.0113,0.0015,0.0107,0.0,0,0,0,0,0,0
PAIR_POS_000921,FRAG_000992,FRAG_000993,sample_png_022.png,sample_png_022.png,png,png,1,1,105.0,92.0,98.25,0,0,0,0.93323,0.02362,0.29777,-0.02986,0.0011,7.9483,0.5166,0.5142,76.0239,0.0003,0.0019,0.0022,0.0039,0,0,0,0,0,0
PAIR_NEG_000860,FRAG_000711,FRAG_001508,sample_pdf_021.pdf,sample_zip_014.zip,pdf,zip,0,0,78.0,40.75,66.875,0,1,0,0.28031,0.22969,1.69729,0.11722,3.4676,6.2258,32.1682,45.6175,4578.7457,0.6086,0.0029,0.4958,0.1079,0,0,0,0,0,0
PAIR_NEG_001206,FRAG_000809,FRAG_001102,sample_png_003.png,sample_text_007.csv,png,text,0,0,136.0,109.5,93.125,0,0,0,0.29048,0.20452,1.65861,0.03053,3.0786,6.4124,64.2717,49.7642,4852.7469,0.6064,0.0063,0.4941,0.1082,0,1,0,1,0,0
PAIR_NEG_000357,FRAG_000121,FRAG_000201,sample_jpeg_014.jpeg,sample_jpeg_023.jpeg,jpeg,jpeg,1,0,35.0,150.5,120.4375,0,0,0,0.93991,0.0225,0.27875,0.17901,0.0023,7.9448,1.1648,0.563,84.6288,0.0127,0.0007,0.0085,0.0024,0,1,0,1,0,1
PAIR_NEG_000665,FRAG_000129,FRAG_000165,sample_jpeg_015.jpeg,sample_jpeg_018.jpeg,jpeg,jpeg,1,0,178.0,101.5,89.5625,0,0,0,0.93957,0.02243,0.29197,0.0111,0.0057,7.9528,0.8272,0.8063,119.3691,0.0027,0.0018,0.0051,0.0009,0,0,0,0,0,0
PAIR_POS_001447,FRAG_001564,FRAG_001565,sample_zip_018.zip,sample_zip_018.zip,zip,zip,1,1,166.0,104.75,107.75,0,0,0,0.94168,0.022,0.27771,0.005,0.0039,7.9546,0.9663,0.1819,26.8623,0.0073,0.0022,0.0022,0.0046,0,0,0,0,0,0
PAIR_NEG_000597,FRAG_001265,FRAG_001047,sample_text_016.json,sample_text_002.txt,text,text,1,0,42.0,46.25,36.5625,0,1,0,0.795,0.13947,0.65679,0.7764,0.118,5.0591,10.6732,4.6289,306.636,0.0,0.0,0.0,0.0,2,0,0,0,0,0
PAIR_POS_000797,FRAG_000853,FRAG_000854,sample_png_007.png,sample_png_007.png,png,png,1,1,57.0,100.0,75.3125,0,0,0,0.85315,0.03774,0.50108,0.09332,0.2206,7.8466,4.2868,1.7219,256.581,0.017,0.0058,0.0303,0.0149,2,0,1,0,1,0
PAIR_POS_001002,FRAG_001080,FRAG_001081,sample_text_004.json,sample_text_004.json,text,text,1,1,1.0,55.25,42.25,0,1,0,0.99905,0.01015,0.04784,0.99897,0.0071,4.9733,0.3936,0.0437,3.097,0.0,0.0,0.0,0.0,0,0,0,0,0,0
PAIR_NEG_000398,FRAG_000987,FRAG_001018,sample_png_021.png,sample_png_025.png,png,png,1,0,18.0,62.0,84.625,0,0,0,0.8615,0.03595,0.45812,0.00838,0.1601,7.8731,0.7336,0.3843,56.6902,0.0335,0.0049,0.0176,0.016,2,0,0,0,0,1
PAIR_POS_001215,FRAG_001309,FRAG_001310,sample_text_020.txt,sample_text_020.txt,text,text,1,1,3.0,15.25,45.9375,0,1,0,0.99919,0.00809,0.0356,0.9991,0.0353,5.1008,0.0468,0.1227,7.5808,0.0,0.0,0.0,0.0,0,0,0,0,0,0
PAIR_NEG_001378,FRAG_001598,FRAG_000388,sample_zip_021.zip,sample_pdf_007.pdf,zip,pdf,0,0,17.0,49.25,59.6875,0,1,0,0.25202,0.2299,1.71589,-0.01429,3.4535,6.2276,31.0859,46.0264,4638.0944,0.6145,0.0042,0.4956,0.1155,0,0,0,0,0,0
PAIR_POS_001507,FRAG_001631,FRAG_001632,sample_zip_025.zip,sample_zip_025.zip,zip,zip,1,1,7.0,39.25,81.0625,0,0,0,0.93519,0.02326,0.29688,-0.01313,0.0003,7.949,0.6216,1.3973,205.2962,0.0156,0.0017,0.0044,0.011,1,0,0,0,0,0
PAIR_POS_000074,FRAG_000083,FRAG_000084,sample_jpeg_010.jpg,sample_jpeg_010.jpg,jpeg,jpeg,1,1,18.0,50.75,72.0,0,0,0,0.9496,0.02044,0.26216,0.11604,0.005,7.9564,0.3833,0.4072,60.4929,0.0058,0.0002,0.0022,0.0039,0,0,0,0,0,0
PAIR_POS_000287,FRAG_000316,FRAG_000317,sample_pdf_005.pdf,sample_pdf_005.pdf,pdf,pdf,1,1,20.0,12.5,25.125,0,1,0,0.99924,0.00917,0.04632,0.99918,0.0602,4.6219,0.5203,0.3712,21.1689,0.0,0.0,0.0,0.0,0,0,0,0,0,0
PAIR_POS_000389,FRAG_000422,FRAG_000423,sample_pdf_009.pdf,sample_pdf_009.pdf,pdf,pdf,1,1,5.0,23.25,26.375,0,1,0,0.99966,0.00623,0.02925,0.99963,0.0096,4.5377,0.2779,0.2027,11.2972,0.0,0.0,0.0,0.0,0,0,0,0,0,0
PAIR_POS_000897,FRAG_000965,FRAG_000966,sample_png_019.png,sample_png_019.png,png,png,1,1,70.0,57.25,73.625,0,0,0,0.93683,0.02289,0.28809,-0.08543,0.0024,7.9552,2.1221,0.2922,43.433,0.0112,0.0008,0.0149,0.0061,0,0,0,0,0,0
PAIR_POS_001296,FRAG_001399,FRAG_001400,sample_zip_004.zip,sample_zip_004.zip,zip,zip,1,1,59.0,59.0,97.9375,0,0,0,0.43156,0.1254,0.65934,-0.01937,0.7077,7.5981,26.997,2.4902,376.3635,0.0478,0.1177,0.1552,0.1083,15,0,1,0,1,0
PAIR_NEG_000243,FRAG_001210,FRAG_001350,sample_text_015.json,sample_text_024.txt,text,text,1,0,46.0,59.0,24.5625,0,1,0,0.79425,0.14,0.65478,0.77566,0.1178,5.0543,10.7163,4.6045,305.207,0.0,0.0,0.0,0.0,2,0,0,0,0,0
PAIR_NEG_000247,FRAG_001328,FRAG_001162,sample_text_022.log,sample_text_011.json,text,text,1,0,67.0,59.25,47.1875,0,1,0,0.7945,0.14011,0.66016,0.77598,0.1218,5.0545,10.8855,4.6421,307.7112,0.0,0.0,0.0,0.0,1,0,0,0,0,0
PAIR_POS_001403,FRAG_001516,FRAG_001517,sample_zip_014.zip,sample_zip_014.zip,zip,zip,1,1,190.0,73.25,93.5625,0,0,0,0.9337,0.0235,0.29651,-0.07438,0.0062,7.9522,0.7666,0.3077,45.6945,0.0125,0.0027,0.0071,0.004,1,0,0,0,0,0
PAIR_NEG_000181,FRAG_001347,FRAG_001319,sample_text_024.txt,sample_text_021.csv,text,text,1,0,58.0,27.25,21.5,0,1,0,0.47669,0.21066,1.02929,0.42338,0.194,4.9879,16.5051,6.7727,373.0263,0.0,0.0,0.0,0.0,1,0,0,0,0,0
PAIR_POS_000219,FRAG_000244,FRAG_000245,sample_pdf_001.pdf,sample_pdf_001.pdf,pdf,pdf,1,1,72.0,21.0,41.25,0,1,0,0.99846,0.01322,0.06838,0.99835,0.0757,4.5793,1.0456,0.6262,35.0645,0.0,0.0,0.0,0.0,0,0,0,0,0,0
PAIR_NEG_000057,FRAG_001034,FRAG_001082,sample_text_001.json,sample_text_004.json,text,text,1,0,30.0,33.5,36.1875,0,1,0,0.99761,0.01589,0.05656,0.99742,0.01,4.9878,0.0337,0.1022,7.244,0.0,0.0,0.0,0.0,0,0,0,0,0,0
PAIR_NEG_001067,FRAG_000034,FRAG_000427,sample_jpeg_004.jpeg,sample_pdf_009.pdf,jpeg,pdf,0,0,79.0,48.5,72.5,0,1,0,0.23156,0.22657,1.70559,-0.10669,3.3141,6.2887,30.9797,46.4983,4807.6923,0.6182,0.0103,0.49,0.1267,1,1,0,1,0,0
PAIR_POS_000392,FRAG_000425,FRAG_000426,sample_pdf_009.pdf,sample_pdf_009.pdf,pdf,pdf,1,1,11.0,7.25,20.5,0,1,0,0.99895,0.01092,0.04735,0.99888,0.0172,4.5387,0.3191,0.0776,4.3382,0.0,0.0,0.0,0.0,0,0,0,0,0,0
PAIR_NEG_001451,FRAG_000973,FRAG_001596,sample_png_020.png,sample_zip_021.zip,png,zip,0,0,19.0,44.25,86.1875,0,0,0,0.93458,0.02335,0.29071,-0.04622,0.0109,7.951,2.2918,0.8996,133.1127,0.0125,0.0016,0.0131,0.0008,1,0,0,0,0,1
PAIR_NEG_000392,FRAG_001042,FRAG_001321,sample_text_001.json,sample_text_021.csv,text,text,1,0,39.0,44.25,38.375,0,1,0,0.37958,0.24685,1.1722,0.32575,0.0984,4.9341,6.0482,11.4891,684.4023,0.0,0.0,0.0,0.0,2,0,0,0,0,0
PAIR_POS_000081,FRAG_000090,FRAG_000091,sample_jpeg_010.jpg,sample_jpeg_010.jpg,jpeg,jpeg,1,1,20.0,50.5,79.25,0,0,0,0.93475,0.02339,0.2973,0.03164,0.0005,7.9475,2.8929,0.2354,35.0379,0.0177,0.0001,0.0261,0.008,1,0,1,0,1,0
PAIR_POS_001136,FRAG_001225,FRAG_001226,sample_text_015.json,sample_text_015.json,text,text,1,1,14.0,23.5,34.5625,0,1,0,0.99907,0.00988,0.03854,0.999,0.0012,4.9878,0.126,0.0223,1.5833,0.0,0.0,0.0,0.0,0,0,0,0,0,0
PAIR_POS_000362,FRAG_000394,FRAG_000395,sample_pdf_008.pdf,sample_pdf_008.pdf,pdf,pdf,1,1,67.0,23.0,25.625,0,1,0,0.99675,0.01934,0.10102,0.99651,0.0237,4.5541,1.0576,0.3963,22.343,0.0,0.0,0.0,0.0,0,0,0,0,0,0
PAIR_POS_000416,FRAG_000450,FRAG_000451,sample_pdf_010.pdf,sample_pdf_010.pdf,pdf,pdf,1,1,10.0,43.75,43.5,0,1,0,0.99985,0.00419,0.01951,0.99984,0.017,4.54,0.2,0.1,5.5751,0.0,0.0,0.0,0.0,0,0,0,0,0,0
PAIR_POS_001488,FRAG_001610,FRAG_001611,sample_zip_023.zip,sample_zip_023.zip,zip,zip,1,1,1.0,78.75,80.25,0,1,0,0.93812,0.02273,0.2822,0.03161,0.0004,7.9508,0.1594,0.4892,72.4914,0.0098,0.0007,0.0088,0.0046,0,1,0,1,0,0
PAIR_POS_000594,FRAG_000637,FRAG_000638,sample_pdf_019.pdf,sample_pdf_019.pdf,pdf,pdf,1,1,3.0,4.5,25.1875,0,1,0,0.99867,0.01255,0.06158,0.99858,0.0861,4.5445,0.8674,0.7375,40.6668,0.0,0.0,0.0,0.0,0,0,0,0,0,0
PAIR_POS_000942,FRAG_001016,FRAG_001017,sample_png_025.png,sample_png_025.png,png,png,1,1,64.0,121.0,68.75,0,0,0,0.93574,0.02315,0.29431,-0.0241,0.0065,7.9517,1.0496,1.0018,148.6047,0.0005,0.0017,0.0005,0.0004,0,0,0,0,0,0
PAIR_POS_000165,FRAG_000184,FRAG_000185,sample_jpeg_020.jpg,sample_jpeg_020.jpg,jpeg,jpeg,1,1,210.0,142.75,93.0625,0,0,0,0.94032,0.02237,0.28366,0.12246,0.0007,7.9483,1.3982,0.1888,28.1426,0.0141,0.002,0.01,0.0014,0,0,0,0,0,0
PAIR_POS_000697,FRAG_000744,FRAG_000745,sample_pdf_023.pdf,sample_pdf_023.pdf,pdf,pdf,1,1,5.0,20.75,28.875,0,1,0,0.99956,0.00714,0.03124,0.99953,0.0178,4.53,0.3421,0.105,5.9104,0.0,0.0,0.0,0.0,0,0,0,0,0,0
PAIR_POS_001095,FRAG_001181,FRAG_001182,sample_text_012.log,sample_text_012.log,text,text,1,1,8.0,5.0,24.5625,0,1,0,0.99963,0.00539,0.02091,0.99959,0.0105,5.1031,0.0637,0.0481,2.9702,0.0,0.0,0.0,0.0,0,0,0,0,0,0
PAIR_POS_000749,FRAG_000799,FRAG_000800,sample_png_001.png,sample_png_001.png,png,png,1,1,16.0,77.0,81.625,0,1,0,0.94414,0.02149,0.27444,-0.01313,0.0041,7.9572,0.1934,0.4862,71.7537,0.0162,0.0015,0.0091,0.0064,1,0,0,0,0,0
PAIR_NEG_000341,FRAG_000993,FRAG_000998,sample_png_022.png,sample_png_023.png,png,png,1,0,6.0,46.25,78.0625,0,1,0,0.94651,0.02109,0.27045,0.10829,0.0106,7.9531,0.7154,0.0334,4.9191,0.0017,0.0027,0.0003,0.0027,0,0,0,0,0,0
PAIR_NEG_001282,FRAG_000348,FRAG_001571,sample_pdf_006.pdf,sample_zip_019.zip,pdf,zip,0,0,15.0,37.0,61.4375,0,1,0,0.29104,0.22228,1.65241,0.12736,3.2992,6.3016,31.5464,45.7624,4718.0071,0.6135,0.0056,0.4873,0.1221,1,1,0,1,0,0
PAIR_POS_001295,FRAG_001398,FRAG_001399,sample_zip_004.zip,sample_zip_004.zip,zip,zip,1,1,112.0,78.75,65.125,0,0,0,0.93888,0.02255,0.28663,-0.00587,0.0018,7.9528,2.8818,0.4934,73.0931,0.0301,0.0022,0.0261,0.0034,1,0,0,0,0,0
PAIR_POS_000114,FRAG_000128,FRAG_000129,sample_jpeg_015.jpeg,sample_jpeg_015.jpeg,jpeg,jpeg,1,1,26.0,84.25,70.25,0,0,0,0.93971,0.02246,0.28219,0.09037,0.0007,7.9497,0.0205,0.3896,57.8384,0.0,0.0009,0.0081,0.0066,1,0,0,0,0,0
PAIR_NEG_001057,FRAG_001476,FRAG_000911,sample_zip_011.zip,sample_png_014.png,zip,png,0,0,77.0,41.5,119.1875,0,0,0,0.93837,0.02264,0.28889,-0.01699,0.0047,7.9546,1.1304,0.0347,5.1163,0.0105,0.0017,0.0098,0.0007,0,0,0,0,0,1
PAIR_POS_000621,FRAG_000664,FRAG_000665,sample_pdf_019.pdf,sample_pdf_019.pdf,pdf,pdf,1,1,2.0,34.5,26.625,0,1,0,0.99955,0.00723,0.0293,0.99952,0.0115,4.4398,0.1484,0.0903,4.8917,0.0,0.0,0.0,0.0,0,0,0,0,0,0
PAIR_POS_001397,FRAG_001510,FRAG_001511,sample_zip_014.zip,sample_zip_014.zip,zip,zip,1,1,146.0,85.5,73.875,0,0,0,0.93542,0.02315,0.29924,-0.10126,0.0035,7.9545,2.552,0.1752,25.8941,0.0063,0.0024,0.0053,0.0122,0,0,0,0,0,0
PAIR_POS_000683,FRAG_000729,FRAG_000730,sample_pdf_022.pdf,sample_pdf_022.pdf,pdf,pdf,1,1,78.0,28.0,24.3125,0,1,0,0.99572,0.02186,0.10295,0.9954,0.0258,4.5639,0.042,0.2275,12.7279,0.0,0.0,0.0,0.0,0,0,0,0,0,0
PAIR_NEG_001500,FRAG_001508,FRAG_001252,sample_zip_014.zip,sample_text_016.json,zip,text,0,0,163.0,119.25,83.5,0,0,0,0.28922,0.22123,1.56845,0.11717,2.9946,6.4623,58.8896,37.5148,4069.4291,0.6086,0.0029,0.4958,0.1079,2,0,0,0,0,0
PAIR_POS_001097,FRAG_001183,FRAG_001184,sample_text_012.log,sample_text_012.log,text,text,1,1,6.0,26.0,36.375,0,1,0,0.99937,0.00699,0.02543,0.9993,0.0011,5.0968,0.0305,0.017,1.0491,0.0,0.0,0.0,0.0,0,0,0,0,0,0
PAIR_NEG_000382,FRAG_001079,FRAG_001146,sample_text_004.json,sample_text_010.log,text,text,1,0,77.0,49.75,41.6875,0,1,0,0.79791,0.13905,0.64825,0.77974,0.1164,5.0474,10.8187,4.5123,299.374,0.0,0.0,0.0,0.0,2,0,1,0,0,0
PAIR_NEG_001205,FRAG_001565,FRAG_000136,sample_zip_018.zip,sample_jpeg_015.jpeg,zip,jpeg,0,0,24.0,92.5,103.75,0,1,0,0.94961,0.02048,0.26409,0.17868,0.0007,7.9524,0.2507,0.0876,12.913,0.0019,0.0026,0.0013,0.0005,1,0,0,0,0,0
PAIR_NEG_000654,FRAG_000549,FRAG_000300,sample_pdf_015.pdf,sample_pdf_003.pdf,pdf,pdf,1,0,2.0,20.25,22.5,0,1,0,0.98904,0.03543,0.16753,0.98824,0.133,4.624,1.952,1.0849,61.8149,0.002,0.0,0.002,0.0,0,1,0,1,0,0
PAIR_NEG_000225,FRAG_000200,FRAG_000167,sample_jpeg_022.jpg,sample_jpeg_018.jpeg,jpeg,jpeg,1,0,22.0,92.0,82.875,0,0,0,0.93295,0.02373,0.30179,0.02471,0.0205,7.9471,1.5569,0.5737,85.2807,0.0095,0.0008,0.0106,0.0032,0,0,0,0,0,1
PAIR_NEG_000933,FRAG_001369,FRAG_000529,sample_text_025.log,sample_pdf_014.pdf,text,pdf,0,0,89.0,66.75,42.0,0,1,0,0.86266,0.11914,0.70119,0.85137,0.5387,4.8209,14.81,3.16,185.4826,0.0,0.0,0.0,0.0,0,0,0,0,0,0
PAIR_NEG_001199,FRAG_001157,FRAG_000412,sample_text_011.json,sample_pdf_009.pdf,text,pdf,0,0,54.0,36.5,32.1875,0,1,0,0.72692,0.17247,0.89109,0.70581,0.4404,4.7606,26.1702,7.5591,479.3374,0.0,0.0,0.0,0.0,2,0,0,0,0,0
PAIR_POS_001107,FRAG_001194,FRAG_001195,sample_text_013.csv,sample_text_013.csv,text,text,1,1,6.0,42.0,31.8125,0,1,0,0.99562,0.01993,0.07222,0.9952,0.0119,4.8979,0.3094,0.028,1.3385,0.0,0.0,0.0,0.0,0,0,0,0,0,0
PAIR_POS_000144,FRAG_000160,FRAG_000161,sample_jpeg_017.jpg,sample_jpeg_017.jpg,jpeg,jpeg,1,1,32.0,27.5,88.9375,0,0,0,0.89733,0.03029,0.38168,0.08806,0.098,7.9067,1.5936,1.5652,233.4353,0.004,0.0036,0.0058,0.0017,0,0,1,0,1,0
PAIR_NEG_000302,FRAG_001517,FRAG_001594,sample_zip_014.zip,sample_zip_021.zip,zip,zip,1,0,40.0,97.75,93.3125,0,0,0,0.94253,0.02184,0.28472,0.01454,0.0118,7.955,0.8501,1.1689,172.5852,0.0044,0.0014,0.0051,0.0012,1,0,0,0,0,0
PAIR_POS_000894,FRAG_000962,FRAG_000963,sample_png_019.png,sample_png_019.png,png,png,1,1,45.0,40.25,79.75,0,0,0,0.94712,0.02099,0.26264,0.14685,0.0086,7.9521,1.9807,0.0914,13.5263,0.0078,0.001,0.0044,0.0124,0,0,0,0,0,0
PAIR_POS_000980,FRAG_001056,FRAG_001057,sample_text_002.txt,sample_text_002.txt,text,text,1,1,9.0,30.75,31.8125,0,1,0,0.99951,0.00616,0.0224,0.99945,0.0004,5.1061,0.1047,0.0012,0.073,0.0,0.0,0.0,0.0,1,0,0,0,0,0
PAIR_POS_001005,FRAG_001083,FRAG_001084,sample_text_004.json,sample_text_004.json,text,text,1,1,9.0,6.25,32.0625,0,1,0,0.99942,0.00784,0.04196,0.99937,0.0126,5.0003,0.1915,0.1086,7.6776,0.0,0.0,0.0,0.0,0,0,1,0,0,0
PAIR_NEG_000918,FRAG_000185,FRAG_001256,sample_jpeg_020.jpg,sample_text_016.json,jpeg,text,0,0,6.0,30.0,68.9375,0,1,0,0.25633,0.22193,1.59087,-0.02475,2.9661,6.4649,58.1951,39.2489,4317.0298,0.6165,0.0103,0.4988,0.1155,2,0,0,0,0,0
PAIR_POS_000008,FRAG_000008,FRAG_000009,sample_jpeg_001.jpeg,sample_jpeg_001.jpeg,jpeg,jpeg,1,1,16.0,59.5,77.875,0,1,0,0.93826,0.02271,0.29,0.03306,0.0118,7.9511,1.8294,0.2733,40.712,0.0147,0.002,0.0022,0.0117,0,0,0,0,0,0
PAIR_NEG_000985,FRAG_001374,FRAG_001029,sample_zip_001.zip,sample_text_001.json,zip,text,0,0,118.0,96.5,109.625,0,0,0,0.26449,0.22177,1.57227,0.00457,2.965,6.4701,58.649,38.1754,4163.9953,0.6133,0.0059,0.4988,0.1106,1,0,0,0,0,0
PAIR_NEG_000027,FRAG_000771,FRAG_000475,sample_pdf_025.pdf,sample_pdf_011.pdf,pdf,pdf,1,0,15.0,6.5,18.5,0,1,0,0.99741,0.01759,0.0874,0.99722,0.1272,4.5717,1.8101,1.1107,62.1696,0.0,0.0,0.0,0.0,0,0,0,0,0,0
PAIR_POS_000676,FRAG_000722,FRAG_000723,sample_pdf_022.pdf,sample_pdf_022.pdf,pdf,pdf,1,1,2.0,5.0,30.75,0,1,0,0.99997,0.00198,0.00928,0.99996,0.0032,4.5172,0.1347,0.0598,3.3288,0.0,0.0,0.0,0.0,0,0,0,0,0,0
PAIR_POS_000311,FRAG_000340,FRAG_000341,sample_pdf_005.pdf,sample_pdf_005.pdf,pdf,pdf,1,1,3.0,2.75,14.4375,0,1,0,0.99629,0.02059,0.10445,0.99602,0.107,4.5703,1.5168,0.8609,48.3055,0.0,0.0,0.0,0.0,0,0,0,0,0,0
PAIR_POS_000546,FRAG_000587,FRAG_000588,sample_pdf_017.pdf,sample_pdf_017.pdf,pdf,pdf,1,1,68.0,22.25,20.75,0,1,0,0.99855,0.01337,0.07226,0.99845,0.1006,4.5541,0.8233,0.4762,26.7663,0.0,0.0,0.0,0.0,0,0,0,0,0,0
PAIR_POS_000800,FRAG_000857,FRAG_000858,sample_png_008.png,sample_png_008.png,png,png,1,1,19.0,120.0,57.75,0,0,0,0.94318,0.02173,0.2729,0.04972,0.0047,7.9542,0.7475,0.2455,36.541,0.0074,0.0002,0.0042,0.011,1,0,0,0,0,0
PAIR_POS_001362,FRAG_001472,FRAG_001473,sample_zip_011.zip,sample_zip_011.zip,zip,zip,1,1,24.0,32.25,78.6875,0,1,0,0.93567,0.0231,0.2949,-0.10023,0.0053,7.9547,0.1477,1.0582,155.3625,0.0022,0.0005,0.001,0.0034,0,0,0,0,0,0
PAIR_NEG_000206,FRAG_001564,FRAG_001614,sample_zip_018.zip,sample_zip_023.zip,zip,zip,1,0,15.0,46.5,84.9375,0,0,0,0.9469,0.02095,0.27441,0.02307,0.003,7.9581,2.3797,0.3265,48.1751,0.0112,0.0009,0.0119,0.0005,1,0,0,0,0,0
PAIR_NEG_001002,FRAG_001554,FRAG_000082,sample_zip_017.zip,sample_jpeg_010.jpg,zip,jpeg,0,0,74.0,82.5,94.125,0,0,0,0.94388,0.02161,0.27292,0.0824,0.0057,7.9522,1.8071,0.4152,61.7451,0.0076,0.0029,0.0146,0.0093,1,0,0,0,0,0
PAIR_POS_001312,FRAG_001417,FRAG_001418,sample_zip_006.zip,sample_zip_006.zip,zip,zip,1,1,92.0,121.0,103.125,0,0,0,0.94618,0.02114,0.26953,0.0917,0.0039,7.9542,2.4548,0.4026,59.3142,0.0091,0.0032,0.0022,0.0107,1,0,0,0,0,0
PAIR_POS_001338,FRAG_001446,FRAG_001447,sample_zip_009.zip,sample_zip_009.zip,zip,zip,1,1,45.0,113.5,106.0,0,1,0,0.94373,0.02158,0.26813,-0.00063,0.0076,7.9574,0.0337,0.6212,91.7984,0.0,0.0027,0.0017,0.0014,1,0,0,0,0,0
PAIR_POS_000305,FRAG_000334,FRAG_000335,sample_pdf_005.pdf,sample_pdf_005.pdf,pdf,pdf,1,1,1.0,23.5,31.125,0,1,0,0.9999,0.00364,0.01661,0.99989,0.0187,4.5145,0.3355,0.1835,10.1847,0.0,0.0,0.0,0.0,0,0,0,0,0,0
PAIR_NEG_001376,FRAG_000094,FRAG_001282,sample_jpeg_011.jpeg,sample_text_018.csv,jpeg,text,0,0,131.0,85.75,82.9375,0,0,0,0.26887,0.20663,1.67627,-0.06285,3.0825,6.4152,65.1433,50.9176,5032.7718,0.6133,0.0063,0.4976,0.1123,1,0,0,0,0,0
PAIR_POS_000039,FRAG_000043,FRAG_000044,sample_jpeg_005.jpg,sample_jpeg_005.jpg,jpeg,jpeg,1,1,55.0,76.75,80.0625,0,0,0,0.94703,0.021,0.26658,0.13609,0.0006,7.954,1.7878,0.2896,43.2971,0.0047,0.0005,0.0063,0.0012,0,0,0,0,0,0
PAIR_NEG_000001,FRAG_000007,FRAG_000190,sample_jpeg_001.jpeg,sample_jpeg_021.jpg,jpeg,jpeg,1,0,111.0,73.75,75.375,0,0,0,0.93976,0.02242,0.28314,0.05466,0.0093,7.952,3.0342,0.0818,12.2169,0.0022,0.0007,0.0091,0.0135,0,0,0,0,0,0
PAIR_POS_000514,FRAG_000553,FRAG_000554,sample_pdf_015.pdf,sample_pdf_015.pdf,pdf,pdf,1,1,37.0,16.75,27.8125,0,1,0,0.99912,0.01029,0.05662,0.99906,0.0872,4.5643,1.0439,0.6669,37.2391,0.0,0.0,0.0,0.0,0,0,0,0,0,0
PAIR_POS_001171,FRAG_001261,FRAG_001262,sample_text_016.json,sample_text_016.json,text,text,1,1,9.0,25.0,55.875,0,1,0,0.99949,0.00735,0.03515,0.99945,0.0058,4.9814,0.0273,0.0328,2.3276,0.0,0.0,0.0,0.0,0,0,0,0,0,0
PAIR_POS_000145,FRAG_000162,FRAG_000163,sample_jpeg_018.jpeg,sample_jpeg_018.jpeg,jpeg,jpeg,1,1,172.0,133.5,100.1875,0,0,0,0.9397,0.02242,0.28466,0.03847,0.0021,7.9534,3.2937,1.75,261.2098,0.0098,0.0034,0.0281,0.0164,1,1,0,1,0,0
PAIR_NEG_000565,FRAG_000366,FRAG_000481,sample_pdf_006.pdf,sample_pdf_011.pdf,pdf,pdf,1,0,1.0,40.25,26.1875,0,1,0,0.99714,0.01791,0.07908,0.99693,0.0095,4.53,0.0247,0.0712,3.9247,0.0,0.0,0.0,0.0,0,0,0,0,0,0
PAIR_POS_000072,FRAG_000081,FRAG_000082,sample_jpeg_010.jpg,sample_jpeg_010.jpg,jpeg,jpeg,1,1,99.0,47.0,64.3125,0,0,0,0.94441,0.02151,0.27343,0.09389,0.0051,7.9526,0.5229,0.1198,17.7788,0.0078,0.0002,0.0035,0.0056,0,0,0,0,0,0
PAIR_POS_000212,FRAG_000237,FRAG_000238,sample_pdf_001.pdf,sample_pdf_001.pdf,pdf,pdf,1,1,17.0,10.25,23.5,0,1,0,0.99896,0.01093,0.05418,0.99888,0.0617,4.5542,0.55,0.4025,22.2852,0.0,0.0,0.0,0.0,0,0,0,0,0,0
PAIR_POS_000531,FRAG_000571,FRAG_000572,sample_pdf_016.pdf,sample_pdf_016.pdf,pdf,pdf,1,1,9.0,31.0,24.25,0,1,0,0.99994,0.00281,0.01227,0.99993,0.0102,4.4515,0.0593,0.0347,1.897,0.0,0.0,0.0,0.0,0,0,0,0,0,0
PAIR_NEG_001064,FRAG_000219,FRAG_001256,sample_jpeg_025.jpg,sample_text_016.json,jpeg,text,0,0,32.0,123.0,92.3125,0,0,0,0.27206,0.22087,1.56448,0.038,2.9642,6.464,56.1331,38.8044,4250.8962,0.6038,0.011,0.4822,0.1191,2,0,0,0,0,0
PAIR_NEG_000961,FRAG_000193,FRAG_000646,sample_jpeg_022.jpg,sample_pdf_019.pdf,jpeg,pdf,0,0,12.0,98.5,93.8125,0,1,0,0.27017,0.22761,1.69192,0.05993,3.4037,6.2447,29.2669,47.2053,4859.6975,0.616,0.011,0.4807,0.1318,1,1,0,1,0,0
PAIR_POS_001318,FRAG_001424,FRAG_001425,sample_zip_007.zip,sample_zip_007.zip,zip,zip,1,1,132.0,170.75,105.0625,0,0,0,0.93893,0.02264,0.28276,0.11148,0.0066,7.9458,1.8208,0.674,100.7883,0.0175,0.0044,0.0137,0.0046,1,1,0,1,0,0
PAIR_POS_001258,FRAG_001356,FRAG_001357,sample_text_024.txt,sample_text_024.txt,text,text,1,1,12.0,9.75,22.1875,0,1,0,0.99876,0.00985,0.04333,0.99862,0.0221,5.1105,0.0513,0.0838,5.1701,0.0,0.0,0.0,0.0,0,0,1,0,0,0
PAIR_NEG_000676,FRAG_001272,FRAG_001262,sample_text_017.txt,sample_text_016.json,text,text,1,0,35.0,30.25,26.9375,0,1,0,0.79267,0.14113,0.68318,0.7741,0.1212,5.0391,10.7505,4.615,306.1991,0.0,0.0,0.0,0.0,1,0,0,0,0,0
PAIR_POS_000884,FRAG_000951,FRAG_000952,sample_png_018.png,sample_png_018.png,png,png,1,1,42.0,89.5,104.0,0,0,0,0.94248,0.02181,0.28116,-0.04517,0.0051,7.9575,1.3289,0.7934,117.5674,0.0103,0.001,0.0041,0.0137,0,0,0,0,0,0
PAIR_NEG_000511,FRAG_000582,FRAG_000584,sample_pdf_016.pdf,sample_pdf_017.pdf,pdf,pdf,1,0,88.0,50.0,36.3125,0,1,0,0.86573,0.12106,0.3974,0.85538,0.2358,4.6412,11.647,5.1609,312.6638,0.0,0.0,0.0,0.0,8,0,0,0,0,1
PAIR_NEG_000249,FRAG_000072,FRAG_000116,sample_jpeg_009.jpeg,sample_jpeg_013.jpeg,jpeg,jpeg,1,0,180.0,92.5,74.4375,0,0,0,0.93376,0.02355,0.30169,0.00967,0.0067,7.9485,2.7696,1.8384,275.0962,0.0081,0.0009,0.0039,0.0103,0,0,0,0,0,0
PAIR_NEG_000353,FRAG_000739,FRAG_000564,sample_pdf_022.pdf,sample_pdf_016.pdf,pdf,pdf,1,0,44.0,18.25,17.6875,0,1,0,0.99382,0.02668,0.13326,0.99338,0.083,4.5455,2.1562,1.0943,61.2865,0.0,0.0,0.0,0.0,0,0,0,0,0,0
PAIR_NEG_000924,FRAG_001120,FRAG_000667,sample_text_008.json,sample_pdf_019.pdf,text,pdf,0,0,3.0,22.75,14.5625,0,1,0,0.72205,0.17604,0.90921,0.70108,0.5466,4.712,27.2803,8.3233,520.8371,0.0,0.0,0.0,0.0,2,0,0,0,0,0
PAIR_NEG_001245,FRAG_000209,FRAG_001459,sample_jpeg_024.jpeg,sample_zip_010.zip,jpeg,zip,0,0,177.0,61.0,65.8125,0,0,0,0.93944,0.02246,0.28654,0.02979,0.0023,7.9519,0.9453,1.8844,279.7711,0.0127,0.0025,0.0034,0.0161,1,0,0,0,0,0
PAIR_POS_000366,FRAG_000398,FRAG_000399,sample_pdf_008.pdf,sample_pdf_008.pdf,pdf,pdf,1,1,5.0,37.75,19.3125,0,1,0,0.9991,0.01033,0.05121,0.99904,0.0853,4.5499,1.0769,0.7849,43.9463,0.0,0.0,0.0,0.0,0,0,0,0,0,0
PAIR_POS_000805,FRAG_000862,FRAG_000863,sample_png_008.png,sample_png_008.png,png,png,1,1,92.0,103.75,83.0625,0,0,0,0.94133,0.02204,0.27879,-0.03519,0.0055,7.9558,0.3359,0.309,45.9424,0.0007,0.0029,0.0019,0.0027,0,0,0,0,0,0
PAIR_NEG_000185,FRAG_000200,FRAG_000109,sample_jpeg_022.jpg,sample_jpeg_012.jpg,jpeg,jpeg,1,0,206.0,73.75,84.5,0,0,0,0.93287,0.02372,0.29887,-0.02026,0.0237,7.9488,0.9721,0.6975,103.601,0.0102,0.0018,0.009,0.0039,1,0,0,0,0,1
PAIR_POS_000411,FRAG_000445,FRAG_000446,sample_pdf_010.pdf,sample_pdf_010.pdf,pdf,pdf,1,1,68.0,24.0,26.125,0,1,0,0.9987,0.01305,0.06835,0.99862,0.1451,4.6107,1.3913,1.2362,69.8232,0.002,0.0,0.002,0.0,0,1,0,1,0,0
PAIR_POS_001008,FRAG_001087,FRAG_001088,sample_text_005.csv,sample_text_005.csv,text,text,1,1,7.0,48.0,33.75,0,1,0,0.99848,0.01236,0.05755,0.99836,0.021,4.8596,0.0383,0.2038,9.7864,0.0,0.0,0.0,0.0,0,0,0,0,0,0
PAIR_NEG_000355,FRAG_001032,FRAG_001098,sample_text_001.json,sample_text_007.csv,text,text,1,0,9.0,7.75,44.5,0,1,0,0.38832,0.24515,1.13772,0.33534,0.0628,4.9681,5.117,10.6438,639.1315,0.0,0.0,0.0,0.0,0,0,0,0,0,0
PAIR_POS_000903,FRAG_000972,FRAG_000973,sample_png_020.png,sample_png_020.png,png,png,1,1,119.0,80.0,117.5,0,0,0,0.93932,0.02248,0.28883,0.01773,0.0131,7.952,0.0771,0.0959,14.2899,0.0088,0.0033,0.0064,0.0026,2,0,1,0,1,0
PAIR_POS_000365,FRAG_000397,FRAG_000398,sample_pdf_008.pdf,sample_pdf_008.pdf,pdf,pdf,1,1,5.0,20.0,20.625,0,1,0,0.99587,0.02235,0.11369,0.99559,0.143,4.5211,1.5386,1.1133,61.9663,0.0,0.0,0.0,0.0,0,0,0,0,0,0
PAIR_POS_000543,FRAG_000584,FRAG_000585,sample_pdf_017.pdf,sample_pdf_017.pdf,pdf,pdf,1,1,10.0,26.25,30.9375,0,1,0,0.99961,0.00682,0.03367,0.99958,0.0262,4.5102,0.544,0.2923,16.1144,0.0,0.0,0.0,0.0,0,0,0,0,0,0
PAIR_NEG_000446,FRAG_001252,FRAG_001062,sample_text_016.json,sample_text_003.log,text,text,1,0,19.0,54.25,33.125,0,1,0,0.79585,0.14042,0.66554,0.77766,0.1493,5.0396,10.6203,4.6566,308.748,0.0,0.0,0.0,0.0,2,0,0,0,0,0
PAIR_POS_000124,FRAG_000138,FRAG_000139,sample_jpeg_015.jpeg,sample_jpeg_015.jpeg,jpeg,jpeg,1,1,29.0,102.25,73.25,0,1,0,0.8695,0.0346,0.4413,-0.02084,0.1324,7.8893,1.6676,0.8287,123.8849,0.0251,0.0038,0.0199,0.0041,0,0,1,0,1,0
PAIR_NEG_000794,FRAG_000009,FRAG_001171,sample_jpeg_001.jpeg,sample_text_011.json,jpeg,text,0,0,84.0,103.75,106.4375,0,1,0,0.25904,0.22119,1.57908,-0.02771,2.9516,6.4812,58.229,38.9611,4275.7511,0.6135,0.0078,0.4915,0.1182,2,0,0,0,0,0
PAIR_POS_000796,FRAG_000852,FRAG_000853,sample_png_007.png,sample_png_007.png,png,png,1,1,32.0,73.5,81.1875,0,0,0,0.93876,0.02255,0.2822,-0.04091,0.0052,7.9543,2.9917,0.6449,94.5747,0.0032,0.0017,0.0078,0.0063,0,0,0,0,0,0
PAIR_NEG_000275,FRAG_000727,FRAG_000330,sample_pdf_022.pdf,sample_pdf_005.pdf,pdf,pdf,1,0,28.0,26.75,25.3125,0,1,0,0.99725,0.01811,0.08245,0.99706,0.1056,4.5719,1.3081,0.9012,50.487,0.0,0.0,0.0,0.0,0,0,0,0,0,0
PAIR_NEG_000297,FRAG_001471,FRAG_001587,sample_zip_011.zip,sample_zip_020.zip,zip,zip,1,0,162.0,85.5,75.0625,0,0,0,0.93471,0.02337,0.30128,0.01099,0.0018,7.9478,1.606,0.0547,8.0655,0.0088,0.0024,0.0122,0.0034,1,0,0,0,0,0
PAIR_NEG_000893,FRAG_001523,FRAG_000553,sample_zip_015.zip,sample_pdf_015.pdf,zip,pdf,0,0,46.0,83.25,92.6875,0,1,0,0.27454,0.22773,1.7026,0.08005,3.4398,6.2406,31.2051,45.7958,4624.1402,0.6101,0.0061,0.4902,0.1155,1,0,0,0,0,0
PAIR_POS_000152,FRAG_000170,FRAG_000171,sample_jpeg_019.jpg,sample_jpeg_019.jpg,jpeg,jpeg,1,1,113.0,86.75,89.4375,0,0,0,0.93604,0.02315,0.29395,0.04616,0.0065,7.9486,2.7376,0.7866,117.5411,0.0073,0.0037,0.0215,0.0149,1,1,0,1,0,0
PAIR_POS_000332,FRAG_000362,FRAG_000363,sample_pdf_006.pdf,sample_pdf_006.pdf,pdf,pdf,1,1,9.0,22.5,17.25,0,1,0,0.99654,0.01969,0.09568,0.99628,0.0096,4.5617,0.0969,0.2854,15.9279,0.0,0.0,0.0,0.0,0,0,0,0,0,0
PAIR_POS_000528,FRAG_000568,FRAG_000569,sample_pdf_016.pdf,sample_pdf_016.pdf,pdf,pdf,1,1,15.0,24.25,26.0625,0,1,0,0.99573,0.02207,0.11861,0.99542,0.0173,4.5827,1.123,0.2207,12.5378,0.0,0.0,0.0,0.0,0,0,0,0,0,0
PAIR_POS_000663,FRAG_000708,FRAG_000709,sample_pdf_021.pdf,sample_pdf_021.pdf,pdf,pdf,1,1,11.0,23.25,16.75,0,1,0,0.99895,0.01158,0.06246,0.99888,0.1232,4.563,1.0483,1.0647,59.648,0.002,0.0,0.002,0.0,0,1,0,1,0,0
PAIR_NEG_000648,FRAG_001038,FRAG_001209,sample_text_001.json,sample_text_015.json,text,text,1,0,57.0,50.75,52.3125,0,1,0,0.99638,0.01949,0.07662,0.99609,0.0113,4.9943,0.2847,0.0442,3.1256,0.0,0.0,0.0,0.0,0,0,0,0,0,0
PAIR_POS_001418,FRAG_001533,FRAG_001534,sample_zip_016.zip,sample_zip_016.zip,zip,zip,1,1,207.0,120.5,67.4375,0,0,0,0.94223,0.02192,0.2827,0.03674,0.0136,7.9531,1.05,0.2676,39.5421,0.0085,0.0014,0.0031,0.0061,1,0,0,0,0,0
PAIR_POS_000875,FRAG_000941,FRAG_000942,sample_png_017.png,sample_png_017.png,png,png,1,1,79.0,72.0,86.5,0,0,0,0.93897,0.02247,0.28502,-0.09912,0.0031,7.9576,2.0428,0.7185,106.4737,0.0007,0.0005,0.011,0.0088,0,0,0,0,0,0
PAIR_NEG_001110,FRAG_000856,FRAG_000089,sample_png_008.png,sample_jpeg_010.jpg,png,jpeg,0,0,11.0,97.25,85.4375,0,0,0,0.94018,0.02228,0.29097,-0.01749,0.0038,7.9545,2.2695,0.2043,30.2013,0.0024,0.0034,0.0159,0.0132,0,0,0,0,0,0
PAIR_NEG_000433,FRAG_001000,FRAG_000840,sample_png_023.png,sample_png_006.png,png,png,1,0,77.0,55.25,81.8125,0,0,0,0.93475,0.02338,0.30127,0.03411,0.0001,7.9474,2.6821,0.3853,57.1759,0.0054,0.001,0.0139,0.0081,0,0,0,0,0,0
PAIR_POS_001309,FRAG_001414,FRAG_001415,sample_zip_006.zip,sample_zip_006.zip,zip,zip,1,1,6.0,65.0,105.0625,0,1,0,0.94343,0.02168,0.2715,0.05446,0.0075,7.9537,0.629,0.2288,34.1363,0.0056,0.0019,0.0026,0.0027,1,0,0,0,0,0
PAIR_POS_000156,FRAG_000174,FRAG_000175,sample_jpeg_019.jpg,sample_jpeg_019.jpg,jpeg,jpeg,1,1,13.0,41.5,85.5625,0,1,0,0.94974,0.02038,0.25725,0.0728,0.0075,7.9588,1.7752,0.4449,65.7669,0.0158,0.0003,0.0144,0.0019,0,0,0,0,0,0
PAIR_NEG_001424,FRAG_000989,FRAG_001129,sample_png_022.png,sample_text_009.txt,png,text,0,0,0.0,58.75,59.8125,0,1,1,0.30239,0.18679,1.6147,-0.02879,2.8445,6.5291,47.157,42.434,4423.3675,0.6182,0.0054,0.4971,0.1172,1,0,0,0,0,0
PAIR_NEG_001247,FRAG_000985,FRAG_001084,sample_png_021.png,sample_text_004.json,png,text,0,0,162.0,73.25,67.875,0,0,0,0.2548,0.22138,1.60001,-0.04555,2.9622,6.4751,58.6828,39.0613,4292.6708,0.6233,0.0039,0.5039,0.1152,1,0,1,0,0,0
PAIR_NEG_000154,FRAG_000153,FRAG_000112,sample_jpeg_017.jpg,sample_jpeg_013.jpeg,jpeg,jpeg,1,0,218.0,154.5,134.75,0,0,0,0.93464,0.0234,0.29693,0.03376,0.0002,7.9485,2.6079,1.3753,206.2852,0.0037,0.0017,0.0132,0.0085,1,0,0,0,0,1
PAIR_POS_000519,FRAG_000558,FRAG_000559,sample_pdf_015.pdf,sample_pdf_015.pdf,pdf,pdf,1,1,41.0,51.5,31.3125,0,1,0,0.99991,0.00348,0.01708,0.99991,0.0218,4.5124,0.2505,0.1535,8.4768,0.0,0.0,0.0,0.0,0,0,0,0,0,0
PAIR_POS_000378,FRAG_000411,FRAG_000412,sample_pdf_009.pdf,sample_pdf_009.pdf,pdf,pdf,1,1,3.0,41.75,39.5625,0,1,0,0.99966,0.00649,0.03419,0.99963,0.0291,4.5259,0.5119,0.2273,12.6464,0.0,0.0,0.0,0.0,0,0,0,0,0,0
PAIR_NEG_000236,FRAG_000152,FRAG_000177,sample_jpeg_017.jpg,sample_jpeg_019.jpg,jpeg,jpeg,1,0,23.0,84.5,64.3125,0,1,0,0.94342,0.02171,0.27917,0.09544,0.0029,7.9516,3.6318,0.2401,35.5341,0.0125,0.0005,0.0207,0.0066,0,0,0,0,0,0
PAIR_POS_000228,FRAG_000253,FRAG_000254,sample_pdf_001.pdf,sample_pdf_001.pdf,pdf,pdf,1,1,6.0,17.75,18.375,0,1,0,0.99936,0.00888,0.03807,0.99932,0.0383,4.537,0.5708,0.2516,13.9734,0.0,0.0,0.0,0.0,0,0,0,0,0,0
PAIR_POS_000379,FRAG_000412,FRAG_000413,sample_pdf_009.pdf,sample_pdf_009.pdf,pdf,pdf,1,1,3.0,28.25,21.1875,0,1,0,0.99987,0.00382,0.01617,0.99986,0.0054,4.5431,0.1829,0.1105,6.1804,0.0,0.0,0.0,0.0,0,0,0,0,0,0
PAIR_NEG_001246,FRAG_000093,FRAG_001001,sample_jpeg_011.jpeg,sample_png_023.png,jpeg,png,0,0,174.0,89.25,71.75,0,0,0,0.93466,0.02334,0.29586,-0.0417,0.0017,7.9513,0.8142,0.6313,93.5872,0.0051,0.0032,0.0029,0.008,1,0,0,0,0,0
PAIR_NEG_001414,FRAG_001326,FRAG_001001,sample_text_022.log,sample_png_023.png,text,png,0,0,26.0,41.25,97.75,0,0,0,0.29086,0.18748,1.60885,-0.07844,2.8394,6.5325,46.3885,42.9462,4495.2987,0.6023,0.0029,0.4863,0.1111,0,0,0,0,0,0
PAIR_POS_001500,FRAG_001624,FRAG_001625,sample_zip_025.zip,sample_zip_025.zip,zip,zip,1,1,38.0,49.0,63.3125,0,0,0,0.94116,0.02215,0.2769,0.06303,0.0021,7.9516,2.3198,0.4806,71.2966,0.0213,0.0019,0.021,0.0009,1,0,0,0,0,0
PAIR_NEG_000865,FRAG_000623,FRAG_001539,sample_pdf_018.pdf,sample_zip_016.zip,pdf,zip,0,0,7.0,91.25,83.625,0,1,0,0.24676,0.23102,1.72506,-0.03587,3.4479,6.2326,31.97,47.0485,4790.6044,0.626,0.0042,0.5039,0.1189,0,0,0,0,0,0
PAIR_NEG_000508,FRAG_001183,FRAG_001198,sample_text_012.log,sample_text_014.txt,text,text,1,0,55.0,61.75,41.6875,0,1,0,0.99959,0.00573,0.02935,0.99954,0.0232,5.109,0.0215,0.078,4.817,0.0,0.0,0.0,0.0,0,0,0,0,0,0
PAIR_NEG_000220,FRAG_001192,FRAG_001197,sample_text_013.csv,sample_text_014.txt,text,text,1,0,0.0,2.5,8.25,0,1,1,0.50134,0.20673,1.03028,0.45105,0.2414,4.9803,16.759,6.9427,380.833,0.0,0.0,0.0,0.0,1,0,0,0,0,0
PAIR_NEG_000499,FRAG_000112,FRAG_000005,sample_jpeg_013.jpeg,sample_jpeg_001.jpeg,jpeg,jpeg,1,0,107.0,92.5,82.375,0,0,0,0.94532,0.02138,0.27425,0.16298,0.0046,7.9509,0.4658,1.4664,219.8206,0.0132,0.0007,0.0017,0.0141,0,1,0,1,0,0
PAIR_NEG_001315,FRAG_000486,FRAG_001372,sample_pdf_012.pdf,sample_zip_001.zip,pdf,zip,0,0,92.0,61.25,65.5,0,1,0,0.26357,0.22843,1.70169,0.03187,3.4178,6.2454,32.8066,47.2416,4844.9619,0.6196,0.0051,0.4971,0.1194,1,0,0,0,0,0
PAIR_POS_001451,FRAG_001569,FRAG_001570,sample_zip_019.zip,sample_zip_019.zip,zip,zip,1,1,56.0,62.5,62.375,0,0,0,0.94143,0.02206,0.28075,0.01637,0.0023,7.9546,1.575,0.2763,40.8605,0.0022,0.0,0.0097,0.0076,0,0,0,0,0,0
PAIR_POS_000250,FRAG_000276,FRAG_000277,sample_pdf_002.pdf,sample_pdf_002.pdf,pdf,pdf,1,1,5.0,25.5,29.75,0,1,0,0.99998,0.00165,0.0073,0.99998,0.0073,4.5549,0.0689,0.0528,2.9146,0.0,0.0,0.0,0.0,0,0,0,0,0,0
PAIR_POS_001307,FRAG_001412,FRAG_001413,sample_zip_006.zip,sample_zip_006.zip,zip,zip,1,1,88.0,115.0,91.625,0,0,0,0.94809,0.02075,0.2686,0.10353,0.0029,7.9549,4.961,0.5488,81.2934,0.014,0.0022,0.0344,0.0192,1,0,0,0,0,0
PAIR_NEG_001469,FRAG_001397,FRAG_000763,sample_zip_004.zip,sample_pdf_024.pdf,zip,pdf,0,0,77.0,41.5,61.125,0,0,0,0.27609,0.22825,1.71048,0.08902,3.4418,6.2354,32.4209,46.0131,4661.5579,0.6104,0.0044,0.4951,0.1091,1,0,0,0,0,0
PAIR_POS_000445,FRAG_000480,FRAG_000481,sample_pdf_011.pdf,sample_pdf_011.pdf,pdf,pdf,1,1,15.0,28.5,21.25,0,1,0,0.99976,0.00526,0.02486,0.99974,0.0142,4.5182,0.3979,0.2131,11.721,0.0,0.0,0.0,0.0,0,0,0,0,0,0
PAIR_NEG_000521,FRAG_001407,FRAG_001528,sample_zip_005.zip,sample_zip_015.zip,zip,zip,1,0,159.0,75.25,75.3125,0,0,0,0.94192,0.02195,0.28071,-0.00309,0.0058,7.9564,1.9131,0.992,146.8401,0.0083,0.0041,0.0042,0.0112,1,0,0,0,0,0
PAIR_POS_001217,FRAG_001311,FRAG_001312,sample_text_020.txt,sample_text_020.txt,text,text,1,1,10.0,7.75,25.0625,0,1,0,0.99923,0.0077,0.03317,0.99915,0.0015,5.1044,0.0039,0.0188,1.1612,0.0,0.0,0.0,0.0,0,0,0,0,0,0
PAIR_POS_000117,FRAG_000131,FRAG_000132,sample_jpeg_015.jpeg,sample_jpeg_015.jpeg,jpeg,jpeg,1,1,228.0,112.5,85.6875,0,0,0,0.94395,0.02158,0.27488,0.05612,0.0032,7.9543,0.7734,0.2221,32.8787,0.001,0.0,0.0051,0.0054,0,0,0,0,0,0
PAIR_NEG_000555,FRAG_001437,FRAG_001562,sample_zip_008.zip,sample_zip_018.zip,zip,zip,1,0,27.0,73.75,83.25,0,1,0,0.93929,0.0225,0.28508,0.03562,0.0011,7.9513,0.5676,0.0289,4.2676,0.0107,0.0007,0.0144,0.0039,0,0,0,0,0,0
PAIR_NEG_001494,FRAG_001598,FRAG_001065,sample_zip_021.zip,sample_text_003.log,zip,text,0,0,16.0,29.5,53.9375,0,1,0,0.29737,0.1879,1.6226,-0.04783,2.8576,6.5256,47.1238,42.4958,4432.3472,0.6145,0.0042,0.4956,0.1155,0,0,0,0,0,0
PAIR_POS_000049,FRAG_000055,FRAG_000056,sample_jpeg_007.jpg,sample_jpeg_007.jpg,jpeg,jpeg,1,1,133.0,111.5,70.875,0,0,0,0.94586,0.0212,0.26568,0.08752,0.0045,7.9543,1.6206,0.5121,76.2009,0.0039,0.0005,0.001,0.0083,1,0,0,0,0,0
PAIR_POS_000070,FRAG_000079,FRAG_000080,sample_jpeg_010.jpg,sample_jpeg_010.jpg,jpeg,jpeg,1,1,93.0,57.0,72.9375,0,0,0,0.94019,0.02235,0.27637,0.0759,0.0016,7.9509,1.2991,0.2731,40.5987,0.0223,0.001,0.0147,0.0049,0,0,0,0,0,0
PAIR_POS_000396,FRAG_000429,FRAG_000430,sample_pdf_009.pdf,sample_pdf_009.pdf,pdf,pdf,1,1,7.0,10.0,26.0,0,1,0,0.99971,0.00578,0.02686,0.99969,0.0014,4.4501,0.0749,0.1108,5.9828,0.0,0.0,0.0,0.0,0,0,0,0,0,0
PAIR_NEG_001328,FRAG_001222,FRAG_000066,sample_text_015.json,sample_jpeg_008.jpeg,text,jpeg,0,0,84.0,78.0,72.875,0,1,0,0.2627,0.22309,1.58786,0.00329,2.9906,6.4583,56.7703,38.0186,4147.2381,0.605,0.009,0.4829,0.1174,2,0,0,0,0,0
PAIR_NEG_000520,FRAG_001398,FRAG_001550,sample_zip_004.zip,sample_zip_017.zip,zip,zip,1,0,28.0,46.0,68.75,0,0,0,0.94141,0.02208,0.28362,0.03535,0.0021,7.9527,1.9057,0.3223,47.6874,0.0096,0.0005,0.0095,0.0,0,0,0,0,0,0
PAIR_POS_001486,FRAG_001607,FRAG_001608,sample_zip_022.zip,sample_zip_022.zip,zip,zip,1,1,151.0,103.0,86.125,0,0,0,0.94472,0.02134,0.26645,-0.07639,0.0017,7.9604,0.5213,1.3845,204.3861,0.0014,0.0024,0.0015,0.001,1,0,0,0,0,0
PAIR_POS_000450,FRAG_000486,FRAG_000487,sample_pdf_012.pdf,sample_pdf_012.pdf,pdf,pdf,1,1,50.0,16.5,30.125,0,1,0,0.99961,0.00666,0.02832,0.99958,0.0026,4.5378,0.1765,0.0687,3.7911,0.0,0.0,0.0,0.0,0,0,0,0,0,0
PAIR_NEG_000427,FRAG_000246,FRAG_000276,sample_pdf_001.pdf,sample_pdf_002.pdf,pdf,pdf,1,0,73.0,22.25,20.8125,0,1,0,0.99712,0.01783,0.08835,0.9969,0.0288,4.5656,1.0401,0.6165,34.4152,0.0,0.0,0.0,0.0,0,0,0,0,0,0
PAIR_NEG_001032,FRAG_000031,FRAG_000924,sample_jpeg_003.jpg,sample_png_015.png,jpeg,png,0,0,182.0,132.0,86.375,0,0,0,0.94638,0.02106,0.26557,0.03887,0.0003,7.9572,2.9785,0.3348,50.07,0.0124,0.0008,0.0163,0.0049,0,0,0,0,0,0
PAIR_NEG_000352,FRAG_000732,FRAG_000262,sample_pdf_022.pdf,sample_pdf_002.pdf,pdf,pdf,1,0,14.0,25.5,29.8125,0,1,0,0.99576,0.02238,0.11228,0.99547,0.1241,4.5543,1.8862,1.0609,59.2353,0.0,0.0,0.0,0.0,0,0,0,0,0,0
PAIR_POS_000213,FRAG_000238,FRAG_000239,sample_pdf_001.pdf,sample_pdf_001.pdf,pdf,pdf,1,1,18.0,12.5,27.875,0,1,0,0.99893,0.01185,0.06095,0.99886,0.1072,4.5315,1.2065,0.8413,46.2126,0.0,0.0,0.0,0.0,0,0,0,0,0,0
PAIR_NEG_001042,FRAG_000001,FRAG_000990,sample_jpeg_001.jpeg,sample_png_022.png,jpeg,png,0,0,132.0,72.25,77.75,0,0,0,0.93301,0.02372,0.308,0.02161,0.0139,7.9483,5.721,1.4415,214.696,0.0044,0.0069,0.0293,0.0252,1,1,0,1,0,0
PAIR_NEG_000891,FRAG_001001,FRAG_001193,sample_png_023.png,sample_text_013.csv,png,text,0,0,184.0,140.75,83.125,0,0,0,0.2769,0.20684,1.67474,-0.01891,3.0861,6.4092,63.1695,49.7637,4869.6437,0.6023,0.0029,0.4863,0.1111,1,0,0,0,0,0
PAIR_POS_000843,FRAG_000905,FRAG_000906,sample_png_013.png,sample_png_013.png,png,png,1,1,33.0,106.0,74.4375,0,0,0,0.93631,0.02302,0.29195,-0.0376,0.0017,7.9526,0.1414,0.4013,59.3725,0.0178,0.0005,0.0071,0.0101,0,0,0,0,0,0
PAIR_NEG_001086,FRAG_001324,FRAG_000855,sample_text_021.csv,sample_png_008.png,text,png,0,0,127.0,50.5,47.75,0,0,0,0.29285,0.20099,1.66184,0.01758,3.0513,6.431,59.7522,49.7818,4870.6559,0.5964,0.0076,0.4639,0.1289,0,0,0,0,0,1
PAIR_POS_000140,FRAG_000156,FRAG_000157,sample_jpeg_017.jpg,sample_jpeg_017.jpg,jpeg,jpeg,1,1,12.0,90.5,105.75,0,0,0,0.94775,0.02079,0.26315,0.06386,0.0054,7.9577,0.5638,0.7213,106.5769,0.0144,0.0015,0.0091,0.0068,0,0,0,0,0,0
PAIR_POS_000018,FRAG_000019,FRAG_000020,sample_jpeg_002.jpeg,sample_jpeg_002.jpeg,jpeg,jpeg,1,1,67.0,55.25,60.3125,0,0,0,0.93954,0.0225,0.2876,0.10206,0.0017,7.9483,1.2475,0.0577,8.5088,0.0197,0.0002,0.0218,0.0014,0,0,0,0,0,0
PAIR_POS_001378,FRAG_001490,FRAG_001491,sample_zip_013.zip,sample_zip_013.zip,zip,zip,1,1,84.0,114.25,98.8125,0,0,0,0.94242,0.02186,0.2748,0.00308,0.0112,7.9558,3.1721,1.6821,247.0459,0.021,0.0044,0.0188,0.0037,1,1,0,1,0,0
PAIR_POS_000022,FRAG_000023,FRAG_000024,sample_jpeg_002.jpeg,sample_jpeg_002.jpeg,jpeg,jpeg,1,1,153.0,92.0,98.0625,0,0,0,0.93892,0.0226,0.29,0.06357,0.0047,7.9503,0.0938,0.5296,79.0656,0.0069,0.0017,0.0007,0.0051,0,0,0,0,0,0
PAIR_NEG_000867,FRAG_000821,FRAG_000112,sample_png_004.png,sample_jpeg_013.jpeg,png,jpeg,0,0,117.0,79.0,105.5,0,0,0,0.93718,0.02289,0.28546,0.00777,0.0056,7.9514,4.5573,1.0484,157.5938,0.0054,0.0066,0.0242,0.0178,1,0,0,0,0,1
PAIR_POS_000642,FRAG_000686,FRAG_000687,sample_pdf_020.pdf,sample_pdf_020.pdf,pdf,pdf,1,1,68.0,24.5,28.0625,0,1,0,0.99889,0.01125,0.05804,0.99881,0.0405,4.506,0.1292,0.3024,16.5682,0.0,0.0,0.0,0.0,0,0,0,0,0,0
PAIR_NEG_000232,FRAG_000342,FRAG_000392,sample_pdf_005.pdf,sample_pdf_008.pdf,pdf,pdf,1,0,3.0,17.5,21.75,0,1,0,0.99847,0.01371,0.07273,0.99837,0.0996,4.5674,1.1463,0.5898,33.1298,0.0,0.0,0.0,0.0,0,0,0,0,0,0
PAIR_NEG_000489,FRAG_001619,FRAG_001527,sample_zip_024.zip,sample_zip_015.zip,zip,zip,1,0,68.0,138.25,90.375,0,1,0,0.94621,0.0211,0.27091,0.04088,0.0022,7.9564,0.7608,1.7458,257.6337,0.0093,0.0003,0.0022,0.0102,0,0,0,0,0,0
PAIR_POS_001388,FRAG_001500,FRAG_001501,sample_zip_013.zip,sample_zip_013.zip,zip,zip,1,1,240.0,160.5,96.3125,0,0,0,0.9386,0.02256,0.28696,-0.06915,0.0019,7.9557,2.1357,0.1535,22.8402,0.0144,0.0007,0.0156,0.003,0,0,0,0,0,0
PAIR_POS_000692,FRAG_000738,FRAG_000739,sample_pdf_022.pdf,sample_pdf_022.pdf,pdf,pdf,1,1,11.0,26.75,21.375,0,1,0,0.99878,0.01185,0.05125,0.9987,0.0119,4.498,0.0254,0.0205,1.128,0.0,0.0,0.0,0.0,0,0,0,0,0,0
PAIR_NEG_001484,FRAG_001347,FRAG_000754,sample_text_024.txt,sample_pdf_023.pdf,text,pdf,0,0,7.0,26.25,22.6875,0,1,0,0.68892,0.19709,0.68496,0.66737,0.5587,4.8056,2.4032,3.201,208.2361,0.0,0.0,0.0,0.0,8,0,1,0,1,0
PAIR_POS_000400,FRAG_000433,FRAG_000434,sample_pdf_009.pdf,sample_pdf_009.pdf,pdf,pdf,1,1,11.0,27.0,25.1875,0,1,0,0.99965,0.00634,0.02932,0.99962,0.0112,4.5375,0.3205,0.1648,9.1886,0.0,0.0,0.0,0.0,0,0,0,0,0,0
PAIR_NEG_000792,FRAG_000271,FRAG_000109,sample_pdf_002.pdf,sample_jpeg_012.jpg,pdf,jpeg,0,0,86.0,84.75,61.0625,0,0,0,0.26577,0.22769,1.7144,0.03652,3.4507,6.2353,29.0989,46.7124,4723.9225,0.606,0.0061,0.4819,0.1187,1,0,0,0,0,0
PAIR_NEG_001316,FRAG_000977,FRAG_001104,sample_png_021.png,sample_text_007.csv,png,text,0,0,5.0,33.75,77.375,0,1,0,0.29436,0.20246,1.66942,0.03562,3.0644,6.421,64.0637,49.6833,4840.8924,0.6167,0.0029,0.4944,0.1169,1,0,0,0,0,0
PAIR_NEG_000078,FRAG_001612,FRAG_001494,sample_zip_023.zip,sample_zip_013.zip,zip,zip,1,0,151.0,138.75,102.625,0,0,0,0.93803,0.02278,0.28033,0.07818,0.0006,7.9489,2.0122,0.7308,109.2245,0.0242,0.0036,0.0151,0.01,1,0,0,0,0,0
PAIR_POS_000496,FRAG_000534,FRAG_000535,sample_pdf_014.pdf,sample_pdf_014.pdf,pdf,pdf,1,1,15.0,9.75,28.25,0,1,0,0.99987,0.00377,0.01515,0.99986,0.002,4.6002,0.0459,0.0271,1.5266,0.0,0.0,0.0,0.0,0,0,0,0,0,0
PAIR_NEG_000148,FRAG_000633,FRAG_000561,sample_pdf_019.pdf,sample_pdf_016.pdf,pdf,pdf,1,0,68.0,40.25,66.625,0,1,0,0.99436,0.0247,0.12159,0.99392,0.0578,4.6966,1.3234,0.6874,40.1238,0.0,0.0,0.0,0.0,0,1,0,1,0,1
PAIR_NEG_001162,FRAG_000867,FRAG_001621,sample_png_008.png,sample_zip_024.zip,png,zip,0,0,40.0,68.75,54.0625,0,0,0,0.94381,0.02164,0.2802,0.09954,0.0102,7.9515,1.9653,0.6211,91.9401,0.0032,0.0007,0.0129,0.0174,1,0,0,0,0,0
PAIR_NEG_000402,FRAG_000819,FRAG_000998,sample_png_004.png,sample_png_023.png,png,png,1,0,151.0,76.5,78.375,0,0,0,0.94848,0.0206,0.25917,-0.00247,0.0048,7.9608,2.1221,0.2377,35.0954,0.0059,0.0005,0.0088,0.0031,1,0,0,0,0,0
PAIR_POS_000802,FRAG_000859,FRAG_000860,sample_png_008.png,sample_png_008.png,png,png,1,1,69.0,52.75,60.5,0,0,0,0.93956,0.02246,0.28767,0.05424,0.0072,7.9504,2.3848,1.305,194.0331,0.0193,0.0026,0.0149,0.0081,1,0,0,0,0,0
PAIR_POS_001197,FRAG_001290,FRAG_001291,sample_text_019.txt,sample_text_019.txt,text,text,1,1,12.0,42.25,50.3125,0,1,0,0.99956,0.00582,0.02681,0.99951,0.0015,5.0973,0.2075,0.0022,0.1373,0.0,0.0,0.0,0.0,0,0,0,0,0,0
PAIR_NEG_000570,FRAG_000911,FRAG_000927,sample_png_014.png,sample_png_016.png,png,png,1,0,99.0,73.0,100.25,0,0,0,0.93715,0.02291,0.28943,0.0253,0.0027,7.9508,0.8139,0.7808,115.5159,0.0088,0.0012,0.0039,0.0044,0,1,0,1,0,1
PAIR_POS_000523,FRAG_000563,FRAG_000564,sample_pdf_016.pdf,sample_pdf_016.pdf,pdf,pdf,1,1,1.0,11.75,21.9375,0,1,0,0.99978,0.00492,0.02097,0.99976,0.0007,4.5866,0.217,0.0571,3.259,0.0,0.0,0.0,0.0,0,0,0,0,0,0
PAIR_NEG_001337,FRAG_000046,FRAG_001498,sample_jpeg_005.jpg,sample_zip_013.zip,jpeg,zip,0,0,27.0,119.75,84.625,0,0,0,0.94156,0.02208,0.27159,0.08419,0.0029,7.9506,2.7842,1.6406,242.2401,0.0132,0.0059,0.0239,0.0095,1,0,0,0,0,0
PAIR_POS_000547,FRAG_000588,FRAG_000589,sample_pdf_017.pdf,sample_pdf_017.pdf,pdf,pdf,1,1,3.0,6.5,25.6875,0,1,0,0.99961,0.00676,0.02833,0.99958,0.0185,4.513,0.1861,0.0496,2.7639,0.0,0.0,0.0,0.0,0,0,0,0,0,0
PAIR_NEG_000886,FRAG_000112,FRAG_000507,sample_jpeg_013.jpeg,sample_pdf_012.pdf,jpeg,pdf,0,0,103.0,80.0,69.3125,0,0,0,0.2402,0.22976,1.71824,-0.05889,3.4131,6.242,28.6931,47.9871,4960.8666,0.615,0.01,0.479,0.1313,1,1,0,1,0,0
PAIR_POS_000687,FRAG_000733,FRAG_000734,sample_pdf_022.pdf,sample_pdf_022.pdf,pdf,pdf,1,1,1.0,22.5,20.8125,0,1,0,0.99781,0.01592,0.08056,0.99766,0.0606,4.5217,1.2988,0.7485,41.556,0.0,0.0,0.0,0.0,0,0,0,0,0,0
PAIR_NEG_001478,FRAG_001239,FRAG_000606,sample_text_016.json,sample_pdf_018.pdf,text,pdf,0,0,78.0,56.75,41.5,0,1,0,0.72806,0.17216,0.87446,0.70705,0.471,4.7509,26.2693,7.7414,486.8841,0.0,0.0,0.0,0.0,2,0,0,0,0,0
PAIR_POS_001336,FRAG_001444,FRAG_001445,sample_zip_009.zip,sample_zip_009.zip,zip,zip,1,1,183.0,96.75,80.75,0,0,0,0.93497,0.02336,0.2905,0.0525,0.0104,7.9469,0.7392,1.3841,205.8902,0.0017,0.0056,0.0017,0.0027,1,1,0,1,0,0
PAIR_POS_001251,FRAG_001349,FRAG_001350,sample_text_024.txt,sample_text_024.txt,text,text,1,1,70.0,25.25,47.1875,0,1,0,0.99951,0.00615,0.02148,0.99945,0.0007,5.1136,0.0093,0.0,0.0021,0.0,0.0,0.0,0.0,1,0,0,0,0,0
PAIR_NEG_000282,FRAG_001397,FRAG_001447,sample_zip_004.zip,sample_zip_009.zip,zip,zip,1,0,97.0,120.25,84.75,0,0,0,0.94498,0.02132,0.27004,-0.01129,0.0049,7.9588,1.0906,0.536,79.2472,0.002,0.0,0.0039,0.0039,0,0,0,0,0,0
PAIR_POS_000725,FRAG_000774,FRAG_000775,sample_pdf_025.pdf,sample_pdf_025.pdf,pdf,pdf,1,1,84.0,26.5,24.4375,0,1,0,0.99957,0.00701,0.03269,0.99954,0.0193,4.5732,0.3628,0.1005,5.6363,0.0,0.0,0.0,0.0,0,0,0,0,0,0
PAIR_NEG_001364,FRAG_000671,FRAG_001511,sample_pdf_019.pdf,sample_zip_014.zip,pdf,zip,0,0,21.0,38.25,61.1875,0,1,0,0.24902,0.2298,1.71051,-0.02623,3.4352,6.2352,30.7554,46.4524,4714.7063,0.624,0.0027,0.4993,0.1218,0,0,0,0,0,0
PAIR_NEG_000326,FRAG_001345,FRAG_001251,sample_text_024.txt,sample_text_016.json,text,text,1,0,2.0,50.5,43.0,0,1,0,0.7983,0.13902,0.65333,0.78019,0.124,5.0454,10.7881,4.5639,302.4983,0.0,0.0,0.0,0.0,2,0,0,0,0,0
PAIR_NEG_000361,FRAG_001564,FRAG_001532,sample_zip_018.zip,sample_zip_016.zip,zip,zip,1,0,17.0,59.25,60.375,0,0,0,0.94551,0.02125,0.27337,0.04337,0.0012,7.956,0.5317,0.0186,2.7479,0.0047,0.0009,0.011,0.0066,1,0,0,0,0,0
PAIR_POS_000085,FRAG_000095,FRAG_000096,sample_jpeg_011.jpeg,sample_jpeg_011.jpeg,jpeg,jpeg,1,1,83.0,89.5,76.1875,0,0,0,0.94147,0.02204,0.27344,-0.00364,0.0082,7.9555,0.4885,0.1569,23.2298,0.0012,0.0002,0.0027,0.0002,0,0,0,0,0,0
PAIR_NEG_001498,FRAG_000458,FRAG_000876,sample_pdf_011.pdf,sample_png_009.png,pdf,png,0,0,17.0,65.5,82.1875,0,1,0,0.24731,0.23492,1.7247,-0.013,3.5153,6.1981,30.1274,46.2345,4628.162,0.6152,0.0044,0.498,0.1133,0,0,0,0,0,0
PAIR_NEG_001497,FRAG_001406,FRAG_001065,sample_zip_005.zip,sample_text_003.log,zip,text,0,0,91.0,122.0,90.875,0,0,0,0.2897,0.18843,1.61866,-0.07148,2.852,6.5228,48.2625,43.7911,4624.1797,0.6162,0.0039,0.5002,0.113,0,0,0,0,0,0
PAIR_POS_000647,FRAG_000691,FRAG_000692,sample_pdf_020.pdf,sample_pdf_020.pdf,pdf,pdf,1,1,19.0,9.0,21.375,0,1,0,0.99932,0.00888,0.03662,0.99927,0.0054,4.4663,0.0269,0.0418,2.2773,0.0,0.0,0.0,0.0,0,0,0,0,0,0
PAIR_NEG_001443,FRAG_001290,FRAG_000240,sample_text_019.txt,sample_pdf_001.pdf,text,pdf,0,0,13.0,37.5,22.625,0,1,0,0.85576,0.12427,0.72609,0.84436,0.6337,4.7812,16.6578,3.9564,228.7257,0.0,0.0,0.0,0.0,1,0,0,0,0,0
PAIR_POS_000783,FRAG_000838,FRAG_000839,sample_png_006.png,sample_png_006.png,png,png,1,1,57.0,74.75,87.5,0,0,0,0.9442,0.02149,0.26268,-0.00488,0.0068,7.9574,1.2968,1.1936,175.1062,0.011,0.0,0.0093,0.002,1,0,0,0,0,0
PAIR_POS_000920,FRAG_000991,FRAG_000992,sample_png_022.png,sample_png_022.png,png,png,1,1,72.0,129.5,91.625,0,0,0,0.93451,0.0233,0.29091,-0.13834,0.0122,7.955,1.9011,0.0043,0.6397,0.002,0.0007,0.0091,0.0066,0,0,0,0,0,0
PAIR_POS_000592,FRAG_000635,FRAG_000636,sample_pdf_019.pdf,sample_pdf_019.pdf,pdf,pdf,1,1,69.0,26.5,18.375,0,1,0,0.99979,0.00506,0.02345,0.99978,0.0299,4.5202,0.4477,0.1893,10.3632,0.0,0.0,0.0,0.0,0,0,0,0,0,0
PAIR_POS_000025,FRAG_000027,FRAG_000028,sample_jpeg_003.jpg,sample_jpeg_003.jpg,jpeg,jpeg,1,1,169.0,167.0,111.9375,0,0,0,0.94158,0.02208,0.28369,0.07681,0.0081,7.9512,0.6829,0.3104,46.1091,0.0032,0.0025,0.0066,0.0029,0,0,0,0,0,0
PAIR_NEG_000310,FRAG_001380,FRAG_001507,sample_zip_002.zip,sample_zip_014.zip,zip,zip,1,0,16.0,127.75,89.625,0,0,0,0.93987,0.02235,0.28072,-0.01545,0.0119,7.9543,0.5464,0.5082,75.2305,0.0022,0.0007,0.0027,0.0051,0,1,0,1,0,0
PAIR_POS_001087,FRAG_001172,FRAG_001173,sample_text_011.json,sample_text_011.json,text,text,1,1,2.0,33.0,33.75,0,1,0,0.99931,0.00858,0.04602,0.99926,0.0085,4.9882,0.1427,0.0042,0.3051,0.0,0.0,0.0,0.0,0,0,1,0,0,0
PAIR_NEG_001043,FRAG_001078,FRAG_000848,sample_text_004.json,sample_png_007.png,text,png,0,0,3.0,94.25,95.375,0,0,0,0.29161,0.21893,1.58444,0.11313,2.9566,6.4728,58.4807,37.9923,4129.4561,0.6152,0.0029,0.4985,0.1118,2,0,0,0,0,0
PAIR_POS_000538,FRAG_000578,FRAG_000579,sample_pdf_016.pdf,sample_pdf_016.pdf,pdf,pdf,1,1,77.0,22.0,34.375,0,1,0,0.99997,0.00197,0.00874,0.99996,0.0045,4.5293,0.0666,0.0713,3.9714,0.0,0.0,0.0,0.0,0,0,0,0,0,0
PAIR_POS_000972,FRAG_001048,FRAG_001049,sample_text_002.txt,sample_text_002.txt,text,text,1,1,20.0,28.0,39.125,0,1,0,0.99947,0.00637,0.02247,0.99941,0.0077,5.1099,0.0432,0.0042,0.2626,0.0,0.0,0.0,0.0,1,0,0,0,0,0
PAIR_NEG_000324,FRAG_000049,FRAG_000133,sample_jpeg_006.jpg,sample_jpeg_015.jpeg,jpeg,jpeg,1,0,56.0,80.75,79.875,0,0,0,0.9451,0.02136,0.2787,0.08611,0.0031,7.9538,0.2449,1.4113,208.6845,0.0242,0.0015,0.012,0.0105,0,0,0,0,0,0
PAIR_POS_001446,FRAG_001563,FRAG_001564,sample_zip_018.zip,sample_zip_018.zip,zip,zip,1,1,23.0,18.5,42.625,0,0,0,0.94426,0.02145,0.26855,-0.03301,0.0032,7.9582,1.3597,0.336,49.572,0.0105,0.0022,0.0097,0.0007,0,0,0,0,0,0
PAIR_NEG_000911,FRAG_001598,FRAG_000608,sample_zip_021.zip,sample_pdf_018.pdf,zip,pdf,0,0,17.0,50.5,64.375,0,1,0,0.25511,0.22694,1.70223,-0.01439,3.3877,6.2606,32.322,45.3603,4601.1878,0.6145,0.0042,0.4956,0.1155,0,0,0,0,0,0
PAIR_NEG_000801,FRAG_001297,FRAG_001564,sample_text_019.txt,sample_zip_018.zip,text,zip,0,0,113.0,80.25,54.375,0,0,0,0.28511,0.18832,1.63866,-0.10796,2.851,6.5311,47.7559,43.0595,4512.3693,0.6201,0.0037,0.4963,0.1196,1,0,0,0,0,0
PAIR_NEG_000600,FRAG_000089,FRAG_000062,sample_jpeg_010.jpg,sample_jpeg_008.jpeg,jpeg,jpeg,1,0,29.0,77.0,94.1875,0,0,0,0.94015,0.02231,0.28311,0.01736,0.0013,7.9533,0.585,0.082,12.1436,0.0046,0.0012,0.0034,0.0073,0,0,0,0,0,0
PAIR_NEG_001330,FRAG_000920,FRAG_001047,sample_png_014.png,sample_text_002.txt,png,text,0,0,32.0,18.0,64.6875,0,0,0,0.30406,0.18635,1.60306,-0.03304,2.8417,6.5389,47.3994,43.2408,4534.0499,0.6165,0.0046,0.4966,0.115,0,0,0,0,0,0
PAIR_NEG_000029,FRAG_000959,FRAG_000972,sample_png_019.png,sample_png_020.png,png,png,1,0,115.0,77.25,88.0625,0,0,0,0.94437,0.02146,0.27543,0.02085,0.0048,7.9562,1.2334,0.4936,73.3332,0.0051,0.0015,0.0007,0.0032,0,0,0,0,0,0
PAIR_NEG_000017,FRAG_000142,FRAG_000076,sample_jpeg_016.jpeg,sample_jpeg_009.jpeg,jpeg,jpeg,1,0,97.0,101.25,106.0625,0,0,0,0.945,0.02132,0.26317,-0.01254,0.0047,7.9575,0.4448,1.0124,149.9121,0.0073,0.0014,0.0073,0.0002,0,0,0,0,0,0
PAIR_NEG_001186,FRAG_000534,FRAG_001291,sample_pdf_014.pdf,sample_text_019.txt,pdf,text,0,0,17.0,26.25,44.6875,0,1,0,0.86112,0.11818,0.70554,0.84935,0.4974,4.8479,14.5403,2.6704,157.8266,0.0,0.0,0.0,0.0,1,0,0,0,0,0
PAIR_NEG_001403,FRAG_000645,FRAG_001443,sample_pdf_019.pdf,sample_zip_008.zip,pdf,zip,0,0,66.0,87.25,82.0,0,0,0,0.16453,0.26194,1.61614,0.06785,2.507,5.7962,4.6833,49.5719,5223.8818,0.5714,0.1418,0.328,0.2402,15,0,1,0,1,0
PAIR_POS_000976,FRAG_001052,FRAG_001053,sample_text_002.txt,sample_text_002.txt,text,text,1,1,15.0,22.0,37.1875,0,1,0,0.99911,0.00831,0.02636,0.999,0.0034,5.0991,0.1582,0.0215,1.324,0.0,0.0,0.0,0.0,0,0,0,0,0,0
PAIR_POS_000817,FRAG_000875,FRAG_000876,sample_png_009.png,sample_png_009.png,png,png,1,1,29.0,43.75,62.25,0,0,0,0.95147,0.02002,0.2496,0.10326,0.0047,7.9581,2.3587,0.0725,10.5966,0.003,0.0007,0.0101,0.0066,0,0,0,0,0,0
PAIR_POS_000951,FRAG_001026,FRAG_001027,sample_text_001.json,sample_text_001.json,text,text,1,1,5.0,17.0,31.9375,0,1,0,0.99866,0.01191,0.04247,0.99855,0.0056,4.9846,0.0781,0.0965,6.8377,0.0,0.0,0.0,0.0,0,0,0,0,0,0
PAIR_NEG_000152,FRAG_000030,FRAG_000067,sample_jpeg_003.jpg,sample_jpeg_008.jpeg,jpeg,jpeg,1,0,185.0,98.25,99.8125,0,0,0,0.9434,0.02173,0.27637,0.11267,0.0039,7.9511,0.5174,1.122,166.0352,0.012,0.001,0.0058,0.0036,0,0,0,0,0,0
PAIR_NEG_000861,FRAG_000176,FRAG_001513,sample_jpeg_019.jpg,sample_zip_014.zip,jpeg,zip,0,0,170.0,105.5,80.375,0,0,0,0.93856,0.02265,0.28321,0.04666,0.0013,7.9507,1.1316,0.1613,23.7757,0.0003,0.0054,0.0088,0.0063,0,0,0,0,0,0
PAIR_POS_000238,FRAG_000264,FRAG_000265,sample_pdf_002.pdf,sample_pdf_002.pdf,pdf,pdf,1,1,1.0,24.0,22.875,0,1,0,0.99985,0.00418,0.02145,0.99984,0.0132,4.493,0.0811,0.0109,0.5934,0.0,0.0,0.0,0.0,0,0,0,0,0,0
PAIR_NEG_000473,FRAG_001383,FRAG_001506,sample_zip_002.zip,sample_zip_014.zip,zip,zip,1,0,151.0,74.25,105.6875,0,0,0,0.94705,0.02091,0.27005,0.01013,0.0016,7.9589,1.0823,0.8026,117.9207,0.0054,0.0032,0.0064,0.0005,1,0,0,0,0,0
PAIR_NEG_001182,FRAG_000122,FRAG_001437,sample_jpeg_014.jpeg,sample_zip_008.zip,jpeg,zip,0,0,8.0,80.0,65.0,0,0,0,0.94312,0.02179,0.27922,0.10601,0.0029,7.9505,2.7595,0.5302,78.4199,0.0007,0.0005,0.0088,0.0105,1,0,0,0,0,0
PAIR_NEG_000241,FRAG_000799,FRAG_001013,sample_png_001.png,sample_png_025.png,png,png,1,0,35.0,58.5,78.375,0,1,0,0.93978,0.02234,0.2798,-0.05098,0.0005,7.9553,2.7278,0.5193,76.6166,0.0157,0.0007,0.0205,0.0068,1,0,0,0,0,0
PAIR_POS_000112,FRAG_000126,FRAG_000127,sample_jpeg_015.jpeg,sample_jpeg_015.jpeg,jpeg,jpeg,1,1,54.0,129.25,91.125,0,0,0,0.94064,0.02223,0.28606,0.03798,0.0021,7.9524,1.2559,0.4522,67.3805,0.0051,0.0018,0.0105,0.0046,0,0,0,0,0,0
PAIR_POS_000707,FRAG_000755,FRAG_000756,sample_pdf_024.pdf,sample_pdf_024.pdf,pdf,pdf,1,1,10.0,44.0,21.6875,0,1,0,0.99831,0.01464,0.07608,0.9982,0.1466,4.5541,1.5464,1.404,78.6508,0.002,0.0,0.002,0.0,0,1,0,1,0,0
PAIR_NEG_001496,FRAG_000570,FRAG_001585,sample_pdf_016.pdf,sample_zip_020.zip,pdf,zip,0,0,23.0,93.0,66.0625,0,1,0,0.2488,0.23357,1.73056,-0.01589,3.5042,6.2086,32.2817,46.7707,4755.5434,0.6179,0.0037,0.5027,0.1111,0,0,0,0,0,0
PAIR_NEG_001446,FRAG_000951,FRAG_000424,sample_png_018.png,sample_pdf_009.pdf,png,pdf,0,0,68.0,90.5,81.0625,0,0,0,0.24495,0.23001,1.71878,-0.05326,3.4262,6.247,32.1167,46.6251,4772.372,0.6221,0.0034,0.4971,0.1204,0,0,0,0,0,0
PAIR_POS_000432,FRAG_000467,FRAG_000468,sample_pdf_011.pdf,sample_pdf_011.pdf,pdf,pdf,1,1,5.0,25.75,25.125,0,1,0,0.99742,0.0185,0.0986,0.99726,0.15,4.5518,1.7524,0.8752,48.7392,0.0,0.0,0.0,0.0,0,0,0,0,0,0
PAIR_POS_000343,FRAG_000374,FRAG_000375,sample_pdf_007.pdf,sample_pdf_007.pdf,pdf,pdf,1,1,19.0,9.75,27.3125,0,1,0,0.99842,0.01392,0.07078,0.99831,0.07,4.4859,1.3994,0.7519,41.4695,0.0,0.0,0.0,0.0,0,0,0,0,0,0
PAIR_NEG_000872,FRAG_001413,FRAG_001341,sample_zip_006.zip,sample_text_024.txt,zip,text,0,0,143.0,99.0,117.8125,0,0,0,0.32031,0.18604,1.61088,0.04979,2.8572,6.5277,46.0122,43.4485,4572.35,0.6047,0.0073,0.479,0.1208,1,0,0,0,0,0
PAIR_NEG_000763,FRAG_000073,FRAG_000912,sample_jpeg_009.jpeg,sample_png_014.png,jpeg,png,0,0,18.0,27.0,81.3125,0,1,0,0.93771,0.02281,0.29204,0.03233,0.0023,7.9505,0.0384,0.1916,28.5494,0.003,0.0039,0.0029,0.0009,0,0,0,0,0,0
PAIR_POS_000902,FRAG_000971,FRAG_000972,sample_png_020.png,sample_png_020.png,png,png,1,1,105.0,62.75,70.5625,0,0,0,0.9545,0.01935,0.25287,0.10269,0.0055,7.9613,0.1025,0.9858,145.9709,0.0037,0.001,0.0022,0.0017,0,0,0,0,0,0
PAIR_NEG_000764,FRAG_001438,FRAG_001283,sample_zip_008.zip,sample_text_018.csv,zip,text,0,0,20.0,62.25,65.9375,0,0,0,0.28221,0.20115,1.66753,-0.0327,3.0477,6.432,64.0837,50.1657,4921.1152,0.6145,0.0054,0.4946,0.1157,0,0,0,0,0,0
PAIR_POS_000488,FRAG_000525,FRAG_000526,sample_pdf_013.pdf,sample_pdf_013.pdf,pdf,pdf,1,1,3.0,22.25,14.75,0,1,0,0.90312,0.10355,0.31737,0.89576,0.2095,4.5755,9.3119,5.2004,307.0578,0.0,0.0,0.0,0.0,8,0,1,0,1,0
PAIR_NEG_001229,FRAG_000013,FRAG_001429,sample_jpeg_001.jpeg,sample_zip_007.zip,jpeg,zip,0,0,18.0,100.25,71.4375,0,0,0,0.88002,0.03263,0.42317,-0.08636,0.0839,7.9061,1.3889,1.5787,236.4264,0.0183,0.0001,0.01,0.0085,1,0,0,0,0,1
PAIR_NEG_000066,FRAG_001368,FRAG_001357,sample_text_025.log,sample_text_024.txt,text,text,1,0,12.0,27.25,30.625,0,1,0,0.99937,0.00697,0.02821,0.9993,0.0138,5.1146,0.0667,0.0471,2.9076,0.0,0.0,0.0,0.0,1,0,1,0,0,0
PAIR_POS_000846,FRAG_000908,FRAG_000909,sample_png_013.png,sample_png_013.png,png,png,1,1,119.0,106.25,79.1875,0,0,0,0.94064,0.02218,0.27632,-0.04938,0.0132,7.9564,0.8103,0.8858,130.7742,0.0071,0.0009,0.0049,0.0046,0,0,0,0,0,0
PAIR_NEG_000030,FRAG_001482,FRAG_001536,sample_zip_012.zip,sample_zip_016.zip,zip,zip,1,0,77.0,52.25,76.125,0,0,0,0.94111,0.02215,0.27827,0.05344,0.0043,7.9522,0.6658,0.2365,34.9421,0.0064,0.0034,0.0078,0.0,1,1,0,1,0,0
PAIR_POS_001016,FRAG_001096,FRAG_001097,sample_text_006.log,sample_text_006.log,text,text,1,1,11.0,21.25,27.375,0,1,0,0.88094,0.10265,0.6181,0.86936,0.4607,4.8719,4.9078,0.112,6.9014,0.0,0.0,0.0,0.0,1,0,1,0,0,0
PAIR_NEG_001054,FRAG_000035,FRAG_000336,sample_jpeg_004.jpeg,sample_pdf_005.pdf,jpeg,pdf,0,0,47.0,58.0,80.875,0,1,0,0.26772,0.22946,1.70406,0.05657,3.4388,6.2327,32.916,47.0819,4825.9738,0.6179,0.0085,0.501,0.115,0,0,0,0,0,0
PAIR_POS_001220,FRAG_001314,FRAG_001315,sample_text_020.txt,sample_text_020.txt,text,text,1,1,5.0,8.5,18.25,0,1,0,0.99916,0.00806,0.03711,0.99907,0.0166,5.1041,0.1098,0.0789,4.8717,0.0,0.0,0.0,0.0,1,0,0,0,0,0
PAIR_POS_000298,FRAG_000327,FRAG_000328,sample_pdf_005.pdf,sample_pdf_005.pdf,pdf,pdf,1,1,5.0,25.0,28.5,0,1,0,0.99934,0.00906,0.0454,0.99929,0.0863,4.5606,1.0113,0.7163,40.0785,0.0,0.0,0.0,0.0,0,0,0,0,0,0
PAIR_NEG_001332,FRAG_000043,FRAG_001373,sample_jpeg_005.jpg,sample_zip_001.zip,jpeg,zip,0,0,17.0,56.0,74.125,0,0,0,0.93656,0.02295,0.29392,-0.0699,0.002,7.9547,1.6406,0.3198,47.8061,0.0102,0.0032,0.0047,0.0048,0,0,0,0,0,0
PAIR_POS_000703,FRAG_000750,FRAG_000751,sample_pdf_023.pdf,sample_pdf_023.pdf,pdf,pdf,1,1,11.0,7.75,10.5625,0,1,0,0.99983,0.00438,0.0205,0.99982,0.0115,4.526,0.1472,0.0723,3.9867,0.0,0.0,0.0,0.0,0,0,0,0,0,0
PAIR_POS_000068,FRAG_000076,FRAG_000077,sample_jpeg_009.jpeg,sample_jpeg_009.jpeg,jpeg,jpeg,1,1,208.0,102.5,89.5625,0,0,0,0.92348,0.0256,0.3268,0.07109,0.0516,7.9341,1.1153,0.0122,1.8145,0.0086,0.0002,0.0058,0.0143,0,0,1,0,1,0
PAIR_POS_001081,FRAG_001166,FRAG_001167,sample_text_011.json,sample_text_011.json,text,text,1,1,1.0,39.0,37.5625,0,1,0,0.9995,0.00742,0.04049,0.99946,0.014,5.0027,0.0152,0.1733,12.2792,0.0,0.0,0.0,0.0,0,0,0,0,0,0
PAIR_NEG_000786,FRAG_001130,FRAG_000184,sample_text_009.txt,sample_jpeg_020.jpg,text,jpeg,0,0,123.0,108.5,99.375,0,0,0,0.3062,0.18718,1.61038,-0.00442,2.8495,6.5239,48.9499,43.5635,4587.1822,0.6306,0.0083,0.5088,0.1169,1,0,0,0,0,0
PAIR_POS_000994,FRAG_001072,FRAG_001073,sample_text_004.json,sample_text_004.json,text,text,1,1,5.0,50.5,38.8125,0,1,0,0.99969,0.00569,0.02729,0.99967,0.0014,4.9981,0.1001,0.072,5.0932,0.0,0.0,0.0,0.0,0,0,0,0,0,0
PAIR_NEG_000377,FRAG_000969,FRAG_000935,sample_png_020.png,sample_png_016.png,png,png,1,0,48.0,90.5,91.0,0,0,0,0.94488,0.02137,0.26509,0.02602,0.006,7.957,0.6819,0.0295,4.3585,0.0139,0.0039,0.0139,0.0027,1,1,0,1,0,0
PAIR_POS_001436,FRAG_001552,FRAG_001553,sample_zip_017.zip,sample_zip_017.zip,zip,zip,1,1,16.0,77.75,105.3125,0,1,0,0.93986,0.02236,0.27975,0.00844,0.0039,7.9534,0.6679,0.1821,26.9229,0.0073,0.0003,0.0034,0.0103,1,0,0,0,0,0
PAIR_NEG_000091,FRAG_001377,FRAG_001417,sample_zip_001.zip,sample_zip_006.zip,zip,zip,1,0,134.0,95.25,94.6875,0,0,0,0.94365,0.02167,0.27346,0.09752,0.0014,7.9515,0.9995,0.7477,111.0374,0.0002,0.0022,0.0083,0.0066,1,0,0,0,0,0
PAIR_POS_000536,FRAG_000576,FRAG_000577,sample_pdf_016.pdf,sample_pdf_016.pdf,pdf,pdf,1,1,2.0,29.5,36.4375,0,1,0,0.99995,0.00228,0.0107,0.99995,0.0047,4.5263,0.1074,0.0452,2.5156,0.0,0.0,0.0,0.0,0,0,0,0,0,0
PAIR_NEG_000674,FRAG_000912,FRAG_000814,sample_png_014.png,sample_png_003.png,png,png,1,0,96.0,102.0,85.8125,0,0,0,0.93343,0.02365,0.29688,0.04487,0.0064,7.9461,1.2211,1.3901,204.8752,0.003,0.0003,0.0075,0.0102,2,0,1,0,1,0
PAIR_NEG_000716,FRAG_001620,FRAG_001523,sample_zip_024.zip,sample_zip_015.zip,zip,zip,1,0,16.0,35.5,80.25,0,0,0,0.94434,0.02148,0.26761,0.03272,0.0096,7.9557,2.5989,0.1383,20.3276,0.0151,0.0037,0.0201,0.0056,1,0,0,0,0,0
PAIR_POS_000915,FRAG_000985,FRAG_000986,sample_png_021.png,sample_png_021.png,png,png,1,1,101.0,70.25,99.8125,0,0,0,0.94977,0.02037,0.25436,0.06798,0.0052,7.9588,1.4077,1.0457,154.6837,0.011,0.0017,0.0129,0.0008,1,0,0,0,0,0
PAIR_POS_001350,FRAG_001459,FRAG_001460,sample_zip_010.zip,sample_zip_010.zip,zip,zip,1,1,13.0,54.0,82.75,0,0,0,0.93918,0.02248,0.29051,-0.01901,0.0075,7.9544,0.3713,1.1869,175.3963,0.0022,0.0047,0.007,0.0037,1,0,0,0,0,0
PAIR_POS_000310,FRAG_000339,FRAG_000340,sample_pdf_005.pdf,sample_pdf_005.pdf,pdf,pdf,1,1,6.0,17.75,22.0,0,1,0,0.99927,0.00994,0.05126,0.99922,0.0999,4.5739,1.0923,0.6657,37.4853,0.0,0.0,0.0,0.0,0,0,0,0,0,0
PAIR_NEG_000002,FRAG_000858,FRAG_000853,sample_png_008.png,sample_png_007.png,png,png,1,0,66.0,59.0,79.875,0,0,0,0.94728,0.02089,0.26518,0.06083,0.0004,7.9567,1.2922,0.6555,96.9817,0.0029,0.0002,0.0044,0.0012,1,0,0,0,0,0
PAIR_NEG_001272,FRAG_000212,FRAG_001416,sample_jpeg_024.jpeg,sample_zip_006.zip,jpeg,zip,0,0,31.0,89.5,69.6875,0,1,0,0.9399,0.02235,0.28559,-0.00567,0.0049,7.953,0.7407,1.3206,196.319,0.0019,0.0029,0.0073,0.0059,1,0,0,0,0,0
PAIR_POS_000358,FRAG_000390,FRAG_000391,sample_pdf_008.pdf,sample_pdf_008.pdf,pdf,pdf,1,1,73.0,26.75,25.8125,0,1,0,0.99738,0.01759,0.09275,0.99719,0.1637,4.6273,2.1294,1.6135,92.6602,0.002,0.0,0.002,0.0,0,1,0,1,0,0
PAIR_NEG_001303,FRAG_000527,FRAG_000053,sample_pdf_014.pdf,sample_jpeg_007.jpg,pdf,jpeg,0,0,137.0,144.5,86.125,0,0,0,0.25035,0.22559,1.67486,-0.0189,3.2782,6.2956,30.3528,46.2839,4809.8521,0.6191,0.0142,0.4821,0.1328,0,1,0,1,0,1
PAIR_POS_000229,FRAG_000254,FRAG_000255,sample_pdf_001.pdf,sample_pdf_001.pdf,pdf,pdf,1,1,8.0,7.0,26.4375,0,1,0,0.99984,0.00446,0.0234,0.99983,0.0201,4.546,0.2229,0.1254,6.9787,0.0,0.0,0.0,0.0,0,0,0,0,0,0
PAIR_NEG_000902,FRAG_000382,FRAG_000979,sample_pdf_007.pdf,sample_png_021.png,pdf,png,0,0,51.0,72.5,70.125,0,1,0,0.24788,0.23091,1.72514,-0.03064,3.4631,6.2251,32.3083,46.3764,4683.9466,0.624,0.0044,0.5083,0.1125,0,0,0,0,0,0
PAIR_NEG_001463,FRAG_000480,FRAG_001552,sample_pdf_011.pdf,sample_zip_017.zip,pdf,zip,0,0,126.0,74.75,73.875,0,0,0,0.24713,0.23022,1.71724,-0.03151,3.4403,6.2312,32.4717,46.6277,4729.3493,0.6172,0.0059,0.4976,0.115,0,0,0,0,0,0
PAIR_POS_000527,FRAG_000567,FRAG_000568,sample_pdf_016.pdf,sample_pdf_016.pdf,pdf,pdf,1,1,85.0,26.25,22.9375,0,1,0,0.99996,0.00216,0.00975,0.99995,0.0004,4.5915,0.0328,0.0455,2.6012,0.0,0.0,0.0,0.0,0,0,0,0,0,0
PAIR_NEG_000843,FRAG_000196,FRAG_001373,sample_jpeg_022.jpg,sample_zip_001.zip,jpeg,zip,0,0,34.0,47.75,73.5625,0,0,0,0.94184,0.02195,0.28369,-0.02521,0.001,7.9562,2.5227,0.394,58.6278,0.0124,0.0015,0.0,0.0117,0,0,0,0,0,0
PAIR_POS_000576,FRAG_000618,FRAG_000619,sample_pdf_018.pdf,sample_pdf_018.pdf,pdf,pdf,1,1,19.0,9.75,27.3125,0,1,0,0.99935,0.00861,0.03763,0.9993,0.0156,4.5518,0.1443,0.0094,0.5213,0.0,0.0,0.0,0.0,0,0,0,0,0,0
PAIR_NEG_000745,FRAG_000978,FRAG_000816,sample_png_021.png,sample_png_004.png,png,png,1,0,15.0,63.75,81.125,0,0,0,0.94229,0.02185,0.27724,-0.04249,0.0082,7.9566,2.1318,1.6851,247.3763,0.0034,0.0022,0.0151,0.0208,0,0,0,0,0,0
PAIR_NEG_001131,FRAG_001472,FRAG_001074,sample_zip_011.zip,sample_text_004.json,zip,text,0,0,40.0,100.25,104.0,0,1,0,0.25818,0.22199,1.59417,-0.02297,2.9667,6.4688,59.0964,38.5273,4213.2171,0.6223,0.0032,0.5015,0.1169,2,0,0,0,0,0
PAIR_POS_000517,FRAG_000556,FRAG_000557,sample_pdf_015.pdf,sample_pdf_015.pdf,pdf,pdf,1,1,2.0,20.5,21.9375,0,1,0,0.99961,0.00667,0.02735,0.99958,0.0066,4.4947,0.0276,0.0413,2.2697,0.0,0.0,0.0,0.0,0,0,0,0,0,0
PAIR_POS_000570,FRAG_000612,FRAG_000613,sample_pdf_018.pdf,sample_pdf_018.pdf,pdf,pdf,1,1,13.0,28.75,31.5,0,1,0,0.99686,0.01985,0.09915,0.99665,0.1391,4.5504,1.6272,0.9459,52.7174,0.0,0.0,0.0,0.0,0,0,0,0,0,0
PAIR_NEG_000094,FRAG_001055,FRAG_001109,sample_text_002.txt,sample_text_008.json,text,text,1,0,15.0,25.25,29.5,0,1,0,0.79641,0.13953,0.66356,0.77809,0.1235,5.042,10.8413,4.502,298.3689,0.0,0.0,0.0,0.0,1,0,0,0,0,0
PAIR_NEG_000816,FRAG_001238,FRAG_000900,sample_text_016.json,sample_png_012.png,text,png,0,0,142.0,135.5,101.75,0,0,0,0.26783,0.22231,1.58987,0.02254,2.9824,6.4619,59.4853,38.1504,4158.9139,0.6216,0.0024,0.5051,0.1113,3,1,0,0,0,0
PAIR_POS_001036,FRAG_001118,FRAG_001119,sample_text_008.json,sample_text_008.json,text,text,1,1,3.0,9.75,39.625,0,1,0,0.99969,0.00578,0.03218,0.99966,0.0048,4.9829,0.0249,0.0259,1.8376,0.0,0.0,0.0,0.0,0,0,0,0,0,0
PAIR_NEG_001256,FRAG_001117,FRAG_001564,sample_text_008.json,sample_zip_018.zip,text,zip,0,0,10.0,20.75,28.3125,0,0,0,0.25101,0.22262,1.59525,-0.05767,2.9809,6.4661,58.1487,38.387,4202.0873,0.6201,0.0037,0.4963,0.1196,1,0,0,0,0,0
PAIR_NEG_001071,FRAG_000564,FRAG_000032,sample_pdf_016.pdf,sample_jpeg_003.jpg,pdf,jpeg,0,0,131.0,59.5,74.125,0,0,0,0.2555,0.22543,1.71536,-0.01951,3.367,6.2705,33.7046,45.7198,4700.7146,0.6194,0.0049,0.4949,0.1208,0,0,0,0,0,0
PAIR_NEG_001024,FRAG_001558,FRAG_000386,sample_zip_018.zip,sample_pdf_007.pdf,zip,pdf,0,0,192.0,112.75,85.4375,0,0,0,0.2805,0.22816,1.72021,0.1082,3.4544,6.2261,32.1059,45.8615,4620.2499,0.6135,0.0059,0.4993,0.1099,1,1,0,1,0,0
PAIR_POS_000588,FRAG_000630,FRAG_000631,sample_pdf_018.pdf,sample_pdf_018.pdf,pdf,pdf,1,1,86.0,59.75,31.1875,0,1,0,0.99981,0.00451,0.02098,0.9998,0.0043,4.6082,0.1375,0.0637,3.6108,0.0,0.0,0.0,0.0,0,0,0,0,0,0
PAIR_POS_000056,FRAG_000063,FRAG_000064,sample_jpeg_008.jpeg,sample_jpeg_008.jpeg,jpeg,jpeg,1,1,40.0,42.5,72.1875,0,1,0,0.9396,0.02248,0.29237,0.08914,0.0059,7.9489,0.8728,0.0194,2.9072,0.0105,0.0002,0.011,0.0009,0,0,0,0,0,0
PAIR_NEG_000551,FRAG_000383,FRAG_000304,sample_pdf_007.pdf,sample_pdf_003.pdf,pdf,pdf,1,0,5.0,26.5,27.25,0,1,0,0.9956,0.02304,0.11087,0.99529,0.0736,4.472,1.1971,0.6782,36.7808,0.0,0.0,0.0,0.0,0,0,0,0,0,0
PAIR_POS_001511,FRAG_001635,FRAG_001636,sample_zip_025.zip,sample_zip_025.zip,zip,zip,1,1,21.0,75.75,80.9375,0,0,0,0.93777,0.0227,0.29147,-0.09907,0.0027,7.9566,3.1213,0.138,20.5896,0.0086,0.0057,0.0168,0.0083,1,0,0,0,0,0
PAIR_NEG_001003,FRAG_000655,FRAG_001212,sample_pdf_019.pdf,sample_text_015.json,pdf,text,0,0,33.0,50.75,53.9375,0,1,0,0.72084,0.17439,0.88968,0.69927,0.4674,4.7482,26.8718,8.1984,513.9714,0.0,0.0,0.0,0.0,2,0,0,0,0,0
PAIR_POS_001345,FRAG_001453,FRAG_001454,sample_zip_009.zip,sample_zip_009.zip,zip,zip,1,1,85.0,84.75,85.5,0,0,0,0.7158,0.05963,0.38186,0.02873,0.1904,7.8595,14.4817,1.6182,242.5492,0.0142,0.0534,0.0693,0.0561,14,0,1,0,1,0
PAIR_POS_000106,FRAG_000118,FRAG_000119,sample_jpeg_013.jpeg,sample_jpeg_013.jpeg,jpeg,jpeg,1,1,2.0,66.25,80.1875,0,0,0,0.94713,0.02088,0.26709,0.00023,0.0022,7.9601,1.8147,0.2539,37.7423,0.0053,0.0029,0.0095,0.0046,0,0,0,0,0,0
PAIR_NEG_001172,FRAG_001209,FRAG_000181,sample_text_015.json,sample_jpeg_019.jpg,text,jpeg,0,0,193.0,92.75,86.5,0,0,0,0.24569,0.22264,1.61478,0.01385,2.7976,6.3874,58.0784,38.2375,4170.5929,0.6258,0.0088,0.5055,0.116,2,0,1,0,1,0
PAIR_POS_000347,FRAG_000378,FRAG_000379,sample_pdf_007.pdf,sample_pdf_007.pdf,pdf,pdf,1,1,3.0,14.0,18.75,0,1,0,0.99987,0.0039,0.0171,0.99986,0.0075,4.4951,0.1418,0.1073,5.8645,0.0,0.0,0.0,0.0,0,0,0,0,0,0
PAIR_POS_001185,FRAG_001277,FRAG_001278,sample_text_018.csv,sample_text_018.csv,text,text,1,1,17.0,9.0,25.8125,0,1,0,0.99686,0.01696,0.07223,0.99657,0.0527,4.9078,0.5962,0.6259,30.5148,0.0,0.0,0.0,0.0,1,1,0,0,0,0
PAIR_POS_000970,FRAG_001046,FRAG_001047,sample_text_002.txt,sample_text_002.txt,text,text,1,1,7.0,5.25,21.25,0,1,0,0.99949,0.00624,0.02683,0.99943,0.0014,5.1188,0.0457,0.0046,0.2781,0.0,0.0,0.0,0.0,0,0,0,0,0,0
PAIR_NEG_000598,FRAG_001216,FRAG_001154,sample_text_015.json,sample_text_011.json,text,text,1,0,13.0,39.0,35.3125,0,1,0,0.99811,0.01416,0.05561,0.99796,0.0125,4.9878,0.0784,0.0295,2.0858,0.0,0.0,0.0,0.0,0,0,0,0,0,0
PAIR_NEG_001139,FRAG_000288,FRAG_000834,sample_pdf_003.pdf,sample_png_005.png,pdf,png,0,0,63.0,25.5,50.8125,0,0,0,0.19038,0.23027,1.72111,-0.12565,3.2039,6.2273,38.4387,46.647,4817.7309,0.6395,0.0111,0.5301,0.1086,2,0,1,0,1,0
PAIR_POS_000534,FRAG_000574,FRAG_000575,sample_pdf_016.pdf,sample_pdf_016.pdf,pdf,pdf,1,1,9.0,31.0,40.125,0,1,0,0.99947,0.00784,0.04002,0.99943,0.0598,4.5581,0.5078,0.4339,24.3454,0.0,0.0,0.0,0.0,0,0,0,0,0,0
PAIR_POS_001155,FRAG_001245,FRAG_001246,sample_text_016.json,sample_text_016.json,text,text,1,1,6.0,7.5,17.0,0,1,0,0.99967,0.00625,0.03518,0.99965,0.0204,4.9615,0.175,0.147,10.4459,0.0,0.0,0.0,0.0,0,0,0,0,0,0
PAIR_NEG_001386,FRAG_000892,FRAG_000612,sample_png_011.png,sample_pdf_018.pdf,png,pdf,0,0,13.0,74.0,81.125,0,1,0,0.27249,0.22422,1.68851,0.05328,3.3304,6.2852,34.6597,45.9696,4718.5261,0.6172,0.0044,0.4978,0.1147,0,0,0,0,0,0
PAIR_POS_001489,FRAG_001611,FRAG_001612,sample_zip_023.zip,sample_zip_023.zip,zip,zip,1,1,18.0,59.75,72.75,0,0,0,0.93956,0.02248,0.28019,0.07428,0.0024,7.9498,0.5549,0.7671,114.616,0.0032,0.0036,0.0049,0.0068,1,0,0,0,0,0
PAIR_NEG_000866,FRAG_001065,FRAG_000737,sample_text_003.log,sample_pdf_022.pdf,text,pdf,0,0,17.0,25.25,42.375,0,1,0,0.86366,0.1203,0.6948,0.85279,0.586,4.8038,15.4637,3.3212,194.2397,0.0,0.0,0.0,0.0,0,0,0,0,0,0
PAIR_NEG_000023,FRAG_000837,FRAG_000890,sample_png_006.png,sample_png_011.png,png,png,1,0,127.0,91.25,83.5625,0,0,0,0.94603,0.02117,0.27793,0.07541,0.0128,7.9547,0.4179,0.257,38.0069,0.0069,0.0007,0.0064,0.0009,0,0,0,0,0,0
PAIR_NEG_001351,FRAG_000054,FRAG_000987,sample_jpeg_007.jpg,sample_png_021.png,jpeg,png,0,0,174.0,134.75,97.0625,0,0,0,0.86098,0.03602,0.4511,0.0125,0.1591,7.8726,2.0253,0.9319,138.6802,0.0103,0.0009,0.0115,0.0002,2,0,1,0,1,0
PAIR_POS_001424,FRAG_001539,FRAG_001540,sample_zip_016.zip,sample_zip_016.zip,zip,zip,1,1,215.0,131.25,101.0,0,0,0,0.9412,0.02209,0.28105,-0.00999,0.0032,7.955,1.2295,0.9224,136.4722,0.0166,0.0019,0.0139,0.0046,1,0,0,0,0,0
PAIR_POS_000073,FRAG_000082,FRAG_000083,sample_jpeg_010.jpg,sample_jpeg_010.jpg,jpeg,jpeg,1,1,114.0,74.25,68.6875,0,0,0,0.9515,0.02004,0.25283,0.14028,0.0038,7.957,1.0581,0.0658,9.7511,0.003,0.001,0.0031,0.002,0,0,0,0,0,0
PAIR_POS_000344,FRAG_000375,FRAG_000376,sample_pdf_007.pdf,sample_pdf_007.pdf,pdf,pdf,1,1,12.0,11.0,23.25,0,1,0,0.99837,0.01407,0.07028,0.99826,0.068,4.4869,1.3874,0.7205,39.7583,0.0,0.0,0.0,0.0,0,0,0,0,0,0
PAIR_NEG_000749,FRAG_000939,FRAG_000974,sample_png_017.png,sample_png_021.png,png,png,1,0,87.0,89.75,78.8125,0,0,0,0.95298,0.01973,0.25189,0.15807,0.0069,7.957,0.9172,0.3042,44.8284,0.0071,0.0014,0.0046,0.0117,0,1,0,1,0,1
PAIR_POS_000604,FRAG_000647,FRAG_000648,sample_pdf_019.pdf,sample_pdf_019.pdf,pdf,pdf,1,1,11.0,24.75,31.4375,0,1,0,0.99991,0.00318,0.01559,0.9999,0.0023,4.5346,0.1016,0.0552,3.0726,0.0,0.0,0.0,0.0,0,0,0,0,0,0
PAIR_NEG_000870,FRAG_000921,FRAG_001141,sample_png_014.png,sample_text_010.log,png,text,0,0,98.0,57.75,64.0625,0,0,0,0.02282,0.27059,1.93745,-0.09099,0.1266,5.0352,45.4632,49.873,5570.0599,0.65,0.1,0.475,0.175,2,0,0,0,0,1
PAIR_POS_000723,FRAG_000772,FRAG_000773,sample_pdf_025.pdf,sample_pdf_025.pdf,pdf,pdf,1,1,10.0,32.75,25.125,0,1,0,0.99859,0.01266,0.06197,0.99849,0.0826,4.6049,1.1944,0.7455,42.061,0.0,0.0,0.0,0.0,0,0,0,0,0,0
PAIR_POS_000863,FRAG_000928,FRAG_000929,sample_png_016.png,sample_png_016.png,png,png,1,1,105.0,118.25,88.125,0,0,0,0.94871,0.02058,0.26453,0.04866,0.0031,7.9582,0.7796,0.0332,4.903,0.0034,0.0026,0.003,0.0003,0,0,0,0,0,0
PAIR_POS_000679,FRAG_000725,FRAG_000726,sample_pdf_022.pdf,sample_pdf_022.pdf,pdf,pdf,1,1,6.0,25.75,22.625,0,1,0,0.99929,0.00925,0.05023,0.99924,0.0761,4.5602,0.822,0.5074,28.5138,0.0,0.0,0.0,0.0,0,0,0,0,0,0
PAIR_POS_001503,FRAG_001627,FRAG_001628,sample_zip_025.zip,sample_zip_025.zip,zip,zip,1,1,78.0,69.75,104.5,0,0,0,0.93696,0.02284,0.28308,-0.13106,0.0095,7.9574,0.3386,1.5657,232.5281,0.021,0.0,0.0103,0.0125,1,0,0,0,0,0
PAIR_NEG_000638,FRAG_001430,FRAG_001504,sample_zip_007.zip,sample_zip_014.zip,zip,zip,1,0,180.0,138.0,97.9375,0,0,0,0.94567,0.02121,0.26849,0.02951,0.0059,7.9562,0.0818,1.0634,156.8139,0.0119,0.001,0.0073,0.0049,0,0,0,0,0,0
PAIR_NEG_000164,FRAG_000185,FRAG_000077,sample_jpeg_020.jpg,sample_jpeg_009.jpeg,jpeg,jpeg,1,0,173.0,96.0,75.1875,0,0,0,0.91831,0.02653,0.33559,0.09852,0.0397,7.9282,0.9239,0.0919,13.6972,0.0101,0.0037,0.0002,0.0126,0,0,1,0,1,0
PAIR_NEG_001173,FRAG_000602,FRAG_001006,sample_pdf_017.pdf,sample_png_024.png,pdf,png,0,0,127.0,35.0,38.5625,0,0,0,0.2885,0.21388,1.66188,0.07373,3.2138,6.3566,37.6109,42.8338,4490.6788,0.6067,0.0083,0.4897,0.1123,7,0,0,0,0,1
PAIR_POS_000930,FRAG_001002,FRAG_001003,sample_png_023.png,sample_png_023.png,png,png,1,1,94.0,83.5,105.5,0,0,0,0.94207,0.02193,0.28118,0.01826,0.0009,7.9547,1.3225,1.1636,172.3163,0.0076,0.0,0.0027,0.0034,0,0,0,0,0,0
PAIR_POS_000961,FRAG_001036,FRAG_001037,sample_text_001.json,sample_text_001.json,text,text,1,1,6.0,5.25,35.9375,0,1,0,0.99954,0.00698,0.03559,0.9995,0.001,4.9923,0.1215,0.0645,4.5742,0.0,0.0,0.0,0.0,0,0,0,0,0,0
PAIR_POS_000023,FRAG_000024,FRAG_000025,sample_jpeg_002.jpeg,sample_jpeg_002.jpeg,jpeg,jpeg,1,1,85.0,79.25,72.375,0,0,0,0.65473,0.07008,0.9099,0.00527,0.941,7.4821,2.4761,0.9268,138.0005,0.0124,0.0073,0.0088,0.0012,0,0,1,0,1,0
PAIR_NEG_000083,FRAG_000016,FRAG_000104,sample_jpeg_002.jpeg,sample_jpeg_012.jpg,jpeg,jpeg,1,0,4.0,52.25,57.6875,0,0,0,0.94127,0.02214,0.29294,0.08141,0.003,7.9507,1.8432,0.1314,19.617,0.0056,0.0014,0.0032,0.0027,0,0,0,0,0,0
PAIR_POS_001096,FRAG_001182,FRAG_001183,sample_text_012.log,sample_text_012.log,text,text,1,1,13.0,23.75,39.625,0,1,0,0.99965,0.00521,0.02152,0.99961,0.0005,5.0976,0.0115,0.0009,0.0541,0.0,0.0,0.0,0.0,0,0,0,0,0,0
PAIR_POS_000704,FRAG_000751,FRAG_000752,sample_pdf_023.pdf,sample_pdf_023.pdf,pdf,pdf,1,1,19.0,25.75,32.9375,0,1,0,0.99973,0.00559,0.02541,0.99971,0.0168,4.5234,0.2703,0.102,5.6197,0.0,0.0,0.0,0.0,0,0,0,0,0,0
PAIR_NEG_000294,FRAG_000804,FRAG_000855,sample_png_002.png,sample_png_008.png,png,png,1,0,19.0,87.5,89.125,0,0,0,0.93863,0.02257,0.27786,-0.04453,0.0036,7.9548,5.1482,0.7514,110.3675,0.012,0.0017,0.0327,0.0227,1,0,0,0,0,1
PAIR_NEG_000514,FRAG_000381,FRAG_000302,sample_pdf_007.pdf,sample_pdf_003.pdf,pdf,pdf,1,0,72.0,22.75,31.25,0,1,0,0.9945,0.02547,0.11523,0.99411,0.0499,4.4781,0.7415,0.4034,21.9165,0.0,0.0,0.0,0.0,0,0,0,0,0,0
PAIR_NEG_000484,FRAG_000070,FRAG_000114,sample_jpeg_009.jpeg,sample_jpeg_013.jpeg,jpeg,jpeg,1,0,41.0,35.25,64.875,0,0,0,0.93827,0.02273,0.29092,0.06443,0.0051,7.9511,3.5313,0.9489,141.4105,0.0078,0.0037,0.0227,0.0152,1,1,0,1,0,0
PAIR_POS_001188,FRAG_001280,FRAG_001281,sample_text_018.csv,sample_text_018.csv,text,text,1,1,13.0,14.0,20.375,0,1,0,0.99608,0.01883,0.05659,0.99571,0.0086,4.8869,0.055,0.0021,0.1024,0.0,0.0,0.0,0.0,0,0,0,0,0,0
PAIR_NEG_000123,FRAG_001477,FRAG_001545,sample_zip_011.zip,sample_zip_017.zip,zip,zip,1,0,16.0,74.0,79.1875,0,0,0,0.9505,0.02025,0.26169,0.13438,0.0006,7.9561,2.5071,0.1617,23.9175,0.0032,0.0029,0.012,0.0139,1,0,0,0,0,0
PAIR_POS_001105,FRAG_001192,FRAG_001193,sample_text_013.csv,sample_text_013.csv,text,text,1,1,4.0,5.5,7.8125,0,1,0,0.99897,0.00983,0.0444,0.99888,0.0065,4.8628,0.0446,0.0899,4.3107,0.0,0.0,0.0,0.0,0,0,0,0,0,0
PAIR_NEG_001305,FRAG_001340,FRAG_000223,sample_text_023.csv,sample_jpeg_025.jpg,text,jpeg,0,0,155.0,119.75,93.0,0,0,0,0.26013,0.20631,1.6859,-0.09665,3.0828,6.4104,63.9055,49.5021,4817.6055,0.6064,0.0076,0.4944,0.1082,1,0,0,0,0,0
PAIR_NEG_001399,FRAG_000015,FRAG_000395,sample_jpeg_002.jpeg,sample_pdf_008.pdf,jpeg,pdf,0,0,86.0,56.0,67.25,0,1,0,0.24174,0.2309,1.71381,-0.05147,3.4098,6.2472,32.0562,47.3586,4893.9609,0.6204,0.0098,0.4958,0.1189,0,0,0,0,0,0
PAIR_NEG_000373,FRAG_001323,FRAG_001098,sample_text_021.csv,sample_text_007.csv,text,text,1,0,64.0,60.25,55.6875,0,1,0,0.97745,0.04554,0.14789,0.97535,0.0572,4.9081,0.9846,0.7276,35.4177,0.0,0.0,0.0,0.0,1,0,0,0,0,0
PAIR_NEG_001083,FRAG_000895,FRAG_001508,sample_png_011.png,sample_zip_014.zip,png,zip,0,0,90.0,74.75,56.75,0,1,0,0.9487,0.0206,0.26524,0.07842,0.0035,7.9579,0.1128,0.8945,131.3931,0.002,0.002,0.0022,0.0027,1,0,0,0,0,0
PAIR_NEG_000983,FRAG_000055,FRAG_001614,sample_jpeg_007.jpg,sample_zip_023.zip,jpeg,zip,0,0,2.0,19.75,80.0625,0,0,0,0.94531,0.02129,0.26467,0.04537,0.0076,7.9558,2.1228,0.5351,79.0512,0.0019,0.0027,0.0051,0.0051,1,0,0,0,0,0
PAIR_NEG_000007,FRAG_001383,FRAG_001471,sample_zip_002.zip,sample_zip_011.zip,zip,zip,1,0,38.0,55.5,90.5,0,0,0,0.94329,0.02173,0.27887,0.07723,0.0112,7.9525,0.0547,0.2861,42.1903,0.0051,0.001,0.0039,0.0007,0,0,0,0,0,0
PAIR_POS_001292,FRAG_001395,FRAG_001396,sample_zip_004.zip,sample_zip_004.zip,zip,zip,1,1,52.0,60.75,82.4375,0,0,0,0.94634,0.02107,0.26468,0.04236,0.0011,7.9572,0.271,0.4708,69.5467,0.0193,0.0044,0.01,0.0098,1,1,0,1,0,0
PAIR_NEG_000922,FRAG_001451,FRAG_000563,sample_zip_009.zip,sample_pdf_016.pdf,zip,pdf,0,0,162.0,72.25,82.8125,0,0,0,0.27584,0.22396,1.71087,0.06711,3.3605,6.2665,33.7361,45.5662,4672.7191,0.6257,0.0061,0.4988,0.1238,1,0,0,0,0,0
PAIR_POS_000503,FRAG_000541,FRAG_000542,sample_pdf_014.pdf,sample_pdf_014.pdf,pdf,pdf,1,1,13.0,28.75,29.5625,0,1,0,0.99904,0.01096,0.05711,0.99898,0.0932,4.5562,1.1924,0.7473,41.6531,0.0,0.0,0.0,0.0,0,0,0,0,0,0
PAIR_POS_000182,FRAG_000205,FRAG_000206,sample_jpeg_024.jpeg,sample_jpeg_024.jpeg,jpeg,jpeg,1,1,26.0,39.0,76.75,0,1,0,0.94471,0.02152,0.27342,0.17091,0.0127,7.951,2.4783,1.1754,175.4502,0.0013,0.0032,0.0083,0.01,1,1,0,1,0,0
PAIR_NEG_000987,FRAG_000297,FRAG_001142,sample_pdf_003.pdf,sample_text_010.log,pdf,text,0,0,10.0,42.0,21.375,0,1,0,0.86193,0.12053,0.70066,0.85082,0.5822,4.8292,15.4199,2.9473,172.9649,0.0,0.0,0.0,0.0,0,0,0,0,0,0
PAIR_POS_001072,FRAG_001157,FRAG_001158,sample_text_011.json,sample_text_011.json,text,text,1,1,9.0,6.25,31.0,0,1,0,0.99976,0.00521,0.02585,0.99974,0.0146,4.9881,0.0313,0.0879,6.2273,0.0,0.0,0.0,0.0,0,0,0,0,0,0
PAIR_NEG_000475,FRAG_000047,FRAG_000223,sample_jpeg_005.jpg,sample_jpeg_025.jpg,jpeg,jpeg,1,0,52.0,115.0,103.25,0,0,0,0.93814,0.02275,0.28743,0.06061,0.0037,7.95,0.0574,0.3611,53.144,0.0034,0.0001,0.0021,0.0039,0,0,0,0,0,1
PAIR_POS_001059,FRAG_001143,FRAG_001144,sample_text_010.log,sample_text_010.log,text,text,1,1,20.0,30.0,26.8125,0,1,0,0.99941,0.00681,0.03028,0.99934,0.0158,5.1091,0.0258,0.0309,1.9063,0.0,0.0,0.0,0.0,0,0,0,0,0,0
PAIR_POS_000953,FRAG_001028,FRAG_001029,sample_text_001.json,sample_text_001.json,text,text,1,1,3.0,13.5,24.5625,0,1,0,0.99946,0.00773,0.03412,0.99941,0.0221,4.9986,0.2556,0.1364,9.6512,0.0,0.0,0.0,0.0,0,0,0,0,0,0
PAIR_POS_000573,FRAG_000615,FRAG_000616,sample_pdf_018.pdf,sample_pdf_018.pdf,pdf,pdf,1,1,33.0,27.75,41.6875,0,1,0,0.9976,0.0171,0.08694,0.99744,0.1,4.5533,1.0725,0.5893,32.8327,0.0,0.0,0.0,0.0,1,0,0,0,0,0
PAIR_NEG_000602,FRAG_000830,FRAG_000807,sample_png_005.png,sample_png_002.png,png,png,1,0,55.0,70.25,71.625,0,0,0,0.94405,0.02148,0.27385,-0.05958,0.0004,7.9597,1.0115,0.0699,10.3055,0.011,0.0022,0.0096,0.0024,0,0,0,0,0,0
PAIR_NEG_000026,FRAG_000156,FRAG_000163,sample_jpeg_017.jpg,sample_jpeg_018.jpeg,jpeg,jpeg,1,0,74.0,57.25,86.5625,0,0,0,0.94299,0.02173,0.27484,-0.002,0.0081,7.9564,0.6028,0.2404,35.4001,0.0095,0.0015,0.0135,0.0022,0,0,0,0,0,0
PAIR_NEG_001271,FRAG_000104,FRAG_001581,sample_jpeg_012.jpg,sample_zip_020.zip,jpeg,zip,0,0,83.0,76.75,74.4375,0,0,0,0.93969,0.02245,0.2846,0.07269,0.0057,7.9494,0.9483,0.4558,67.9171,0.0027,0.0007,0.0068,0.0064,1,0,0,0,0,0
PAIR_POS_001498,FRAG_001621,FRAG_001622,sample_zip_024.zip,sample_zip_024.zip,zip,zip,1,1,24.0,92.5,79.0,0,1,0,0.58859,0.0882,0.54522,0.16732,0.451,7.7209,16.4945,2.4069,363.5857,0.0158,0.0802,0.0871,0.0733,14,0,1,0,1,0
PAIR_POS_001496,FRAG_001619,FRAG_001620,sample_zip_024.zip,sample_zip_024.zip,zip,zip,1,1,42.0,43.5,81.9375,0,1,0,0.93923,0.02249,0.28274,0.00223,0.0044,7.9531,2.8059,0.6103,89.3727,0.0227,0.0039,0.0235,0.0034,1,0,0,0,0,0
PAIR_NEG_001213,FRAG_000664,FRAG_001231,sample_pdf_019.pdf,sample_text_015.json,pdf,text,0,0,0.0,37.75,24.75,0,1,1,0.72421,0.17544,0.90434,0.70342,0.5528,4.7104,27.2954,8.4788,530.6408,0.0,0.0,0.0,0.0,2,0,0,0,0,0
PAIR_POS_000164,FRAG_000183,FRAG_000184,sample_jpeg_020.jpg,sample_jpeg_020.jpg,jpeg,jpeg,1,1,10.0,87.0,93.0,0,0,0,0.93792,0.02274,0.29634,-0.00406,0.0077,7.9526,0.0588,0.7299,108.1217,0.0032,0.0005,0.0007,0.0014,0,0,0,0,0,0
PAIR_POS_001415,FRAG_001530,FRAG_001531,sample_zip_016.zip,sample_zip_016.zip,zip,zip,1,1,13.0,89.0,70.625,0,0,0,0.94176,0.022,0.28665,0.02852,0.0023,7.9535,0.5374,2.0472,303.5493,0.0147,0.0019,0.0039,0.0134,0,1,0,1,0,0
PAIR_POS_000987,FRAG_001064,FRAG_001065,sample_text_003.log,sample_text_003.log,text,text,1,1,9.0,44.25,40.375,0,1,0,0.99954,0.006,0.0249,0.99948,0.0019,5.0959,0.1384,0.0078,0.4796,0.0,0.0,0.0,0.0,0,0,0,0,0,0
PAIR_POS_001189,FRAG_001281,FRAG_001282,sample_text_018.csv,sample_text_018.csv,text,text,1,1,6.0,13.25,19.25,0,1,0,0.9975,0.01519,0.06246,0.99727,0.0087,4.8782,0.1548,0.0334,1.6014,0.0,0.0,0.0,0.0,0,0,0,0,0,0
PAIR_NEG_000428,FRAG_000858,FRAG_000828,sample_png_008.png,sample_png_005.png,png,png,1,0,115.0,96.25,93.1875,0,0,0,0.93473,0.02331,0.29783,-0.06487,0.0073,7.9528,0.0079,0.5905,88.0937,0.0127,0.0009,0.0051,0.0073,1,0,0,0,0,0
PAIR_NEG_001214,FRAG_001221,FRAG_001372,sample_text_015.json,sample_zip_001.zip,text,zip,0,0,14.0,45.75,65.625,0,1,0,0.26373,0.22083,1.58596,-0.00543,2.9579,6.4754,58.4419,39.4417,4352.6664,0.6196,0.0051,0.4971,0.1194,1,0,0,0,0,0
PAIR_NEG_000828,FRAG_000715,FRAG_000063,sample_pdf_021.pdf,sample_jpeg_008.jpeg,pdf,jpeg,0,0,56.0,67.0,91.125,0,1,0,0.26023,0.22851,1.71488,0.02125,3.4126,6.2396,32.0407,47.0225,4819.0146,0.6169,0.0078,0.4934,0.1196,0,0,0,0,0,0
PAIR_POS_000990,FRAG_001068,FRAG_001069,sample_text_004.json,sample_text_004.json,text,text,1,1,87.0,74.5,33.6875,0,1,0,0.99884,0.01106,0.04242,0.99875,0.0065,4.9841,0.1026,0.0216,1.5267,0.0,0.0,0.0,0.0,0,0,0,0,0,0
PAIR_NEG_000964,FRAG_000990,FRAG_000627,sample_png_022.png,sample_pdf_018.pdf,png,pdf,0,0,59.0,77.0,77.25,0,0,0,0.25321,0.23159,1.72264,-0.00148,3.4687,6.221,33.6082,46.4914,4695.6964,0.6211,0.0056,0.5093,0.1079,0,0,0,0,0,0
PAIR_POS_000078,FRAG_000087,FRAG_000088,sample_jpeg_010.jpg,sample_jpeg_010.jpg,jpeg,jpeg,1,1,17.0,51.5,77.1875,0,0,0,0.94237,0.02184,0.27923,-0.02404,0.0001,7.9566,0.8396,0.6054,88.7538,0.0068,0.0004,0.0122,0.0056,0,0,0,0,0,0
PAIR_POS_000069,FRAG_000078,FRAG_000079,sample_jpeg_010.jpg,sample_jpeg_010.jpg,jpeg,jpeg,1,1,13.0,31.5,67.875,0,1,0,0.93771,0.02287,0.28805,0.10477,0.0028,7.9487,5.2334,0.9233,138.3335,0.0174,0.0036,0.0323,0.0164,1,1,0,1,0,0
PAIR_POS_000752,FRAG_000803,FRAG_000804,sample_png_002.png,sample_png_002.png,png,png,1,1,179.0,113.5,74.4375,0,0,0,0.9366,0.02293,0.29293,-0.08822,0.0046,7.9553,0.1214,0.8389,123.2926,0.009,0.0004,0.0034,0.0076,1,1,0,1,0,0
PAIR_POS_001181,FRAG_001272,FRAG_001273,sample_text_017.txt,sample_text_017.txt,text,text,1,1,9.0,28.25,33.1875,0,1,0,0.99933,0.0072,0.03272,0.99925,0.0023,5.0986,0.1145,0.051,3.1512,0.0,0.0,0.0,0.0,1,0,0,0,0,0
PAIR_POS_001119,FRAG_001208,FRAG_001209,sample_text_015.json,sample_text_015.json,text,text,1,1,2.0,23.0,36.6875,0,1,0,0.99913,0.0096,0.04439,0.99906,0.0004,4.9884,0.3367,0.0057,0.4062,0.0,0.0,0.0,0.0,0,0,0,0,0,0
PAIR_POS_000842,FRAG_000904,FRAG_000905,sample_png_013.png,sample_png_013.png,png,png,1,1,53.0,65.0,89.0625,0,0,0,0.94361,0.02165,0.27489,0.05988,0.0011,7.954,0.0794,0.0191,2.8384,0.0115,0.0012,0.0034,0.0081,0,0,0,0,0,0
PAIR_NEG_000686,FRAG_001340,FRAG_001239,sample_text_023.csv,sample_text_016.json,text,text,1,0,22.0,30.75,28.4375,0,1,0,0.39514,0.24356,1.16624,0.34265,0.1174,4.9277,5.9658,11.408,675.6642,0.0,0.0,0.0,0.0,1,0,0,0,0,0
PAIR_POS_001028,FRAG_001110,FRAG_001111,sample_text_008.json,sample_text_008.json,text,text,1,1,1.0,59.75,64.0625,0,1,0,0.99947,0.00756,0.03753,0.99943,0.006,4.9705,0.2211,0.0677,4.8063,0.0,0.0,0.0,0.0,0,0,0,0,0,0
PAIR_POS_001459,FRAG_001578,FRAG_001579,sample_zip_020.zip,sample_zip_020.zip,zip,zip,1,1,11.0,36.75,66.625,0,0,0,0.94435,0.02144,0.27139,-0.02795,0.0028,7.9585,0.1801,1.1917,177.4827,0.0117,0.0012,0.0015,0.0107,0,0,0,0,0,0
PAIR_NEG_000656,FRAG_000828,FRAG_001020,sample_png_005.png,sample_png_025.png,png,png,1,0,109.0,83.0,97.5,0,0,0,0.947,0.02101,0.26567,0.14247,0.0049,7.9517,2.7684,0.2956,44.1842,0.0253,0.0017,0.0244,0.0017,0,0,0,0,0,0
PAIR_NEG_001014,FRAG_001257,FRAG_000157,sample_text_016.json,sample_jpeg_017.jpg,text,jpeg,0,0,131.0,91.5,87.625,0,0,0,0.25603,0.22273,1.6118,-0.02983,2.9726,6.4687,59.9939,38.7846,4254.4077,0.6343,0.0078,0.5115,0.1191,2,0,0,0,0,0
PAIR_POS_001021,FRAG_001102,FRAG_001103,sample_text_007.csv,sample_text_007.csv,text,text,1,1,3.0,6.0,15.375,0,1,0,0.99855,0.0115,0.03807,0.99842,0.0129,4.8796,0.113,0.0952,4.5561,0.0,0.0,0.0,0.0,0,0,0,0,0,0
PAIR_NEG_000322,FRAG_001288,FRAG_001025,sample_text_019.txt,sample_text_001.json,text,text,1,0,23.0,67.25,48.25,0,1,0,0.79091,0.14179,0.67822,0.7722,0.1291,5.0379,10.8237,4.591,304.5586,0.0,0.0,0.0,0.0,3,0,0,0,0,0
PAIR_POS_000016,FRAG_000017,FRAG_000018,sample_jpeg_002.jpeg,sample_jpeg_002.jpeg,jpeg,jpeg,1,1,154.0,140.5,79.0625,0,0,0,0.9479,0.02081,0.26228,0.13033,0.0034,7.9545,0.8418,0.1318,19.6231,0.0078,0.0007,0.0079,0.0014,0,0,0,0,0,0
PAIR_NEG_000587,FRAG_001057,FRAG_001081,sample_text_002.txt,sample_text_004.json,text,text,1,0,55.0,44.25,37.125,0,1,0,0.80033,0.13828,0.64842,0.7824,0.1295,5.0415,10.4526,4.5646,302.7682,0.0,0.0,0.0,0.0,1,0,0,0,0,0
PAIR_NEG_000969,FRAG_001417,FRAG_000188,sample_zip_006.zip,sample_jpeg_021.jpg,zip,jpeg,0,0,150.0,92.0,77.875,0,0,0,0.94123,0.0221,0.28513,0.02146,0.0035,7.954,1.2998,0.4882,72.3701,0.0178,0.0012,0.0148,0.0014,1,0,0,0,0,0
PAIR_POS_000381,FRAG_000414,FRAG_000415,sample_pdf_009.pdf,sample_pdf_009.pdf,pdf,pdf,1,1,68.0,26.5,22.1875,0,1,0,0.99951,0.00741,0.0298,0.99947,0.0002,4.5297,0.0213,0.0029,0.1609,0.0,0.0,0.0,0.0,0,0,0,0,0,0
PAIR_NEG_001345,FRAG_001227,FRAG_001385,sample_text_015.json,sample_zip_003.zip,text,zip,0,0,35.0,34.75,37.375,0,1,0,0.27508,0.22049,1.56495,0.04604,2.9699,6.468,57.7925,39.0637,4291.6581,0.6143,0.0066,0.49,0.1208,1,0,0,0,0,1
PAIR_POS_000728,FRAG_000777,FRAG_000778,sample_pdf_025.pdf,sample_pdf_025.pdf,pdf,pdf,1,1,17.0,27.75,22.8125,0,1,0,0.99999,0.00103,0.00342,0.99999,0.0002,4.4979,0.0256,0.0141,0.7729,0.0,0.0,0.0,0.0,0,0,0,0,0,0
PAIR_NEG_000263,FRAG_001546,FRAG_001587,sample_zip_017.zip,sample_zip_020.zip,zip,zip,1,0,186.0,124.5,106.0625,0,0,0,0.93185,0.02382,0.30569,-0.11371,0.0067,7.952,1.5948,0.6454,95.4598,0.0005,0.0009,0.0112,0.0127,0,0,0,0,0,0
PAIR_POS_000922,FRAG_000993,FRAG_000994,sample_png_022.png,sample_png_022.png,png,png,1,1,39.0,70.5,110.875,0,0,0,0.94387,0.02158,0.27479,0.02274,0.014,7.9548,1.4118,0.778,115.2217,0.0113,0.0019,0.0129,0.0041,0,0,0,0,0,0
PAIR_NEG_001268,FRAG_001065,FRAG_000695,sample_text_003.log,sample_pdf_020.pdf,text,pdf,0,0,7.0,30.0,31.0625,0,1,0,0.86761,0.11846,0.69094,0.85705,0.5746,4.8095,15.1724,3.1223,183.2311,0.0,0.0,0.0,0.0,0,0,0,0,0,0
PAIR_NEG_001122,FRAG_000785,FRAG_000024,sample_pdf_025.pdf,sample_jpeg_002.jpeg,pdf,jpeg,0,0,46.0,42.25,79.6875,0,1,0,0.24557,0.22859,1.72366,-0.04686,3.4092,6.248,32.3564,47.0987,4839.0135,0.6257,0.0073,0.5007,0.1226,0,0,0,0,0,0
PAIR_POS_000869,FRAG_000934,FRAG_000935,sample_png_016.png,sample_png_016.png,png,png,1,1,94.0,68.75,97.3125,0,0,0,0.94549,0.02124,0.26903,0.02103,0.0059,7.9571,0.1963,0.0866,12.7711,0.0022,0.0,0.0024,0.0002,0,0,0,0,0,0
PAIR_POS_001044,FRAG_001126,FRAG_001127,sample_text_008.json,sample_text_008.json,text,text,1,1,66.0,71.0,57.375,0,1,0,0.99759,0.01639,0.09886,0.99741,0.0106,4.9778,1.7618,0.1004,7.1405,0.0,0.0,0.0,0.0,0,0,1,0,0,0
PAIR_NEG_001490,FRAG_000888,FRAG_001501,sample_png_011.png,sample_zip_013.zip,png,zip,0,0,90.0,85.75,83.25,0,0,0,0.93995,0.02231,0.28264,-0.04857,0.0034,7.9564,1.0667,0.4216,62.8373,0.0071,0.0032,0.0103,0.0029,1,1,0,1,0,0
PAIR_NEG_001056,FRAG_001233,FRAG_000826,sample_text_015.json,sample_png_004.png,text,png,0,0,25.0,39.25,68.4375,0,1,0,0.27062,0.22041,1.59089,0.02488,2.9579,6.4742,59.6237,38.6377,4226.4236,0.6233,0.0036,0.508,0.1111,0,0,1,0,1,0
PAIR_NEG_001397,FRAG_000355,FRAG_000147,sample_pdf_006.pdf,sample_jpeg_016.jpeg,pdf,jpeg,0,0,149.0,60.0,70.5,0,0,0,0.23891,0.23059,1.72089,-0.04917,3.4093,6.2295,31.1255,46.264,4694.1051,0.6197,0.0052,0.4935,0.1204,0,0,1,0,1,0
PAIR_POS_000872,FRAG_000937,FRAG_000938,sample_png_016.png,sample_png_016.png,png,png,1,1,4.0,150.75,100.5625,0,1,0,0.93621,0.02306,0.29016,-0.02667,0.0137,7.9526,1.0116,1.1751,174.8305,0.0063,0.0011,0.0006,0.005,2,0,1,0,1,0
PAIR_NEG_000419,FRAG_000804,FRAG_000972,sample_png_002.png,sample_png_020.png,png,png,1,0,19.0,91.0,90.0,0,1,0,0.94088,0.02214,0.27935,-0.02805,0.0056,7.9558,1.135,1.4691,216.8345,0.0193,0.0015,0.0117,0.0093,0,0,0,0,0,0
PAIR_NEG_001283,FRAG_000420,FRAG_001198,sample_pdf_009.pdf,sample_text_014.txt,pdf,text,0,0,47.0,59.0,46.5625,0,1,0,0.87245,0.11497,0.68558,0.86204,0.5445,4.8483,14.291,2.5022,147.9999,0.0,0.0,0.0,0.0,0,0,0,0,0,0
PAIR_NEG_000726,FRAG_000244,FRAG_000676,sample_pdf_001.pdf,sample_pdf_020.pdf,pdf,pdf,1,0,73.0,23.5,21.75,0,1,0,0.99677,0.01906,0.08403,0.99653,0.035,4.524,0.6065,0.2762,15.2188,0.0,0.0,0.0,0.0,0,0,0,0,0,0
PAIR_NEG_001356,FRAG_001518,FRAG_000172,sample_zip_014.zip,sample_jpeg_019.jpg,zip,jpeg,0,0,56.0,88.5,79.9375,0,0,0,0.94604,0.02116,0.26997,0.07957,0.0025,7.9554,1.9558,0.148,21.9521,0.0066,0.0036,0.0034,0.01,0,0,0,0,0,0
PAIR_POS_000852,FRAG_000915,FRAG_000916,sample_png_014.png,sample_png_014.png,png,png,1,1,41.0,56.0,71.625,0,0,0,0.9394,0.0224,0.28902,-0.06757,0.003,7.9561,1.7151,0.1691,24.9118,0.0078,0.0005,0.0049,0.0003,0,0,0,0,0,0
PAIR_NEG_000139,FRAG_001578,FRAG_001449,sample_zip_020.zip,sample_zip_009.zip,zip,zip,1,0,87.0,92.5,76.3125,0,0,0,0.94113,0.02207,0.28026,-0.05376,0.0008,7.9567,0.9439,1.2723,189.3859,0.0173,0.002,0.0064,0.0105,1,0,0,0,0,0
PAIR_POS_001316,FRAG_001421,FRAG_001422,sample_zip_006.zip,sample_zip_006.zip,zip,zip,1,1,44.0,42.0,55.6875,0,0,0,0.88583,0.03209,0.31933,0.04599,0.048,7.9284,7.0461,2.3709,353.2165,0.0027,0.022,0.0342,0.0376,15,0,0,0,0,0
PAIR_POS_000282,FRAG_000310,FRAG_000311,sample_pdf_004.pdf,sample_pdf_004.pdf,pdf,pdf,1,1,2.0,27.25,20.125,0,1,0,0.99929,0.00896,0.04343,0.99924,0.0196,4.5454,0.4118,0.1954,10.9225,0.0,0.0,0.0,0.0,0,0,0,0,0,0
PAIR_NEG_000859,FRAG_000931,FRAG_000011,sample_png_016.png,sample_jpeg_001.jpeg,png,jpeg,0,0,52.0,32.75,89.9375,0,0,0,0.9469,0.02103,0.26161,0.1414,0.0106,7.9537,2.1607,0.9683,143.9599,0.0161,0.0057,0.0207,0.0034,0,0,0,0,0,0
PAIR_POS_000279,FRAG_000307,FRAG_000308,sample_pdf_004.pdf,sample_pdf_004.pdf,pdf,pdf,1,1,1.0,26.25,21.8125,0,1,0,0.99954,0.00718,0.03219,0.99951,0.0137,4.5488,0.249,0.2142,11.9079,0.0,0.0,0.0,0.0,0,0,0,0,0,0
PAIR_POS_000895,FRAG_000963,FRAG_000964,sample_png_019.png,sample_png_019.png,png,png,1,1,143.0,71.5,97.8125,0,0,0,0.94025,0.0223,0.29434,0.02642,0.01,7.9528,3.4378,0.5987,89.0597,0.0061,0.0014,0.0115,0.0195,1,0,0,0,0,0
PAIR_POS_001348,FRAG_001457,FRAG_001458,sample_zip_010.zip,sample_zip_010.zip,zip,zip,1,1,203.0,149.75,115.375,0,0,0,0.94358,0.02168,0.27912,0.09744,0.0068,7.9519,3.8723,0.6154,90.7399,0.0005,0.0015,0.0169,0.0171,0,0,0,0,0,0
PAIR_NEG_000368,FRAG_000887,FRAG_000891,sample_png_010.png,sample_png_011.png,png,png,1,0,40.0,52.75,92.5,0,0,0,0.89481,0.03073,0.3829,0.09653,0.0963,7.9049,2.0032,0.3116,46.4882,0.0029,0.0028,0.0003,0.0057,2,0,0,0,0,1
PAIR_POS_001478,FRAG_001598,FRAG_001599,sample_zip_021.zip,sample_zip_021.zip,zip,zip,1,1,33.0,82.25,70.375,0,1,0,0.94296,0.02172,0.27924,-0.02681,0.0049,7.9568,0.2288,1.5619,231.7303,0.0012,0.0026,0.0056,0.0046,1,0,0,0,0,0
PAIR_NEG_000450,FRAG_001536,FRAG_001565,sample_zip_016.zip,sample_zip_018.zip,zip,zip,1,0,34.0,39.25,84.75,0,1,0,0.93482,0.02328,0.30172,-0.08259,0.0017,7.9535,2.052,0.0269,3.9702,0.0061,0.0025,0.0093,0.0034,1,0,0,0,0,0
PAIR_POS_000033,FRAG_000036,FRAG_000037,sample_jpeg_004.jpeg,sample_jpeg_004.jpeg,jpeg,jpeg,1,1,94.0,84.25,90.6875,0,1,0,0.93711,0.02286,0.29349,-0.04295,0.0017,7.9526,2.8215,0.8931,131.4384,0.0046,0.0015,0.0178,0.0122,0,0,0,0,0,0
PAIR_NEG_000769,FRAG_000662,FRAG_001288,sample_pdf_019.pdf,sample_text_019.txt,pdf,text,0,0,55.0,41.75,38.625,0,1,0,0.859,0.12131,0.71972,0.84754,0.5864,4.8092,16.0679,3.6312,211.0346,0.0,0.0,0.0,0.0,0,0,0,0,0,0
PAIR_NEG_001507,FRAG_000159,FRAG_000835,sample_jpeg_017.jpg,sample_png_006.png,jpeg,png,0,0,117.0,126.25,114.0,0,0,0,0.93544,0.02327,0.29487,0.05999,0.0083,7.9474,1.1298,0.1994,29.6988,0.0095,0.0007,0.0083,0.0017,1,0,0,0,0,1
PAIR_NEG_000730,FRAG_000756,FRAG_000437,sample_pdf_024.pdf,sample_pdf_009.pdf,pdf,pdf,1,0,3.0,32.5,33.3125,0,1,0,0.99835,0.01409,0.0639,0.99823,0.0476,4.5046,0.4468,0.2166,11.8807,0.0,0.0,0.0,0.0,0,0,0,0,0,0
PAIR_POS_000276,FRAG_000303,FRAG_000304,sample_pdf_003.pdf,sample_pdf_003.pdf,pdf,pdf,1,1,1.0,16.0,45.3125,0,1,0,0.99974,0.00551,0.02586,0.99972,0.004,4.4372,0.1712,0.1621,8.7055,0.0,0.0,0.0,0.0,0,0,0,0,0,0
PAIR_POS_000258,FRAG_000285,FRAG_000286,sample_pdf_003.pdf,sample_pdf_003.pdf,pdf,pdf,1,1,69.0,47.75,28.5625,0,1,0,0.99966,0.00662,0.03465,0.99964,0.0732,4.5103,0.8096,0.5606,30.8936,0.0,0.0,0.0,0.0,0,0,0,0,0,0
PAIR_NEG_000619,FRAG_001462,FRAG_001520,sample_zip_010.zip,sample_zip_015.zip,zip,zip,1,0,80.0,40.5,55.25,0,0,0,0.76508,0.05366,0.39555,0.23551,0.1895,7.8572,7.6149,1.7211,258.6734,0.0124,0.0461,0.0572,0.0445,14,0,0,0,0,1
PAIR_POS_000591,FRAG_000634,FRAG_000635,sample_pdf_019.pdf,sample_pdf_019.pdf,pdf,pdf,1,1,5.0,12.0,23.9375,0,1,0,0.99986,0.00398,0.01806,0.99985,0.0104,4.5299,0.1543,0.0298,1.6388,0.0,0.0,0.0,0.0,0,0,0,0,0,0
PAIR_POS_000316,FRAG_000345,FRAG_000346,sample_pdf_005.pdf,sample_pdf_005.pdf,pdf,pdf,1,1,41.0,19.5,26.125,0,1,0,0.99944,0.00789,0.03612,0.9994,0.0031,4.5397,0.2388,0.1566,8.7655,0.0,0.0,0.0,0.0,0,0,0,0,0,0
PAIR_NEG_001211,FRAG_001132,FRAG_000990,sample_text_009.txt,sample_png_022.png,text,png,0,0,56.0,96.0,78.5,0,0,0,0.3223,0.18625,1.60543,0.06109,2.8587,6.5259,49.8804,42.8517,4484.047,0.6211,0.0056,0.5093,0.1079,1,0,0,0,0,0
PAIR_NEG_000209,FRAG_001482,FRAG_001619,sample_zip_012.zip,sample_zip_024.zip,zip,zip,1,0,28.0,50.25,75.0625,0,1,0,0.94041,0.02228,0.27677,0.03563,0.0052,7.9527,1.6301,1.0956,160.9643,0.01,0.0005,0.0088,0.0017,0,1,0,1,0,0
PAIR_POS_000738,FRAG_000787,FRAG_000788,sample_pdf_025.pdf,sample_pdf_025.pdf,pdf,pdf,1,1,11.0,7.75,10.5625,0,1,0,0.99642,0.01991,0.09325,0.99615,0.0675,4.5716,0.6784,0.4199,23.5505,0.0,0.0,0.0,0.0,0,0,0,0,0,0
PAIR_NEG_000216,FRAG_000022,FRAG_000165,sample_jpeg_002.jpeg,sample_jpeg_018.jpeg,jpeg,jpeg,1,0,29.0,75.5,99.875,0,0,0,0.95152,0.02001,0.25134,0.09751,0.0059,7.9587,1.4314,0.2564,37.8158,0.001,0.001,0.0083,0.0044,0,0,0,0,0,0
PAIR_NEG_001381,FRAG_000495,FRAG_000095,sample_pdf_012.pdf,sample_jpeg_011.jpeg,pdf,jpeg,0,0,103.0,79.25,81.75,0,0,0,0.26305,0.22746,1.69093,0.02664,3.3672,6.2678,31.7527,45.8498,4679.3414,0.6179,0.0063,0.4946,0.1189,0,0,0,0,0,0
PAIR_POS_001138,FRAG_001227,FRAG_001228,sample_text_015.json,sample_text_015.json,text,text,1,1,5.0,12.25,31.0625,0,1,0,0.99924,0.00892,0.0356,0.99918,0.0109,4.9886,0.1106,0.0195,1.3827,0.0,0.0,0.0,0.0,0,0,0,0,0,0
PAIR_POS_000386,FRAG_000419,FRAG_000420,sample_pdf_009.pdf,sample_pdf_009.pdf,pdf,pdf,1,1,17.0,27.75,22.8125,0,1,0,0.99898,0.0108,0.05372,0.9989,0.0317,4.5602,0.8457,0.402,22.6103,0.0,0.0,0.0,0.0,0,0,0,0,0,0
PAIR_NEG_000505,FRAG_000112,FRAG_000217,sample_jpeg_013.jpeg,sample_jpeg_025.jpg,jpeg,jpeg,1,0,109.0,65.5,90.8125,0,0,0,0.9417,0.02209,0.28009,0.11948,0.0017,7.9495,4.6101,0.9654,145.192,0.0093,0.0027,0.023,0.0161,1,1,0,1,0,0
PAIR_POS_000973,FRAG_001049,FRAG_001050,sample_text_002.txt,sample_text_002.txt,text,text,1,1,82.0,31.25,39.625,0,1,0,0.99948,0.00635,0.02886,0.99942,0.0031,5.1076,0.0711,0.0067,0.4163,0.0,0.0,0.0,0.0,0,0,0,0,0,0
PAIR_NEG_000594,FRAG_000135,FRAG_000093,sample_jpeg_015.jpeg,sample_jpeg_011.jpeg,jpeg,jpeg,1,0,54.0,102.75,89.8125,0,1,0,0.93487,0.0233,0.29393,-0.03027,0.0016,7.9513,1.0808,0.9723,143.8151,0.0103,0.0024,0.0115,0.0009,1,0,0,0,0,0
PAIR_NEG_000708,FRAG_001281,FRAG_001045,sample_text_018.csv,sample_text_002.txt,text,text,1,0,23.0,30.5,43.3125,0,1,0,0.4893,0.20708,1.03413,0.43669,0.2302,4.9977,16.6445,6.8551,375.9744,0.0,0.0,0.0,0.0,1,0,0,0,0,0
PAIR_NEG_001210,FRAG_000284,FRAG_000797,sample_pdf_003.pdf,sample_png_001.png,pdf,png,0,0,42.0,68.75,72.625,0,0,0,0.25204,0.22933,1.69483,-0.01486,3.4248,6.2399,32.9956,46.4174,4710.6283,0.6204,0.0039,0.5015,0.1147,0,0,0,0,0,0
PAIR_NEG_000541,FRAG_000150,FRAG_000170,sample_jpeg_017.jpg,sample_jpeg_019.jpg,jpeg,jpeg,1,0,151.0,161.0,116.4375,0,0,0,0.93171,0.02396,0.29495,0.03829,0.0009,7.9458,3.4385,0.8104,121.0746,0.001,0.0013,0.0227,0.0212,1,0,0,0,0,1
PAIR_NEG_000618,FRAG_001065,FRAG_001245,sample_text_003.log,sample_text_016.json,text,text,1,0,71.0,48.25,47.5625,0,1,0,0.79432,0.14074,0.666,0.77596,0.1251,5.0343,10.9958,4.5563,302.3591,0.0,0.0,0.0,0.0,2,0,0,0,0,0
PAIR_POS_000782,FRAG_000837,FRAG_000838,sample_png_006.png,sample_png_006.png,png,png,1,1,103.0,145.0,106.25,0,0,0,0.94862,0.02062,0.25435,0.07348,0.0071,7.9575,0.0752,1.3188,193.6283,0.0031,0.001,0.0012,0.0025,0,0,0,0,0,0
PAIR_NEG_000356,FRAG_001360,FRAG_001104,sample_text_025.log,sample_text_007.csv,text,text,1,0,19.0,11.5,6.5,0,1,0,0.49037,0.20675,1.041,0.43786,0.1973,4.9874,16.79,7.0147,384.1686,0.0,0.0,0.0,0.0,1,0,0,0,0,0
PAIR_POS_000784,FRAG_000839,FRAG_000840,sample_png_006.png,sample_png_006.png,png,png,1,1,141.0,93.75,76.125,0,0,0,0.94903,0.02058,0.25282,0.14396,0.0134,7.9541,4.1662,0.0648,9.5884,0.0145,0.0025,0.0269,0.0132,1,0,0,0,0,0
PAIR_NEG_000371,FRAG_000404,FRAG_000305,sample_pdf_008.pdf,sample_pdf_003.pdf,pdf,pdf,1,0,82.0,45.75,32.125,0,1,0,0.9016,0.10283,0.30161,0.89389,0.0787,4.6515,7.597,3.9136,236.1851,0.0,0.0,0.0,0.0,8,0,1,0,1,0
PAIR_POS_000652,FRAG_000696,FRAG_000697,sample_pdf_020.pdf,sample_pdf_020.pdf,pdf,pdf,1,1,19.0,32.5,30.6875,0,1,0,0.99256,0.02946,0.13821,0.99202,0.1261,4.549,1.8741,0.8754,48.8636,0.0,0.0,0.0,0.0,0,0,0,0,0,0
PAIR_POS_001281,FRAG_001382,FRAG_001383,sample_zip_002.zip,sample_zip_002.zip,zip,zip,1,1,26.0,59.25,56.375,0,0,0,0.94047,0.02222,0.2847,-0.02711,0.0064,7.9549,1.4631,0.1658,24.462,0.0197,0.0042,0.0176,0.0032,1,0,0,0,0,0
PAIR_POS_000808,FRAG_000865,FRAG_000866,sample_png_008.png,sample_png_008.png,png,png,1,1,168.0,55.25,66.375,0,0,0,0.94855,0.02061,0.2642,0.0474,0.0011,7.958,0.6607,0.2525,37.4681,0.0081,0.001,0.0003,0.0078,0,0,0,0,0,0
PAIR_POS_001209,FRAG_001303,FRAG_001304,sample_text_020.txt,sample_text_020.txt,text,text,1,1,3.0,3.25,16.4375,0,1,0,0.99866,0.01024,0.03314,0.99851,0.0209,5.1049,0.009,0.0136,0.8373,0.0,0.0,0.0,0.0,0,0,0,0,0,0
PAIR_POS_001439,FRAG_001555,FRAG_001556,sample_zip_017.zip,sample_zip_017.zip,zip,zip,1,1,25.0,60.0,79.0625,0,1,0,0.94487,0.02143,0.26804,0.10828,0.0054,7.9515,1.1912,0.7096,105.8498,0.0046,0.0005,0.0003,0.0046,0,0,0,0,0,0
PAIR_NEG_001192,FRAG_001399,FRAG_000638,sample_zip_004.zip,sample_pdf_019.pdf,zip,pdf,0,0,83.0,46.0,89.375,0,0,0,0.23637,0.2284,1.71628,-0.09014,3.3644,6.2697,33.5825,46.3834,4743.3034,0.6343,0.0039,0.5093,0.1201,0,0,0,0,0,0
PAIR_NEG_001009,FRAG_000072,FRAG_000310,sample_jpeg_009.jpeg,sample_pdf_004.pdf,jpeg,pdf,0,0,48.0,92.25,68.6875,0,1,0,0.25168,0.22869,1.70114,-0.01293,3.3899,6.2501,33.604,47.6943,4949.8859,0.6118,0.0085,0.4978,0.1113,0,0,0,0,0,0
PAIR_POS_000064,FRAG_000072,FRAG_000073,sample_jpeg_009.jpeg,sample_jpeg_009.jpeg,jpeg,jpeg,1,1,94.0,93.5,102.0,0,0,0,0.9366,0.02304,0.28321,0.05601,0.0065,7.9483,0.222,1.1568,173.8859,0.0147,0.0003,0.0078,0.0061,0,0,0,0,0,0
PAIR_NEG_000261,FRAG_001149,FRAG_001181,sample_text_011.json,sample_text_012.log,text,text,1,0,56.0,60.25,52.75,0,1,0,0.79159,0.14092,0.66748,0.77276,0.1129,5.0519,10.7507,4.5443,301.0934,0.0,0.0,0.0,0.0,2,0,0,0,0,0
PAIR_POS_000578,FRAG_000620,FRAG_000621,sample_pdf_018.pdf,sample_pdf_018.pdf,pdf,pdf,1,1,8.0,24.5,19.9375,0,1,0,0.99952,0.00733,0.03465,0.99949,0.0056,4.5332,0.0857,0.1203,6.6654,0.0,0.0,0.0,0.0,0,0,0,0,0,0
PAIR_NEG_000449,FRAG_000955,FRAG_000958,sample_png_018.png,sample_png_019.png,png,png,1,0,45.0,122.0,85.9375,0,0,0,0.9438,0.02157,0.27791,-0.00494,0.0065,7.9571,0.6106,0.4409,64.9081,0.0054,0.0003,0.0075,0.0009,0,0,0,0,0,0
PAIR_POS_000225,FRAG_000250,FRAG_000251,sample_pdf_001.pdf,sample_pdf_001.pdf,pdf,pdf,1,1,68.0,22.25,20.75,0,1,0,0.99998,0.00154,0.0044,0.99998,0.0014,4.5827,0.0254,0.0122,0.6834,0.0,0.0,0.0,0.0,0,0,0,0,0,0
PAIR_POS_000736,FRAG_000785,FRAG_000786,sample_pdf_025.pdf,sample_pdf_025.pdf,pdf,pdf,1,1,1.0,22.25,23.6875,0,1,0,0.99979,0.00484,0.02051,0.99977,0.0007,4.5438,0.0642,0.0354,1.9686,0.0,0.0,0.0,0.0,0,0,0,0,0,0
PAIR_NEG_000169,FRAG_000533,FRAG_000640,sample_pdf_014.pdf,sample_pdf_019.pdf,pdf,pdf,1,0,65.0,25.25,23.625,0,1,0,0.99457,0.02551,0.13238,0.9942,0.1297,4.5492,2.2442,1.2162,67.584,0.0,0.0,0.0,0.0,0,0,0,0,0,0
PAIR_NEG_000533,FRAG_001637,FRAG_001451,sample_zip_025.zip,sample_zip_009.zip,zip,zip,1,0,131.0,151.5,119.625,0,0,0,0.33575,0.18811,0.81919,0.13574,1.2383,7.3277,33.9758,3.8037,577.8513,0.043,0.18,0.204,0.1641,14,0,0,0,0,1
PAIR_POS_001441,FRAG_001558,FRAG_001559,sample_zip_018.zip,sample_zip_018.zip,zip,zip,1,1,140.0,80.5,92.1875,0,0,0,0.93752,0.02278,0.30011,-0.05209,0.0004,7.9535,1.1711,0.1363,19.9702,0.0005,0.0017,0.0069,0.0073,1,1,0,1,0,0
PAIR_POS_000002,FRAG_000002,FRAG_000003,sample_jpeg_001.jpeg,sample_jpeg_001.jpeg,jpeg,jpeg,1,1,115.0,72.75,85.625,0,0,0,0.9503,0.02035,0.25723,0.20749,0.0022,7.9524,0.2073,0.5431,81.2096,0.0005,0.0005,0.0031,0.0036,0,0,0,0,0,0
PAIR_POS_000109,FRAG_000122,FRAG_000123,sample_jpeg_014.jpeg,sample_jpeg_014.jpeg,jpeg,jpeg,1,1,130.0,76.75,74.5625,0,0,0,0.93667,0.023,0.29686,0.02471,0.0008,7.9494,0.3242,0.2326,34.5834,0.0068,0.0005,0.0031,0.0049,1,0,0,0,0,0
PAIR_NEG_000684,FRAG_001151,FRAG_001097,sample_text_011.json,sample_text_006.log,text,text,1,0,12.0,33.75,31.875,0,1,0,0.72478,0.16594,0.85584,0.70142,0.3453,4.8141,15.3289,4.68,309.9734,0.0,0.0,0.0,0.0,3,0,1,0,0,0
PAIR_NEG_000862,FRAG_001461,FRAG_000218,sample_zip_010.zip,sample_jpeg_025.jpg,zip,jpeg,0,0,151.0,135.25,98.75,0,0,0,0.94062,0.02223,0.28751,0.02466,0.004,7.953,0.0163,0.9342,140.065,0.0003,0.0039,0.002,0.0017,1,0,0,0,0,0
PAIR_NEG_000790,FRAG_000173,FRAG_001182,sample_jpeg_019.jpg,sample_text_012.log,jpeg,text,0,0,171.0,112.25,78.5,0,0,0,0.31439,0.18671,1.61416,0.02375,2.8614,6.5286,47.4151,43.3628,4560.5527,0.6196,0.0059,0.4939,0.1206,0,0,0,0,0,0
PAIR_POS_000603,FRAG_000646,FRAG_000647,sample_pdf_019.pdf,sample_pdf_019.pdf,pdf,pdf,1,1,84.0,26.5,24.4375,0,1,0,0.9999,0.00344,0.01656,0.99989,0.0094,4.5381,0.2068,0.0721,4.0175,0.0,0.0,0.0,0.0,0,0,0,0,0,0
PAIR_NEG_000234,FRAG_000080,FRAG_000148,sample_jpeg_010.jpg,sample_jpeg_017.jpg,jpeg,jpeg,1,0,203.0,101.0,126.4375,0,0,0,0.93823,0.02292,0.2826,0.22727,0.0204,7.9415,2.8816,1.9764,297.1283,0.0103,0.0059,0.0085,0.0196,1,0,0,0,0,1
PAIR_POS_000262,FRAG_000289,FRAG_000290,sample_pdf_003.pdf,sample_pdf_003.pdf,pdf,pdf,1,1,11.0,33.75,33.3125,0,1,0,0.99969,0.00591,0.02639,0.99966,0.012,4.5518,0.3086,0.1281,7.1227,0.0,0.0,0.0,0.0,0,0,0,0,0,0
PAIR_NEG_000224,FRAG_000090,FRAG_000058,sample_jpeg_010.jpg,sample_jpeg_007.jpg,jpeg,jpeg,1,0,109.0,96.75,93.6875,0,0,0,0.93139,0.02406,0.30447,0.06891,0.0109,7.9423,3.0978,0.6395,94.9423,0.0151,0.0005,0.0213,0.0044,0,0,1,0,1,0
PAIR_NEG_000582,FRAG_000005,FRAG_000066,sample_jpeg_001.jpeg,sample_jpeg_008.jpeg,jpeg,jpeg,1,0,67.0,93.0,97.1875,0,0,0,0.94305,0.02178,0.27346,0.08105,0.0004,7.9534,1.1143,0.6652,98.2833,0.0032,0.0003,0.0022,0.0002,1,0,0,0,0,0
PAIR_POS_001046,FRAG_001129,FRAG_001130,sample_text_009.txt,sample_text_009.txt,text,text,1,1,17.0,8.25,9.4375,0,1,0,0.99935,0.00711,0.02687,0.99928,0.0077,5.103,0.0472,0.0359,2.2147,0.0,0.0,0.0,0.0,0,0,0,0,0,0
PAIR_POS_001253,FRAG_001351,FRAG_001352,sample_text_024.txt,sample_text_024.txt,text,text,1,1,2.0,23.5,27.375,0,1,0,0.99912,0.00826,0.02972,0.99902,0.0129,5.0868,0.0822,0.067,4.1432,0.0,0.0,0.0,0.0,1,0,0,0,0,0
PAIR_NEG_000579,FRAG_000264,FRAG_000518,sample_pdf_002.pdf,sample_pdf_013.pdf,pdf,pdf,1,0,64.0,39.5,71.0625,0,1,0,0.99056,0.03329,0.17135,0.98988,0.2034,4.6013,3.0246,2.0557,116.2274,0.002,0.0,0.002,0.0,0,0,0,0,0,1
PAIR_POS_001194,FRAG_001287,FRAG_001288,sample_text_019.txt,sample_text_019.txt,text,text,1,1,10.0,11.0,30.25,0,1,0,0.99891,0.0092,0.03709,0.99879,0.0094,5.0977,0.0705,0.0198,1.2216,0.0,0.0,0.0,0.0,0,1,0,0,0,0
PAIR_POS_000183,FRAG_000206,FRAG_000207,sample_jpeg_024.jpeg,sample_jpeg_024.jpeg,jpeg,jpeg,1,1,37.0,107.0,100.8125,0,0,0,0.9436,0.02162,0.27917,0.01658,0.0027,7.9559,3.9399,0.5871,86.607,0.0098,0.0017,0.0224,0.0137,0,0,0,0,0,0
PAIR_POS_000706,FRAG_000753,FRAG_000754,sample_pdf_023.pdf,sample_pdf_023.pdf,pdf,pdf,1,1,2.0,22.0,18.8125,0,1,0,0.6465,0.21587,0.6389,0.624,0.011,4.5317,17.769,6.3838,394.9648,0.0,0.0,0.0,0.0,8,0,1,0,1,0
PAIR_POS_001471,FRAG_001591,FRAG_001592,sample_zip_021.zip,sample_zip_021.zip,zip,zip,1,1,52.0,106.5,93.1875,0,1,0,0.94002,0.02232,0.28266,-0.00786,0.002,7.9541,0.8337,0.9576,141.0146,0.0125,0.003,0.0044,0.0088,1,0,0,0,0,0
PAIR_NEG_001098,FRAG_000285,FRAG_000801,sample_pdf_003.pdf,sample_png_001.png,pdf,png,0,0,8.0,44.25,65.4375,0,1,0,0.2837,0.22845,1.6855,0.12566,3.4091,6.2515,32.9702,46.2263,4709.7803,0.603,0.0037,0.4917,0.106,0,0,0,0,0,0
PAIR_NEG_001416,FRAG_000992,FRAG_001144,sample_png_022.png,sample_text_010.log,png,text,0,0,18.0,30.5,69.0,0,1,0,0.28556,0.1876,1.60934,-0.09842,2.8319,6.5329,49.3098,43.3341,4550.4432,0.6177,0.0042,0.5042,0.1096,1,0,0,0,0,0
PAIR_POS_001392,FRAG_001505,FRAG_001506,sample_zip_014.zip,sample_zip_014.zip,zip,zip,1,1,170.0,63.5,60.3125,0,0,0,0.93753,0.0228,0.28852,-0.03854,0.012,7.9537,2.7361,0.0469,6.8605,0.0229,0.0039,0.0267,0.0036,1,0,0,0,0,0
PAIR_NEG_001137,FRAG_000910,FRAG_000270,sample_png_013.png,sample_pdf_002.pdf,png,pdf,0,0,22.0,37.5,56.0,0,0,0,0.2542,0.2294,1.70211,0.01818,3.3518,6.2317,32.4418,45.6007,4611.8489,0.6164,0.0064,0.5023,0.1112,2,0,0,0,0,1
PAIR_POS_001168,FRAG_001258,FRAG_001259,sample_text_016.json,sample_text_016.json,text,text,1,1,1.0,26.5,11.75,0,1,0,0.9992,0.00918,0.03904,0.99914,0.0025,4.9879,0.2815,0.001,0.0714,0.0,0.0,0.0,0.0,0,0,0,0,0,0
PAIR_POS_000614,FRAG_000657,FRAG_000658,sample_pdf_019.pdf,sample_pdf_019.pdf,pdf,pdf,1,1,89.0,29.5,29.0,0,1,0,0.99963,0.00658,0.03805,0.9996,0.0513,4.5543,0.3528,0.2877,15.9827,0.0,0.0,0.0,0.0,0,0,0,0,0,0
PAIR_POS_000649,FRAG_000693,FRAG_000694,sample_pdf_020.pdf,sample_pdf_020.pdf,pdf,pdf,1,1,17.0,27.0,18.75,0,1,0,0.99673,0.02001,0.10792,0.9965,0.1391,4.5366,1.802,1.0293,57.1672,0.0,0.0,0.0,0.0,0,0,0,0,0,0
PAIR_NEG_001301,FRAG_000282,FRAG_000052,sample_pdf_003.pdf,sample_jpeg_006.jpg,pdf,jpeg,0,0,8.0,47.5,54.0,0,1,0,0.17572,0.23944,1.75945,0.00851,2.3294,5.7273,38.8645,48.8725,5100.8814,0.6396,0.0,0.5178,0.1218,0,0,1,0,1,0
PAIR_POS_001396,FRAG_001509,FRAG_001510,sample_zip_014.zip,sample_zip_014.zip,zip,zip,1,1,45.0,73.5,89.375,0,0,0,0.93989,0.02234,0.29145,-0.01256,0.0058,7.9534,2.2044,0.2443,36.1231,0.0,0.0025,0.0109,0.0088,1,0,0,0,0,0
PAIR_POS_000422,FRAG_000457,FRAG_000458,sample_pdf_011.pdf,sample_pdf_011.pdf,pdf,pdf,1,1,15.0,24.25,26.0625,0,1,0,0.99997,0.00213,0.00878,0.99996,0.0088,4.436,0.0461,0.021,1.1299,0.0,0.0,0.0,0.0,0,0,0,0,0,0
PAIR_POS_000401,FRAG_000434,FRAG_000435,sample_pdf_009.pdf,sample_pdf_009.pdf,pdf,pdf,1,1,65.0,20.0,30.0625,0,1,0,0.99861,0.0126,0.07079,0.9985,0.0543,4.5702,0.128,0.1263,7.0776,0.0,0.0,0.0,0.0,0,0,0,0,0,0
PAIR_POS_000916,FRAG_000986,FRAG_000987,sample_png_021.png,sample_png_021.png,png,png,1,1,189.0,121.75,108.625,0,0,0,0.86228,0.03582,0.45378,-0.0213,0.1684,7.8772,1.9469,0.5092,75.0537,0.0298,0.0013,0.0222,0.0094,2,0,1,0,1,0
PAIR_POS_001184,FRAG_001275,FRAG_001276,sample_text_017.txt,sample_text_017.txt,text,text,1,1,1.0,21.5,32.8125,0,1,0,0.99796,0.01258,0.05025,0.99773,0.019,5.1054,0.0498,0.125,7.723,0.0,0.0,0.0,0.0,0,0,1,0,0,0
PAIR_NEG_000817,FRAG_000610,FRAG_000843,sample_pdf_018.pdf,sample_png_006.png,pdf,png,0,0,8.0,77.25,80.4375,0,1,0,0.25733,0.2255,1.70506,-0.0084,3.3679,6.2674,32.9658,46.111,4715.1969,0.6167,0.0056,0.4983,0.1162,0,0,0,0,0,0
PAIR_POS_000799,FRAG_000856,FRAG_000857,sample_png_008.png,sample_png_008.png,png,png,1,1,19.0,81.25,72.0625,0,0,0,0.93936,0.02244,0.28066,-0.03256,0.0046,7.9541,0.3355,0.7304,108.3672,0.0174,0.0005,0.0029,0.0144,0,0,0,0,0,0
PAIR_NEG_000874,FRAG_000040,FRAG_000893,sample_jpeg_004.jpeg,sample_png_011.png,jpeg,png,0,0,21.0,120.5,92.4375,0,1,0,0.94712,0.02095,0.26263,0.10322,0.0008,7.9542,4.095,0.1521,22.4593,0.0225,0.0,0.0305,0.0105,0,0,0,0,0,0
PAIR_NEG_001198,FRAG_000525,FRAG_001419,sample_pdf_013.pdf,sample_zip_006.zip,pdf,zip,0,0,70.0,69.25,87.5625,0,1,0,0.23171,0.23249,1.74555,-0.08792,3.4789,6.2102,31.3022,46.2142,4624.1446,0.6328,0.0029,0.5115,0.1147,0,0,0,0,0,0
PAIR_POS_000928,FRAG_001000,FRAG_001001,sample_png_023.png,sample_png_023.png,png,png,1,1,181.0,128.75,101.0,0,0,0,0.93041,0.02411,0.30808,-0.07799,0.0049,7.9497,1.2004,0.5868,86.968,0.0073,0.0015,0.0056,0.0034,0,0,0,0,0,0
PAIR_POS_000306,FRAG_000335,FRAG_000336,sample_pdf_005.pdf,sample_pdf_005.pdf,pdf,pdf,1,1,41.0,58.25,39.1875,0,1,0,0.99998,0.00158,0.00634,0.99998,0.0082,4.5092,0.0791,0.0451,2.4933,0.0,0.0,0.0,0.0,0,0,0,0,0,0
PAIR_NEG_000628,FRAG_000256,FRAG_000371,sample_pdf_001.pdf,sample_pdf_007.pdf,pdf,pdf,1,0,7.0,4.5,24.6875,0,1,0,0.99627,0.02056,0.10838,0.99599,0.062,4.5854,1.728,0.7445,42.2481,0.0,0.0,0.0,0.0,0,0,0,0,0,0
PAIR_POS_000301,FRAG_000330,FRAG_000331,sample_pdf_005.pdf,sample_pdf_005.pdf,pdf,pdf,1,1,2.0,26.5,23.0,0,1,0,0.99787,0.01526,0.07665,0.99771,0.0248,4.6123,0.0183,0.2524,14.3,0.0,0.0,0.0,0.0,0,0,0,0,0,0
PAIR_NEG_000039,FRAG_001323,FRAG_001229,sample_text_021.csv,sample_text_015.json,text,text,1,0,8.0,7.75,10.1875,0,1,0,0.36874,0.24991,1.17682,0.31448,0.1117,4.9353,6.2031,11.4615,680.9245,0.0,0.0,0.0,0.0,1,0,0,0,0,0
PAIR_NEG_001136,FRAG_001214,FRAG_000615,sample_text_015.json,sample_pdf_018.pdf,text,pdf,0,0,14.0,25.75,27.25,0,1,0,0.72668,0.17355,0.90089,0.70581,0.4807,4.7437,26.6087,7.8821,496.5701,0.0,0.0,0.0,0.0,2,0,0,0,0,0
PAIR_NEG_001180,FRAG_001483,FRAG_000455,sample_zip_012.zip,sample_pdf_011.pdf,zip,pdf,0,0,28.0,62.75,56.75,0,0,0,0.25026,0.22874,1.72112,-0.02772,3.4196,6.2445,33.6438,46.0206,4659.1101,0.634,0.0037,0.5115,0.1172,0,0,0,0,0,0
PAIR_POS_001303,FRAG_001407,FRAG_001408,sample_zip_005.zip,sample_zip_005.zip,zip,zip,1,1,43.0,82.0,65.75,0,1,0,0.94555,0.02124,0.26314,0.04824,0.0062,7.9566,0.5818,0.6977,103.4809,0.001,0.0034,0.0003,0.002,1,0,0,0,0,0
PAIR_NEG_000035,FRAG_001227,FRAG_001354,sample_text_015.json,sample_text_024.txt,text,text,1,0,65.0,58.5,45.5625,0,1,0,0.79812,0.13874,0.646,0.77989,0.1311,5.0487,10.7505,4.5592,302.0047,0.0,0.0,0.0,0.0,1,0,0,0,0,0
PAIR_NEG_000659,FRAG_000133,FRAG_000040,sample_jpeg_015.jpeg,sample_jpeg_004.jpeg,jpeg,jpeg,1,0,54.0,100.0,98.5,0,0,0,0.94565,0.02126,0.27624,0.09514,0.0024,7.9534,3.1428,0.6792,99.9395,0.0156,0.0017,0.0212,0.0053,0,0,0,0,0,0
PAIR_NEG_000580,FRAG_001096,FRAG_001265,sample_text_006.log,sample_text_016.json,text,text,1,0,3.0,21.5,31.0,0,1,0,0.79521,0.13948,0.66507,0.77666,0.1021,5.0511,10.658,4.5471,301.5951,0.0,0.0,0.0,0.0,2,0,1,0,0,0
PAIR_POS_000285,FRAG_000314,FRAG_000315,sample_pdf_005.pdf,sample_pdf_005.pdf,pdf,pdf,1,1,3.0,50.75,39.6875,0,1,0,0.99753,0.01705,0.08639,0.99736,0.1575,4.662,2.0093,1.4837,85.9242,0.002,0.0,0.002,0.0,0,1,0,1,0,0
PAIR_NEG_000838,FRAG_001625,FRAG_000788,sample_zip_025.zip,sample_pdf_025.pdf,zip,pdf,0,0,2.0,90.0,91.875,0,1,0,0.26578,0.22693,1.70655,0.03672,3.4127,6.2441,31.398,46.1013,4691.5744,0.6042,0.0068,0.4895,0.1121,1,0,0,0,0,0
PAIR_POS_000446,FRAG_000481,FRAG_000482,sample_pdf_011.pdf,sample_pdf_011.pdf,pdf,pdf,1,1,3.0,50.75,36.125,0,1,0,0.97876,0.04873,0.14509,0.97717,0.1449,4.5977,3.9892,2.4499,141.3046,0.0,0.0,0.0,0.0,8,0,1,0,1,0
PAIR_POS_000186,FRAG_000209,FRAG_000210,sample_jpeg_024.jpeg,sample_jpeg_024.jpeg,jpeg,jpeg,1,1,8.0,33.5,72.9375,0,0,0,0.94486,0.02145,0.27925,0.13788,0.0043,7.9508,1.6133,1.8847,279.817,0.0305,0.0032,0.0185,0.0129,0,0,0,0,0,0
PAIR_POS_000126,FRAG_000141,FRAG_000142,sample_jpeg_016.jpeg,sample_jpeg_016.jpeg,jpeg,jpeg,1,1,143.0,70.25,79.8125,0,0,0,0.93895,0.02254,0.28222,-0.00156,0.0065,7.952,1.1888,0.1209,17.8058,0.001,0.0014,0.011,0.008,0,0,0,0,0,0
PAIR_NEG_001391,FRAG_001142,FRAG_000303,sample_text_010.log,sample_pdf_003.pdf,text,pdf,0,0,0.0,6.75,28.375,0,1,1,0.85131,0.12769,0.73096,0.83988,0.6811,4.7797,17.0234,3.8775,223.9472,0.0,0.0,0.0,0.0,0,0,0,0,0,0
PAIR_POS_001321,FRAG_001427,FRAG_001428,sample_zip_007.zip,sample_zip_007.zip,zip,zip,1,1,2.0,67.75,84.5,0,0,0,0.94033,0.02232,0.28712,0.06365,0.0023,7.9501,1.6618,0.2961,43.5047,0.02,0.0019,0.0159,0.0042,0,0,0,0,0,0
PAIR_NEG_001373,FRAG_001446,FRAG_001212,sample_zip_009.zip,sample_text_015.json,zip,text,0,0,4.0,73.5,79.625,0,1,0,0.24802,0.22305,1.58689,-0.06379,2.9717,6.4678,57.8801,38.131,4157.0751,0.6084,0.0071,0.4929,0.1116,2,0,0,0,0,0
PAIR_NEG_000842,FRAG_000761,FRAG_000009,sample_pdf_024.pdf,sample_jpeg_001.jpeg,pdf,jpeg,0,0,54.0,100.5,75.5,0,1,0,0.25517,0.22646,1.68016,-0.01856,3.3557,6.2791,32.6614,46.3373,4743.4471,0.6135,0.0078,0.4915,0.1182,0,0,0,0,0,0
PAIR_NEG_001255,FRAG_000651,FRAG_000152,sample_pdf_019.pdf,sample_jpeg_017.jpg,pdf,jpeg,0,0,110.0,86.25,78.8125,0,0,0,0.25445,0.22948,1.71197,-0.00198,3.4498,6.2253,32.6738,46.973,4756.03,0.6277,0.0076,0.5107,0.1145,0,0,0,0,0,0
PAIR_NEG_000724,FRAG_001564,FRAG_001445,sample_zip_018.zip,sample_zip_009.zip,zip,zip,1,0,178.0,118.75,90.0,0,0,0,0.94171,0.022,0.27786,0.01426,0.0045,7.9543,0.4324,0.2432,35.9107,0.0017,0.0,0.001,0.0024,1,0,0,0,0,0
PAIR_NEG_000068,FRAG_001086,FRAG_001151,sample_text_005.csv,sample_text_011.json,text,text,1,0,61.0,58.25,43.0625,0,1,0,0.3861,0.24758,1.16899,0.33389,0.1201,4.9268,6.2947,11.3602,676.5479,0.0,0.0,0.0,0.0,1,0,0,0,0,0
PAIR_POS_001222,FRAG_001316,FRAG_001317,sample_text_020.txt,sample_text_020.txt,text,text,1,1,9.0,44.25,40.0625,0,1,0,0.99883,0.0098,0.05208,0.99871,0.027,5.0962,0.8123,0.102,6.3036,0.0,0.0,0.0,0.0,0,0,1,0,0,0
PAIR_NEG_000156,FRAG_000907,FRAG_000951,sample_png_013.png,sample_png_018.png,png,png,1,0,192.0,181.75,128.0,0,0,0,0.94354,0.0216,0.28463,-0.03268,0.0058,7.9572,0.478,0.89,131.798,0.0049,0.0002,0.0005,0.0064,0,0,0,0,0,0
PAIR_POS_001404,FRAG_001517,FRAG_001518,sample_zip_014.zip,sample_zip_014.zip,zip,zip,1,1,86.0,76.0,94.0,0,0,0,0.93759,0.02279,0.29163,-0.01821,0.0075,7.9528,1.6789,0.3195,47.451,0.0088,0.0007,0.0017,0.0063,1,0,0,0,0,0
PAIR_POS_000223,FRAG_000248,FRAG_000249,sample_pdf_001.pdf,sample_pdf_001.pdf,pdf,pdf,1,1,8.0,25.5,17.0,0,1,0,0.99824,0.0139,0.07077,0.9981,0.0732,4.6199,0.9431,0.6968,39.546,0.0,0.0,0.0,0.0,0,0,0,0,0,0
PAIR_NEG_000695,FRAG_001330,FRAG_001359,sample_text_022.log,sample_text_025.log,text,text,1,0,26.0,32.0,28.3125,0,1,0,0.9995,0.00625,0.02874,0.99945,0.0174,5.115,0.1154,0.0804,4.961,0.0,0.0,0.0,0.0,1,0,0,0,0,0
PAIR_POS_000143,FRAG_000159,FRAG_000160,sample_jpeg_017.jpg,sample_jpeg_017.jpg,jpeg,jpeg,1,1,11.0,93.5,100.8125,0,0,0,0.93714,0.02293,0.29737,0.04348,0.0125,7.9495,0.6377,1.0002,149.7392,0.003,0.0014,0.003,0.0031,0,0,0,0,0,0
PAIR_POS_000832,FRAG_000892,FRAG_000893,sample_png_011.png,sample_png_011.png,png,png,1,1,13.0,62.25,67.9375,0,1,0,0.93973,0.02239,0.2846,0.01121,0.0034,7.9521,1.7476,0.553,81.8768,0.0098,0.0007,0.021,0.0122,0,0,0,0,0,0
PAIR_NEG_001311,FRAG_001469,FRAG_000526,sample_zip_011.zip,sample_pdf_013.pdf,zip,pdf,0,0,30.0,42.0,67.375,0,1,0,0.2603,0.22223,1.66752,-0.01905,3.2794,6.3199,38.4056,41.3805,4370.8588,0.5979,0.0034,0.4797,0.1145,8,0,1,0,1,0
PAIR_NEG_000942,FRAG_000920,FRAG_000035,sample_png_014.png,sample_jpeg_004.jpeg,png,jpeg,0,0,34.0,55.25,60.9375,0,0,0,0.9433,0.02169,0.27001,0.01797,0.0077,7.9559,1.0403,0.7435,110.6556,0.0014,0.0039,0.0044,0.0,0,0,0,0,0,0
PAIR_NEG_000834,FRAG_000807,FRAG_001313,sample_png_002.png,sample_text_020.txt,png,text,0,0,91.0,58.0,61.5,0,0,0,0.30014,0.18737,1.62406,-0.04477,2.8604,6.5297,48.4683,42.9123,4494.0315,0.6243,0.0039,0.5081,0.1135,0,0,0,0,0,0
PAIR_NEG_000172,FRAG_001534,FRAG_001608,sample_zip_016.zip,sample_zip_022.zip,zip,zip,1,0,14.0,88.0,97.75,0,0,0,0.94959,0.02037,0.25434,0.01855,0.0013,7.9605,0.758,0.9054,133.2237,0.0,0.0026,0.0035,0.0036,1,0,0,0,0,0
PAIR_NEG_000462,FRAG_001003,FRAG_000829,sample_png_023.png,sample_png_005.png,png,png,1,0,65.0,94.0,98.3125,0,0,0,0.94242,0.02185,0.28018,-0.00031,0.0026,7.9556,1.8972,0.1581,23.2594,0.0052,0.0005,0.0013,0.0032,0,0,0,0,0,0
PAIR_POS_001137,FRAG_001226,FRAG_001227,sample_text_015.json,sample_text_015.json,text,text,1,1,2.0,56.5,58.4375,0,1,0,0.99947,0.00751,0.03607,0.99942,0.0053,4.9858,0.1701,0.0748,5.3007,0.0,0.0,0.0,0.0,0,0,0,0,0,0
PAIR_POS_000667,FRAG_000712,FRAG_000713,sample_pdf_021.pdf,sample_pdf_021.pdf,pdf,pdf,1,1,20.0,12.5,25.125,0,1,0,0.99959,0.00686,0.03463,0.99956,0.0059,4.49,0.2331,0.1492,8.1425,0.0,0.0,0.0,0.0,0,0,0,0,0,0
PAIR_POS_000949,FRAG_001023,FRAG_001024,sample_png_025.png,sample_png_025.png,png,png,1,1,35.0,61.75,70.625,0,1,0,0.85334,0.03739,0.48459,0.06379,0.1759,7.8571,0.3152,0.3296,48.5759,0.0023,0.0032,0.0001,0.0014,2,0,1,0,1,0
PAIR_NEG_000494,FRAG_000826,FRAG_000797,sample_png_004.png,sample_png_001.png,png,png,1,0,16.0,41.75,90.5625,0,0,0,0.93915,0.02249,0.291,-0.01064,0.0009,7.9527,0.3747,0.0611,9.04,0.0029,0.0003,0.0065,0.0036,2,0,0,0,0,1
PAIR_POS_001213,FRAG_001307,FRAG_001308,sample_text_020.txt,sample_text_020.txt,text,text,1,1,5.0,25.25,23.3125,0,1,0,0.9996,0.00557,0.02641,0.99956,0.0076,5.0964,0.1477,0.0138,0.8548,0.0,0.0,0.0,0.0,0,0,0,0,0,0
PAIR_POS_000235,FRAG_000261,FRAG_000262,sample_pdf_002.pdf,sample_pdf_002.pdf,pdf,pdf,1,1,2.0,25.25,18.9375,0,1,0,0.99992,0.00311,0.01516,0.99991,0.0112,4.4979,0.1225,0.0363,1.9881,0.0,0.0,0.0,0.0,0,0,0,0,0,0
PAIR_POS_000997,FRAG_001075,FRAG_001076,sample_text_004.json,sample_text_004.json,text,text,1,1,0.0,27.75,32.25,0,1,1,0.99948,0.00755,0.04053,0.99944,0.0152,4.9788,0.3677,0.0501,3.5542,0.0,0.0,0.0,0.0,0,0,0,0,0,0
PAIR_NEG_000202,FRAG_001608,FRAG_001582,sample_zip_022.zip,sample_zip_020.zip,zip,zip,1,0,54.0,25.5,68.625,0,0,0,0.93811,0.02269,0.28511,-0.02942,0.0156,7.9534,0.9783,1.3637,201.2822,0.0083,0.0,0.0046,0.0044,0,0,0,0,0,0
PAIR_NEG_000519,FRAG_000999,FRAG_000866,sample_png_023.png,sample_png_008.png,png,png,1,0,59.0,85.5,83.125,0,0,0,0.94635,0.02105,0.26949,0.01366,0.0005,7.9582,1.6888,0.2268,33.7633,0.0115,0.0,0.0181,0.0071,0,0,0,0,0,0
PAIR_POS_001458,FRAG_001577,FRAG_001578,sample_zip_020.zip,sample_zip_020.zip,zip,zip,1,1,150.0,110.5,100.4375,0,0,0,0.94958,0.02048,0.26406,0.1675,0.0081,7.953,1.4099,1.1819,176.0313,0.0132,0.0032,0.0024,0.0156,1,0,0,0,0,0
PAIR_NEG_000003,FRAG_000329,FRAG_000783,sample_pdf_005.pdf,sample_pdf_025.pdf,pdf,pdf,1,0,86.0,30.5,24.625,0,1,0,0.99826,0.014,0.07812,0.99813,0.018,4.5403,0.1248,0.0542,3.0146,0.0,0.0,0.0,0.0,0,0,0,0,0,0
PAIR_POS_000160,FRAG_000178,FRAG_000179,sample_jpeg_019.jpg,sample_jpeg_019.jpg,jpeg,jpeg,1,1,86.0,41.25,94.625,0,1,0,0.93861,0.02266,0.2886,0.06939,0.0088,7.9489,1.4707,0.4058,60.3533,0.0179,0.0027,0.0153,0.0036,0,0,0,0,0,0
PAIR_POS_001372,FRAG_001483,FRAG_001484,sample_zip_012.zip,sample_zip_012.zip,zip,zip,1,1,54.0,39.0,90.5,0,0,0,0.93855,0.02261,0.29507,-0.00759,0.0043,7.9521,0.1438,0.5447,79.9219,0.0114,0.0022,0.0042,0.0051,1,0,0,0,0,0
PAIR_POS_001358,FRAG_001468,FRAG_001469,sample_zip_011.zip,sample_zip_011.zip,zip,zip,1,1,1.0,24.75,56.875,0,0,0,0.95004,0.02031,0.26551,0.07384,0.0026,7.9583,0.2544,0.1499,22.0627,0.0032,0.002,0.0014,0.0044,1,0,0,0,0,0
PAIR_POS_000355,FRAG_000386,FRAG_000387,sample_pdf_007.pdf,sample_pdf_007.pdf,pdf,pdf,1,1,12.0,28.0,20.375,0,1,0,0.99993,0.00285,0.01076,0.99992,0.0036,4.4971,0.0515,0.0738,4.046,0.0,0.0,0.0,0.0,0,0,0,0,0,0
PAIR_NEG_000653,FRAG_001319,FRAG_001062,sample_text_021.csv,sample_text_003.log,text,text,1,0,3.0,7.75,30.4375,0,1,0,0.47107,0.21105,1.02005,0.41673,0.2234,5.0026,16.375,6.6709,366.7437,0.0,0.0,0.0,0.0,1,0,0,0,0,0
PAIR_NEG_000788,FRAG_001257,FRAG_000034,sample_text_016.json,sample_jpeg_004.jpeg,text,jpeg,0,0,221.0,147.0,67.9375,0,0,0,0.25004,0.22315,1.58746,-0.04482,2.9633,6.4641,55.9621,39.4924,4359.994,0.6182,0.0103,0.49,0.1267,1,0,0,0,0,1
PAIR_NEG_001512,FRAG_000915,FRAG_001301,sample_png_014.png,sample_text_019.txt,png,text,0,0,153.0,97.25,75.0,0,0,0,0.30422,0.18673,1.62269,-0.02305,2.8496,6.5298,50.3233,42.6326,4453.6174,0.6216,0.0029,0.5103,0.106,1,0,1,0,0,0
PAIR_POS_000701,FRAG_000748,FRAG_000749,sample_pdf_023.pdf,sample_pdf_023.pdf,pdf,pdf,1,1,9.0,9.0,18.9375,0,1,0,0.99943,0.00783,0.03755,0.99938,0.0112,4.6623,0.3035,0.1993,11.5061,0.0,0.0,0.0,0.0,0,0,0,0,0,0
PAIR_NEG_000101,FRAG_000013,FRAG_000150,sample_jpeg_001.jpeg,sample_jpeg_017.jpg,jpeg,jpeg,1,0,207.0,99.0,88.0625,0,0,0,0.89272,0.03089,0.40985,0.05289,0.0821,7.9051,0.2093,1.3746,206.1409,0.0112,0.0021,0.0022,0.0121,0,0,0,0,0,1
PAIR_POS_001162,FRAG_001252,FRAG_001253,sample_text_016.json,sample_text_016.json,text,text,1,1,78.0,25.25,37.625,0,1,0,0.99943,0.00777,0.03948,0.99939,0.0008,4.9654,0.0639,0.1098,7.8071,0.0,0.0,0.0,0.0,0,0,0,0,0,0
PAIR_POS_000892,FRAG_000960,FRAG_000961,sample_png_019.png,sample_png_019.png,png,png,1,1,75.0,60.5,94.4375,0,0,0,0.9357,0.02319,0.29149,0.01585,0.0066,7.9495,2.7402,0.8761,129.6726,0.0132,0.0005,0.0171,0.0022,0,0,0,0,0,0
PAIR_NEG_000095,FRAG_001026,FRAG_001224,sample_text_001.json,sample_text_015.json,text,text,1,0,28.0,28.75,49.0625,0,1,0,0.99776,0.01536,0.05861,0.99758,0.0064,4.9906,0.1438,0.0596,4.2247,0.0,0.0,0.0,0.0,0,0,0,0,0,0
PAIR_POS_000883,FRAG_000950,FRAG_000951,sample_png_018.png,sample_png_018.png,png,png,1,1,241.0,127.5,111.5625,0,0,0,0.94446,0.0214,0.27532,-0.06416,0.001,7.9596,1.7363,0.5864,87.0131,0.0096,0.001,0.0096,0.0004,1,0,0,0,0,0
PAIR_POS_001211,FRAG_001305,FRAG_001306,sample_text_020.txt,sample_text_020.txt,text,text,1,1,4.0,5.25,19.125,0,1,0,0.99957,0.00576,0.02199,0.99952,0.0033,5.1059,0.0264,0.0042,0.2602,0.0,0.0,0.0,0.0,1,0,0,0,0,0
PAIR_POS_001422,FRAG_001537,FRAG_001538,sample_zip_016.zip,sample_zip_016.zip,zip,zip,1,1,131.0,96.5,87.375,0,0,0,0.94024,0.0223,0.28707,0.00611,0.0122,7.9539,0.4992,1.1981,176.9522,0.0073,0.0051,0.0044,0.0029,1,0,0,0,0,0
PAIR_NEG_000155,FRAG_000982,FRAG_000997,sample_png_021.png,sample_png_023.png,png,png,1,0,127.0,105.5,90.3125,0,0,0,0.95093,0.02014,0.25286,0.11383,0.0054,7.9576,0.3525,0.8699,128.6227,0.0137,0.0022,0.0117,0.0012,0,0,0,0,0,0
PAIR_NEG_001168,FRAG_000543,FRAG_000182,sample_pdf_014.pdf,sample_jpeg_020.jpg,pdf,jpeg,0,0,156.0,126.0,83.625,0,0,0,0.26157,0.2271,1.70357,0.01787,3.3967,6.2551,29.9768,46.9447,4810.1701,0.6172,0.009,0.4878,0.1248,1,0,0,0,0,1
PAIR_NEG_000966,FRAG_001256,FRAG_001408,sample_text_016.json,sample_zip_005.zip,text,zip,0,0,19.0,65.0,77.3125,0,1,0,0.27956,0.22036,1.58292,0.06567,2.9778,6.4708,58.7872,38.4441,4197.5771,0.625,0.0051,0.502,0.1191,2,0,0,0,0,0
PAIR_POS_000136,FRAG_000152,FRAG_000153,sample_jpeg_017.jpg,sample_jpeg_017.jpg,jpeg,jpeg,1,1,121.0,88.25,76.875,0,0,0,0.93591,0.02315,0.29785,0.01852,0.0018,7.9493,2.0954,0.1962,29.1148,0.009,0.0007,0.0185,0.0083,0,0,0,0,0,0
PAIR_POS_000787,FRAG_000842,FRAG_000843,sample_png_006.png,sample_png_006.png,png,png,1,1,56.0,35.5,48.625,0,0,0,0.94733,0.02091,0.27007,0.10185,0.0069,7.9547,0.7895,1.1942,175.7573,0.012,0.0029,0.0017,0.0117,0,0,0,0,0,0
PAIR_POS_000988,FRAG_001065,FRAG_001066,sample_text_003.log,sample_text_003.log,text,text,1,1,12.0,31.25,24.8125,0,1,0,0.99866,0.01019,0.05285,0.99851,0.0169,5.1052,0.2483,0.037,2.2891,0.0,0.0,0.0,0.0,0,0,1,0,0,0
PAIR_NEG_000722,FRAG_001486,FRAG_001396,sample_zip_012.zip,sample_zip_004.zip,zip,zip,1,0,55.0,133.75,110.8125,0,0,0,0.94459,0.0214,0.27091,-0.01811,0.0017,7.9585,0.3108,0.0229,3.3887,0.0085,0.0003,0.0048,0.0044,0,0,0,0,0,0
PAIR_POS_001123,FRAG_001212,FRAG_001213,sample_text_015.json,sample_text_015.json,text,text,1,1,3.0,15.5,29.0625,0,1,0,0.9996,0.00668,0.03463,0.99957,0.0166,4.9902,0.2146,0.0914,6.4708,0.0,0.0,0.0,0.0,0,0,0,0,0,0
PAIR_NEG_000818,FRAG_001493,FRAG_001140,sample_zip_013.zip,sample_text_010.log,zip,text,0,0,81.0,94.5,81.0625,0,1,0,0.29774,0.1872,1.62983,-0.04555,2.8507,6.5252,48.1706,43.1749,4529.7125,0.6313,0.0046,0.5078,0.1196,0,0,0,0,0,0
PAIR_NEG_000948,FRAG_000995,FRAG_000693,sample_png_022.png,sample_pdf_020.pdf,png,pdf,0,0,30.0,34.25,51.3125,0,0,0,0.19314,0.23709,1.7407,-0.07133,3.2857,6.1098,31.9797,47.0815,4782.9524,0.6309,0.0097,0.5067,0.1181,2,0,0,0,0,1
PAIR_POS_000489,FRAG_000527,FRAG_000528,sample_pdf_014.pdf,sample_pdf_014.pdf,pdf,pdf,1,1,17.0,38.5,17.0,0,1,0,0.99863,0.01276,0.06879,0.99854,0.1227,4.5952,1.1585,1.1768,66.444,0.002,0.0,0.002,0.0,1,1,0,1,0,0
PAIR_NEG_000894,FRAG_001615,FRAG_000546,sample_zip_023.zip,sample_pdf_014.pdf,zip,pdf,0,0,97.0,105.0,84.6875,0,0,0,0.23519,0.22928,1.72219,-0.08835,3.3992,6.252,32.5667,46.0198,4679.4453,0.6187,0.0059,0.499,0.1152,0,0,0,0,0,0
PAIR_POS_001210,FRAG_001304,FRAG_001305,sample_text_020.txt,sample_text_020.txt,text,text,1,1,12.0,11.0,18.6875,0,1,0,0.99948,0.00637,0.02334,0.99943,0.0131,5.101,0.0024,0.0122,0.7517,0.0,0.0,0.0,0.0,0,0,0,0,0,0
PAIR_POS_000821,FRAG_000879,FRAG_000880,sample_png_009.png,sample_png_009.png,png,png,1,1,29.0,60.0,69.0625,0,0,0,0.92685,0.02494,0.31881,0.05931,0.0393,7.9375,1.4475,0.3286,48.2176,0.0093,0.0005,0.0078,0.0025,2,0,1,0,1,0
PAIR_NEG_001365,FRAG_000969,FRAG_000564,sample_png_020.png,sample_pdf_016.pdf,png,pdf,0,0,107.0,103.5,71.0,0,0,0,0.27581,0.22407,1.6929,0.06723,3.367,6.2705,32.7678,45.272,4634.403,0.6028,0.0073,0.4844,0.1128,1,1,0,1,0,0
PAIR_NEG_001387,FRAG_000928,FRAG_000065,sample_png_016.png,sample_jpeg_008.jpeg,png,jpeg,0,0,65.0,73.75,84.875,0,0,0,0.93711,0.02287,0.28651,-0.04593,0.007,7.9532,0.5122,0.8773,130.378,0.008,0.0048,0.002,0.0071,0,0,0,0,0,0
PAIR_POS_000619,FRAG_000662,FRAG_000663,sample_pdf_019.pdf,sample_pdf_019.pdf,pdf,pdf,1,1,3.0,33.25,22.0,0,1,0,0.99931,0.00881,0.04442,0.99925,0.0452,4.5386,0.4851,0.4682,25.7317,0.0,0.0,0.0,0.0,0,0,0,0,0,0
PAIR_NEG_000977,FRAG_001025,FRAG_001589,sample_text_001.json,sample_zip_021.zip,text,zip,0,0,17.0,66.75,66.75,0,1,0,0.27593,0.22168,1.58254,0.05548,2.9832,6.4649,57.9826,38.6101,4229.3534,0.6104,0.0049,0.4907,0.1172,2,1,0,0,0,1
PAIR_NEG_000516,FRAG_001599,FRAG_001535,sample_zip_021.zip,sample_zip_016.zip,zip,zip,1,0,156.0,89.5,83.5,0,0,0,0.94615,0.02111,0.26733,0.03588,0.0046,7.957,2.2668,0.9419,140.3215,0.0093,0.0017,0.0163,0.0076,0,0,0,0,0,0
PAIR_NEG_001226,FRAG_000032,FRAG_000600,sample_jpeg_003.jpg,sample_pdf_017.pdf,jpeg,pdf,0,0,2.0,80.0,84.375,0,1,0,0.25564,0.22732,1.70752,-0.00961,3.4056,6.2512,32.1758,46.5801,4749.0971,0.6194,0.0049,0.4949,0.1208,0,0,0,0,0,0
PAIR_POS_001139,FRAG_001228,FRAG_001229,sample_text_015.json,sample_text_015.json,text,text,1,1,24.0,55.25,41.25,0,1,0,0.99947,0.0075,0.03074,0.99942,0.0028,4.9926,0.0124,0.0165,1.1664,0.0,0.0,0.0,0.0,0,0,0,0,0,0
PAIR_POS_000668,FRAG_000713,FRAG_000714,sample_pdf_021.pdf,sample_pdf_021.pdf,pdf,pdf,1,1,3.0,28.25,21.1875,0,1,0,0.99789,0.01578,0.07902,0.99774,0.0945,4.5343,1.5918,1.0979,60.9815,0.0,0.0,0.0,0.0,0,0,0,0,0,0
PAIR_POS_000220,FRAG_000245,FRAG_000246,sample_pdf_001.pdf,sample_pdf_001.pdf,pdf,pdf,1,1,15.0,7.25,18.9375,0,1,0,0.99934,0.00849,0.04979,0.99929,0.0372,4.5986,0.0043,0.0917,5.1826,0.0,0.0,0.0,0.0,0,0,0,0,0,0
PAIR_NEG_000120,FRAG_001523,FRAG_001423,sample_zip_015.zip,sample_zip_006.zip,zip,zip,1,0,44.0,119.75,107.375,0,1,0,0.21656,0.3537,1.54859,0.21625,3.5045,6.2082,73.8081,21.2357,2665.7809,0.1157,0.3383,0.4402,0.3289,10,0,1,0,1,0
PAIR_POS_001463,FRAG_001582,FRAG_001583,sample_zip_020.zip,sample_zip_020.zip,zip,zip,1,1,12.0,68.5,48.0625,0,1,0,0.94057,0.02226,0.28751,0.05009,0.0119,7.9515,0.3655,0.2755,40.9599,0.0141,0.0013,0.0103,0.0054,0,0,0,0,0,0
PAIR_NEG_000482,FRAG_001413,FRAG_001396,sample_zip_006.zip,sample_zip_004.zip,zip,zip,1,0,38.0,73.75,84.1875,0,0,0,0.94698,0.02095,0.26458,0.06243,0.0014,7.957,1.6858,0.248,36.8028,0.021,0.0046,0.0212,0.002,1,0,0,0,0,0
PAIR_NEG_000738,FRAG_000993,FRAG_000869,sample_png_022.png,sample_png_009.png,png,png,1,0,41.0,20.0,67.5,0,0,0,0.94,0.0224,0.28821,0.08627,0.0016,7.9486,2.3052,0.4448,65.7227,0.0027,0.0029,0.0079,0.0086,1,0,0,0,0,1
PAIR_NEG_001249,FRAG_000591,FRAG_001024,sample_pdf_017.pdf,sample_png_025.png,pdf,png,0,0,6.0,64.75,70.1875,0,1,0,0.22235,0.22978,1.68631,-0.02344,3.1698,6.1843,31.2305,45.1179,4599.9256,0.6102,0.0086,0.4881,0.121,2,0,1,0,1,0
PAIR_NEG_001141,FRAG_001486,FRAG_001308,sample_zip_012.zip,sample_text_020.txt,zip,text,0,0,100.0,75.0,61.125,0,0,0,0.29572,0.18832,1.63516,-0.05947,2.8668,6.526,47.1167,43.2145,4538.3897,0.6172,0.0024,0.4954,0.1184,0,0,0,0,0,0
PAIR_POS_000261,FRAG_000288,FRAG_000289,sample_pdf_003.pdf,sample_pdf_003.pdf,pdf,pdf,1,1,13.0,25.5,15.625,0,1,0,0.99942,0.00838,0.04446,0.99938,0.0796,4.5856,0.8594,0.576,32.286,0.0,0.0,0.0,0.0,0,0,0,0,0,0
PAIR_NEG_000878,FRAG_000416,FRAG_000111,sample_pdf_009.pdf,sample_jpeg_012.jpg,pdf,jpeg,0,0,170.0,117.5,81.5625,0,0,0,0.15792,0.23426,1.74538,-0.08772,2.8693,6.0628,34.6365,46.1373,4759.13,0.6354,0.0044,0.5087,0.1223,1,0,1,0,1,0
PAIR_POS_001238,FRAG_001334,FRAG_001335,sample_text_022.log,sample_text_022.log,text,text,1,1,1.0,26.25,42.1875,0,1,0,0.99931,0.00738,0.03221,0.99923,0.0135,5.0854,0.1546,0.0401,2.4759,0.0,0.0,0.0,0.0,1,0,0,0,0,0
PAIR_POS_000714,FRAG_000762,FRAG_000763,sample_pdf_024.pdf,sample_pdf_024.pdf,pdf,pdf,1,1,8.0,7.0,26.4375,0,1,0,0.99979,0.00503,0.02492,0.99978,0.0247,4.5268,0.4749,0.2962,16.4637,0.0,0.0,0.0,0.0,0,0,0,0,0,0
PAIR_NEG_000061,FRAG_001060,FRAG_001297,sample_text_003.log,sample_text_019.txt,text,text,1,0,56.0,56.75,43.125,0,1,0,0.99979,0.00401,0.01468,0.99977,0.0056,5.1084,0.0781,0.0003,0.0201,0.0,0.0,0.0,0.0,1,0,0,0,0,0
PAIR_NEG_000973,FRAG_000936,FRAG_001436,sample_png_016.png,sample_zip_008.zip,png,zip,0,0,14.0,91.0,60.5625,0,0,0,0.9457,0.02116,0.27047,-0.03048,0.0076,7.9592,1.9658,0.7665,113.3767,0.0171,0.0017,0.0205,0.0049,0,0,0,0,0,0
PAIR_NEG_000915,FRAG_000090,FRAG_000544,sample_jpeg_010.jpg,sample_pdf_014.pdf,jpeg,pdf,0,0,27.0,46.0,64.5,0,0,0,0.23866,0.22767,1.72757,-0.07605,3.386,6.2548,31.3889,46.7534,4786.1375,0.614,0.0078,0.4861,0.1216,0,0,0,0,0,0
PAIR_NEG_000221,FRAG_001167,FRAG_001240,sample_text_011.json,sample_text_016.json,text,text,1,0,10.0,12.75,49.5,0,1,0,0.99815,0.01398,0.05466,0.998,0.0118,4.9898,0.1797,0.069,4.8958,0.0,0.0,0.0,0.0,0,0,0,0,0,0
PAIR_POS_000945,FRAG_001019,FRAG_001020,sample_png_025.png,sample_png_025.png,png,png,1,1,21.0,31.0,72.625,0,0,0,0.93571,0.02315,0.29004,-0.03177,0.0045,7.9519,0.9971,1.426,210.7075,0.0083,0.0013,0.0141,0.0049,0,0,0,0,0,0
PAIR_POS_000981,FRAG_001057,FRAG_001058,sample_text_002.txt,sample_text_002.txt,text,text,1,1,14.0,28.25,25.0625,0,1,0,0.99787,0.01335,0.07662,0.99765,0.0712,5.0707,0.3808,0.2482,15.3958,0.0,0.0,0.0,0.0,1,0,1,0,0,0
PAIR_NEG_000630,FRAG_000293,FRAG_000466,sample_pdf_003.pdf,sample_pdf_011.pdf,pdf,pdf,1,0,11.0,25.5,34.0625,0,1,0,0.99615,0.02154,0.09273,0.99588,0.0834,4.5221,1.134,0.4908,27.1419,0.0,0.0,0.0,0.0,0,0,0,0,0,0
PAIR_POS_000232,FRAG_000257,FRAG_000258,sample_pdf_001.pdf,sample_pdf_001.pdf,pdf,pdf,1,1,3.0,7.75,23.0625,0,1,0,0.96451,0.06222,0.18664,0.96177,0.1616,4.6296,5.4171,2.9731,174.5208,0.0,0.0,0.0,0.0,8,0,1,0,1,0
PAIR_NEG_000592,FRAG_001550,FRAG_001493,sample_zip_017.zip,sample_zip_013.zip,zip,zip,1,0,44.0,66.0,57.625,0,1,0,0.93827,0.02268,0.2913,0.00842,0.0011,7.9511,0.2969,0.1069,15.8435,0.0175,0.002,0.0151,0.0029,1,0,0,0,0,0
PAIR_POS_000134,FRAG_000150,FRAG_000151,sample_jpeg_017.jpg,sample_jpeg_017.jpg,jpeg,jpeg,1,1,80.0,53.5,65.5,0,0,0,0.93674,0.02304,0.29537,0.07997,0.0031,7.9478,1.9898,0.8148,120.4051,0.002,0.0015,0.0063,0.0024,0,0,0,0,0,0
PAIR_NEG_000837,FRAG_000460,FRAG_000893,sample_pdf_011.pdf,sample_png_011.png,pdf,png,0,0,18.0,86.25,63.8125,0,1,0,0.26056,0.23121,1.72264,0.03148,3.4626,6.2225,34.8636,46.2241,4681.7654,0.627,0.0051,0.5188,0.1025,0,0,0,0,0,0
PAIR_POS_000999,FRAG_001077,FRAG_001078,sample_text_004.json,sample_text_004.json,text,text,1,1,21.0,27.75,32.8125,0,1,0,0.99952,0.0071,0.03512,0.99948,0.0051,4.992,0.1491,0.1197,8.4771,0.0,0.0,0.0,0.0,0,0,0,0,0,0
PAIR_NEG_001078,FRAG_001306,FRAG_001615,sample_text_020.txt,sample_zip_023.zip,text,zip,0,0,25.0,64.5,79.3125,0,1,0,0.30316,0.1871,1.61428,-0.02109,2.8474,6.5279,47.8975,43.002,4502.3567,0.6187,0.0059,0.499,0.1152,1,0,0,0,0,0
PAIR_POS_000666,FRAG_000711,FRAG_000712,sample_pdf_021.pdf,sample_pdf_021.pdf,pdf,pdf,1,1,78.0,40.25,36.0625,0,1,0,0.99997,0.00179,0.0073,0.99997,0.0009,4.4924,0.022,0.0041,0.2259,0.0,0.0,0.0,0.0,0,0,0,0,0,0
PAIR_NEG_000296,FRAG_001061,FRAG_001144,sample_text_003.log,sample_text_010.log,text,text,1,0,71.0,57.25,53.9375,0,1,0,0.99912,0.00826,0.03667,0.99902,0.015,5.1095,0.0718,0.0222,1.3642,0.0,0.0,0.0,0.0,0,0,0,0,0,0
PAIR_NEG_000251,FRAG_000803,FRAG_000922,sample_png_002.png,sample_png_015.png,png,png,1,0,83.0,73.5,118.9375,0,0,0,0.94429,0.0215,0.27078,0.0439,0.0062,7.9545,1.5235,0.4639,68.7771,0.0029,0.0008,0.0105,0.0066,0,1,0,1,0,1
PAIR_NEG_001052,FRAG_000975,FRAG_001192,sample_png_021.png,sample_text_013.csv,png,text,0,0,45.0,76.5,71.625,0,0,0,0.27385,0.20802,1.67481,-0.02154,3.0868,6.403,66.156,50.0884,4908.669,0.6184,0.0044,0.5034,0.1106,1,0,0,0,0,0
PAIR_POS_000677,FRAG_000723,FRAG_000724,sample_pdf_022.pdf,sample_pdf_022.pdf,pdf,pdf,1,1,6.0,8.0,33.5,0,1,0,0.99996,0.00221,0.01025,0.99995,0.0025,4.5168,0.112,0.0592,3.292,0.0,0.0,0.0,0.0,0,0,0,0,0,0
PAIR_POS_001363,FRAG_001473,FRAG_001474,sample_zip_011.zip,sample_zip_011.zip,zip,zip,1,1,32.0,59.5,85.0625,0,0,0,0.94515,0.02129,0.27148,-0.01161,0.0019,7.9583,0.1381,0.665,97.3755,0.0,0.0029,0.0027,0.0,1,0,0,0,0,0
PAIR_NEG_001220,FRAG_001455,FRAG_000812,sample_zip_010.zip,sample_png_003.png,zip,png,0,0,101.0,135.5,105.0625,0,0,0,0.94605,0.02116,0.27575,0.07603,0.0133,7.9553,0.2265,0.048,7.1107,0.0027,0.0009,0.0004,0.0022,1,1,0,1,0,0
PAIR_NEG_001501,FRAG_000901,FRAG_001110,sample_png_012.png,sample_text_008.json,png,text,0,0,95.0,81.5,70.875,0,0,0,0.29096,0.22071,1.57513,0.12118,2.983,6.465,58.5161,38.6576,4236.7735,0.6121,0.0034,0.4915,0.1165,2,0,0,0,0,0
PAIR_POS_000376,FRAG_000408,FRAG_000409,sample_pdf_008.pdf,sample_pdf_008.pdf,pdf,pdf,1,1,14.0,12.75,24.4375,0,1,0,0.24352,0.43952,1.34763,0.21532,0.8457,4.0597,39.6268,0.2891,15.8449,0.0,0.0,0.0,0.0,8,0,1,0,1,0
PAIR_NEG_000497,FRAG_000737,FRAG_000587,sample_pdf_022.pdf,sample_pdf_017.pdf,pdf,pdf,1,0,78.0,44.75,27.375,0,1,0,0.99797,0.01546,0.07808,0.99783,0.0936,4.5576,1.1075,0.7627,42.6547,0.0,0.0,0.0,0.0,0,0,0,0,0,0
PAIR_POS_000745,FRAG_000794,FRAG_000795,sample_pdf_025.pdf,sample_pdf_025.pdf,pdf,pdf,1,1,84.0,55.5,44.625,0,1,0,0.90303,0.10345,0.30485,0.89564,0.137,4.587,8.1059,4.2919,256.2434,0.0,0.0,0.0,0.0,8,0,1,0,1,0
PAIR_NEG_000358,FRAG_000882,FRAG_000955,sample_png_010.png,sample_png_018.png,png,png,1,0,40.0,96.25,80.5625,0,0,0,0.93645,0.02298,0.29395,-0.06668,0.0006,7.9541,1.8342,0.2608,38.5913,0.0186,0.0005,0.0159,0.0027,0,0,0,0,0,0
PAIR_POS_000529,FRAG_000569,FRAG_000570,sample_pdf_016.pdf,sample_pdf_016.pdf,pdf,pdf,1,1,50.0,16.5,30.125,0,1,0,0.99833,0.01446,0.07321,0.99822,0.1175,4.5152,1.4495,0.8454,47.1334,0.0,0.0,0.0,0.0,0,0,0,0,0,0
PAIR_POS_001264,FRAG_001363,FRAG_001364,sample_text_025.log,sample_text_025.log,text,text,1,1,78.0,27.75,33.875,0,1,0,0.99969,0.00498,0.01807,0.99965,0.0125,5.1145,0.0135,0.059,3.6432,0.0,0.0,0.0,0.0,0,0,0,0,0,0
PAIR_NEG_000323,FRAG_001606,FRAG_001581,sample_zip_022.zip,sample_zip_020.zip,zip,zip,1,0,50.0,84.75,85.125,0,0,0,0.94609,0.02117,0.26548,0.09048,0.0147,7.9539,1.4766,0.117,17.4037,0.0205,0.0039,0.0183,0.0015,1,0,0,0,0,0
PAIR_NEG_001150,FRAG_000100,FRAG_001573,sample_jpeg_012.jpg,sample_zip_019.zip,jpeg,zip,0,0,45.0,44.5,64.0,0,0,0,0.94197,0.02192,0.28844,-0.03543,0.0008,7.9569,1.0598,1.1265,167.4118,0.0205,0.0025,0.0159,0.0044,0,0,0,0,0,0
PAIR_POS_000295,FRAG_000324,FRAG_000325,sample_pdf_005.pdf,sample_pdf_005.pdf,pdf,pdf,1,1,12.0,28.5,28.125,0,1,0,0.99904,0.01065,0.05518,0.99897,0.086,4.5634,1.0766,0.721,40.3628,0.0,0.0,0.0,0.0,0,0,0,0,0,0
PAIR_POS_000459,FRAG_000495,FRAG_000496,sample_pdf_012.pdf,sample_pdf_012.pdf,pdf,pdf,1,1,67.0,23.0,24.9375,0,1,0,0.99921,0.00948,0.05074,0.99915,0.0677,4.5503,0.7771,0.5927,32.9638,0.0,0.0,0.0,0.0,0,0,0,0,0,0
PAIR_NEG_000844,FRAG_001347,FRAG_000461,sample_text_024.txt,sample_pdf_011.pdf,text,pdf,0,0,9.0,38.0,25.6875,0,1,0,0.85851,0.1232,0.70464,0.84735,0.5922,4.7888,15.8333,3.363,196.693,0.0,0.0,0.0,0.0,0,0,0,0,0,0
PAIR_NEG_000562,FRAG_000601,FRAG_000676,sample_pdf_017.pdf,sample_pdf_020.pdf,pdf,pdf,1,0,6.0,6.5,25.5,0,1,0,0.99475,0.0243,0.10844,0.99436,0.0411,4.5271,0.9305,0.2768,15.2524,0.0,0.0,0.0,0.0,0,0,0,0,0,0
PAIR_POS_000964,FRAG_001039,FRAG_001040,sample_text_001.json,sample_text_001.json,text,text,1,1,3.0,36.5,51.625,0,1,0,0.99967,0.00605,0.03419,0.99965,0.009,4.9781,0.4162,0.0034,0.2419,0.0,0.0,0.0,0.0,0,0,0,0,0,0
PAIR_NEG_000471,FRAG_000942,FRAG_000853,sample_png_017.png,sample_png_007.png,png,png,1,0,161.0,76.25,76.5625,0,0,0,0.94824,0.02068,0.26266,0.04698,0.0022,7.958,0.6614,0.8062,119.3992,0.0029,0.0015,0.0064,0.0035,0,0,0,0,0,0
PAIR_NEG_000058,FRAG_001020,FRAG_001008,sample_png_025.png,sample_png_024.png,png,png,1,0,85.0,98.75,101.25,0,0,0,0.94399,0.02154,0.27729,0.0214,0.0022,7.9552,0.9783,1.4957,220.9014,0.002,0.002,0.0078,0.0112,0,0,0,0,0,0
PAIR_POS_001455,FRAG_001573,FRAG_001574,sample_zip_019.zip,sample_zip_019.zip,zip,zip,1,1,99.0,84.25,100.4375,0,0,0,0.94459,0.02146,0.26942,0.07805,0.0089,7.9528,1.7134,0.7647,113.3585,0.0027,0.0022,0.0071,0.009,1,0,0,0,0,0
PAIR_NEG_001242,FRAG_000748,FRAG_000020,sample_pdf_023.pdf,sample_jpeg_002.jpeg,pdf,jpeg,0,0,39.0,64.25,62.375,0,1,0,0.28132,0.22122,1.66104,0.0781,3.2813,6.3086,34.7813,44.698,4587.0913,0.6011,0.0095,0.488,0.1086,0,0,0,0,0,0
PAIR_POS_001402,FRAG_001515,FRAG_001516,sample_zip_014.zip,sample_zip_014.zip,zip,zip,1,1,17.0,69.5,91.375,0,0,0,0.93805,0.02269,0.29542,-0.0342,0.0047,7.9529,0.6289,0.0701,10.392,0.0004,0.0034,0.0056,0.0027,1,0,0,0,0,0
PAIR_POS_000636,FRAG_000680,FRAG_000681,sample_pdf_020.pdf,sample_pdf_020.pdf,pdf,pdf,1,1,5.0,23.75,17.25,0,1,0,0.99991,0.00322,0.01369,0.99991,0.0117,4.5101,0.143,0.0587,3.2283,0.0,0.0,0.0,0.0,0,0,0,0,0,0
PAIR_POS_000934,FRAG_001007,FRAG_001008,sample_png_024.png,sample_png_024.png,png,png,1,1,33.0,80.5,104.375,0,1,0,0.9435,0.02165,0.2828,0.02766,0.0031,7.9547,0.8906,0.92,135.3341,0.0183,0.0017,0.0112,0.0066,1,0,0,0,0,0
PAIR_POS_000200,FRAG_000225,FRAG_000226,sample_pdf_001.pdf,sample_pdf_001.pdf,pdf,pdf,1,1,9.0,11.25,24.125,0,1,0,0.99778,0.01665,0.08787,0.99763,0.1666,4.6005,1.9473,1.5742,89.507,0.002,0.0,0.002,0.0,0,1,0,1,0,0
PAIR_POS_000960,FRAG_001035,FRAG_001036,sample_text_001.json,sample_text_001.json,text,text,1,1,12.0,36.0,29.8125,0,1,0,0.99934,0.00839,0.04242,0.99929,0.0175,4.984,0.2867,0.0793,5.6291,0.0,0.0,0.0,0.0,0,0,0,0,0,0
PAIR_POS_001431,FRAG_001547,FRAG_001548,sample_zip_017.zip,sample_zip_017.zip,zip,zip,1,1,112.0,102.5,98.375,0,0,0,0.95076,0.02013,0.25526,0.02303,0.0019,7.9612,0.1257,0.1389,20.744,0.0019,0.0008,0.0015,0.0017,1,0,0,0,0,0
PAIR_NEG_000372,FRAG_001565,FRAG_001493,sample_zip_018.zip,sample_zip_013.zip,zip,zip,1,0,23.0,94.5,59.25,0,1,0,0.9407,0.02223,0.28308,0.04829,0.0022,7.9516,1.2658,0.3005,44.4,0.0185,0.0013,0.0137,0.0046,1,0,0,0,0,0
PAIR_NEG_000132,FRAG_000177,FRAG_000039,sample_jpeg_019.jpg,sample_jpeg_004.jpeg,jpeg,jpeg,1,0,1.0,58.5,80.25,0,0,0,0.94629,0.02117,0.27145,0.15686,0.0032,7.9515,2.5952,0.651,96.6063,0.0137,0.0005,0.0146,0.0005,0,0,0,0,0,0
PAIR_NEG_000153,FRAG_000496,FRAG_000264,sample_pdf_012.pdf,sample_pdf_002.pdf,pdf,pdf,1,0,73.0,23.5,17.25,0,1,0,0.99819,0.01441,0.06836,0.99806,0.0169,4.508,0.435,0.2702,14.7973,0.0,0.0,0.0,0.0,0,0,0,0,0,0
PAIR_POS_000191,FRAG_000215,FRAG_000216,sample_jpeg_025.jpg,sample_jpeg_025.jpg,jpeg,jpeg,1,1,141.0,99.5,83.3125,0,0,0,0.94357,0.0217,0.27583,0.10827,0.0079,7.9522,1.6904,0.8613,128.3312,0.0166,0.0019,0.0178,0.0013,0,0,0,0,0,0
PAIR_POS_000270,FRAG_000297,FRAG_000298,sample_pdf_003.pdf,sample_pdf_003.pdf,pdf,pdf,1,1,1.0,19.25,26.1875,0,1,0,0.99977,0.00513,0.0244,0.99975,0.0063,4.5412,0.0493,0.0658,3.6593,0.0,0.0,0.0,0.0,0,0,0,0,0,0
PAIR_POS_001163,FRAG_001253,FRAG_001254,sample_text_016.json,sample_text_016.json,text,text,1,1,39.0,26.0,43.3125,0,1,0,0.99958,0.00694,0.03507,0.99955,0.0206,4.9761,0.3142,0.2246,15.9376,0.0,0.0,0.0,0.0,0,0,0,0,0,0
PAIR_NEG_000660,FRAG_000977,FRAG_000853,sample_png_021.png,sample_png_007.png,png,png,1,0,113.0,71.5,76.5,0,0,0,0.93517,0.02318,0.29148,-0.1257,0.0037,7.955,0.6731,0.085,12.5069,0.0034,0.001,0.0088,0.0039,0,0,0,0,0,0
PAIR_NEG_000907,FRAG_000395,FRAG_000961,sample_pdf_008.pdf,sample_png_019.png,pdf,png,0,0,78.0,74.75,74.875,0,0,0,0.24952,0.23037,1.70508,-0.02169,3.4105,6.2476,34.4766,46.4533,4758.3638,0.6216,0.0039,0.5054,0.1135,0,0,0,0,0,0
PAIR_NEG_001319,FRAG_001407,FRAG_000996,sample_zip_005.zip,sample_png_023.png,zip,png,0,0,56.0,73.25,87.125,0,0,0,0.94552,0.02128,0.26854,0.09038,0.003,7.955,2.8638,0.1448,21.5592,0.0227,0.0008,0.0281,0.0039,0,0,0,0,0,1
PAIR_NEG_001146,FRAG_000441,FRAG_001468,sample_pdf_009.pdf,sample_zip_011.zip,pdf,zip,0,0,40.0,99.25,74.75,0,1,0,0.27398,0.22732,1.71191,0.07483,3.4337,6.2401,29.6987,46.2043,4671.3507,0.6011,0.0054,0.4783,0.1189,1,0,0,0,0,0
PAIR_NEG_000806,FRAG_000153,FRAG_001387,sample_jpeg_017.jpg,sample_zip_003.zip,jpeg,zip,0,0,36.0,56.5,89.75,0,0,0,0.94058,0.02223,0.28174,0.00574,0.0109,7.9539,1.7141,1.2621,185.9682,0.0041,0.0029,0.0149,0.0115,1,0,0,0,0,0
PAIR_POS_001093,FRAG_001179,FRAG_001180,sample_text_012.log,sample_text_012.log,text,text,1,1,17.0,49.5,46.625,0,1,0,0.99965,0.0052,0.02194,0.99961,0.0051,5.1037,0.0112,0.045,2.7763,0.0,0.0,0.0,0.0,0,0,0,0,0,0
PAIR_NEG_000146,FRAG_000874,FRAG_001006,sample_png_009.png,sample_png_024.png,png,png,1,0,5.0,42.25,111.625,0,0,0,0.94618,0.02106,0.26309,-0.04383,0.0073,7.9598,1.5903,0.2504,36.9254,0.0098,0.0039,0.0083,0.0005,1,0,0,0,0,1
PAIR_POS_001374,FRAG_001485,FRAG_001486,sample_zip_012.zip,sample_zip_012.zip,zip,zip,1,1,221.0,92.5,75.8125,0,0,0,0.94074,0.02221,0.28815,0.02632,0.0117,7.9535,0.5662,0.3353,49.8222,0.0063,0.002,0.0075,0.0022,0,0,0,0,0,0
PAIR_NEG_000042,FRAG_000221,FRAG_000029,sample_jpeg_025.jpg,sample_jpeg_003.jpg,jpeg,jpeg,1,0,8.0,60.0,88.875,0,1,0,0.94059,0.02225,0.28372,0.04808,0.0017,7.952,2.1015,0.0825,12.373,0.007,0.0017,0.0159,0.0071,0,0,0,0,0,0
PAIR_POS_001461,FRAG_001580,FRAG_001581,sample_zip_020.zip,sample_zip_020.zip,zip,zip,1,1,32.0,65.25,78.25,0,0,0,0.93182,0.02386,0.30163,-0.06844,0.0075,7.9503,1.9379,0.9034,133.3839,0.0075,0.0049,0.0076,0.0007,1,0,0,0,0,0
PAIR_POS_000406,FRAG_000439,FRAG_000440,sample_pdf_009.pdf,sample_pdf_009.pdf,pdf,pdf,1,1,22.0,36.25,18.125,0,1,0,0.9997,0.00599,0.03029,0.99968,0.0295,4.5271,0.4475,0.3207,17.6239,0.0,0.0,0.0,0.0,0,0,0,0,0,0
PAIR_NEG_000163,FRAG_000955,FRAG_000876,sample_png_018.png,sample_png_009.png,png,png,1,0,50.0,85.25,95.0625,0,1,0,0.94088,0.02215,0.28476,-0.00765,0.0019,7.9548,1.8577,0.6721,98.7989,0.0051,0.0007,0.0027,0.0064,0,0,0,0,0,0
PAIR_POS_000681,FRAG_000727,FRAG_000728,sample_pdf_022.pdf,sample_pdf_022.pdf,pdf,pdf,1,1,49.0,34.25,23.5,0,1,0,0.9991,0.01034,0.04934,0.99904,0.0327,4.5354,0.5889,0.2114,11.6963,0.0,0.0,0.0,0.0,0,0,0,0,0,0
PAIR_NEG_001111,FRAG_000958,FRAG_000315,sample_png_019.png,sample_pdf_005.pdf,png,pdf,0,0,51.0,59.25,66.0625,0,1,0,0.26786,0.22486,1.70311,0.03237,3.3771,6.2717,33.843,45.1855,4591.4532,0.6047,0.0034,0.4932,0.106,0,0,0,0,0,0
PAIR_POS_000729,FRAG_000778,FRAG_000779,sample_pdf_025.pdf,sample_pdf_025.pdf,pdf,pdf,1,1,76.0,22.25,37.125,0,1,0,0.99999,0.00139,0.0059,0.99999,0.0082,4.4939,0.0926,0.0542,2.966,0.0,0.0,0.0,0.0,0,0,0,0,0,0
PAIR_NEG_000599,FRAG_000092,FRAG_000202,sample_jpeg_011.jpeg,sample_jpeg_023.jpeg,jpeg,jpeg,1,0,166.0,88.0,83.4375,0,0,0,0.94666,0.02106,0.26465,0.12033,0.0039,7.9541,1.3525,1.681,251.5342,0.0017,0.0024,0.0036,0.0017,1,1,0,1,0,0
PAIR_POS_000914,FRAG_000984,FRAG_000985,sample_png_021.png,sample_png_021.png,png,png,1,1,64.0,70.75,55.875,0,0,0,0.9397,0.02241,0.28511,0.02607,0.0089,7.9518,0.9519,1.3677,201.8626,0.022,0.0005,0.0144,0.0068,1,0,0,0,0,0
PAIR_NEG_000682,FRAG_000082,FRAG_000062,sample_jpeg_010.jpg,sample_jpeg_008.jpeg,jpeg,jpeg,1,0,127.0,102.75,95.6875,0,0,0,0.946,0.02117,0.26751,0.08394,0.0012,7.9545,3.4047,0.036,5.3365,0.0161,0.0017,0.0188,0.0042,0,0,0,0,0,0
PAIR_POS_001414,FRAG_001528,FRAG_001529,sample_zip_015.zip,sample_zip_015.zip,zip,zip,1,1,85.0,127.5,98.0,0,0,0,0.51226,0.10331,0.54201,0.03383,0.5035,7.7075,23.2417,3.371,507.0309,0.0272,0.0969,0.1296,0.0989,15,0,1,0,1,0
PAIR_NEG_000201,FRAG_001233,FRAG_001194,sample_text_015.json,sample_text_013.csv,text,text,1,0,9.0,34.0,36.0625,0,1,0,0.38054,0.24472,1.17094,0.32584,0.0914,4.9496,6.0678,11.4579,679.3429,0.0,0.0,0.0,0.0,1,0,0,0,0,0
PAIR_NEG_001124,FRAG_001335,FRAG_000669,sample_text_022.log,sample_pdf_019.pdf,text,pdf,0,0,4.0,39.5,50.375,0,1,0,0.8532,0.12366,0.72462,0.84122,0.5736,4.8053,15.9102,3.4223,199.8308,0.0,0.0,0.0,0.0,1,0,0,0,0,0
PAIR_POS_001214,FRAG_001308,FRAG_001309,sample_text_020.txt,sample_text_020.txt,text,text,1,1,1.0,26.25,41.9375,0,1,0,0.99952,0.0063,0.02633,0.99947,0.0259,5.1056,0.1245,0.0673,4.1544,0.0,0.0,0.0,0.0,1,0,0,0,0,0
PAIR_NEG_001060,FRAG_001480,FRAG_000214,sample_zip_011.zip,sample_jpeg_025.jpg,zip,jpeg,0,0,255.0,232.5,131.625,0,0,0,0.94311,0.02187,0.26655,0.19554,0.0003,7.9482,2.961,0.9924,149.1938,0.0017,0.0027,0.0127,0.0109,14,0,0,0,0,1
PAIR_POS_001221,FRAG_001315,FRAG_001316,sample_text_020.txt,sample_text_020.txt,text,text,1,1,14.0,11.75,40.8125,0,1,0,0.99945,0.00655,0.02681,0.99939,0.0139,5.1028,0.0935,0.0429,2.6495,0.0,0.0,0.0,0.0,1,0,0,0,0,0
PAIR_NEG_001157,FRAG_001317,FRAG_001612,sample_text_020.txt,sample_zip_023.zip,text,zip,0,0,161.0,86.25,71.1875,0,0,0,0.28417,0.19011,1.6378,-0.08317,2.8659,6.5156,46.0937,44.1371,4681.1866,0.6255,0.0042,0.4929,0.1301,0,0,0,0,0,0
PAIR_NEG_001018,FRAG_000838,FRAG_001560,sample_png_006.png,sample_zip_018.zip,png,zip,0,0,85.0,104.25,90.25,0,0,0,0.93831,0.02265,0.28372,-0.01456,0.0039,7.952,0.3448,1.2495,183.3703,0.0017,0.0003,0.0041,0.0069,0,0,0,0,1,0
PAIR_POS_000803,FRAG_000860,FRAG_000861,sample_png_008.png,sample_png_008.png,png,png,1,1,213.0,83.25,72.125,0,0,0,0.93919,0.02247,0.27553,-0.02666,0.0016,7.9548,0.0713,1.7154,254.3434,0.0227,0.0044,0.0039,0.0218,0,0,0,0,0,0
PAIR_POS_000874,FRAG_000940,FRAG_000941,sample_png_017.png,sample_png_017.png,png,png,1,1,192.0,108.0,111.0625,0,0,0,0.93616,0.02301,0.28845,-0.10121,0.0016,7.9552,0.0882,0.3543,52.1187,0.0024,0.0,0.0029,0.0013,0,0,0,0,0,0
PAIR_POS_000177,FRAG_000198,FRAG_000199,sample_jpeg_022.jpg,sample_jpeg_022.jpg,jpeg,jpeg,1,1,61.0,128.75,81.6875,0,0,0,0.9395,0.02248,0.29053,0.06896,0.0024,7.9509,2.3571,0.1561,23.2146,0.0025,0.001,0.0105,0.0095,0,0,0,0,0,0
PAIR_POS_000111,FRAG_000125,FRAG_000126,sample_jpeg_015.jpeg,sample_jpeg_015.jpeg,jpeg,jpeg,1,1,205.0,82.25,78.25,0,0,0,0.94268,0.02189,0.27724,0.12428,0.001,7.9509,4.3906,1.0726,160.4874,0.0005,0.0031,0.0195,0.0193,1,1,0,1,0,0
PAIR_POS_000786,FRAG_000841,FRAG_000842,sample_png_006.png,sample_png_006.png,png,png,1,1,149.0,63.0,86.9375,0,0,0,0.93834,0.02264,0.29134,-0.03212,0.0085,7.9539,1.8427,1.192,175.4407,0.0086,0.0005,0.0073,0.0161,0,0,0,0,0,0
PAIR_POS_000217,FRAG_000242,FRAG_000243,sample_pdf_001.pdf,sample_pdf_001.pdf,pdf,pdf,1,1,79.0,40.5,34.5625,0,1,0,0.99987,0.00389,0.01759,0.99986,0.0094,4.5442,0.2137,0.0884,4.9036,0.0,0.0,0.0,0.0,0,0,0,0,0,0
PAIR_NEG_000509,FRAG_000566,FRAG_000397,sample_pdf_016.pdf,sample_pdf_008.pdf,pdf,pdf,1,0,4.0,33.5,33.0625,0,1,0,0.99292,0.02925,0.1406,0.99244,0.1389,4.5191,2.6045,1.2463,69.5304,0.0,0.0,0.0,0.0,0,0,0,0,0,0
PAIR_POS_001384,FRAG_001496,FRAG_001497,sample_zip_013.zip,sample_zip_013.zip,zip,zip,1,1,33.0,82.25,74.75,0,0,0,0.94019,0.02236,0.28751,0.08131,0.0006,7.9491,1.7466,0.0246,3.6949,0.0044,0.0026,0.0073,0.0015,1,0,0,0,0,0
PAIR_NEG_000813,FRAG_000532,FRAG_001165,sample_pdf_014.pdf,sample_text_011.json,pdf,text,0,0,5.0,5.5,50.375,0,1,0,0.74509,0.16507,0.84471,0.72499,0.3462,4.8128,24.6013,6.8764,439.6881,0.0,0.0,0.0,0.0,2,0,0,0,0,0
PAIR_POS_000965,FRAG_001040,FRAG_001041,sample_text_001.json,sample_text_001.json,text,text,1,1,2.0,3.25,53.8125,0,1,0,0.99966,0.00599,0.03417,0.99964,0.0134,4.9893,0.4265,0.0791,5.611,0.0,0.0,0.0,0.0,0,0,0,0,0,0
PAIR_POS_000060,FRAG_000067,FRAG_000068,sample_jpeg_008.jpeg,sample_jpeg_008.jpeg,jpeg,jpeg,1,1,71.0,88.5,70.0625,0,0,0,0.94415,0.02156,0.27728,0.0834,0.0075,7.9528,0.1269,0.3753,55.8207,0.0103,0.0027,0.0039,0.0041,0,0,0,0,0,0
PAIR_POS_000267,FRAG_000294,FRAG_000295,sample_pdf_003.pdf,sample_pdf_003.pdf,pdf,pdf,1,1,2.0,22.25,28.9375,0,1,0,0.9971,0.01814,0.09322,0.99689,0.0713,4.5739,0.622,0.324,18.1799,0.0,0.0,0.0,0.0,0,0,0,0,0,0
PAIR_POS_000104,FRAG_000116,FRAG_000117,sample_jpeg_013.jpeg,sample_jpeg_013.jpeg,jpeg,jpeg,1,1,173.0,67.25,94.6875,0,0,0,0.95031,0.0203,0.2597,0.14268,0.0079,7.9558,3.0105,0.3167,46.7092,0.0053,0.0005,0.0156,0.0088,0,0,0,0,0,0
PAIR_NEG_001126,FRAG_000644,FRAG_001505,sample_pdf_019.pdf,sample_zip_014.zip,pdf,zip,0,0,34.0,53.25,76.6875,0,0,0,0.26708,0.22636,1.69926,0.04064,3.3635,6.266,33.3259,45.0121,4547.2931,0.6191,0.0078,0.5059,0.1089,1,0,0,0,0,0
PAIR_POS_001108,FRAG_001195,FRAG_001196,sample_text_013.csv,sample_text_013.csv,text,text,1,1,13.0,30.5,22.875,0,1,0,0.99606,0.01885,0.07773,0.99568,0.0017,4.8911,0.0362,0.1901,9.1434,0.0,0.0,0.0,0.0,0,0,1,0,0,0
PAIR_NEG_001006,FRAG_000286,FRAG_000203,sample_pdf_003.pdf,sample_jpeg_023.jpeg,pdf,jpeg,0,0,9.0,35.0,52.125,0,1,0,0.25312,0.23256,1.72221,0.00465,3.4793,6.2134,30.9267,46.8854,4755.274,0.6226,0.0076,0.5,0.1191,1,0,0,0,0,0
PAIR_NEG_001121,FRAG_001023,FRAG_000609,sample_png_025.png,sample_pdf_018.pdf,png,pdf,0,0,28.0,57.75,81.9375,0,1,0,0.25712,0.22747,1.70949,0.00401,3.3991,6.2455,30.5481,46.1126,4685.8618,0.6125,0.0054,0.488,0.1196,0,0,0,0,0,0
PAIR_POS_001256,FRAG_001354,FRAG_001355,sample_text_024.txt,sample_text_024.txt,text,text,1,1,8.0,43.0,29.125,0,1,0,0.99953,0.00605,0.02435,0.99947,0.0065,5.111,0.0039,0.0314,1.9388,0.0,0.0,0.0,0.0,0,0,0,0,0,0
PAIR_NEG_001483,FRAG_001115,FRAG_000108,sample_text_008.json,sample_jpeg_012.jpg,text,jpeg,0,0,110.0,76.25,94.5,0,0,0,0.24265,0.22374,1.60299,-0.07664,2.9749,6.4602,58.2261,39.1704,4310.6314,0.6206,0.01,0.4988,0.1165,2,0,0,0,0,0
PAIR_NEG_000624,FRAG_000953,FRAG_000907,sample_png_018.png,sample_png_013.png,png,png,1,0,113.0,111.5,73.6875,0,0,0,0.94041,0.02223,0.28648,-0.02888,0.0004,7.9545,0.3179,0.3002,44.0981,0.0029,0.0005,0.0014,0.0032,0,0,0,0,0,0
PAIR_POS_000351,FRAG_000382,FRAG_000383,sample_pdf_007.pdf,sample_pdf_007.pdf,pdf,pdf,1,1,73.0,26.75,25.8125,0,1,0,0.99989,0.00369,0.01617,0.99988,0.0152,4.5012,0.2242,0.1439,7.8815,0.0,0.0,0.0,0.0,0,0,0,0,0,0
PAIR_POS_000502,FRAG_000540,FRAG_000541,sample_pdf_014.pdf,sample_pdf_014.pdf,pdf,pdf,1,1,15.0,24.25,26.0625,0,1,0,0.99988,0.00373,0.01562,0.99987,0.0007,4.5092,0.0376,0.0139,0.7625,0.0,0.0,0.0,0.0,0,0,0,0,0,0
PAIR_POS_001176,FRAG_001267,FRAG_001268,sample_text_017.txt,sample_text_017.txt,text,text,1,1,6.0,5.0,21.125,0,1,0,0.99898,0.00895,0.03811,0.99886,0.0182,5.1045,0.0158,0.0361,2.2247,0.0,0.0,0.0,0.0,0,0,0,0,0,0
PAIR_POS_000581,FRAG_000623,FRAG_000624,sample_pdf_018.pdf,sample_pdf_018.pdf,pdf,pdf,1,1,2.0,24.5,23.5,0,1,0,0.99957,0.00719,0.03174,0.99954,0.03,4.4937,0.5264,0.2076,11.3313,0.0,0.0,0.0,0.0,0,0,0,0,0,0
PAIR_NEG_000135,FRAG_000267,FRAG_000540,sample_pdf_002.pdf,sample_pdf_014.pdf,pdf,pdf,1,0,43.0,44.5,27.9375,0,1,0,0.99939,0.00832,0.04252,0.99935,0.0117,4.503,0.3608,0.221,12.0979,0.0,0.0,0.0,0.0,0,0,0,0,0,0
PAIR_POS_001443,FRAG_001560,FRAG_001561,sample_zip_018.zip,sample_zip_018.zip,zip,zip,1,1,94.0,85.25,81.875,0,0,0,0.92967,0.0242,0.30614,-0.13655,0.0027,7.9514,0.123,0.0171,2.5253,0.0068,0.0034,0.0073,0.0007,1,0,0,0,0,1
PAIR_NEG_000420,FRAG_000851,FRAG_000909,sample_png_007.png,sample_png_013.png,png,png,1,0,46.0,90.25,74.8125,0,1,0,0.93706,0.02291,0.29732,-0.00385,0.0036,7.9516,0.7618,1.2023,177.1146,0.013,0.001,0.0086,0.0063,0,0,0,0,0,0
PAIR_POS_000290,FRAG_000319,FRAG_000320,sample_pdf_005.pdf,sample_pdf_005.pdf,pdf,pdf,1,1,8.0,29.25,32.0,0,1,0,0.99991,0.00318,0.01368,0.99991,0.0107,4.5133,0.1462,0.0751,4.1323,0.0,0.0,0.0,0.0,0,0,0,0,0,0
PAIR_POS_000556,FRAG_000597,FRAG_000598,sample_pdf_017.pdf,sample_pdf_017.pdf,pdf,pdf,1,1,68.0,23.5,19.75,0,1,0,0.99996,0.00207,0.00874,0.99996,0.0057,4.5518,0.0415,0.0268,1.4845,0.0,0.0,0.0,0.0,0,0,0,0,0,0
PAIR_POS_000653,FRAG_000697,FRAG_000698,sample_pdf_020.pdf,sample_pdf_020.pdf,pdf,pdf,1,1,1.0,20.5,20.8125,0,1,0,0.99814,0.01466,0.06302,0.99801,0.0243,4.4981,0.3919,0.1258,6.9288,0.0,0.0,0.0,0.0,0,0,0,0,0,0
PAIR_POS_001126,FRAG_001215,FRAG_001216,sample_text_015.json,sample_text_015.json,text,text,1,1,11.0,22.75,43.1875,0,1,0,0.99941,0.00788,0.04149,0.99936,0.0011,4.9947,0.2737,0.0215,1.5236,0.0,0.0,0.0,0.0,0,0,0,0,0,0
PAIR_POS_000718,FRAG_000766,FRAG_000767,sample_pdf_024.pdf,sample_pdf_024.pdf,pdf,pdf,1,1,3.0,4.5,25.1875,0,1,0,0.97875,0.04929,0.17708,0.9772,0.21,4.6112,4.8789,2.9123,169.3673,0.0,0.0,0.0,0.0,8,0,1,0,1,0
PAIR_NEG_001077,FRAG_000166,FRAG_000527,sample_jpeg_018.jpeg,sample_pdf_014.pdf,jpeg,pdf,0,0,92.0,67.25,92.875,0,0,0,0.24908,0.22565,1.67556,-0.04068,3.2926,6.3028,33.0554,45.1468,4640.3512,0.6066,0.0085,0.4909,0.1108,1,0,0,0,0,1
PAIR_POS_000424,FRAG_000459,FRAG_000460,sample_pdf_011.pdf,sample_pdf_011.pdf,pdf,pdf,1,1,17.0,9.0,11.0625,0,1,0,0.99914,0.00996,0.0571,0.99908,0.0492,4.5158,0.3754,0.2914,16.1325,0.0,0.0,0.0,0.0,0,0,0,0,0,0
PAIR_POS_000210,FRAG_000235,FRAG_000236,sample_pdf_001.pdf,sample_pdf_001.pdf,pdf,pdf,1,1,9.0,9.0,16.75,0,1,0,0.99931,0.00902,0.03763,0.99926,0.0187,4.5051,0.187,0.0236,1.2953,0.0,0.0,0.0,0.0,0,0,0,0,0,0
PAIR_POS_001053,FRAG_001136,FRAG_001137,sample_text_009.txt,sample_text_009.txt,text,text,1,1,13.0,23.75,40.625,0,1,0,0.99957,0.00575,0.02443,0.99953,0.0064,5.1087,0.0715,0.039,2.4038,0.0,0.0,0.0,0.0,0,0,0,0,0,0
PAIR_POS_001147,FRAG_001236,FRAG_001237,sample_text_015.json,sample_text_015.json,text,text,1,1,9.0,22.0,28.5,0,1,0,0.99267,0.02772,0.14086,0.99207,0.0639,4.9688,0.9531,0.0511,3.6146,0.0,0.0,0.0,0.0,0,0,1,0,0,0
PAIR_POS_001276,FRAG_001376,FRAG_001377,sample_zip_001.zip,sample_zip_001.zip,zip,zip,1,1,119.0,67.75,80.1875,0,0,0,0.92926,0.0243,0.31193,-0.10613,0.0017,7.9499,0.3604,1.11,164.4189,0.0044,0.0029,0.0039,0.0074,1,0,0,0,0,0
PAIR_NEG_000626,FRAG_000020,FRAG_000172,sample_jpeg_002.jpeg,sample_jpeg_019.jpg,jpeg,jpeg,1,0,110.0,109.25,70.25,0,0,0,0.94297,0.02181,0.27431,0.09654,0.0049,7.9517,1.5804,0.5709,84.4218,0.009,0.001,0.0008,0.0098,0,0,0,0,0,0
PAIR_POS_000063,FRAG_000071,FRAG_000072,sample_jpeg_009.jpeg,sample_jpeg_009.jpeg,jpeg,jpeg,1,1,27.0,83.5,70.375,0,1,0,0.93283,0.02375,0.30026,0.03128,0.0024,7.9463,1.0579,1.5717,235.6053,0.0012,0.0007,0.0049,0.0017,0,0,0,0,0,0
PAIR_POS_000469,FRAG_000505,FRAG_000506,sample_pdf_012.pdf,sample_pdf_012.pdf,pdf,pdf,1,1,15.0,9.75,21.0,0,1,0,0.999,0.01094,0.0556,0.99893,0.0893,4.5527,0.9566,0.6884,38.296,0.0,0.0,0.0,0.0,0,0,0,0,0,0
PAIR_POS_001121,FRAG_001210,FRAG_001211,sample_text_015.json,sample_text_015.json,text,text,1,1,3.0,14.0,30.1875,0,1,0,0.99944,0.00775,0.03612,0.99939,0.0056,4.9982,0.0053,0.1266,8.9578,0.0,0.0,0.0,0.0,0,0,0,0,0,0
PAIR_NEG_001322,FRAG_001417,FRAG_001203,sample_zip_006.zip,sample_text_014.txt,zip,text,0,0,86.0,94.5,91.1875,0,0,0,0.30589,0.18681,1.61182,-0.01164,2.8454,6.5295,48.9036,43.0001,4503.8655,0.6179,0.0066,0.502,0.1121,1,0,0,0,0,0
PAIR_NEG_000608,FRAG_001573,FRAG_001612,sample_zip_019.zip,sample_zip_023.zip,zip,zip,1,0,75.0,83.5,87.3125,0,0,0,0.93912,0.02251,0.28547,0.00843,0.0087,7.9529,1.105,1.3596,202.3551,0.0139,0.0004,0.0027,0.0173,0,0,0,0,0,0
PAIR_POS_001117,FRAG_001206,FRAG_001207,sample_text_015.json,sample_text_015.json,text,text,1,1,6.0,35.25,34.9375,0,1,0,0.99908,0.00988,0.04048,0.999,0.0082,4.9883,0.1748,0.0111,0.7854,0.0,0.0,0.0,0.0,0,0,0,0,0,0
PAIR_NEG_001357,FRAG_000026,FRAG_000846,sample_jpeg_003.jpg,sample_png_007.png,jpeg,png,0,0,16.0,91.25,116.75,0,0,0,0.93798,0.02282,0.28429,0.094,0.0154,7.9481,4.3086,1.3842,206.3374,0.0044,0.0027,0.0251,0.0203,0,1,0,1,0,1
PAIR_NEG_000295,FRAG_000976,FRAG_000868,sample_png_021.png,sample_png_008.png,png,png,1,0,3.0,81.0,79.625,0,0,0,0.7698,0.0508,0.65116,0.0243,0.4805,7.7203,2.3001,1.5511,231.569,0.0258,0.0128,0.0046,0.0298,2,0,1,0,1,0
PAIR_NEG_001070,FRAG_000051,FRAG_001597,sample_jpeg_006.jpg,sample_zip_021.zip,jpeg,zip,0,0,169.0,72.5,82.375,0,0,0,0.94603,0.02124,0.2617,0.16723,0.01,7.9499,1.1911,0.4967,73.5317,0.0134,0.0024,0.0127,0.0022,0,0,0,0,0,0
PAIR_POS_001134,FRAG_001223,FRAG_001224,sample_text_015.json,sample_text_015.json,text,text,1,1,4.0,2.25,33.25,0,1,0,0.99929,0.00866,0.04102,0.99923,0.0068,4.9904,0.0527,0.0192,1.3607,0.0,0.0,0.0,0.0,0,0,0,0,0,0
PAIR_POS_001174,FRAG_001264,FRAG_001265,sample_text_016.json,sample_text_016.json,text,text,1,1,11.0,22.75,43.1875,0,1,0,0.99964,0.00617,0.02991,0.99961,0.006,4.9971,0.1793,0.0149,1.0562,0.0,0.0,0.0,0.0,0,0,1,0,0,0
PAIR_POS_000789,FRAG_000844,FRAG_000845,sample_png_006.png,sample_png_006.png,png,png,1,1,100.0,82.5,69.1875,0,0,0,0.7656,0.05111,0.63313,-0.00468,0.4416,7.7362,5.4576,0.4751,70.2182,0.0035,0.0089,0.02,0.0191,2,0,1,0,1,0
PAIR_POS_000822,FRAG_000881,FRAG_000882,sample_png_010.png,sample_png_010.png,png,png,1,1,78.0,101.5,80.1875,0,0,0,0.93679,0.02294,0.28998,-0.02325,0.0037,7.9526,3.4375,0.7245,106.8422,0.0154,0.0051,0.019,0.0012,1,1,0,1,0,0
PAIR_POS_001315,FRAG_001420,FRAG_001421,sample_zip_006.zip,sample_zip_006.zip,zip,zip,1,1,151.0,108.25,101.8125,0,0,0,0.94277,0.02184,0.27141,0.08064,0.0007,7.9527,2.1494,0.9567,141.1793,0.002,0.0025,0.0115,0.0127,1,0,0,0,0,0
PAIR_NEG_000679,FRAG_000983,FRAG_001016,sample_png_021.png,sample_png_025.png,png,png,1,0,103.0,96.5,102.1875,0,0,0,0.95162,0.02001,0.25583,0.13743,0.0034,7.9566,1.1228,0.1743,26.0563,0.0102,0.0037,0.0147,0.0025,0,0,0,0,0,0
PAIR_NEG_001362,FRAG_001556,FRAG_000548,sample_zip_017.zip,sample_pdf_014.pdf,zip,pdf,0,0,100.0,58.25,60.4375,0,0,0,0.26827,0.21753,1.6896,0.00203,3.2432,6.3272,38.7394,44.9485,4716.2266,0.6272,0.0044,0.5117,0.1104,8,0,1,0,1,0
PAIR_POS_000093,FRAG_000104,FRAG_000105,sample_jpeg_012.jpg,sample_jpeg_012.jpg,jpeg,jpeg,1,1,57.0,77.0,89.5625,0,0,0,0.9429,0.02183,0.27293,0.1114,0.0027,7.9508,3.0369,0.4305,64.1459,0.0024,0.0,0.0117,0.0098,0,0,0,0,0,0
PAIR_NEG_000899,FRAG_000182,FRAG_001132,sample_jpeg_020.jpg,sample_text_009.txt,jpeg,text,0,0,117.0,69.5,81.6875,0,0,0,0.30841,0.18719,1.61326,0.00322,2.8568,6.525,45.2415,43.8099,4626.2993,0.6172,0.009,0.4878,0.1248,0,1,0,1,0,0
PAIR_POS_000423,FRAG_000458,FRAG_000459,sample_pdf_011.pdf,sample_pdf_011.pdf,pdf,pdf,1,1,6.0,17.75,19.3125,0,1,0,0.99863,0.01317,0.06293,0.99854,0.1,4.4904,1.1794,0.8876,48.6035,0.0,0.0,0.0,0.0,0,0,0,0,0,0
PAIR_POS_000189,FRAG_000212,FRAG_000213,sample_jpeg_024.jpeg,sample_jpeg_024.jpeg,jpeg,jpeg,1,1,75.0,58.25,81.5625,0,1,0,0.94325,0.02178,0.28591,0.13239,0.0035,7.9489,1.3212,0.0228,3.4142,0.0147,0.0003,0.0175,0.0021,0,0,1,0,1,0
PAIR_NEG_000401,FRAG_000631,FRAG_000795,sample_pdf_018.pdf,sample_pdf_025.pdf,pdf,pdf,1,0,67.0,53.75,50.3125,0,1,0,0.90221,0.10256,0.30168,0.89455,0.0494,4.6308,6.412,3.6154,218.3013,0.0,0.0,0.0,0.0,8,0,1,0,1,0
PAIR_NEG_000761,FRAG_001173,FRAG_000263,sample_text_011.json,sample_pdf_002.pdf,text,pdf,0,0,19.0,57.75,42.5625,0,1,0,0.73543,0.16937,0.88285,0.71487,0.4239,4.7805,25.9217,7.5755,480.419,0.0,0.0,0.0,0.0,2,0,0,0,0,0
PAIR_POS_000357,FRAG_000388,FRAG_000389,sample_pdf_007.pdf,sample_pdf_007.pdf,pdf,pdf,1,1,1.0,23.75,22.75,0,1,0,0.96731,0.06025,0.18874,0.96483,0.1636,4.5827,5.1068,3.2555,188.8151,0.0,0.0,0.0,0.0,8,0,1,0,1,0
PAIR_POS_000181,FRAG_000203,FRAG_000204,sample_jpeg_023.jpeg,sample_jpeg_023.jpeg,jpeg,jpeg,1,1,37.0,49.0,61.5,0,0,0,0.91451,0.02722,0.34768,0.07711,0.0575,7.9243,0.7872,0.6026,89.7262,0.0157,0.0001,0.0146,0.0004,1,0,1,0,1,0
PAIR_POS_001274,FRAG_001374,FRAG_001375,sample_zip_001.zip,sample_zip_001.zip,zip,zip,1,1,83.0,91.5,112.8125,0,0,0,0.93852,0.02257,0.29685,-0.07325,0.007,7.9561,0.6587,0.1833,27.0186,0.0032,0.0017,0.0049,0.0005,1,0,0,0,0,0
PAIR_POS_000017,FRAG_000018,FRAG_000019,sample_jpeg_002.jpeg,sample_jpeg_002.jpeg,jpeg,jpeg,1,1,17.0,58.75,87.4375,0,1,0,0.94344,0.02172,0.27969,0.10682,0.0087,7.9519,1.2292,0.7668,113.4715,0.0035,0.0012,0.0078,0.0119,0,0,0,0,0,0
PAIR_POS_000475,FRAG_000511,FRAG_000512,sample_pdf_012.pdf,sample_pdf_012.pdf,pdf,pdf,1,1,1.0,10.5,22.9375,0,1,0,0.99969,0.00589,0.02591,0.99967,0.0104,4.5343,0.2728,0.1696,9.392,0.0,0.0,0.0,0.0,0,0,0,0,0,0
PAIR_NEG_000846,FRAG_001561,FRAG_001055,sample_zip_018.zip,sample_text_002.txt,zip,text,0,0,121.0,108.25,86.5625,0,0,0,0.29081,0.18786,1.61725,-0.07537,2.849,6.5283,47.2869,43.1329,4524.8723,0.6162,0.0066,0.4988,0.115,0,0,0,0,0,0
PAIR_NEG_000370,FRAG_001580,FRAG_001462,sample_zip_020.zip,sample_zip_010.zip,zip,zip,1,0,144.0,145.25,105.875,0,0,0,0.71879,0.05811,0.41101,-0.05159,0.1916,7.8582,6.6928,2.632,393.1717,0.0037,0.0508,0.045,0.0486,15,0,1,0,1,0
PAIR_POS_000150,FRAG_000167,FRAG_000168,sample_jpeg_018.jpeg,sample_jpeg_018.jpeg,jpeg,jpeg,1,1,50.0,90.0,79.4375,0,0,0,0.94404,0.02151,0.27419,-0.01431,0.0007,7.9577,0.1096,0.873,128.5206,0.0151,0.0008,0.0017,0.0115,0,0,0,0,0,0
PAIR_POS_000841,FRAG_000903,FRAG_000904,sample_png_013.png,sample_png_013.png,png,png,1,1,74.0,92.25,91.375,0,0,0,0.94152,0.02205,0.28506,0.03658,0.0026,7.9532,1.0298,0.7233,107.7718,0.0087,0.0037,0.011,0.0039,1,1,0,1,0,0
PAIR_POS_000544,FRAG_000585,FRAG_000586,sample_pdf_017.pdf,sample_pdf_017.pdf,pdf,pdf,1,1,8.0,8.5,20.1875,0,1,0,0.99987,0.00388,0.01662,0.99986,0.0086,4.4928,0.1108,0.092,5.0352,0.0,0.0,0.0,0.0,0,0,0,0,0,0
PAIR_POS_000403,FRAG_000436,FRAG_000437,sample_pdf_009.pdf,sample_pdf_009.pdf,pdf,pdf,1,1,66.0,24.75,26.8125,0,1,0,0.99923,0.00932,0.03856,0.99917,0.0113,4.5228,0.2173,0.1207,6.6305,0.0,0.0,0.0,0.0,0,0,0,0,0,0
PAIR_POS_000587,FRAG_000629,FRAG_000630,sample_pdf_018.pdf,sample_pdf_018.pdf,pdf,pdf,1,1,1.0,14.25,36.8125,0,1,0,0.99956,0.00697,0.02829,0.99953,0.012,4.6044,0.029,0.0262,1.484,0.0,0.0,0.0,0.0,0,0,0,0,0,0
PAIR_POS_001341,FRAG_001449,FRAG_001450,sample_zip_009.zip,sample_zip_009.zip,zip,zip,1,1,16.0,124.0,92.8125,0,0,0,0.94157,0.022,0.2803,-0.0312,0.0004,7.9565,0.3794,0.1519,22.3838,0.0059,0.0015,0.0076,0.0017,1,0,0,0,0,0
PAIR_POS_001272,FRAG_001372,FRAG_001373,sample_zip_001.zip,sample_zip_001.zip,zip,zip,1,1,110.0,71.25,96.375,0,0,0,0.94213,0.0219,0.27685,-0.00368,0.0014,7.955,0.3557,0.306,45.7479,0.0053,0.0,0.002,0.0034,1,0,0,0,0,0
PAIR_NEG_000469,FRAG_000335,FRAG_000583,sample_pdf_005.pdf,sample_pdf_017.pdf,pdf,pdf,1,0,5.0,28.5,57.75,0,1,0,0.99789,0.01653,0.09079,0.99776,0.1609,4.5855,1.596,1.2954,73.3512,0.002,0.0,0.002,0.0,0,0,0,0,0,1
PAIR_POS_001394,FRAG_001507,FRAG_001508,sample_zip_014.zip,sample_zip_014.zip,zip,zip,1,1,188.0,76.0,77.5625,0,0,0,0.9439,0.02152,0.2651,-0.05604,0.0006,7.9599,0.7981,1.2795,188.43,0.0071,0.0034,0.0002,0.0086,1,0,0,0,0,0
PAIR_POS_000780,FRAG_000835,FRAG_000836,sample_png_006.png,sample_png_006.png,png,png,1,1,115.0,89.25,85.25,0,0,0,0.93475,0.02334,0.29288,-0.01231,0.0014,7.9508,1.7271,0.9435,139.7878,0.0132,0.0046,0.01,0.0042,1,1,0,1,0,0
PAIR_NEG_001248,FRAG_000003,FRAG_001440,sample_jpeg_001.jpeg,sample_zip_008.zip,jpeg,zip,0,0,108.0,144.25,99.375,0,0,0,0.94069,0.0222,0.27635,0.01566,0.001,7.953,3.3901,0.0509,7.6447,0.0119,0.0053,0.0195,0.0085,0,0,0,0,0,0
PAIR_NEG_000537,FRAG_000085,FRAG_000025,sample_jpeg_010.jpg,sample_jpeg_002.jpeg,jpeg,jpeg,1,0,26.0,70.0,71.0625,0,0,0,0.65736,0.06986,0.92212,0.03033,0.9343,7.4787,2.5578,0.2105,31.1158,0.0292,0.0081,0.0127,0.0152,0,0,1,0,1,0
PAIR_NEG_001095,FRAG_000155,FRAG_000449,sample_jpeg_017.jpg,sample_pdf_010.pdf,jpeg,pdf,0,0,85.0,61.5,77.75,0,0,0,0.27557,0.22751,1.69828,0.08276,3.4228,6.243,33.3559,46.6027,4765.0403,0.6226,0.0068,0.4983,0.1204,1,0,0,0,0,0
PAIR_NEG_001177,FRAG_001546,FRAG_000837,sample_zip_017.zip,sample_png_006.png,zip,png,0,0,206.0,157.75,98.1875,0,0,0,0.93487,0.0232,0.29391,-0.18885,0.0057,7.9582,1.0721,0.2101,31.1735,0.0052,0.0007,0.0063,0.0117,0,0,0,0,0,0
PAIR_NEG_001265,FRAG_001063,FRAG_000728,sample_text_003.log,sample_pdf_022.pdf,text,pdf,0,0,53.0,45.0,49.6875,0,1,0,0.86394,0.11902,0.69434,0.85286,0.5605,4.8321,15.112,3.0778,180.4282,0.0,0.0,0.0,0.0,1,0,0,0,0,0
PAIR_NEG_000306,FRAG_001249,FRAG_001066,sample_text_016.json,sample_text_003.log,text,text,1,0,59.0,58.5,45.5625,0,1,0,0.79614,0.1391,0.65568,0.77765,0.1156,5.0559,11.1074,4.4797,296.6085,0.0,0.0,0.0,0.0,2,0,1,0,0,0
PAIR_POS_000380,FRAG_000413,FRAG_000414,sample_pdf_009.pdf,sample_pdf_009.pdf,pdf,pdf,1,1,3.0,14.0,18.4375,0,1,0,0.99972,0.00567,0.02394,0.9997,0.0162,4.5377,0.3513,0.1991,11.1242,0.0,0.0,0.0,0.0,0,0,0,0,0,0
PAIR_NEG_000805,FRAG_001493,FRAG_000053,sample_zip_013.zip,sample_jpeg_007.jpg,zip,jpeg,0,0,129.0,106.75,95.0625,0,0,0,0.92943,0.02446,0.28168,0.08942,0.0158,7.9426,3.5161,1.0571,157.6695,0.0102,0.0096,0.0237,0.0132,1,0,0,0,0,1
PAIR_NEG_001088,FRAG_000771,FRAG_001004,sample_pdf_025.pdf,sample_png_023.png,pdf,png,0,0,104.0,56.75,57.0625,0,0,0,0.23157,0.23113,1.72952,-0.10957,3.4509,6.2335,31.393,46.4689,4708.7325,0.6169,0.0039,0.4993,0.1147,0,0,0,0,0,0
PAIR_NEG_000021,FRAG_000328,FRAG_000614,sample_pdf_005.pdf,sample_pdf_018.pdf,pdf,pdf,1,0,51.0,58.5,33.0,0,1,0,0.99955,0.00724,0.0332,0.99952,0.0284,4.5033,0.4047,0.2169,11.9359,0.0,0.0,0.0,0.0,0,0,0,0,0,0
PAIR_POS_000460,FRAG_000496,FRAG_000497,sample_pdf_012.pdf,sample_pdf_012.pdf,pdf,pdf,1,1,11.0,27.0,19.9375,0,1,0,0.99832,0.01375,0.06881,0.99819,0.0378,4.5354,0.4007,0.3559,19.7055,0.0,0.0,0.0,0.0,0,0,0,0,0,0
PAIR_POS_000717,FRAG_000765,FRAG_000766,sample_pdf_024.pdf,sample_pdf_024.pdf,pdf,pdf,1,1,5.0,9.5,20.3125,0,1,0,0.99979,0.00498,0.02342,0.99977,0.02,4.5162,0.446,0.2836,15.749,0.0,0.0,0.0,0.0,0,0,0,0,0,0
PAIR_NEG_000923,FRAG_001606,FRAG_001143,sample_zip_022.zip,sample_text_010.log,zip,text,0,0,5.0,101.75,99.5625,0,1,0,0.2925,0.18798,1.63475,-0.08157,2.86,6.5312,48.9727,43.526,4581.6354,0.6313,0.0039,0.5115,0.1165,1,0,0,0,0,0
PAIR_POS_000886,FRAG_000953,FRAG_000954,sample_png_018.png,sample_png_018.png,png,png,1,1,225.0,148.0,103.375,0,0,0,0.94039,0.02223,0.28502,-0.03937,0.0013,7.9554,0.3638,0.9433,139.1787,0.0068,0.0009,0.0017,0.0049,0,0,0,0,0,0
PAIR_POS_001240,FRAG_001337,FRAG_001338,sample_text_023.csv,sample_text_023.csv,text,text,1,1,3.0,2.75,18.75,0,1,0,0.99594,0.01942,0.08642,0.99556,0.0437,4.8979,0.96,0.6909,33.6982,0.0,0.0,0.0,0.0,2,1,0,0,0,0
PAIR_NEG_000340,FRAG_001439,FRAG_001405,sample_zip_008.zip,sample_zip_005.zip,zip,zip,1,0,48.0,76.25,78.9375,0,0,0,0.93461,0.02334,0.29435,-0.0507,0.0058,7.9512,3.3789,0.0284,4.1942,0.02,0.0004,0.0122,0.0048,0,0,0,0,0,0
PAIR_NEG_001153,FRAG_001427,FRAG_001237,sample_zip_007.zip,sample_text_015.json,zip,text,0,0,70.0,74.75,72.0,0,0,0,0.2753,0.21635,1.62793,0.02623,3.0143,6.444,58.1216,37.9777,4125.4426,0.6282,0.0051,0.5081,0.116,2,0,1,0,0,0
PAIR_POS_000974,FRAG_001050,FRAG_001051,sample_text_002.txt,sample_text_002.txt,text,text,1,1,0.0,21.5,25.1875,0,1,1,0.99939,0.00685,0.02736,0.99932,0.0013,5.1086,0.0904,0.0102,0.6275,0.0,0.0,0.0,0.0,0,0,0,0,0,0
PAIR_NEG_000524,FRAG_000815,FRAG_000961,sample_png_004.png,sample_png_019.png,png,png,1,0,31.0,19.5,64.8125,0,0,0,0.93507,0.02326,0.29626,-0.04468,0.0005,7.9526,3.1924,1.0129,149.7906,0.0176,0.0044,0.0122,0.0075,1,1,0,1,0,0
PAIR_POS_000356,FRAG_000387,FRAG_000388,sample_pdf_007.pdf,sample_pdf_007.pdf,pdf,pdf,1,1,7.0,22.25,22.0625,0,1,0,0.99997,0.00187,0.00687,0.99997,0.0056,4.4981,0.0239,0.0048,0.2651,0.0,0.0,0.0,0.0,0,0,0,0,0,0
PAIR_NEG_001275,FRAG_000217,FRAG_000690,sample_jpeg_025.jpg,sample_pdf_020.pdf,jpeg,pdf,0,0,4.0,27.0,57.4375,0,1,0,0.25779,0.23147,1.71831,0.02201,3.4653,6.2177,32.6829,47.3618,4834.3943,0.6243,0.0073,0.502,0.1152,0,0,0,0,0,0
PAIR_POS_001113,FRAG_001201,FRAG_001202,sample_text_014.txt,sample_text_014.txt,text,text,1,1,20.0,27.25,39.25,0,1,0,0.99951,0.0062,0.02639,0.99946,0.0193,5.1081,0.1182,0.0636,3.9256,0.0,0.0,0.0,0.0,1,0,0,0,0,0
PAIR_NEG_001392,FRAG_001478,FRAG_000834,sample_zip_011.zip,sample_png_005.png,zip,png,0,0,129.0,49.5,49.0,0,0,0,0.8709,0.03424,0.43886,-0.05382,0.1253,7.8919,4.9636,0.8887,132.4489,0.0287,0.0038,0.0357,0.0047,1,0,1,0,1,0
PAIR_POS_001289,FRAG_001391,FRAG_001392,sample_zip_003.zip,sample_zip_003.zip,zip,zip,1,1,164.0,129.25,81.9375,0,0,0,0.93469,0.02331,0.29293,-0.06542,0.0023,7.9527,1.1643,0.1885,27.7713,0.0078,0.0012,0.0022,0.0098,0,0,0,0,0,0
PAIR_POS_001263,FRAG_001362,FRAG_001363,sample_text_025.log,sample_text_025.log,text,text,1,1,6.0,24.5,21.6875,0,1,0,0.99961,0.00562,0.02149,0.99957,0.0191,5.1113,0.0503,0.0738,4.5521,0.0,0.0,0.0,0.0,0,0,0,0,0,0
PAIR_POS_000479,FRAG_000515,FRAG_000516,sample_pdf_012.pdf,sample_pdf_012.pdf,pdf,pdf,1,1,11.0,48.0,26.3125,0,1,0,0.9998,0.00474,0.02194,0.99978,0.0022,4.5703,0.0852,0.0799,4.465,0.0,0.0,0.0,0.0,0,0,0,0,0,0
PAIR_POS_000768,FRAG_000821,FRAG_000822,sample_png_004.png,sample_png_004.png,png,png,1,1,57.0,79.25,73.9375,0,0,0,0.94058,0.02223,0.27771,0.01503,0.0029,7.9527,1.25,0.5182,77.0886,0.0046,0.0002,0.0095,0.0039,0,0,0,0,0,0
PAIR_NEG_000084,FRAG_001000,FRAG_001016,sample_png_023.png,sample_png_025.png,png,png,1,0,10.0,82.5,93.0,0,0,0,0.93508,0.02327,0.30266,-0.03286,0.0076,7.9511,0.9588,0.2714,40.4555,0.0069,0.001,0.0076,0.0024,0,0,0,0,0,0
PAIR_POS_000680,FRAG_000726,FRAG_000727,sample_pdf_022.pdf,sample_pdf_022.pdf,pdf,pdf,1,1,22.0,36.25,18.125,0,1,0,0.99891,0.01141,0.05323,0.99883,0.0791,4.5587,1.1006,0.7929,44.3343,0.0,0.0,0.0,0.0,0,0,0,0,0,0
PAIR_NEG_001143,FRAG_001318,FRAG_001490,sample_text_021.csv,sample_zip_013.zip,text,zip,0,0,32.0,40.25,48.1875,0,1,0,0.30267,0.20401,1.6299,0.08347,3.0191,6.4406,62.0259,47.9985,4664.9189,0.6089,0.0088,0.4866,0.1169,1,1,0,0,0,1
PAIR_POS_001390,FRAG_001503,FRAG_001504,sample_zip_014.zip,sample_zip_014.zip,zip,zip,1,1,17.0,123.5,101.3125,0,1,0,0.93896,0.02254,0.29143,0.00225,0.0017,7.9524,0.1152,1.2057,177.9686,0.0132,0.0042,0.0112,0.0027,0,1,0,1,0,0
PAIR_POS_000128,FRAG_000143,FRAG_000144,sample_jpeg_016.jpeg,sample_jpeg_016.jpeg,jpeg,jpeg,1,1,51.0,74.5,74.375,0,0,0,0.93436,0.02344,0.29584,0.01714,0.0048,7.9489,0.572,0.3334,49.8756,0.0083,0.0015,0.0024,0.0069,0,0,0,0,0,0
PAIR_POS_001149,FRAG_001239,FRAG_001240,sample_text_016.json,sample_text_016.json,text,text,1,1,10.0,36.75,43.25,0,1,0,0.99909,0.00983,0.04047,0.99902,0.0025,4.9851,0.0327,0.1167,8.258,0.0,0.0,0.0,0.0,0,0,0,0,0,0
PAIR_POS_000612,FRAG_000655,FRAG_000656,sample_pdf_019.pdf,sample_pdf_019.pdf,pdf,pdf,1,1,16.0,8.75,25.625,0,1,0,0.99992,0.00316,0.01464,0.99991,0.0108,4.5091,0.0681,0.0682,3.7148,0.0,0.0,0.0,0.0,0,0,0,0,0,0
PAIR_POS_000272,FRAG_000299,FRAG_000300,sample_pdf_003.pdf,sample_pdf_003.pdf,pdf,pdf,1,1,17.0,10.25,22.0,0,1,0,0.99891,0.01118,0.06395,0.99883,0.0029,4.556,0.5084,0.0414,2.3163,0.0,0.0,0.0,0.0,0,0,0,0,0,0
PAIR_POS_001449,FRAG_001566,FRAG_001567,sample_zip_018.zip,sample_zip_018.zip,zip,zip,1,1,128.0,121.0,103.6875,0,0,0,0.33333,0.17873,0.81155,0.05822,1.2186,7.3469,36.2709,1.8454,277.1449,0.0342,0.1702,0.2097,0.1797,15,0,1,0,1,0
PAIR_POS_001359,FRAG_001469,FRAG_001470,sample_zip_011.zip,sample_zip_011.zip,zip,zip,1,1,50.0,101.5,100.75,0,1,0,0.9361,0.02302,0.30072,-0.10559,0.0093,7.955,5.2847,0.0172,2.526,0.0354,0.001,0.0447,0.0083,1,0,0,0,0,0
PAIR_NEG_001366,FRAG_001253,FRAG_001553,sample_text_016.json,sample_zip_017.zip,text,zip,0,0,43.0,47.25,67.875,0,1,0,0.25938,0.22335,1.59663,-0.01246,2.9895,6.4605,59.5715,38.2557,4186.5429,0.6099,0.0056,0.501,0.1047,1,0,0,0,0,0
PAIR_NEG_001262,FRAG_000579,FRAG_001364,sample_pdf_016.pdf,sample_text_025.log,pdf,text,0,0,67.0,20.75,18.1875,0,1,0,0.86397,0.11957,0.69776,0.85301,0.5813,4.8177,15.269,3.0464,178.7976,0.0,0.0,0.0,0.0,1,0,0,0,0,0
PAIR_NEG_001159,FRAG_000264,FRAG_001227,sample_pdf_002.pdf,sample_text_015.json,pdf,text,0,0,67.0,26.25,29.8125,0,1,0,0.71929,0.17555,0.90621,0.69776,0.4835,4.7414,27.0683,8.1585,511.0571,0.0,0.0,0.0,0.0,2,0,0,0,0,0
PAIR_POS_001227,FRAG_001322,FRAG_001323,sample_text_021.csv,sample_text_021.csv,text,text,1,1,48.0,20.0,23.9375,0,1,0,0.99771,0.01458,0.05758,0.9975,0.0051,4.882,0.1711,0.0283,1.3584,0.0,0.0,0.0,0.0,0,0,0,0,0,0
PAIR_NEG_001084,FRAG_000551,FRAG_000153,sample_pdf_015.pdf,sample_jpeg_017.jpg,pdf,jpeg,0,0,89.0,78.75,75.125,0,0,0,0.26576,0.2263,1.71096,0.03433,3.3942,6.2513,32.0454,46.3256,4738.6442,0.6187,0.0083,0.4922,0.1228,0,0,0,0,0,0
PAIR_NEG_000650,FRAG_001436,FRAG_001414,sample_zip_008.zip,sample_zip_006.zip,zip,zip,1,0,18.0,74.5,76.1875,0,0,0,0.9428,0.02176,0.27634,-0.01313,0.0021,7.9565,1.5893,1.151,170.688,0.0066,0.0005,0.0122,0.0061,0,0,0,0,0,0
PAIR_NEG_000383,FRAG_001317,FRAG_001208,sample_text_020.txt,sample_text_015.json,text,text,1,0,46.0,43.25,38.25,0,1,0,0.78917,0.14224,0.67586,0.77028,0.0945,5.0354,11.5521,4.4608,296.1273,0.0,0.0,0.0,0.0,2,0,0,0,0,0
PAIR_NEG_000752,FRAG_000463,FRAG_000278,sample_pdf_011.pdf,sample_pdf_002.pdf,pdf,pdf,1,0,11.0,24.75,33.875,0,1,0,0.99572,0.02251,0.09912,0.99542,0.0672,4.5208,0.591,0.0655,3.6149,0.0,0.0,0.0,0.0,0,0,0,0,0,0
PAIR_NEG_000375,FRAG_001155,FRAG_001366,sample_text_011.json,sample_text_025.log,text,text,1,0,106.0,79.0,53.375,0,1,0,0.79667,0.13896,0.65034,0.77824,0.0986,5.0497,10.8152,4.4439,294.3094,0.0,0.0,0.0,0.0,2,0,0,0,0,0
PAIR_POS_000637,FRAG_000681,FRAG_000682,sample_pdf_020.pdf,sample_pdf_020.pdf,pdf,pdf,1,1,86.0,24.5,22.75,0,1,0,0.9999,0.00342,0.0176,0.99989,0.0094,4.509,0.2002,0.0759,4.1753,0.0,0.0,0.0,0.0,0,0,0,0,0,0
PAIR_NEG_001492,FRAG_000943,FRAG_000776,sample_png_017.png,sample_pdf_025.pdf,png,pdf,0,0,73.0,97.0,78.6875,0,1,0,0.27563,0.22185,1.67239,0.05627,3.294,6.3014,33.4268,45.1698,4613.2384,0.6135,0.0061,0.4951,0.1138,1,0,0,0,0,0
PAIR_POS_000557,FRAG_000598,FRAG_000599,sample_pdf_017.pdf,sample_pdf_017.pdf,pdf,pdf,1,1,26.0,11.5,24.5625,0,1,0,0.99998,0.00146,0.00632,0.99998,0.0044,4.5468,0.0371,0.0114,0.634,0.0,0.0,0.0,0.0,0,0,0,0,0,0
PAIR_POS_000146,FRAG_000163,FRAG_000164,sample_jpeg_018.jpeg,sample_jpeg_018.jpeg,jpeg,jpeg,1,1,38.0,33.5,69.6875,0,0,0,0.94039,0.02232,0.27632,0.08352,0.005,7.9498,0.3794,0.2523,37.1601,0.0034,0.001,0.0037,0.0076,1,0,0,0,0,0
PAIR_NEG_000432,FRAG_000358,FRAG_000778,sample_pdf_006.pdf,sample_pdf_025.pdf,pdf,pdf,1,0,52.0,55.5,34.9375,0,1,0,0.9981,0.01467,0.06986,0.99796,0.018,4.507,0.6113,0.4032,22.2475,0.0,0.0,0.0,0.0,0,0,0,0,0,0
PAIR_NEG_000451,FRAG_001520,FRAG_001602,sample_zip_015.zip,sample_zip_021.zip,zip,zip,1,0,52.0,80.5,97.0625,0,0,0,0.65763,0.07444,0.43996,0.23351,0.3007,7.8016,12.8334,3.7562,572.1687,0.0026,0.0679,0.0771,0.0746,14,1,1,1,1,0
PAIR_POS_001385,FRAG_001497,FRAG_001498,sample_zip_013.zip,sample_zip_013.zip,zip,zip,1,1,53.0,138.5,125.375,0,0,0,0.93288,0.02366,0.3013,-0.06315,0.0033,7.9505,0.6028,1.9444,287.6753,0.0029,0.0019,0.0053,0.0024,1,0,0,0,0,0
PAIR_POS_001354,FRAG_001464,FRAG_001465,sample_zip_011.zip,sample_zip_011.zip,zip,zip,1,1,217.0,84.25,75.6875,0,0,0,0.94437,0.02149,0.27783,0.05169,0.0041,7.9543,0.0537,0.1276,18.9555,0.0013,0.0,0.0019,0.0005,0,0,0,0,0,0
PAIR_POS_000795,FRAG_000851,FRAG_000852,sample_png_007.png,sample_png_007.png,png,png,1,1,69.0,52.25,82.5625,0,0,0,0.93522,0.02322,0.30073,-0.05144,0.0017,7.9526,3.9268,0.0547,7.9933,0.0176,0.0005,0.0191,0.0027,0,0,0,0,0,0
PAIR_POS_000720,FRAG_000769,FRAG_000770,sample_pdf_025.pdf,sample_pdf_025.pdf,pdf,pdf,1,1,67.0,24.25,25.5625,0,1,0,0.99983,0.00439,0.01853,0.99982,0.0026,4.5088,0.0637,0.0268,1.4708,0.0,0.0,0.0,0.0,0,0,0,0,0,0
PAIR_POS_000120,FRAG_000134,FRAG_000135,sample_jpeg_015.jpeg,sample_jpeg_015.jpeg,jpeg,jpeg,1,1,248.0,127.0,111.9375,0,0,0,0.93954,0.02239,0.27674,-0.05732,0.008,7.9561,0.78,0.5629,83.0302,0.011,0.0022,0.0034,0.0071,0,0,0,0,0,0
PAIR_NEG_000111,FRAG_001092,FRAG_001368,sample_text_006.log,sample_text_025.log,text,text,1,0,67.0,22.0,29.0,0,1,0,0.99956,0.0059,0.02295,0.99951,0.0102,5.1026,0.1441,0.0504,3.1091,0.0,0.0,0.0,0.0,0,0,0,0,0,0
PAIR_POS_001399,FRAG_001512,FRAG_001513,sample_zip_014.zip,sample_zip_014.zip,zip,zip,1,1,173.0,125.0,84.0,0,0,0,0.93228,0.0238,0.30111,-0.0337,0.0047,7.949,0.6883,1.2924,191.9626,0.0229,0.0037,0.0085,0.0136,1,0,0,0,0,0
PAIR_POS_001366,FRAG_001476,FRAG_001477,sample_zip_011.zip,sample_zip_011.zip,zip,zip,1,1,80.0,71.5,101.3125,0,0,0,0.94526,0.0213,0.26511,0.04939,0.0011,7.9564,3.7046,0.4159,61.4037,0.0049,0.0019,0.0169,0.011,1,0,0,0,0,0
PAIR_POS_000467,FRAG_000503,FRAG_000504,sample_pdf_012.pdf,sample_pdf_012.pdf,pdf,pdf,1,1,11.0,14.0,17.1875,0,1,0,0.99892,0.01163,0.06203,0.99885,0.1139,4.5048,1.2388,0.8857,48.5483,0.0,0.0,0.0,0.0,0,0,0,0,0,0
PAIR_POS_000026,FRAG_000028,FRAG_000029,sample_jpeg_003.jpg,sample_jpeg_003.jpg,jpeg,jpeg,1,1,58.0,39.0,89.8125,0,0,0,0.9479,0.02087,0.25922,0.20127,0.0057,7.95,1.7529,0.7534,112.2559,0.0029,0.0008,0.011,0.0088,0,0,0,0,0,0
PAIR_POS_001327,FRAG_001434,FRAG_001435,sample_zip_008.zip,sample_zip_008.zip,zip,zip,1,1,123.0,102.5,90.125,0,0,0,0.9424,0.02189,0.28177,0.04821,0.0016,7.9534,2.0884,0.5152,76.2643,0.0032,0.0008,0.0117,0.0102,1,0,0,0,0,0
PAIR_NEG_000564,FRAG_001584,FRAG_001452,sample_zip_020.zip,sample_zip_009.zip,zip,zip,1,0,97.0,119.25,89.8125,0,0,0,0.94918,0.02052,0.26407,0.10782,0.0065,7.957,0.4521,0.018,2.6926,0.0141,0.0009,0.0108,0.0039,0,0,0,0,0,0
PAIR_POS_001230,FRAG_001326,FRAG_001327,sample_text_022.log,sample_text_022.log,text,text,1,1,17.0,8.25,10.0625,0,1,0,0.99951,0.00619,0.02157,0.99946,0.0137,5.1059,0.0378,0.0212,1.3092,0.0,0.0,0.0,0.0,0,0,0,0,0,0
PAIR_POS_001261,FRAG_001360,FRAG_001361,sample_text_025.log,sample_text_025.log,text,text,1,1,18.0,28.75,36.6875,0,1,0,0.99912,0.00828,0.03797,0.99902,0.0102,5.0912,0.0906,0.0104,0.6479,0.0,0.0,0.0,0.0,0,0,0,0,0,0
PAIR_NEG_000691,FRAG_001036,FRAG_001071,sample_text_001.json,sample_text_004.json,text,text,1,0,17.0,34.75,44.0,0,1,0,0.99694,0.01803,0.07175,0.99669,0.0185,4.9836,0.3091,0.0619,4.3901,0.0,0.0,0.0,0.0,0,0,0,0,0,0
PAIR_POS_001043,FRAG_001125,FRAG_001126,sample_text_008.json,sample_text_008.json,text,text,1,1,10.0,7.75,19.1875,0,1,0,0.99963,0.00633,0.0312,0.9996,0.0077,4.9764,0.0208,0.0443,3.1415,0.0,0.0,0.0,0.0,0,0,0,0,0,0
PAIR_POS_001154,FRAG_001244,FRAG_001245,sample_text_016.json,sample_text_016.json,text,text,1,1,9.0,6.25,30.8125,0,1,0,0.99921,0.00922,0.04485,0.99915,0.0178,4.9806,0.2097,0.0801,5.6705,0.0,0.0,0.0,0.0,0,0,0,0,0,0
PAIR_POS_000825,FRAG_000884,FRAG_000885,sample_png_010.png,sample_png_010.png,png,png,1,1,80.0,71.5,84.8125,0,0,0,0.94229,0.02188,0.27337,0.01088,0.0026,7.9548,1.1882,1.7544,260.3473,0.0115,0.0009,0.0044,0.0148,0,0,0,0,0,0
PAIR_NEG_001076,FRAG_000910,FRAG_001446,sample_png_013.png,sample_zip_009.zip,png,zip,0,0,55.0,60.5,96.625,0,0,0,0.9138,0.02722,0.33594,0.01122,0.046,7.9306,1.0236,0.2079,30.5463,0.008,0.0007,0.0094,0.0004,2,0,0,0,0,1
PAIR_POS_000870,FRAG_000935,FRAG_000936,sample_png_016.png,sample_png_016.png,png,png,1,1,74.0,116.5,77.4375,0,1,0,0.94969,0.02034,0.26067,0.00052,0.003,7.9615,1.1616,0.5455,80.8088,0.0022,0.0015,0.0002,0.0017,0,0,0,0,0,0
PAIR_NEG_001005,FRAG_000004,FRAG_001504,sample_jpeg_001.jpeg,sample_zip_014.zip,jpeg,zip,0,0,26.0,87.75,72.375,0,1,0,0.93509,0.0233,0.29236,0.01176,0.0091,7.9488,0.4275,2.1257,315.7338,0.0022,0.0064,0.0068,0.0058,1,0,0,0,0,0
PAIR_POS_001368,FRAG_001478,FRAG_001479,sample_zip_011.zip,sample_zip_011.zip,zip,zip,1,1,108.0,65.25,100.6875,0,0,0,0.93453,0.02334,0.29833,-0.07472,0.0037,7.9527,0.6381,0.3739,55.5291,0.0088,0.0034,0.0,0.01,1,0,0,0,0,0
PAIR_POS_000187,FRAG_000210,FRAG_000211,sample_jpeg_024.jpeg,sample_jpeg_024.jpeg,jpeg,jpeg,1,1,102.0,116.25,97.1875,0,0,0,0.93745,0.02287,0.28263,0.04775,0.0006,7.949,1.9985,1.6861,250.0,0.0139,0.0022,0.0119,0.0027,0,0,0,0,0,0
PAIR_NEG_000871,FRAG_000906,FRAG_001120,sample_png_013.png,sample_text_008.json,png,text,0,0,161.0,113.75,117.1875,0,0,0,0.26748,0.22149,1.56929,0.01721,2.9664,6.4685,58.5994,38.3106,4183.8708,0.6084,0.0029,0.4963,0.1086,2,0,0,0,0,0
PAIR_NEG_000187,FRAG_001050,FRAG_001310,sample_text_002.txt,sample_text_020.txt,text,text,1,0,4.0,28.0,43.0,0,1,0,0.99932,0.00734,0.03125,0.99925,0.026,5.0962,0.0835,0.1017,6.2849,0.0,0.0,0.0,0.0,1,0,0,0,0,0
PAIR_POS_000850,FRAG_000913,FRAG_000914,sample_png_014.png,sample_png_014.png,png,png,1,1,23.0,147.75,96.75,0,0,0,0.94319,0.02166,0.26859,-0.04544,0.0036,7.9582,1.1709,1.695,251.0565,0.0078,0.0015,0.0066,0.0024,0,0,0,0,0,0
PAIR_POS_000484,FRAG_000521,FRAG_000522,sample_pdf_013.pdf,sample_pdf_013.pdf,pdf,pdf,1,1,9.0,9.0,21.75,0,1,0,0.99652,0.01998,0.09806,0.99626,0.09,4.5203,0.9786,0.7172,39.2212,0.0,0.0,0.0,0.0,0,0,0,0,0,0
PAIR_NEG_000960,FRAG_001015,FRAG_001633,sample_png_025.png,sample_zip_025.zip,png,zip,0,0,138.0,58.75,77.125,0,0,0,0.94009,0.02231,0.28954,0.00169,0.004,7.9538,3.4033,1.9912,294.474,0.0346,0.0012,0.0271,0.007,0,0,0,0,0,0
PAIR_POS_000099,FRAG_000110,FRAG_000111,sample_jpeg_012.jpg,sample_jpeg_012.jpg,jpeg,jpeg,1,1,143.0,89.75,80.5625,0,0,0,0.75288,0.05258,0.66582,-0.07141,0.4603,7.7276,0.3261,0.62,92.1678,0.0131,0.0034,0.0014,0.0095,0,0,1,0,1,0
PAIR_NEG_000877,FRAG_001163,FRAG_000822,sample_text_011.json,sample_png_004.png,text,png,0,0,117.0,71.25,57.625,0,0,0,0.2636,0.22129,1.58151,-0.00114,2.9527,6.4749,60.7561,38.7087,4239.5397,0.625,0.0032,0.5127,0.1096,2,0,0,0,0,0
PAIR_POS_000007,FRAG_000007,FRAG_000008,sample_jpeg_001.jpeg,sample_jpeg_001.jpeg,jpeg,jpeg,1,1,19.0,59.25,77.375,0,0,0,0.93834,0.02276,0.28852,0.12448,0.0021,7.9463,0.303,0.0289,4.3193,0.0037,0.0017,0.0004,0.0029,0,0,0,0,0,0
PAIR_POS_000793,FRAG_000849,FRAG_000850,sample_png_007.png,sample_png_007.png,png,png,1,1,170.0,101.75,91.125,0,0,0,0.93986,0.0224,0.28026,0.05838,0.002,7.9504,0.136,0.3194,47.0802,0.0002,0.0003,0.0007,0.001,0,0,0,0,0,0
PAIR_POS_001190,FRAG_001282,FRAG_001283,sample_text_018.csv,sample_text_018.csv,text,text,1,1,2.0,1.25,37.3125,0,1,0,0.99787,0.01465,0.05369,0.9977,0.0342,4.891,0.27,0.0038,0.1852,0.0,0.0,0.0,0.0,0,0,0,0,0,0
PAIR_NEG_001472,FRAG_000348,FRAG_001290,sample_pdf_006.pdf,sample_text_019.txt,pdf,text,0,0,11.0,6.25,23.875,0,1,0,0.8701,0.11464,0.69575,0.85918,0.4461,4.875,14.4173,2.2166,132.0008,0.002,0.0,0.002,0.0,1,1,0,1,0,0
PAIR_NEG_000783,FRAG_000940,FRAG_000029,sample_png_017.png,sample_jpeg_003.jpg,png,jpeg,0,0,47.0,71.75,91.0,0,1,0,0.94381,0.02161,0.26652,0.06245,0.0015,7.9536,1.6867,1.5017,222.6294,0.0093,0.0056,0.0064,0.0162,0,0,0,0,0,0
PAIR_NEG_000506,FRAG_000063,FRAG_000112,sample_jpeg_008.jpeg,sample_jpeg_013.jpeg,jpeg,jpeg,1,0,139.0,133.0,137.875,0,0,0,0.93961,0.02251,0.28953,0.12015,0.0027,7.9473,3.3542,0.9302,139.9435,0.0019,0.0022,0.0144,0.0117,1,0,0,0,0,1
PAIR_NEG_000733,FRAG_000695,FRAG_000770,sample_pdf_020.pdf,sample_pdf_025.pdf,pdf,pdf,1,0,68.0,29.0,44.0625,0,1,0,0.99789,0.01544,0.07417,0.99773,0.0121,4.5161,0.5017,0.3002,16.5891,0.0,0.0,0.0,0.0,0,0,0,0,0,0
PAIR_NEG_000617,FRAG_001001,FRAG_000817,sample_png_023.png,sample_png_004.png,png,png,1,0,81.0,55.5,85.0,0,0,0,0.93395,0.02347,0.29924,-0.0452,0.0034,7.9505,1.2492,0.4029,59.3068,0.0017,0.0,0.0044,0.0032,0,0,0,0,0,0
PAIR_NEG_000522,FRAG_001256,FRAG_001044,sample_text_016.json,sample_text_002.txt,text,text,1,0,52.0,54.75,34.4375,0,1,0,0.79712,0.13922,0.65628,0.77885,0.1147,5.0393,10.6009,4.4799,296.8434,0.0,0.0,0.0,0.0,1,0,0,0,0,0
PAIR_NEG_001235,FRAG_001514,FRAG_000030,sample_zip_014.zip,sample_jpeg_003.jpg,zip,jpeg,0,0,30.0,76.25,80.375,0,0,0,0.94266,0.02183,0.27833,0.04612,0.0023,7.9542,0.5119,0.4854,71.5128,0.0039,0.0049,0.0031,0.0051,0,0,0,0,0,0
PAIR_POS_001450,FRAG_001568,FRAG_001569,sample_zip_019.zip,sample_zip_019.zip,zip,zip,1,1,98.0,52.75,62.9375,0,0,0,0.93858,0.02256,0.28503,-0.06553,0.0,7.9557,1.2417,0.2179,32.236,0.0015,0.0015,0.008,0.0054,1,1,0,1,0,0
PAIR_NEG_000641,FRAG_000116,FRAG_000045,sample_jpeg_013.jpeg,sample_jpeg_005.jpg,jpeg,jpeg,1,0,59.0,46.75,97.0625,0,1,0,0.94993,0.02042,0.26264,0.19203,0.0005,7.952,0.7437,0.459,67.6254,0.0149,0.0,0.002,0.0122,0,0,0,0,0,0
PAIR_POS_001064,FRAG_001149,FRAG_001150,sample_text_011.json,sample_text_011.json,text,text,1,1,13.0,9.75,29.75,0,1,0,0.9992,0.00921,0.02978,0.99913,0.0037,4.9936,0.0947,0.0128,0.9074,0.0,0.0,0.0,0.0,0,0,0,0,0,0
PAIR_POS_001297,FRAG_001401,FRAG_001402,sample_zip_005.zip,sample_zip_005.zip,zip,zip,1,1,13.0,87.0,115.0,0,0,0,0.94469,0.02145,0.27095,0.09227,0.0072,7.953,0.1836,0.7132,104.9361,0.0086,0.0044,0.0014,0.0073,1,1,0,1,0,0
PAIR_NEG_001169,FRAG_001439,FRAG_001293,sample_zip_008.zip,sample_text_019.txt,zip,text,0,0,42.0,64.0,101.1875,0,0,0,0.30774,0.18688,1.61479,-1e-05,2.8469,6.5248,49.5159,43.0273,4509.301,0.6211,0.0042,0.5017,0.1147,0,0,0,0,0,0
PAIR_POS_001177,FRAG_001268,FRAG_001269,sample_text_017.txt,sample_text_017.txt,text,text,1,1,30.0,40.0,43.0,0,1,0,0.99928,0.00745,0.02883,0.9992,0.0023,5.0965,0.1491,0.0402,2.4842,0.0,0.0,0.0,0.0,0,0,0,0,0,0
PAIR_NEG_000470,FRAG_001558,FRAG_001428,sample_zip_018.zip,sample_zip_007.zip,zip,zip,1,0,42.0,96.25,75.3125,0,0,0,0.93924,0.02251,0.28322,0.03317,0.0044,7.9511,1.5131,0.2965,43.5583,0.0053,0.0027,0.0071,0.0019,1,1,0,1,0,0
PAIR_NEG_001270,FRAG_001085,FRAG_000923,sample_text_005.csv,sample_png_015.png,text,png,0,0,18.0,35.25,62.375,0,1,0,0.27714,0.21058,1.66417,0.0065,3.0566,6.4187,64.1614,49.1762,4846.3673,0.6152,0.0051,0.4958,0.1157,2,1,0,0,0,0
PAIR_NEG_001197,FRAG_001284,FRAG_000872,sample_text_018.csv,sample_png_009.png,text,png,0,0,74.0,140.25,82.5625,0,1,0,0.27733,0.20341,1.68104,-0.03921,3.0595,6.4237,66.4963,50.4235,4958.0558,0.6248,0.0029,0.5081,0.1133,1,0,0,0,0,0
PAIR_NEG_000814,FRAG_000161,FRAG_000662,sample_jpeg_017.jpg,sample_pdf_019.pdf,jpeg,pdf,0,0,185.0,115.5,78.375,0,0,0,0.23377,0.23036,1.7272,-0.02139,3.3417,6.1868,32.6536,46.5439,4702.3073,0.63,0.0112,0.5056,0.1213,0,0,0,0,0,1
PAIR_NEG_001200,FRAG_000852,FRAG_000091,sample_png_007.png,sample_jpeg_010.jpg,png,jpeg,0,0,8.0,42.75,80.0,0,0,0,0.93956,0.02248,0.28182,0.07215,0.0044,7.9495,1.3376,1.3271,195.5257,0.0084,0.0057,0.0012,0.0069,1,0,1,0,1,0
PAIR_NEG_000982,FRAG_000905,FRAG_000318,sample_png_013.png,sample_pdf_005.pdf,png,pdf,0,0,61.0,31.75,56.25,0,0,0,0.23573,0.23056,1.73238,-0.08319,3.4391,6.2339,32.2027,46.5564,4737.8724,0.6262,0.0034,0.5034,0.1187,0,0,0,0,0,0
PAIR_POS_000860,FRAG_000924,FRAG_000925,sample_png_015.png,sample_png_015.png,png,png,1,1,137.0,114.0,102.375,0,0,0,0.9459,0.02116,0.27578,0.03601,0.0017,7.9565,0.8076,1.3003,192.3109,0.0171,0.0005,0.0071,0.01,0,0,0,0,0,0
PAIR_NEG_000637,FRAG_001290,FRAG_001223,sample_text_019.txt,sample_text_015.json,text,text,1,0,92.0,57.25,32.125,0,1,0,0.79783,0.13916,0.64851,0.77968,0.1111,5.0426,10.8842,4.531,300.4081,0.0,0.0,0.0,0.0,1,0,0,0,0,0
PAIR_NEG_001016,FRAG_000237,FRAG_000182,sample_pdf_001.pdf,sample_jpeg_020.jpg,pdf,jpeg,0,0,141.0,123.75,87.0625,0,0,0,0.25938,0.22861,1.70651,0.01521,3.43,6.2384,29.439,47.2229,4825.5388,0.6172,0.009,0.4878,0.1248,1,0,0,0,0,1
PAIR_NEG_000647,FRAG_000367,FRAG_000467,sample_pdf_006.pdf,sample_pdf_011.pdf,pdf,pdf,1,0,5.0,51.25,52.0625,0,1,0,0.98777,0.03767,0.1704,0.98689,0.0996,4.5266,1.7143,0.6028,33.4053,0.0,0.0,0.0,0.0,0,0,0,0,0,0
PAIR_NEG_000898,FRAG_001462,FRAG_000788,sample_zip_010.zip,sample_pdf_025.pdf,zip,pdf,0,0,105.0,105.75,102.8125,0,0,0,0.25195,0.22906,1.67356,0.08281,3.2246,6.1501,23.6757,48.173,5002.2045,0.607,0.0537,0.4406,0.1629,15,0,0,0,0,1
PAIR_POS_001125,FRAG_001214,FRAG_001215,sample_text_015.json,sample_text_015.json,text,text,1,1,2.0,41.0,30.0,0,1,0,0.99927,0.00886,0.04395,0.99921,0.0112,4.9896,0.274,0.0318,2.2502,0.0,0.0,0.0,0.0,0,0,0,0,0,0
PAIR_NEG_001377,FRAG_000218,FRAG_000394,sample_jpeg_025.jpg,sample_pdf_008.pdf,jpeg,pdf,0,0,151.0,118.0,75.0625,0,0,0,0.25712,0.22659,1.71441,-0.00329,3.385,6.2585,32.6287,46.1112,4744.0898,0.6135,0.0095,0.4917,0.1189,0,0,0,0,0,0
PAIR_NEG_001296,FRAG_001546,FRAG_000968,sample_zip_017.zip,sample_png_019.png,zip,png,0,0,44.0,90.5,78.6875,0,1,0,0.92732,0.02474,0.32,-0.0237,0.0223,7.9443,1.6145,0.2594,38.4643,0.0055,0.0001,0.0155,0.008,2,0,1,0,1,0
PAIR_NEG_000417,FRAG_001360,FRAG_001075,sample_text_025.log,sample_text_004.json,text,text,1,0,51.0,54.75,21.5,0,1,0,0.79507,0.14074,0.65377,0.77684,0.1149,5.0286,10.73,4.6196,306.7448,0.0,0.0,0.0,0.0,2,0,0,0,0,0
PAIR_NEG_001466,FRAG_001342,FRAG_000876,sample_text_024.txt,sample_png_009.png,text,png,0,0,90.0,125.75,93.125,0,1,0,0.31466,0.18597,1.61886,0.02168,2.8475,6.532,47.0468,42.3111,4401.4219,0.6152,0.0044,0.498,0.1133,0,0,0,0,0,0
PAIR_POS_000266,FRAG_000293,FRAG_000294,sample_pdf_003.pdf,sample_pdf_003.pdf,pdf,pdf,1,1,11.0,7.75,30.125,0,1,0,0.99857,0.01257,0.06393,0.99846,0.0458,4.5867,0.3843,0.3288,18.4485,0.0,0.0,0.0,0.0,0,0,0,0,0,0
PAIR_NEG_000239,FRAG_000932,FRAG_000905,sample_png_016.png,sample_png_013.png,png,png,1,0,76.0,133.0,110.1875,0,0,0,0.93859,0.02264,0.28653,0.03435,0.0043,7.9512,1.4299,0.303,44.8527,0.0056,0.0002,0.0051,0.0091,0,0,0,0,0,0
PAIR_NEG_000880,FRAG_000142,FRAG_000819,sample_jpeg_016.jpeg,sample_png_004.png,jpeg,png,0,0,20.0,64.75,74.3125,0,0,0,0.94543,0.02121,0.27093,-0.04661,0.008,7.9592,2.4839,0.4002,59.0168,0.0007,0.0015,0.01,0.0097,1,0,0,0,0,0
PAIR_NEG_001264,FRAG_000130,FRAG_000705,sample_jpeg_015.jpeg,sample_pdf_020.pdf,jpeg,pdf,0,0,126.0,92.5,76.375,0,0,0,0.28054,0.22931,1.70464,0.11328,3.441,6.2315,32.8772,46.4623,4745.1983,0.6165,0.0068,0.4949,0.1177,1,0,0,0,0,0
PAIR_POS_001510,FRAG_001634,FRAG_001635,sample_zip_025.zip,sample_zip_025.zip,zip,zip,1,1,27.0,30.5,94.0,0,0,0,0.93952,0.02239,0.2832,-0.05506,0.0042,7.9559,5.0007,1.3178,194.7432,0.0066,0.0042,0.0275,0.022,1,0,0,0,0,0
PAIR_POS_001323,FRAG_001429,FRAG_001430,sample_zip_007.zip,sample_zip_007.zip,zip,zip,1,1,212.0,123.5,77.1875,0,0,0,0.94157,0.02204,0.28137,0.02861,0.0112,7.9536,1.8875,0.1801,26.718,0.002,0.0034,0.0105,0.0085,0,0,0,0,0,0
PAIR_POS_001226,FRAG_001321,FRAG_001322,sample_text_021.csv,sample_text_021.csv,text,text,1,1,17.0,28.5,31.1875,0,1,0,0.99486,0.02156,0.06688,0.99438,0.0003,4.8848,0.0953,0.0944,4.5311,0.0,0.0,0.0,0.0,1,0,0,0,0,0
PAIR_POS_000382,FRAG_000415,FRAG_000416,sample_pdf_009.pdf,sample_pdf_009.pdf,pdf,pdf,1,1,5.0,23.75,17.25,0,1,0,0.99777,0.01612,0.08196,0.99761,0.0984,4.579,1.3135,0.672,37.8634,0.0,0.0,0.0,0.0,1,0,0,0,0,0
PAIR_POS_000147,FRAG_000164,FRAG_000165,sample_jpeg_018.jpeg,sample_jpeg_018.jpeg,jpeg,jpeg,1,1,183.0,98.75,97.0625,0,0,0,0.94561,0.02129,0.27959,0.12524,0.0084,7.9515,1.02,0.1088,16.0122,0.0129,0.0025,0.0061,0.0061,1,0,0,0,0,0
PAIR_NEG_000955,FRAG_001146,FRAG_000054,sample_text_010.log,sample_jpeg_007.jpg,text,jpeg,0,0,228.0,93.0,74.0625,0,0,0,0.31227,0.18619,1.62339,0.01421,2.8465,6.5289,46.7267,43.9565,4650.2097,0.6318,0.0078,0.5017,0.1252,0,0,0,0,0,0
PAIR_NEG_001426,FRAG_001499,FRAG_001182,sample_zip_013.zip,sample_text_012.log,zip,text,0,0,24.0,117.0,85.3125,0,1,0,0.32297,0.18613,1.59564,0.06425,2.8552,6.5255,46.301,44.0462,4662.5342,0.6187,0.0071,0.4907,0.1226,1,0,0,0,0,0
PAIR_POS_000727,FRAG_000776,FRAG_000777,sample_pdf_025.pdf,sample_pdf_025.pdf,pdf,pdf,1,1,1.0,26.25,20.875,0,1,0,0.99636,0.02129,0.1171,0.99612,0.1566,4.5761,2.0315,1.0809,60.4008,0.0,0.0,0.0,0.0,1,0,0,0,0,0
PAIR_POS_001165,FRAG_001255,FRAG_001256,sample_text_016.json,sample_text_016.json,text,text,1,1,0.0,31.5,34.75,0,1,1,0.99955,0.00691,0.03219,0.99951,0.0078,4.9858,0.0888,0.0024,0.171,0.0,0.0,0.0,0.0,0,0,0,0,0,0
PAIR_POS_000661,FRAG_000705,FRAG_000706,sample_pdf_020.pdf,sample_pdf_020.pdf,pdf,pdf,1,1,3.0,26.5,15.9375,0,1,0,0.99239,0.02971,0.08789,0.99184,0.0914,4.5567,2.0183,1.3902,79.3244,0.0,0.0,0.0,0.0,8,0,0,0,0,0
PAIR_POS_000731,FRAG_000780,FRAG_000781,sample_pdf_025.pdf,sample_pdf_025.pdf,pdf,pdf,1,1,13.0,18.75,35.0,0,1,0,0.99999,0.00109,0.00389,0.99999,0.0028,4.4948,0.0535,0.0248,1.3539,0.0,0.0,0.0,0.0,0,0,0,0,0,0
PAIR_NEG_000196,FRAG_000908,FRAG_000815,sample_png_013.png,sample_png_004.png,png,png,1,0,104.0,129.75,83.875,0,0,0,0.94451,0.02144,0.27191,0.008,0.0107,7.9577,1.7752,0.0599,8.7953,0.0076,0.0037,0.0024,0.0051,1,0,0,0,0,1
PAIR_POS_000447,FRAG_000483,FRAG_000484,sample_pdf_012.pdf,sample_pdf_012.pdf,pdf,pdf,1,1,15.0,28.5,21.25,0,1,0,0.9976,0.01686,0.08296,0.99743,0.1497,4.6217,1.9268,1.583,90.0185,0.002,0.0,0.002,0.0,0,1,0,1,0,0
PAIR_NEG_000717,FRAG_001033,FRAG_001213,sample_text_001.json,sample_text_015.json,text,text,1,0,49.0,36.0,36.25,0,1,0,0.9981,0.01421,0.05712,0.99795,0.0165,4.9902,0.2478,0.0648,4.5819,0.0,0.0,0.0,0.0,0,0,0,0,0,0
PAIR_NEG_000908,FRAG_001574,FRAG_000193,sample_zip_019.zip,sample_jpeg_022.jpg,zip,jpeg,0,0,143.0,93.75,97.625,0,0,0,0.94043,0.02236,0.28804,0.13238,0.0019,7.9474,1.9338,0.573,85.7088,0.0017,0.0042,0.0078,0.01,0,0,0,0,0,1
PAIR_POS_001357,FRAG_001467,FRAG_001468,sample_zip_011.zip,sample_zip_011.zip,zip,zip,1,1,19.0,74.25,77.5,0,1,0,0.94101,0.0221,0.28078,-0.04015,0.0014,7.9563,3.4829,0.5326,78.7402,0.0239,0.0,0.0283,0.0042,1,0,0,0,0,0
PAIR_POS_001223,FRAG_001318,FRAG_001319,sample_text_021.csv,sample_text_021.csv,text,text,1,1,4.0,31.25,40.0,0,1,0,0.99726,0.01582,0.06983,0.99701,0.0402,4.911,0.3008,0.4425,21.5748,0.0,0.0,0.0,0.0,1,1,0,0,0,0
PAIR_NEG_000839,FRAG_000991,FRAG_001620,sample_png_022.png,sample_zip_024.zip,png,zip,0,0,115.0,89.0,87.375,0,0,0,0.94254,0.02182,0.27383,-0.00562,0.0102,7.956,1.9392,0.6441,95.1273,0.0095,0.0025,0.0152,0.0063,0,0,0,0,0,0
PAIR_POS_000596,FRAG_000639,FRAG_000640,sample_pdf_019.pdf,sample_pdf_019.pdf,pdf,pdf,1,1,68.0,22.25,20.75,0,1,0,0.99968,0.0061,0.0259,0.99966,0.0142,4.4772,0.132,0.0245,1.3332,0.0,0.0,0.0,0.0,0,0,0,0,0,0
PAIR_POS_000151,FRAG_000168,FRAG_000169,sample_jpeg_018.jpeg,sample_jpeg_018.jpeg,jpeg,jpeg,1,1,48.0,53.75,75.8125,0,0,0,0.85893,0.03649,0.4732,0.02669,0.1845,7.8659,3.113,1.6553,244.9794,0.0185,0.0012,0.0227,0.0018,0,0,1,0,1,0
PAIR_POS_001430,FRAG_001546,FRAG_001547,sample_zip_017.zip,sample_zip_017.zip,zip,zip,1,1,194.0,121.25,83.375,0,0,0,0.94582,0.02116,0.26655,-0.00291,0.0068,7.9588,1.9815,0.4385,65.341,0.0061,0.0,0.0134,0.0059,1,0,0,0,0,0
PAIR_POS_000226,FRAG_000251,FRAG_000252,sample_pdf_001.pdf,sample_pdf_001.pdf,pdf,pdf,1,1,1.0,23.5,17.1875,0,1,0,0.99915,0.00979,0.04933,0.99908,0.0743,4.6205,0.9375,0.6529,36.9893,0.0,0.0,0.0,0.0,0,0,0,0,0,0
PAIR_POS_000608,FRAG_000651,FRAG_000652,sample_pdf_019.pdf,sample_pdf_019.pdf,pdf,pdf,1,1,11.0,7.25,23.9375,0,1,0,0.9998,0.0047,0.02243,0.99979,0.0078,4.5043,0.1465,0.106,5.7652,0.0,0.0,0.0,0.0,0,0,0,0,0,0
PAIR_POS_000758,FRAG_000810,FRAG_000811,sample_png_003.png,sample_png_003.png,png,png,1,1,36.0,110.5,85.6875,0,0,0,0.94033,0.02222,0.28235,-0.08818,0.0136,7.9573,2.0188,0.1822,27.1008,0.0109,0.0024,0.0127,0.0031,0,0,0,0,0,0
PAIR_POS_000201,FRAG_000226,FRAG_000227,sample_pdf_001.pdf,sample_pdf_001.pdf,pdf,pdf,1,1,11.0,27.0,25.1875,0,1,0,0.99969,0.00605,0.02639,0.99967,0.022,4.5062,0.3649,0.1285,7.0885,0.0,0.0,0.0,0.0,0,0,0,0,0,0
PAIR_POS_000851,FRAG_000914,FRAG_000915,sample_png_014.png,sample_png_014.png,png,png,1,1,112.0,74.25,86.625,0,0,0,0.94599,0.02116,0.27632,0.06033,0.0018,7.9555,0.9878,0.3409,50.0263,0.0015,0.0008,0.0054,0.0041,0,0,0,0,0,0
PAIR_POS_001140,FRAG_001229,FRAG_001230,sample_text_015.json,sample_text_015.json,text,text,1,1,76.0,71.0,46.5,0,1,0,0.99935,0.0083,0.03705,0.9993,0.0058,4.9883,0.0869,0.0152,1.0812,0.0,0.0,0.0,0.0,0,0,0,0,0,0
PAIR_POS_001003,FRAG_001081,FRAG_001082,sample_text_004.json,sample_text_004.json,text,text,1,1,12.0,22.0,32.625,0,1,0,0.99947,0.0075,0.03759,0.99943,0.006,4.9798,0.2835,0.0534,3.7849,0.0,0.0,0.0,0.0,0,0,0,0,0,0
PAIR_NEG_001128,FRAG_000147,FRAG_001306,sample_jpeg_016.jpeg,sample_text_020.txt,jpeg,text,0,0,159.0,142.25,90.875,0,0,0,0.29963,0.18736,1.61702,-0.0207,2.83,6.5192,46.8159,43.0143,4504.1627,0.6197,0.0052,0.4935,0.1204,1,0,0,0,0,1
PAIR_NEG_000853,FRAG_001216,FRAG_000104,sample_text_015.json,sample_jpeg_012.jpg,text,jpeg,0,0,151.0,74.75,83.625,0,0,0,0.26375,0.22121,1.59426,-0.00066,2.9581,6.4732,59.1836,39.3023,4329.6613,0.6135,0.0085,0.5,0.1086,2,0,0,0,0,0
PAIR_NEG_001488,FRAG_001010,FRAG_001347,sample_png_024.png,sample_text_024.txt,png,text,0,0,98.0,52.75,55.6875,0,0,0,0.25945,0.1911,1.64661,-0.13825,2.8323,6.5011,49.3283,43.1393,4529.1976,0.6145,0.0042,0.505,0.1033,2,0,0,0,0,1
PAIR_NEG_000168,FRAG_000655,FRAG_000613,sample_pdf_019.pdf,sample_pdf_018.pdf,pdf,pdf,1,0,16.0,6.25,32.75,0,1,0,0.9941,0.02606,0.11674,0.99367,0.0336,4.4977,0.1103,0.1449,7.913,0.0,0.0,0.0,0.0,0,0,0,0,0,0
PAIR_NEG_001203,FRAG_001265,FRAG_000014,sample_text_016.json,sample_jpeg_002.jpeg,text,jpeg,0,0,162.0,177.25,92.5,0,0,0,0.24832,0.22181,1.58067,-0.04773,2.9377,6.4689,52.472,39.9648,4429.5941,0.6128,0.0115,0.4709,0.1389,1,0,0,0,0,1
PAIR_NEG_000437,FRAG_000496,FRAG_000278,sample_pdf_012.pdf,sample_pdf_002.pdf,pdf,pdf,1,0,1.0,19.0,31.875,0,1,0,0.9973,0.01747,0.08641,0.99711,0.0379,4.5354,0.4231,0.1175,6.4774,0.0,0.0,0.0,0.0,0,0,0,0,0,0
PAIR_POS_000889,FRAG_000957,FRAG_000958,sample_png_019.png,sample_png_019.png,png,png,1,1,3.0,40.25,76.0,0,0,0,0.93879,0.02251,0.28083,-0.09452,0.0051,7.9577,1.0705,0.5012,73.8212,0.0035,0.0054,0.0007,0.0051,1,1,0,1,0,0
PAIR_POS_000975,FRAG_001051,FRAG_001052,sample_text_002.txt,sample_text_002.txt,text,text,1,1,0.0,21.5,25.1875,0,1,1,0.99898,0.00888,0.03223,0.99886,0.0071,5.1044,0.1304,0.0387,2.3847,0.0,0.0,0.0,0.0,0,0,0,0,0,0
PAIR_NEG_001401,FRAG_001515,FRAG_000022,sample_zip_014.zip,sample_jpeg_002.jpeg,zip,jpeg,0,0,56.0,129.5,89.75,0,0,0,0.94213,0.02189,0.28033,-0.02439,0.011,7.9561,0.9773,0.2949,43.6582,0.0063,0.001,0.0088,0.0,1,0,0,0,0,0
PAIR_POS_000024,FRAG_000026,FRAG_000027,sample_jpeg_003.jpg,sample_jpeg_003.jpg,jpeg,jpeg,1,1,18.0,135.5,115.8125,0,0,0,0.93077,0.02411,0.30229,-0.0111,0.0149,7.9479,6.501,0.789,118.0899,0.0137,0.0044,0.0334,0.021,1,1,0,1,0,0
PAIR_NEG_001284,FRAG_000012,FRAG_001349,sample_jpeg_001.jpeg,sample_text_024.txt,jpeg,text,0,0,7.0,76.75,85.5625,0,1,0,0.3057,0.18633,1.60054,-0.01493,2.837,6.5324,46.0408,43.4762,4571.8071,0.615,0.0068,0.4858,0.1245,1,0,0,0,0,0
PAIR_NEG_000531,FRAG_000978,FRAG_000817,sample_png_021.png,sample_png_004.png,png,png,1,0,77.0,60.5,73.5,0,0,0,0.93999,0.02231,0.28133,-0.03595,0.0119,7.9548,0.9848,0.8359,123.4141,0.0122,0.0025,0.0002,0.0137,0,0,0,0,0,0
PAIR_NEG_000527,FRAG_001466,FRAG_001534,sample_zip_011.zip,sample_zip_016.zip,zip,zip,1,0,11.0,25.75,75.125,0,0,0,0.94887,0.02057,0.26068,0.08948,0.0066,7.9566,0.5295,0.1435,21.2172,0.0102,0.0003,0.0039,0.0061,0,0,0,0,0,0
PAIR_NEG_001170,FRAG_001458,FRAG_000050,sample_zip_010.zip,sample_jpeg_006.jpg,zip,jpeg,0,0,213.0,123.5,103.4375,0,0,0,0.93193,0.02386,0.30708,-0.03713,0.0007,7.9489,3.1878,0.8034,118.6188,0.0105,0.0047,0.0188,0.0059,0,0,0,0,0,0
PAIR_POS_000051,FRAG_000057,FRAG_000058,sample_jpeg_007.jpg,sample_jpeg_007.jpg,jpeg,jpeg,1,1,198.0,93.25,84.0625,0,0,0,0.93373,0.02364,0.29661,0.09746,0.0136,7.9437,2.276,0.4461,66.1508,0.0063,0.0012,0.0101,0.0049,0,0,1,0,1,0
PAIR_POS_001037,FRAG_001119,FRAG_001120,sample_text_008.json,sample_text_008.json,text,text,1,1,15.0,30.25,46.4375,0,1,0,0.99969,0.00573,0.02585,0.99967,0.0048,4.9829,0.0827,0.0195,1.3831,0.0,0.0,0.0,0.0,0,0,0,0,0,0
PAIR_POS_000015,FRAG_000016,FRAG_000017,sample_jpeg_002.jpeg,sample_jpeg_002.jpeg,jpeg,jpeg,1,1,20.0,38.75,70.875,0,0,0,0.94717,0.02099,0.27007,0.16975,0.0036,7.951,2.9677,0.0995,14.8325,0.0026,0.0017,0.0091,0.0064,0,0,0,0,0,0
PAIR_NEG_000833,FRAG_001129,FRAG_000890,sample_text_009.txt,sample_png_011.png,text,png,0,0,12.0,29.75,79.625,0,0,0,0.31593,0.18587,1.60686,0.03082,2.8414,6.5276,48.3252,42.9108,4493.5294,0.6177,0.0032,0.5032,0.1108,1,0,0,0,0,0
PAIR_NEG_000863,FRAG_000849,FRAG_000151,sample_png_007.png,sample_jpeg_017.jpg,png,jpeg,0,0,66.0,62.5,79.5,0,0,0,0.92859,0.02444,0.31879,-0.07882,0.0001,7.9493,1.9197,0.0701,10.312,0.0015,0.0061,0.0075,0.0054,0,0,0,0,0,0
PAIR_POS_000482,FRAG_000519,FRAG_000520,sample_pdf_013.pdf,sample_pdf_013.pdf,pdf,pdf,1,1,22.0,38.75,45.0,0,1,0,0.99764,0.01661,0.08301,0.99747,0.0695,4.5667,1.2893,0.6237,34.8816,0.0,0.0,0.0,0.0,0,0,0,0,0,0
PAIR_POS_000741,FRAG_000790,FRAG_000791,sample_pdf_025.pdf,sample_pdf_025.pdf,pdf,pdf,1,1,6.0,5.75,20.875,0,1,0,0.99949,0.00766,0.041,0.99945,0.0658,4.5553,0.6076,0.4602,25.7045,0.0,0.0,0.0,0.0,0,0,0,0,0,0
PAIR_POS_001183,FRAG_001274,FRAG_001275,sample_text_017.txt,sample_text_017.txt,text,text,1,1,11.0,8.5,30.25,0,1,0,0.99901,0.00881,0.03464,0.9989,0.0181,5.1059,0.0034,0.0452,2.7864,0.0,0.0,0.0,0.0,1,0,0,0,0,0
PAIR_NEG_000316,FRAG_000220,FRAG_000042,sample_jpeg_025.jpg,sample_jpeg_005.jpg,jpeg,jpeg,1,0,220.0,122.25,122.0,0,0,0,0.94823,0.02077,0.25586,0.17073,0.0017,7.9543,3.6279,1.0782,160.6865,0.0034,0.0039,0.0166,0.0206,1,0,0,0,0,1
PAIR_POS_001268,FRAG_001367,FRAG_001368,sample_text_025.log,sample_text_025.log,text,text,1,1,65.0,41.5,40.625,0,1,0,0.99903,0.00864,0.03124,0.99892,0.0083,5.1036,0.1142,0.0565,3.4859,0.0,0.0,0.0,0.0,0,0,0,0,0,0
PAIR_NEG_001487,FRAG_000445,FRAG_000209,sample_pdf_010.pdf,sample_jpeg_024.jpeg,pdf,jpeg,0,0,27.0,48.25,56.5625,0,0,0,0.28386,0.22158,1.65435,0.09175,3.2697,6.3182,33.3496,46.3169,4818.6068,0.6301,0.0056,0.497,0.1296,0,1,0,1,0,0
PAIR_NEG_000207,FRAG_000091,FRAG_000077,sample_jpeg_010.jpg,sample_jpeg_009.jpeg,jpeg,jpeg,1,0,6.0,42.25,62.125,0,0,0,0.91237,0.02746,0.35563,0.01762,0.039,7.9278,1.0847,0.2018,30.0418,0.0253,0.0013,0.0132,0.0107,1,0,1,0,1,1
PAIR_POS_000211,FRAG_000236,FRAG_000237,sample_pdf_001.pdf,sample_pdf_001.pdf,pdf,pdf,1,1,9.0,27.5,29.0,0,1,0,0.99906,0.01057,0.04638,0.99899,0.0277,4.5095,0.241,0.0426,2.3388,0.0,0.0,0.0,0.0,0,0,0,0,0,0
PAIR_NEG_001176,FRAG_001460,FRAG_001267,sample_zip_010.zip,sample_text_017.txt,zip,text,0,0,27.0,81.5,85.125,0,0,0,0.32683,0.18481,1.59088,0.07262,2.8446,6.5359,48.014,43.6415,4596.1566,0.6172,0.0034,0.4954,0.1172,0,0,0,0,0,0
PAIR_POS_000593,FRAG_000636,FRAG_000637,sample_pdf_019.pdf,sample_pdf_019.pdf,pdf,pdf,1,1,78.0,25.5,19.875,0,1,0,0.99993,0.00289,0.01121,0.99992,0.0038,4.5033,0.0476,0.075,4.0883,0.0,0.0,0.0,0.0,0,0,0,0,0,0
PAIR_POS_000665,FRAG_000710,FRAG_000711,sample_pdf_021.pdf,sample_pdf_021.pdf,pdf,pdf,1,1,3.0,2.75,19.5625,0,1,0,0.99924,0.00945,0.04202,0.99918,0.023,4.4805,0.4353,0.1537,8.3898,0.0,0.0,0.0,0.0,0,0,0,0,0,0
PAIR_POS_000615,FRAG_000658,FRAG_000659,sample_pdf_019.pdf,sample_pdf_019.pdf,pdf,pdf,1,1,13.0,24.75,24.0,0,1,0,0.99969,0.00591,0.02784,0.99967,0.0152,4.5363,0.3486,0.1337,7.4079,0.0,0.0,0.0,0.0,0,0,0,0,0,0
PAIR_POS_001373,FRAG_001484,FRAG_001485,sample_zip_012.zip,sample_zip_012.zip,zip,zip,1,1,2.0,58.0,96.5625,0,0,0,0.93668,0.02302,0.30125,0.04153,0.0023,7.9489,1.3618,1.3672,201.7209,0.0009,0.0015,0.0044,0.0041,1,0,0,0,0,0
PAIR_POS_000700,FRAG_000747,FRAG_000748,sample_pdf_023.pdf,sample_pdf_023.pdf,pdf,pdf,1,1,3.0,26.5,15.9375,0,1,0,0.99652,0.02088,0.10446,0.99629,0.1384,4.5987,1.6023,0.8109,46.3159,0.0,0.0,0.0,0.0,0,0,0,0,0,0
PAIR_NEG_001236,FRAG_000051,FRAG_001336,sample_jpeg_006.jpg,sample_text_022.log,jpeg,text,0,0,84.0,56.0,65.5,0,0,0,0.29379,0.18908,1.62943,-0.04366,2.8537,6.518,46.582,43.2745,4555.5201,0.6255,0.0085,0.4995,0.1233,0,0,1,0,0,0
PAIR_NEG_000821,FRAG_001568,FRAG_000473,sample_zip_019.zip,sample_pdf_011.pdf,zip,pdf,0,0,63.0,73.5,71.6875,0,1,0,0.267,0.22571,1.6977,0.03403,3.3951,6.2582,32.1274,46.0848,4684.0807,0.6172,0.0061,0.4995,0.1152,1,1,0,1,0,0
PAIR_NEG_000743,FRAG_000993,FRAG_001001,sample_png_022.png,sample_png_023.png,png,png,1,0,90.0,50.25,97.125,0,0,0,0.93549,0.0232,0.29199,-0.01739,0.0044,7.95,2.4851,0.1525,22.4929,0.0151,0.0032,0.0157,0.0024,0,0,0,0,0,0
PAIR_NEG_000040,FRAG_000852,FRAG_000831,sample_png_007.png,sample_png_005.png,png,png,1,0,23.0,123.5,89.25,0,0,0,0.94524,0.02133,0.26501,0.07712,0.005,7.9542,0.1414,1.1183,164.5245,0.009,0.0017,0.0071,0.0019,0,0,0,0,0,0
PAIR_POS_000655,FRAG_000699,FRAG_000700,sample_pdf_020.pdf,sample_pdf_020.pdf,pdf,pdf,1,1,49.0,34.25,23.5,0,1,0,0.99904,0.01052,0.05319,0.99897,0.0581,4.5138,0.606,0.5406,29.8012,0.0,0.0,0.0,0.0,0,0,0,0,0,0
PAIR_NEG_000584,FRAG_001586,FRAG_001426,sample_zip_020.zip,sample_zip_007.zip,zip,zip,1,0,40.0,44.5,87.375,0,0,0,0.94737,0.0209,0.26949,0.09826,0.0021,7.955,1.1789,0.5348,79.7222,0.0076,0.0002,0.0059,0.0029,0,0,0,0,0,0
PAIR_NEG_000062,FRAG_000356,FRAG_000711,sample_pdf_006.pdf,sample_pdf_021.pdf,pdf,pdf,1,0,17.0,9.75,35.3125,0,1,0,0.99791,0.0159,0.07862,0.99776,0.106,4.545,1.3047,0.8636,48.0311,0.0,0.0,0.0,0.0,0,0,0,0,0,0
PAIR_NEG_000887,FRAG_001272,FRAG_000996,sample_text_017.txt,sample_png_023.png,text,png,0,0,29.0,30.0,39.75,0,0,0,0.33839,0.18501,1.59089,0.13086,2.8568,6.5281,44.6753,43.501,4577.832,0.6033,0.0093,0.4736,0.125,0,0,0,0,0,1
PAIR_POS_000350,FRAG_000381,FRAG_000382,sample_pdf_007.pdf,sample_pdf_007.pdf,pdf,pdf,1,1,77.0,22.0,34.375,0,1,0,0.99983,0.00443,0.01951,0.99982,0.0095,4.4984,0.0694,0.0609,3.3275,0.0,0.0,0.0,0.0,0,0,0,0,0,0
PAIR_POS_001487,FRAG_001608,FRAG_001609,sample_zip_022.zip,sample_zip_022.zip,zip,zip,1,1,91.0,90.25,105.375,0,0,0,0.82088,0.04256,0.36097,0.01301,0.1249,7.8987,7.5825,3.2231,481.7171,0.0063,0.0342,0.0529,0.0474,15,0,1,0,1,0
PAIR_NEG_001273,FRAG_001630,FRAG_000939,sample_zip_025.zip,sample_png_017.png,zip,png,0,0,26.0,50.5,102.875,0,0,0,0.94403,0.02154,0.27046,0.02365,0.0045,7.9558,0.1841,0.1405,20.7297,0.0022,0.0048,0.0032,0.0005,1,0,0,0,0,1
PAIR_POS_000468,FRAG_000504,FRAG_000505,sample_pdf_012.pdf,sample_pdf_012.pdf,pdf,pdf,1,1,2.0,5.5,19.75,0,1,0,0.99903,0.01047,0.05418,0.99896,0.0537,4.535,0.3023,0.3817,21.1151,0.0,0.0,0.0,0.0,0,0,0,0,0,0
PAIR_POS_000374,FRAG_000406,FRAG_000407,sample_pdf_008.pdf,sample_pdf_008.pdf,pdf,pdf,1,1,5.0,45.0,42.0,0,1,0,0.99902,0.01061,0.04687,0.99895,0.0221,4.5056,0.1923,0.1404,7.7133,0.0,0.0,0.0,0.0,0,0,0,0,0,0
PAIR_POS_000507,FRAG_000545,FRAG_000546,sample_pdf_014.pdf,sample_pdf_014.pdf,pdf,pdf,1,1,19.0,25.75,32.9375,0,1,0,0.9975,0.01666,0.0757,0.99731,0.003,4.5509,0.2588,0.2699,14.9518,0.0,0.0,0.0,0.0,0,0,0,0,0,0
PAIR_POS_000672,FRAG_000717,FRAG_000718,sample_pdf_021.pdf,sample_pdf_021.pdf,pdf,pdf,1,1,2.0,49.0,33.1875,0,1,0,0.99976,0.00515,0.02,0.99974,0.0038,4.5358,0.0235,0.0469,2.6052,0.0,0.0,0.0,0.0,0,0,0,0,0,0
PAIR_POS_001328,FRAG_001435,FRAG_001436,sample_zip_008.zip,sample_zip_008.zip,zip,zip,1,1,200.0,161.0,84.3125,0,0,0,0.94152,0.02204,0.28317,0.01511,0.0028,7.954,1.3418,0.1916,28.2338,0.0161,0.0039,0.0129,0.0024,0,0,0,0,0,0
PAIR_NEG_001380,FRAG_000195,FRAG_000724,sample_jpeg_022.jpg,sample_pdf_022.pdf,jpeg,pdf,0,0,40.0,40.75,48.75,0,1,0,0.27519,0.22904,1.70168,0.08738,3.4319,6.234,32.227,46.4697,4746.358,0.6165,0.0076,0.4954,0.1182,0,0,0,0,0,0
PAIR_NEG_001404,FRAG_001631,FRAG_000495,sample_zip_025.zip,sample_pdf_012.pdf,zip,pdf,0,0,110.0,74.25,91.3125,0,0,0,0.25899,0.22773,1.67971,0.01052,3.365,6.2667,32.9214,46.0569,4710.0136,0.6228,0.0066,0.4998,0.1189,1,0,0,0,0,0
PAIR_NEG_000351,FRAG_001047,FRAG_001187,sample_text_002.txt,sample_text_012.log,text,text,1,0,44.0,41.75,36.6875,0,1,0,0.99892,0.0091,0.03244,0.9988,0.0056,5.1153,0.1478,0.0621,3.8271,0.0,0.0,0.0,0.0,0,0,1,0,0,0
PAIR_NEG_001232,FRAG_000234,FRAG_001524,sample_pdf_001.pdf,sample_zip_015.zip,pdf,zip,0,0,35.0,53.25,65.5,0,1,0,0.25559,0.22784,1.70069,-0.00505,3.3738,6.2639,34.9775,46.7377,4797.7123,0.6284,0.0042,0.5098,0.1128,0,0,0,0,0,0
PAIR_NEG_000347,FRAG_000881,FRAG_000937,sample_png_010.png,sample_png_016.png,png,png,1,0,32.0,24.0,52.0,0,0,0,0.9471,0.02096,0.27478,0.10203,0.0087,7.955,1.9051,0.4255,62.62,0.0029,0.0039,0.0048,0.0002,1,1,0,1,0,0
PAIR_NEG_001178,FRAG_000868,FRAG_000008,sample_png_008.png,sample_jpeg_001.jpeg,png,jpeg,0,0,60.0,54.0,77.0,0,0,0,0.77503,0.05032,0.65477,0.10491,0.4652,7.7126,1.2351,0.7977,119.6879,0.0023,0.0052,0.0149,0.0122,2,0,0,0,0,1
PAIR_POS_000103,FRAG_000115,FRAG_000116,sample_jpeg_013.jpeg,sample_jpeg_013.jpeg,jpeg,jpeg,1,1,122.0,143.0,93.3125,0,0,0,0.93927,0.02249,0.28757,0.01552,0.0018,7.9527,0.7998,0.2462,36.4485,0.0005,0.0005,0.0041,0.0027,0,0,0,0,0,0
PAIR_NEG_000335,FRAG_000735,FRAG_000523,sample_pdf_022.pdf,sample_pdf_013.pdf,pdf,pdf,1,0,4.0,7.0,23.25,0,1,0,0.99711,0.01829,0.09426,0.9969,0.0622,4.4858,1.1751,0.864,46.92,0.0,0.0,0.0,0.0,0,0,0,0,0,0
PAIR_NEG_001020,FRAG_000207,FRAG_000905,sample_jpeg_024.jpeg,sample_png_013.png,jpeg,png,0,0,156.0,161.0,98.875,0,0,0,0.94049,0.02223,0.28303,-0.00698,0.0012,7.954,1.9982,0.7,103.3475,0.0078,0.0034,0.0051,0.0125,0,0,0,0,0,0
PAIR_NEG_000182,FRAG_000618,FRAG_000731,sample_pdf_018.pdf,sample_pdf_022.pdf,pdf,pdf,1,0,24.0,13.25,26.1875,0,1,0,0.99847,0.01338,0.06882,0.99837,0.0387,4.5246,0.3086,0.1516,8.3783,0.0,0.0,0.0,0.0,0,0,0,0,0,0
PAIR_NEG_000099,FRAG_000149,FRAG_000189,sample_jpeg_017.jpg,sample_jpeg_021.jpg,jpeg,jpeg,1,0,86.0,106.25,93.5,0,0,0,0.9411,0.02214,0.28715,0.03959,0.0045,7.9527,0.218,0.63,92.7009,0.0239,0.0027,0.0097,0.0147,0,0,0,0,0,0
PAIR_POS_000555,FRAG_000596,FRAG_000597,sample_pdf_017.pdf,sample_pdf_017.pdf,pdf,pdf,1,1,7.0,17.0,21.625,0,1,0,0.99993,0.00276,0.01265,0.99993,0.0017,4.5539,0.0505,0.0196,1.0864,0.0,0.0,0.0,0.0,0,0,0,0,0,0
PAIR_NEG_000978,FRAG_000534,FRAG_001451,sample_pdf_014.pdf,sample_zip_009.zip,pdf,zip,0,0,34.0,50.25,46.625,0,0,0,0.27813,0.22318,1.69717,0.07342,3.3476,6.273,33.1072,45.841,4688.3013,0.6257,0.0061,0.4988,0.1238,1,0,0,0,0,0
PAIR_POS_000737,FRAG_000786,FRAG_000787,sample_pdf_025.pdf,sample_pdf_025.pdf,pdf,pdf,1,1,21.0,48.75,33.5625,0,1,0,0.99906,0.0103,0.05177,0.99899,0.0612,4.5747,0.5173,0.4662,26.123,0.0,0.0,0.0,0.0,0,0,0,0,0,0
PAIR_POS_000464,FRAG_000500,FRAG_000501,sample_pdf_012.pdf,sample_pdf_012.pdf,pdf,pdf,1,1,3.0,29.0,23.0,0,1,0,0.99986,0.00403,0.01711,0.99985,0.0016,4.4508,0.0835,0.1158,6.2462,0.0,0.0,0.0,0.0,0,0,0,0,0,0
PAIR_NEG_000939,FRAG_001309,FRAG_000395,sample_text_020.txt,sample_pdf_008.pdf,text,pdf,0,0,15.0,30.25,19.375,0,1,0,0.86262,0.12071,0.71736,0.85167,0.5762,4.8304,15.3933,2.8456,167.3952,0.0,0.0,0.0,0.0,1,0,0,0,0,0
PAIR_POS_000371,FRAG_000403,FRAG_000404,sample_pdf_008.pdf,sample_pdf_008.pdf,pdf,pdf,1,1,14.0,12.75,24.4375,0,1,0,0.99924,0.00908,0.05323,0.99918,0.0476,4.5883,0.253,0.3713,20.8194,0.0,0.0,0.0,0.0,0,0,0,0,0,0
PAIR_NEG_000339,FRAG_001122,FRAG_001331,sample_text_008.json,sample_text_022.log,text,text,1,0,53.0,17.75,28.875,0,1,0,0.79648,0.13965,0.66065,0.7782,0.1401,5.045,10.5478,4.5938,304.3969,0.0,0.0,0.0,0.0,2,0,0,0,0,0
PAIR_NEG_000387,FRAG_000994,FRAG_001000,sample_png_022.png,sample_png_023.png,png,png,1,0,1.0,19.0,54.5,0,1,0,0.93747,0.02279,0.2938,-0.06826,0.0145,7.9546,2.6965,0.0387,5.7608,0.0191,0.0002,0.023,0.0051,0,0,0,0,0,0
PAIR_POS_000583,FRAG_000625,FRAG_000626,sample_pdf_018.pdf,sample_pdf_018.pdf,pdf,pdf,1,1,6.0,17.75,19.3125,0,1,0,0.99944,0.00819,0.0356,0.9994,0.0252,4.5166,0.2207,0.1,5.4819,0.0,0.0,0.0,0.0,0,0,0,0,0,0
PAIR_NEG_000606,FRAG_001043,FRAG_001175,sample_text_002.txt,sample_text_012.log,text,text,1,0,8.0,22.0,37.375,0,1,0,0.99926,0.00758,0.0268,0.99918,0.0133,5.1035,0.0747,0.0195,1.2066,0.0,0.0,0.0,0.0,1,1,0,0,0,0
PAIR_NEG_000994,FRAG_000327,FRAG_000036,sample_pdf_005.pdf,sample_jpeg_004.jpeg,pdf,jpeg,0,0,93.0,126.25,87.5625,0,0,0,0.25686,0.22701,1.68597,-0.0057,3.3496,6.2786,34.0825,45.6965,4677.6188,0.6108,0.0076,0.5012,0.106,0,0,0,0,0,0
PAIR_POS_001206,FRAG_001299,FRAG_001300,sample_text_019.txt,sample_text_019.txt,text,text,1,1,10.0,8.75,28.25,0,1,0,0.99872,0.00995,0.0346,0.99857,0.0008,5.1017,0.0699,0.0148,0.9094,0.0,0.0,0.0,0.0,0,0,0,0,0,0
PAIR_NEG_000219,FRAG_001192,FRAG_001133,sample_text_013.csv,sample_text_009.txt,text,text,1,0,65.0,63.5,53.75,0,1,0,0.48974,0.20913,1.03711,0.43829,0.2408,4.98,16.9524,6.9371,380.4927,0.0,0.0,0.0,0.0,0,0,0,0,0,0
PAIR_POS_000682,FRAG_000728,FRAG_000729,sample_pdf_022.pdf,sample_pdf_022.pdf,pdf,pdf,1,1,6.0,26.25,45.75,0,1,0,0.99869,0.01213,0.06784,0.99859,0.025,4.5643,0.0295,0.3198,17.8645,0.0,0.0,0.0,0.0,0,0,0,0,0,0
PAIR_NEG_000378,FRAG_000300,FRAG_000677,sample_pdf_003.pdf,sample_pdf_020.pdf,pdf,pdf,1,0,8.0,22.75,35.5,0,1,0,0.99732,0.01742,0.08936,0.99712,0.0534,4.5308,0.4741,0.441,24.452,0.0,0.0,0.0,0.0,0,0,0,0,0,0
PAIR_POS_001172,FRAG_001262,FRAG_001263,sample_text_016.json,sample_text_016.json,text,text,1,1,0.0,20.25,37.4375,0,1,1,0.99944,0.00769,0.03171,0.9994,0.0023,4.9797,0.0569,0.0337,2.39,0.0,0.0,0.0,0.0,0,0,0,0,0,0
PAIR_POS_001248,FRAG_001346,FRAG_001347,sample_text_024.txt,sample_text_024.txt,text,text,1,1,78.0,27.75,33.875,0,1,0,0.99922,0.00789,0.03813,0.99914,0.0284,5.0991,0.1447,0.0847,5.2272,0.0,0.0,0.0,0.0,0,0,0,0,0,0
PAIR_NEG_000119,FRAG_001524,FRAG_001374,sample_zip_015.zip,sample_zip_001.zip,zip,zip,1,0,122.0,103.75,116.875,0,0,0,0.94616,0.02117,0.27336,0.1287,0.0018,7.9517,2.07,1.0694,158.613,0.0151,0.0017,0.011,0.0022,1,0,0,0,0,0
PAIR_NEG_000289,FRAG_000441,FRAG_000495,sample_pdf_009.pdf,sample_pdf_012.pdf,pdf,pdf,1,0,9.0,37.5,30.1875,0,1,0,0.99847,0.01309,0.06738,0.99835,0.0609,4.5537,0.7429,0.6552,36.4001,0.0,0.0,0.0,0.0,0,0,0,0,0,0
PAIR_POS_001193,FRAG_001285,FRAG_001286,sample_text_018.csv,sample_text_018.csv,text,text,1,1,34.0,18.5,16.875,0,1,0,0.99205,0.02612,0.10059,0.99125,0.0039,4.9222,0.0241,0.1937,9.2605,0.0,0.0,0.0,0.0,0,0,1,0,0,0
PAIR_NEG_001252,FRAG_001164,FRAG_001567,sample_text_011.json,sample_zip_018.zip,text,zip,0,0,128.0,89.75,90.9375,0,0,0,0.13727,0.27711,1.4899,0.05243,1.7586,5.8583,21.3617,40.5663,4521.3393,0.5757,0.1746,0.282,0.2937,13,0,1,0,1,0
PAIR_NEG_001045,FRAG_000183,FRAG_000511,sample_jpeg_020.jpg,sample_pdf_012.pdf,jpeg,pdf,0,0,71.0,103.75,89.875,0,0,0,0.26142,0.22873,1.71196,0.02321,3.4273,6.2428,33.2587,46.1002,4670.0552,0.6274,0.0078,0.5081,0.1155,0,0,0,0,0,0
PAIR_NEG_000603,FRAG_000935,FRAG_000882,sample_png_016.png,sample_png_010.png,png,png,1,0,13.0,142.5,106.125,0,1,0,0.94957,0.02043,0.26171,0.09758,0.0056,7.9572,3.5993,0.3106,45.94,0.012,0.0002,0.0183,0.0059,0,0,0,0,0,0
PAIR_NEG_000075,FRAG_000132,FRAG_000061,sample_jpeg_015.jpeg,sample_jpeg_008.jpeg,jpeg,jpeg,1,0,96.0,71.25,85.5,0,0,0,0.94304,0.02174,0.27386,0.02774,0.0027,7.9545,1.5134,0.8629,128.3101,0.0056,0.0003,0.0004,0.0054,0,0,0,0,0,0
PAIR_NEG_000773,FRAG_001253,FRAG_000498,sample_text_016.json,sample_pdf_012.pdf,text,pdf,0,0,52.0,30.0,25.75,0,1,0,0.72016,0.17657,0.9126,0.69904,0.5234,4.7041,27.3545,8.6292,539.7658,0.0,0.0,0.0,0.0,2,0,0,0,0,0
PAIR_POS_000161,FRAG_000179,FRAG_000180,sample_jpeg_019.jpg,sample_jpeg_019.jpg,jpeg,jpeg,1,1,190.0,78.25,89.5625,0,0,0,0.93761,0.02288,0.29774,0.09057,0.0054,7.9472,0.1191,0.87,129.8007,0.0198,0.0007,0.0073,0.0122,0,0,0,0,0,0
PAIR_NEG_000109,FRAG_001637,FRAG_001531,sample_zip_025.zip,sample_zip_016.zip,zip,zip,1,0,235.0,203.5,131.5,0,0,0,0.35755,0.18662,0.81633,0.23327,1.2462,7.3316,35.289,2.6991,413.0152,0.0516,0.1788,0.2125,0.1646,14,0,0,0,0,1
PAIR_NEG_001148,FRAG_001346,FRAG_000376,sample_text_024.txt,sample_pdf_007.pdf,text,pdf,0,0,11.0,18.25,31.25,0,1,0,0.85678,0.12473,0.72071,0.84566,0.6604,4.7831,16.403,3.6098,209.627,0.0,0.0,0.0,0.0,0,0,0,0,0,0
PAIR_NEG_000613,FRAG_000907,FRAG_001023,sample_png_013.png,sample_png_025.png,png,png,1,0,137.0,81.0,103.25,0,0,0,0.94496,0.02144,0.26762,0.13869,0.0092,7.9497,1.9963,0.2645,38.9991,0.0047,0.0022,0.0096,0.0056,0,0,0,0,0,0
PAIR_POS_001007,FRAG_001086,FRAG_001087,sample_text_005.csv,sample_text_005.csv,text,text,1,1,3.0,13.0,25.375,0,1,0,0.98847,0.03297,0.08249,0.98743,0.0176,4.8579,0.1621,0.0127,0.6135,0.0,0.0,0.0,0.0,0,0,0,0,0,0
PAIR_POS_000174,FRAG_000195,FRAG_000196,sample_jpeg_022.jpg,sample_jpeg_022.jpg,jpeg,jpeg,1,1,159.0,88.75,102.5625,0,0,0,0.934,0.02343,0.29787,-0.08867,0.0067,7.9534,1.6516,0.105,15.5888,0.0102,0.001,0.0003,0.0095,0,0,0,0,0,0
PAIR_NEG_000360,FRAG_001014,FRAG_000968,sample_png_025.png,sample_png_019.png,png,png,1,0,93.0,40.5,91.4375,0,0,0,0.9342,0.02355,0.30622,0.09064,0.0198,7.943,1.341,0.9338,137.3802,0.0097,0.0011,0.0109,0.0006,2,0,1,0,1,0
PAIR_NEG_000338,FRAG_001307,FRAG_001099,sample_text_020.txt,sample_text_007.csv,text,text,1,0,61.0,54.75,42.125,0,1,0,0.47489,0.2107,1.03413,0.4212,0.209,4.9957,16.5363,6.7605,371.9445,0.0,0.0,0.0,0.0,1,0,0,0,0,0
PAIR_POS_000448,FRAG_000484,FRAG_000485,sample_pdf_012.pdf,sample_pdf_012.pdf,pdf,pdf,1,1,6.0,22.0,20.125,0,1,0,0.99952,0.00755,0.03854,0.99949,0.0692,4.5814,0.773,0.574,32.0615,0.0,0.0,0.0,0.0,0,0,0,0,0,0
PAIR_NEG_001347,FRAG_000783,FRAG_001176,sample_pdf_025.pdf,sample_text_012.log,pdf,text,0,0,2.0,21.75,37.6875,0,1,0,0.85422,0.12332,0.72268,0.84235,0.5494,4.824,15.6304,3.0889,181.1931,0.0,0.0,0.0,0.0,1,0,0,0,0,0
PAIR_POS_000158,FRAG_000176,FRAG_000177,sample_jpeg_019.jpg,sample_jpeg_019.jpg,jpeg,jpeg,1,1,33.0,28.5,82.4375,0,0,0,0.94506,0.02142,0.27779,0.14367,0.003,7.9516,1.5134,0.09,13.289,0.0034,0.0017,0.001,0.0054,0,0,0,0,0,0
PAIR_NEG_000640,FRAG_000517,FRAG_000727,sample_pdf_012.pdf,sample_pdf_022.pdf,pdf,pdf,1,0,22.0,31.75,47.1875,0,1,0,0.96742,0.06059,0.21553,0.96499,0.2095,4.6239,5.9163,3.1083,180.9987,0.0,0.0,0.0,0.0,8,0,0,0,0,1
PAIR_NEG_001310,FRAG_001349,FRAG_000601,sample_text_024.txt,sample_pdf_017.pdf,text,pdf,0,0,69.0,39.25,23.625,0,1,0,0.86402,0.11862,0.7007,0.85286,0.5663,4.8308,15.1926,3.1519,184.4705,0.0,0.0,0.0,0.0,1,0,0,0,0,0
PAIR_NEG_000103,FRAG_000283,FRAG_000745,sample_pdf_003.pdf,sample_pdf_023.pdf,pdf,pdf,1,0,7.0,28.75,24.4375,0,1,0,0.99135,0.03121,0.14505,0.99071,0.0143,4.5318,0.6243,0.6345,35.3646,0.0,0.0,0.0,0.0,0,0,0,0,0,0
PAIR_POS_001282,FRAG_001383,FRAG_001384,sample_zip_002.zip,sample_zip_002.zip,zip,zip,1,1,11.0,31.25,61.4375,0,1,0,0.90582,0.02909,0.29766,0.19214,0.0513,7.9324,2.5464,2.318,347.819,0.0219,0.019,0.0058,0.0272,14,0,1,0,1,0
PAIR_NEG_000047,FRAG_000175,FRAG_000138,sample_jpeg_019.jpg,sample_jpeg_015.jpeg,jpeg,jpeg,1,0,98.0,131.5,104.875,0,0,0,0.94544,0.02127,0.27189,0.0604,0.0004,7.9553,0.5965,0.6303,93.286,0.0154,0.0019,0.0107,0.0044,0,0,0,0,0,0
PAIR_POS_000172,FRAG_000193,FRAG_000194,sample_jpeg_022.jpg,sample_jpeg_022.jpg,jpeg,jpeg,1,1,103.0,97.5,68.0625,0,0,0,0.93868,0.02261,0.29138,0.0007,0.0148,7.9539,4.1643,1.5876,235.8539,0.0012,0.0042,0.0222,0.0219,1,1,0,1,0,0
PAIR_NEG_000147,FRAG_000453,FRAG_000249,sample_pdf_011.pdf,sample_pdf_001.pdf,pdf,pdf,1,0,6.0,36.75,20.0625,0,1,0,0.99626,0.02013,0.11226,0.99597,0.0961,4.6314,0.7558,1.0343,59.0468,0.002,0.0,0.002,0.0,0,1,0,1,0,0
PAIR_NEG_000240,FRAG_000813,FRAG_000925,sample_png_003.png,sample_png_015.png,png,png,1,0,85.0,87.0,90.3125,0,0,0,0.9476,0.02081,0.266,0.03981,0.0043,7.9577,1.7688,0.1671,24.5257,0.0044,0.0017,0.0085,0.0044,0,0,0,0,0,0
PAIR_POS_001011,FRAG_001091,FRAG_001092,sample_text_006.log,sample_text_006.log,text,text,1,1,4.0,40.5,32.6875,0,1,0,0.99901,0.00879,0.0317,0.9989,0.0087,5.1019,0.1101,0.0466,2.8771,0.0,0.0,0.0,0.0,1,0,0,0,0,0
PAIR_NEG_000363,FRAG_001405,FRAG_001490,sample_zip_005.zip,sample_zip_013.zip,zip,zip,1,0,133.0,80.75,87.25,0,0,0,0.94032,0.02229,0.28127,0.0365,0.0039,7.9521,0.1509,1.2921,189.2625,0.0078,0.0042,0.0029,0.007,1,0,0,0,0,1
PAIR_POS_001331,FRAG_001438,FRAG_001439,sample_zip_008.zip,sample_zip_008.zip,zip,zip,1,1,213.0,104.25,99.625,0,0,0,0.93813,0.02269,0.29288,-0.01692,0.0075,7.952,1.9488,0.2172,32.1695,0.0066,0.0012,0.0071,0.001,1,0,0,0,0,0
PAIR_NEG_000930,FRAG_000931,FRAG_001352,sample_png_016.png,sample_text_024.txt,png,text,0,0,30.0,53.5,78.8125,0,1,0,0.29283,0.1884,1.62639,-0.07239,2.8658,6.5261,49.0013,42.9486,4498.9276,0.6182,0.0046,0.5024,0.1123,1,0,0,0,0,0
PAIR_NEG_000288,FRAG_001400,FRAG_001420,sample_zip_004.zip,sample_zip_006.zip,zip,zip,1,0,102.0,130.5,119.3125,0,0,0,0.48366,0.12162,0.64465,0.21574,0.7089,7.5987,25.7453,2.5531,385.7016,0.0312,0.114,0.142,0.1115,14,0,0,0,0,1
PAIR_NEG_001506,FRAG_000135,FRAG_001067,sample_jpeg_015.jpeg,sample_text_004.json,jpeg,text,0,0,19.0,70.5,61.1875,0,1,0,0.25488,0.22289,1.57419,-0.03231,2.9755,6.4643,57.4851,38.054,4143.4237,0.6177,0.0085,0.4949,0.1182,3,0,0,0,0,0
PAIR_POS_000271,FRAG_000298,FRAG_000299,sample_pdf_003.pdf,sample_pdf_003.pdf,pdf,pdf,1,1,2.0,54.25,37.4375,0,1,0,0.99985,0.00404,0.02048,0.99984,0.0102,4.5495,0.3384,0.1845,10.2918,0.0,0.0,0.0,0.0,0,0,0,0,0,0
PAIR_POS_000838,FRAG_000899,FRAG_000900,sample_png_012.png,sample_png_012.png,png,png,1,1,74.0,58.25,63.5,0,0,0,0.93824,0.02269,0.28901,0.01115,0.0029,7.9516,0.2422,0.9271,137.3,0.0046,0.002,0.0,0.0064,0,0,0,0,0,0
PAIR_POS_000831,FRAG_000891,FRAG_000892,sample_png_011.png,sample_png_011.png,png,png,1,1,126.0,150.5,128.6875,0,0,0,0.93955,0.02243,0.2879,0.01845,0.0027,7.9518,0.7422,0.14,20.8248,0.0022,0.0007,0.0015,0.0022,0,0,0,0,0,0
PAIR_POS_000912,FRAG_000982,FRAG_000983,sample_png_021.png,sample_png_021.png,png,png,1,1,71.0,97.75,78.0625,0,0,0,0.94085,0.02213,0.2811,-0.04518,0.0034,7.9566,2.3516,1.3438,199.3366,0.0024,0.0047,0.0093,0.0051,0,0,0,0,0,0
PAIR_NEG_001434,FRAG_000951,FRAG_000010,sample_png_018.png,sample_jpeg_001.jpeg,png,jpeg,0,0,7.0,96.5,90.0,0,0,0,0.94384,0.02156,0.27583,-0.00957,0.0057,7.9573,0.669,0.9998,147.951,0.0039,0.0039,0.0036,0.0074,0,0,0,0,0,0
PAIR_POS_001106,FRAG_001193,FRAG_001194,sample_text_013.csv,sample_text_013.csv,text,text,1,1,12.0,33.75,41.1875,0,1,0,0.99504,0.02182,0.08397,0.99461,0.0378,4.885,0.1119,0.1295,6.2093,0.0,0.0,0.0,0.0,0,0,0,0,0,0
PAIR_NEG_001340,FRAG_001033,FRAG_000895,sample_text_001.json,sample_png_011.png,text,png,0,0,130.0,105.0,114.75,0,0,0,0.26311,0.22197,1.57264,-0.00266,2.9741,6.4691,59.0146,38.4711,4205.2036,0.6106,0.0049,0.498,0.1106,1,0,0,0,0,0
PAIR_NEG_000162,FRAG_001060,FRAG_001365,sample_text_003.log,sample_text_025.log,text,text,1,0,61.0,61.0,44.75,0,1,0,0.99963,0.00531,0.01949,0.99959,0.0001,5.1113,0.1474,0.0033,0.2007,0.0,0.0,0.0,0.0,0,0,0,0,0,0
PAIR_POS_000133,FRAG_000149,FRAG_000150,sample_jpeg_017.jpg,sample_jpeg_017.jpg,jpeg,jpeg,1,1,243.0,114.25,93.6875,0,0,0,0.93986,0.02244,0.28515,0.10679,0.0043,7.9483,0.3757,0.4019,59.5519,0.0088,0.0004,0.0012,0.0066,0,0,0,0,0,0
PAIR_POS_000927,FRAG_000999,FRAG_001000,sample_png_023.png,sample_png_023.png,png,png,1,1,98.0,75.5,82.0625,0,0,0,0.93256,0.02369,0.30024,-0.1002,0.0107,7.9527,2.2559,0.1508,22.4568,0.0213,0.0,0.0247,0.0044,0,0,0,0,0,0
PAIR_NEG_001184,FRAG_001510,FRAG_000904,sample_zip_014.zip,sample_png_013.png,zip,png,0,0,151.0,73.5,72.75,0,0,0,0.94211,0.02191,0.2709,-0.00441,0.0018,7.9554,1.1724,0.3435,50.822,0.003,0.0005,0.0046,0.001,0,0,0,0,0,0
PAIR_POS_000671,FRAG_000716,FRAG_000717,sample_pdf_021.pdf,sample_pdf_021.pdf,pdf,pdf,1,1,11.0,6.5,34.875,0,1,0,0.99941,0.00849,0.04054,0.99937,0.0353,4.5162,0.6238,0.3261,17.9881,0.0,0.0,0.0,0.0,0,0,0,0,0,0
PAIR_POS_000564,FRAG_000606,FRAG_000607,sample_pdf_018.pdf,sample_pdf_018.pdf,pdf,pdf,1,1,2.0,25.0,15.625,0,1,0,0.99914,0.01035,0.05521,0.99909,0.0899,4.5603,0.7554,0.5523,30.7645,0.0,0.0,0.0,0.0,0,0,0,0,0,0
PAIR_NEG_000429,FRAG_001475,FRAG_001405,sample_zip_011.zip,sample_zip_005.zip,zip,zip,1,0,84.0,64.0,71.875,0,0,0,0.94075,0.02217,0.29144,-0.02175,0.0014,7.9548,3.1486,0.1002,14.8211,0.0281,0.0009,0.021,0.0053,0,0,0,0,0,0
PAIR_NEG_001209,FRAG_000724,FRAG_000086,sample_pdf_022.pdf,sample_jpeg_010.jpg,pdf,jpeg,0,0,71.0,96.5,81.6875,0,0,0,0.24934,0.23076,1.71438,-0.02854,3.4429,6.2395,31.739,46.438,4741.6514,0.6177,0.0059,0.4946,0.1196,0,0,0,0,0,0
PAIR_NEG_001253,FRAG_001357,FRAG_001455,sample_text_024.txt,sample_zip_010.zip,text,zip,0,0,70.0,68.5,63.0,0,1,0,0.31024,0.1857,1.60897,0.00422,2.8272,6.5351,47.3288,43.2736,4538.983,0.6157,0.0046,0.4976,0.114,1,0,0,0,0,1
PAIR_POS_000754,FRAG_000805,FRAG_000806,sample_png_002.png,sample_png_002.png,png,png,1,1,22.0,55.5,65.625,0,0,0,0.94427,0.02146,0.27782,-0.01576,0.0013,7.9575,0.1176,1.2443,182.4038,0.0007,0.0014,0.0039,0.0046,1,0,0,0,0,0
PAIR_NEG_000998,FRAG_000053,FRAG_000928,sample_jpeg_007.jpg,sample_png_016.png,jpeg,png,0,0,40.0,93.75,89.9375,0,0,0,0.92339,0.02545,0.29644,-0.04565,0.022,7.9457,1.8723,1.2395,184.6474,0.0112,0.0122,0.0061,0.0171,1,1,0,1,0,0
PAIR_NEG_000409,FRAG_001537,FRAG_001483,sample_zip_016.zip,sample_zip_012.zip,zip,zip,1,0,39.0,59.0,85.0625,0,0,0,0.93639,0.02304,0.2936,-0.00222,0.0065,7.9511,0.0837,0.3769,55.3581,0.0168,0.0046,0.0069,0.009,1,0,0,0,0,0
PAIR_NEG_001065,FRAG_001418,FRAG_000698,sample_zip_006.zip,sample_pdf_020.pdf,zip,pdf,0,0,64.0,119.5,62.625,0,0,0,0.24289,0.2311,1.71543,-0.05231,3.4458,6.2332,30.5645,45.8695,4635.858,0.627,0.0034,0.4998,0.1228,0,0,0,0,0,0
PAIR_POS_000550,FRAG_000591,FRAG_000592,sample_pdf_017.pdf,sample_pdf_017.pdf,pdf,pdf,1,1,3.0,41.75,29.0,0,1,0,0.9991,0.00996,0.05323,0.99903,0.0385,4.5801,0.2681,0.3313,18.7174,0.0,0.0,0.0,0.0,0,0,0,0,0,0
PAIR_NEG_000441,FRAG_001425,FRAG_001601,sample_zip_007.zip,sample_zip_021.zip,zip,zip,1,0,159.0,73.25,83.4375,0,0,0,0.94578,0.0212,0.27672,0.05114,0.0115,7.9549,0.2566,0.0576,8.6575,0.0034,0.001,0.0029,0.0046,0,0,0,0,0,0
PAIR_POS_000326,FRAG_000356,FRAG_000357,sample_pdf_006.pdf,sample_pdf_006.pdf,pdf,pdf,1,1,3.0,7.5,26.0625,0,1,0,0.99925,0.00989,0.05177,0.9992,0.0915,4.5522,0.9026,0.5973,33.3801,0.0,0.0,0.0,0.0,0,0,0,0,0,0
PAIR_POS_001472,FRAG_001592,FRAG_001593,sample_zip_021.zip,sample_zip_021.zip,zip,zip,1,1,10.0,93.75,65.3125,0,1,0,0.94489,0.02137,0.27394,0.03787,0.0006,7.9554,0.4123,0.8018,118.2001,0.0113,0.0022,0.0025,0.01,1,0,0,0,0,0
PAIR_POS_000107,FRAG_000119,FRAG_000120,sample_jpeg_013.jpeg,sample_jpeg_013.jpeg,jpeg,jpeg,1,1,15.0,50.75,77.5625,0,0,0,0.93401,0.0235,0.29939,-0.01342,0.0195,7.9492,2.0484,1.6135,236.8006,0.0151,0.0039,0.0105,0.005,0,0,1,0,1,0
PAIR_NEG_000858,FRAG_000217,FRAG_001247,sample_jpeg_025.jpg,sample_text_016.json,jpeg,text,0,0,13.0,34.25,59.875,0,1,0,0.27231,0.22016,1.57416,0.033,2.959,6.4708,59.292,39.3326,4330.6335,0.6243,0.0073,0.502,0.1152,2,0,0,0,0,0
PAIR_POS_000952,FRAG_001027,FRAG_001028,sample_text_001.json,sample_text_001.json,text,text,1,1,3.0,15.75,33.375,0,1,0,0.99927,0.00893,0.03707,0.99921,0.0279,4.9957,0.0144,0.1579,11.1757,0.0,0.0,0.0,0.0,0,0,0,0,0,0
PAIR_POS_000946,FRAG_001020,FRAG_001021,sample_png_025.png,sample_png_025.png,png,png,1,1,21.0,76.5,82.75,0,0,0,0.94702,0.02096,0.26309,0.082,0.0015,7.9549,2.2786,0.5502,81.7856,0.0029,0.0003,0.0107,0.0075,0,0,0,0,0,0
PAIR_NEG_000811,FRAG_001534,FRAG_000856,sample_zip_016.zip,sample_png_008.png,zip,png,0,0,228.0,87.0,94.6875,0,0,0,0.94631,0.02105,0.27187,-0.00108,0.0035,7.9581,1.9416,0.2082,30.7797,0.0005,0.0019,0.0103,0.0107,1,0,0,0,0,0
PAIR_POS_001094,FRAG_001180,FRAG_001181,sample_text_012.log,sample_text_012.log,text,text,1,1,5.0,6.75,27.9375,0,1,0,0.99954,0.00598,0.02197,0.99948,0.0022,5.1073,0.0027,0.0018,0.1132,0.0,0.0,0.0,0.0,0,0,0,0,0,0
PAIR_POS_000108,FRAG_000121,FRAG_000122,sample_jpeg_014.jpeg,sample_jpeg_014.jpeg,jpeg,jpeg,1,1,102.0,84.25,98.375,0,0,0,0.93903,0.02261,0.29622,0.10326,0.003,7.9475,0.8616,1.217,182.1478,0.0054,0.0027,0.0046,0.008,1,1,0,1,0,0
PAIR_POS_000757,FRAG_000809,FRAG_000810,sample_png_003.png,sample_png_003.png,png,png,1,1,45.0,78.75,57.75,0,0,0,0.93982,0.02239,0.28566,0.03953,0.0012,7.9511,0.0842,0.8245,122.1057,0.014,0.0,0.0044,0.0109,1,1,0,1,0,0
PAIR_POS_000539,FRAG_000579,FRAG_000580,sample_pdf_016.pdf,sample_pdf_016.pdf,pdf,pdf,1,1,17.0,9.0,11.0625,0,1,0,0.99998,0.00142,0.00586,0.99998,0.0044,4.5292,0.0696,0.0482,2.6836,0.0,0.0,0.0,0.0,0,0,0,0,0,0
PAIR_POS_000438,FRAG_000473,FRAG_000474,sample_pdf_011.pdf,sample_pdf_011.pdf,pdf,pdf,1,1,10.0,26.25,31.75,0,1,0,0.9999,0.0033,0.01615,0.99989,0.0064,4.5638,0.2124,0.1234,6.8706,0.0,0.0,0.0,0.0,0,0,0,0,0,0
PAIR_NEG_001419,FRAG_000148,FRAG_001637,sample_jpeg_017.jpg,sample_zip_025.zip,jpeg,zip,0,0,102.0,148.75,98.0625,0,0,0,0.44984,0.17997,0.79805,0.52107,1.2228,7.3199,30.0671,1.7026,262.2375,0.0362,0.1719,0.1862,0.1531,14,1,1,1,1,0
PAIR_POS_000623,FRAG_000666,FRAG_000667,sample_pdf_019.pdf,sample_pdf_019.pdf,pdf,pdf,1,1,13.0,23.75,16.9375,0,1,0,0.9998,0.00486,0.02099,0.99979,0.0198,4.4486,0.1987,0.0945,5.1393,0.0,0.0,0.0,0.0,0,0,0,0,0,0
PAIR_POS_001122,FRAG_001211,FRAG_001212,sample_text_015.json,sample_text_015.json,text,text,1,1,31.0,10.0,21.6875,0,1,0,0.99903,0.01022,0.04485,0.99896,0.0191,4.9915,0.1005,0.127,8.9901,0.0,0.0,0.0,0.0,0,0,0,0,0,0
PAIR_NEG_001158,FRAG_000071,FRAG_000637,sample_jpeg_009.jpeg,sample_pdf_019.pdf,jpeg,pdf,0,0,37.0,74.25,52.5,0,1,0,0.27187,0.22892,1.70696,0.07241,3.4461,6.2245,31.5679,46.965,4760.82,0.6106,0.0078,0.4929,0.113,0,0,0,0,0,0
PAIR_POS_001243,FRAG_001341,FRAG_001342,sample_text_024.txt,sample_text_024.txt,text,text,1,1,21.0,7.75,15.0,0,1,0,0.99892,0.00911,0.03714,0.9988,0.0091,5.1037,0.0655,0.0368,2.2733,0.0,0.0,0.0,0.0,0,1,0,0,0,0
PAIR_NEG_000173,FRAG_001251,FRAG_001134,sample_text_016.json,sample_text_009.txt,text,text,1,0,67.0,76.75,53.875,0,1,0,0.79709,0.13944,0.65138,0.77887,0.116,5.0414,10.7364,4.5612,302.3349,0.0,0.0,0.0,0.0,2,0,0,0,0,0
PAIR_NEG_000184,FRAG_000193,FRAG_000221,sample_jpeg_022.jpg,sample_jpeg_025.jpg,jpeg,jpeg,1,0,104.0,53.5,102.8125,0,0,0,0.93925,0.02257,0.28229,0.10632,0.0047,7.9489,5.1933,0.1151,17.2588,0.0158,0.0042,0.0337,0.0163,1,1,0,1,0,0
PAIR_POS_001306,FRAG_001411,FRAG_001412,sample_zip_006.zip,sample_zip_006.zip,zip,zip,1,1,15.0,46.5,67.875,0,0,0,0.9455,0.02122,0.27829,-0.00455,0.0088,7.9578,2.1177,0.2659,39.3142,0.0095,0.0017,0.0056,0.0158,0,0,0,0,0,0
PAIR_NEG_000916,FRAG_000996,FRAG_001130,sample_png_023.png,sample_text_009.txt,png,text,0,0,167.0,92.25,81.0625,0,0,0,0.33794,0.18502,1.58987,0.12872,2.8573,6.5278,44.6982,43.5004,4577.7938,0.6033,0.0093,0.4736,0.125,0,1,0,1,0,0
PAIR_POS_000597,FRAG_000640,FRAG_000641,sample_pdf_019.pdf,sample_pdf_019.pdf,pdf,pdf,1,1,1.0,26.25,20.875,0,1,0,0.99979,0.00489,0.02006,0.99977,0.0042,4.4864,0.1387,0.1001,5.4479,0.0,0.0,0.0,0.0,0,0,0,0,0,0
PAIR_NEG_000881,FRAG_001567,FRAG_000799,sample_zip_018.zip,sample_png_001.png,zip,png,0,0,196.0,93.25,121.75,0,0,0,0.3176,0.1798,0.81984,-0.01109,1.2175,7.3463,35.1197,1.9749,296.3365,0.0307,0.1712,0.2021,0.1758,14,0,0,0,0,1
PAIR_POS_000755,FRAG_000806,FRAG_000807,sample_png_002.png,sample_png_002.png,png,png,1,1,5.0,86.5,88.9375,0,0,0,0.94419,0.02146,0.27627,-0.04708,0.0017,7.959,1.221,0.0994,14.6864,0.0098,0.0007,0.0125,0.001,0,0,0,0,0,0
PAIR_POS_000485,FRAG_000522,FRAG_000523,sample_pdf_013.pdf,sample_pdf_013.pdf,pdf,pdf,1,1,13.0,38.5,46.0,0,1,0,0.99979,0.00501,0.02441,0.99977,0.0206,4.465,0.3198,0.2644,14.2044,0.0,0.0,0.0,0.0,0,0,0,0,0,0
PAIR_NEG_000672,FRAG_000960,FRAG_000873,sample_png_019.png,sample_png_009.png,png,png,1,0,65.0,65.0,91.375,0,0,0,0.92453,0.02517,0.30898,-0.09131,0.0002,7.9463,0.4217,0.3788,55.593,0.0054,0.001,0.01,0.0034,0,0,0,0,0,0
PAIR_NEG_000771,FRAG_000036,FRAG_000713,sample_jpeg_004.jpeg,sample_pdf_021.pdf,jpeg,pdf,0,0,87.0,95.0,94.5,0,1,0,0.25274,0.23163,1.71084,-0.00251,3.4664,6.2202,32.4404,46.8054,4739.2278,0.6108,0.0076,0.5012,0.106,0,0,0,0,0,0
PAIR_POS_000278,FRAG_000306,FRAG_000307,sample_pdf_004.pdf,sample_pdf_004.pdf,pdf,pdf,1,1,2.0,27.25,20.125,0,1,0,0.99827,0.01441,0.07217,0.99815,0.131,4.6211,1.2374,1.062,60.3922,0.002,0.0,0.002,0.0,0,1,0,1,0,0
PAIR_POS_001301,FRAG_001405,FRAG_001406,sample_zip_005.zip,sample_zip_005.zip,zip,zip,1,1,43.0,99.25,87.1875,0,0,0,0.93918,0.02252,0.27745,0.02817,0.0053,7.9515,2.2463,0.8079,120.0457,0.0151,0.0007,0.0107,0.0031,0,0,0,0,0,0
PAIR_NEG_001161,FRAG_000801,FRAG_001542,sample_png_001.png,sample_zip_016.zip,png,zip,0,0,26.0,95.5,79.9375,0,0,0,0.94032,0.02227,0.27838,0.00038,0.0043,7.9539,0.189,1.4673,215.1714,0.0193,0.0013,0.0173,0.0019,0,0,0,0,0,0
PAIR_NEG_001068,FRAG_001347,FRAG_000961,sample_text_024.txt,sample_png_019.png,text,png,0,0,75.0,91.75,78.75,0,0,0,0.28422,0.18935,1.64157,-0.09756,2.8679,6.5189,49.7786,43.5178,4585.4186,0.6216,0.0039,0.5054,0.1135,0,0,0,0,0,0
PAIR_POS_000595,FRAG_000638,FRAG_000639,sample_pdf_019.pdf,sample_pdf_019.pdf,pdf,pdf,1,1,65.0,21.0,19.1875,0,1,0,0.99606,0.02156,0.10401,0.99578,0.1174,4.5288,1.2126,0.7868,43.3458,0.0,0.0,0.0,0.0,0,0,0,0,0,0
PAIR_NEG_001021,FRAG_000863,FRAG_000183,sample_png_008.png,sample_jpeg_020.jpg,png,jpeg,0,0,123.0,110.75,85.4375,0,0,0,0.93663,0.02293,0.29107,-0.08196,0.0033,7.9548,0.5984,0.7925,117.4498,0.0004,0.0027,0.0053,0.0059,0,0,0,0,0,0
PAIR_NEG_001130,FRAG_000023,FRAG_001175,sample_jpeg_002.jpeg,sample_text_012.log,jpeg,text,0,0,154.0,100.0,99.0625,0,0,0,0.29175,0.18742,1.63183,-0.06592,2.8378,6.529,47.5029,43.5203,4581.0065,0.6326,0.009,0.5,0.1277,1,0,0,0,0,0
PAIR_NEG_000634,FRAG_001185,FRAG_001357,sample_text_012.log,sample_text_024.txt,text,text,1,0,40.0,35.25,39.0625,0,1,0,0.99867,0.01015,0.03914,0.99852,0.0133,5.1149,0.02,0.0542,3.3406,0.0,0.0,0.0,0.0,0,0,1,0,0,0
PAIR_POS_001266,FRAG_001365,FRAG_001366,sample_text_025.log,sample_text_025.log,text,text,1,1,6.0,8.5,27.0625,0,1,0,0.99956,0.00584,0.0259,0.99951,0.0123,5.1052,0.0515,0.0283,1.744,0.0,0.0,0.0,0.0,1,0,0,0,0,0
PAIR_POS_000566,FRAG_000608,FRAG_000609,sample_pdf_018.pdf,sample_pdf_018.pdf,pdf,pdf,1,1,37.0,34.75,32.5,0,1,0,0.99913,0.00985,0.04834,0.99906,0.0207,4.5564,0.5371,0.2855,15.9282,0.0,0.0,0.0,0.0,0,0,0,0,0,0
PAIR_POS_000829,FRAG_000889,FRAG_000890,sample_png_011.png,sample_png_011.png,png,png,1,1,2.0,61.5,70.3125,0,0,0,0.93747,0.02281,0.29205,-0.02493,0.0088,7.9527,1.4641,0.3394,49.9925,0.0147,0.0003,0.0169,0.0035,0,0,0,0,0,0
PAIR_NEG_000706,FRAG_000938,FRAG_000889,sample_png_016.png,sample_png_011.png,png,png,1,0,101.0,99.25,101.0625,0,0,0,0.93946,0.02248,0.27771,0.05059,0.0114,7.9514,1.3908,1.5022,223.0148,0.0195,0.0026,0.0155,0.0013,2,0,0,0,0,1
PAIR_NEG_000868,FRAG_000573,FRAG_000155,sample_pdf_016.pdf,sample_jpeg_017.jpg,pdf,jpeg,0,0,73.0,56.75,49.0625,0,1,0,0.26966,0.23211,1.72122,0.07724,3.4958,6.2065,32.3743,46.9196,4782.5691,0.6226,0.0068,0.4983,0.1204,1,0,0,0,0,0
PAIR_POS_000568,FRAG_000610,FRAG_000611,sample_pdf_018.pdf,sample_pdf_018.pdf,pdf,pdf,1,1,11.0,8.5,23.5,0,1,0,0.99929,0.00891,0.0366,0.99924,0.0141,4.5763,0.1455,0.022,1.2404,0.0,0.0,0.0,0.0,0,0,0,0,0,0
PAIR_POS_000847,FRAG_000909,FRAG_000910,sample_png_013.png,sample_png_013.png,png,png,1,1,108.0,66.75,66.0,0,0,0,0.91647,0.02682,0.33547,0.06477,0.0422,7.9287,0.3976,0.8881,131.1052,0.0023,0.0027,0.0018,0.0045,2,0,1,0,1,0
PAIR_POS_000540,FRAG_000580,FRAG_000581,sample_pdf_016.pdf,sample_pdf_016.pdf,pdf,pdf,1,1,36.0,24.75,22.9375,0,1,0,0.99998,0.00138,0.00439,0.99998,0.001,4.5309,0.0131,0.0263,1.466,0.0,0.0,0.0,0.0,0,0,0,0,0,0
PAIR_NEG_000709,FRAG_000010,FRAG_000036,sample_jpeg_001.jpeg,sample_jpeg_004.jpeg,jpeg,jpeg,1,0,92.0,206.75,109.25,0,0,0,0.94887,0.0206,0.25835,0.13483,0.001,7.9539,0.6359,0.5387,79.4714,0.0074,0.0003,0.0005,0.007,0,0,0,0,0,0
PAIR_NEG_000328,FRAG_001437,FRAG_001517,sample_zip_008.zip,sample_zip_014.zip,zip,zip,1,0,45.0,30.75,68.125,0,0,0,0.94089,0.02221,0.28604,0.07756,0.0028,7.9505,1.4675,0.7116,105.391,0.0015,0.0017,0.0029,0.0009,0,0,0,0,0,0
PAIR_POS_001349,FRAG_001458,FRAG_001459,sample_zip_010.zip,sample_zip_010.zip,zip,zip,1,1,20.0,43.5,64.1875,0,0,0,0.93125,0.02397,0.30073,-0.04974,0.0022,7.9496,2.0325,0.1276,18.7242,0.0054,0.0047,0.0073,0.0113,1,0,0,0,0,0
PAIR_POS_001280,FRAG_001381,FRAG_001382,sample_zip_002.zip,sample_zip_002.zip,zip,zip,1,1,26.0,45.5,74.25,0,0,0,0.94953,0.02046,0.25925,0.12933,0.0066,7.955,1.5078,0.7233,106.0926,0.0263,0.002,0.0205,0.0083,1,0,0,0,0,0
PAIR_NEG_000235,FRAG_001228,FRAG_001126,sample_text_015.json,sample_text_008.json,text,text,1,0,12.0,40.75,56.3125,0,1,0,0.99856,0.01247,0.05124,0.99844,0.0215,4.9832,0.1094,0.0713,5.0531,0.0,0.0,0.0,0.0,0,0,0,0,0,0
PAIR_POS_000626,FRAG_000669,FRAG_000670,sample_pdf_019.pdf,sample_pdf_019.pdf,pdf,pdf,1,1,3.0,8.75,17.625,0,1,0,0.99963,0.00649,0.02836,0.9996,0.0045,4.5207,0.1712,0.0562,3.0958,0.0,0.0,0.0,0.0,0,0,0,0,0,0
PAIR_NEG_000835,FRAG_000241,FRAG_001503,sample_pdf_001.pdf,sample_zip_014.zip,pdf,zip,0,0,31.0,66.25,75.1875,0,1,0,0.25959,0.22777,1.68994,0.01317,3.3709,6.2661,32.5974,46.4234,4753.6463,0.6108,0.0081,0.4934,0.1128,1,0,0,0,0,1
PAIR_POS_000985,FRAG_001062,FRAG_001063,sample_text_003.log,sample_text_003.log,text,text,1,1,4.0,3.25,28.3125,0,1,0,0.9995,0.00619,0.0268,0.99944,0.002,5.1133,0.0173,0.0263,1.6206,0.0,0.0,0.0,0.0,1,0,0,0,0,0
PAIR_NEG_000198,FRAG_001411,FRAG_001440,sample_zip_006.zip,sample_zip_008.zip,zip,zip,1,0,169.0,135.5,83.75,0,0,0,0.9495,0.02043,0.26119,0.07662,0.0097,7.9573,1.7368,0.9213,137.3078,0.0053,0.0003,0.0066,0.0024,0,0,0,0,0,0
PAIR_POS_000932,FRAG_001004,FRAG_001005,sample_png_023.png,sample_png_023.png,png,png,1,1,68.0,52.5,81.125,0,1,0,0.88682,0.03196,0.40887,0.02814,0.1167,7.9006,2.9151,0.0271,4.0024,0.0113,0.005,0.0126,0.0022,2,0,1,0,1,0
PAIR_NEG_000621,FRAG_000910,FRAG_000950,sample_png_013.png,sample_png_018.png,png,png,1,0,79.0,111.5,80.125,0,0,0,0.91573,0.02688,0.34792,-0.01541,0.0515,7.9334,2.3234,0.5362,78.973,0.0039,0.004,0.0148,0.0096,1,0,0,0,0,1
PAIR_NEG_000054,FRAG_001471,FRAG_001448,sample_zip_011.zip,sample_zip_009.zip,zip,zip,1,0,108.0,40.5,72.375,0,0,0,0.94022,0.0223,0.2841,0.00624,0.0132,7.9535,0.5757,0.1431,21.025,0.0003,0.0024,0.0034,0.0039,1,0,0,0,0,0
PAIR_POS_000360,FRAG_000392,FRAG_000393,sample_pdf_008.pdf,sample_pdf_008.pdf,pdf,pdf,1,1,19.0,32.75,21.875,0,1,0,0.99906,0.01034,0.05953,0.99899,0.059,4.5877,0.1748,0.0968,5.4834,0.0,0.0,0.0,0.0,0,0,0,0,0,0
PAIR_POS_000563,FRAG_000605,FRAG_000606,sample_pdf_018.pdf,sample_pdf_018.pdf,pdf,pdf,1,1,11.0,32.0,29.3125,0,1,0,0.99685,0.01972,0.09814,0.99664,0.1357,4.5832,1.5449,0.9281,52.0486,0.0,0.0,0.0,0.0,0,0,0,0,0,0
PAIR_NEG_001061,FRAG_000819,FRAG_000479,sample_png_004.png,sample_pdf_011.pdf,png,pdf,0,0,132.0,110.0,99.0,0,0,0,0.24695,0.2305,1.71923,-0.04454,3.457,6.2347,34.3918,46.5328,4714.8626,0.6216,0.0039,0.5105,0.1077,1,0,0,0,0,0
PAIR_POS_001400,FRAG_001513,FRAG_001514,sample_zip_014.zip,sample_zip_014.zip,zip,zip,1,1,62.0,97.5,84.375,0,0,0,0.93936,0.02245,0.27775,-0.01514,0.0039,7.9534,1.4143,0.2996,44.1967,0.0046,0.001,0.0048,0.001,0,0,0,0,0,0
PAIR_POS_000622,FRAG_000665,FRAG_000666,sample_pdf_019.pdf,sample_pdf_019.pdf,pdf,pdf,1,1,41.0,19.5,26.125,0,1,0,0.9997,0.00593,0.02733,0.99968,0.013,4.452,0.1865,0.0775,4.2163,0.0,0.0,0.0,0.0,0,0,0,0,0,0
PAIR_POS_000924,FRAG_000996,FRAG_000997,sample_png_023.png,sample_png_023.png,png,png,1,1,186.0,112.0,111.5625,0,0,0,0.94725,0.02088,0.26208,0.03483,0.0038,7.9584,2.9819,0.0,0.0027,0.0073,0.0047,0.0196,0.0115,1,1,0,1,0,0
PAIR_POS_001148,FRAG_001238,FRAG_001239,sample_text_016.json,sample_text_016.json,text,text,1,1,0.0,45.25,44.75,0,1,1,0.99887,0.0111,0.04145,0.99878,0.0157,4.9786,0.1296,0.1141,8.0717,0.0,0.0,0.0,0.0,1,1,0,0,0,0
PAIR_NEG_000762,FRAG_000146,FRAG_000950,sample_jpeg_016.jpeg,sample_png_018.png,jpeg,png,0,0,99.0,136.5,102.3125,0,0,0,0.94316,0.02165,0.27829,-0.07883,0.0004,7.9589,3.0781,0.1863,27.515,0.0044,0.0037,0.0174,0.0109,1,0,0,0,0,0
PAIR_POS_000121,FRAG_000135,FRAG_000136,sample_jpeg_015.jpeg,sample_jpeg_015.jpeg,jpeg,jpeg,1,1,33.0,37.0,56.625,0,1,0,0.94457,0.02148,0.27048,0.10559,0.0001,7.952,0.4619,0.1886,27.7582,0.003,0.0,0.0005,0.0037,0,0,0,0,0,0
PAIR_NEG_000074,FRAG_000221,FRAG_000085,sample_jpeg_025.jpg,sample_jpeg_010.jpg,jpeg,jpeg,1,0,81.0,57.75,107.625,0,0,0,0.93693,0.02297,0.30515,0.04467,0.0053,7.9486,2.2602,1.1786,175.3164,0.0229,0.0013,0.0176,0.0069,0,0,0,0,0,0
PAIR_POS_001056,FRAG_001140,FRAG_001141,sample_text_010.log,sample_text_010.log,text,text,1,1,61.0,30.25,48.0,0,1,0,0.99931,0.00734,0.0292,0.99923,0.0013,5.0991,0.1355,0.0357,2.2074,0.0,0.0,0.0,0.0,0,0,0,0,0,0
PAIR_POS_000254,FRAG_000281,FRAG_000282,sample_pdf_003.pdf,sample_pdf_003.pdf,pdf,pdf,1,1,11.0,23.25,16.75,0,1,0,0.99792,0.01545,0.0776,0.99777,0.0774,4.5239,1.1214,0.7071,38.7434,0.0,0.0,0.0,0.0,0,0,0,0,0,0
PAIR_POS_001130,FRAG_001219,FRAG_001220,sample_text_015.json,sample_text_015.json,text,text,1,1,76.0,71.0,34.6875,0,1,0,0.99925,0.0089,0.03567,0.99919,0.0112,4.9867,0.0105,0.0863,6.1093,0.0,0.0,0.0,0.0,0,0,0,0,0,0
PAIR_NEG_000542,FRAG_000583,FRAG_000542,sample_pdf_017.pdf,sample_pdf_014.pdf,pdf,pdf,1,0,4.0,27.25,32.25,0,1,0,0.99818,0.01431,0.07321,0.99805,0.0632,4.6344,0.688,0.7168,41.0075,0.002,0.0,0.002,0.0,0,1,0,1,0,0
PAIR_POS_000968,FRAG_001044,FRAG_001045,sample_text_002.txt,sample_text_002.txt,text,text,1,1,12.0,14.75,41.0625,0,1,0,0.99927,0.00749,0.03229,0.99919,0.0162,5.1047,0.0725,0.0408,2.5215,0.0,0.0,0.0,0.0,1,0,0,0,0,0
PAIR_POS_001239,FRAG_001335,FRAG_001336,sample_text_022.log,sample_text_022.log,text,text,1,1,8.0,54.75,48.8125,0,1,0,0.99705,0.01518,0.07604,0.99672,0.0009,5.0916,0.5625,0.0921,5.7011,0.0,0.0,0.0,0.0,1,0,1,0,0,0
PAIR_POS_001456,FRAG_001574,FRAG_001575,sample_zip_019.zip,sample_zip_019.zip,zip,zip,1,1,123.0,86.25,64.3125,0,0,0,0.88465,0.0326,0.31271,0.14853,0.0432,7.9268,4.7981,0.2781,41.5195,0.0108,0.0239,0.0337,0.0217,14,0,1,0,1,0
PAIR_POS_001442,FRAG_001559,FRAG_001560,sample_zip_018.zip,sample_zip_018.zip,zip,zip,1,1,183.0,98.25,100.0625,0,0,0,0.93897,0.02253,0.29446,-0.00934,0.0036,7.9519,0.3569,0.8359,123.0226,0.0036,0.001,0.0009,0.0029,0,0,0,0,1,0
PAIR_POS_001421,FRAG_001536,FRAG_001537,sample_zip_016.zip,sample_zip_016.zip,zip,zip,1,1,148.0,59.5,72.6875,0,0,0,0.93774,0.0228,0.28656,0.02439,0.0066,7.9511,0.1052,0.5184,76.2184,0.0017,0.0049,0.0012,0.0034,1,0,0,0,0,0
PAIR_NEG_000972,FRAG_000499,FRAG_001190,sample_pdf_012.pdf,sample_text_013.csv,pdf,text,0,0,7.0,35.25,44.75,0,1,0,0.20929,0.28798,1.54594,0.1453,0.4006,4.6477,33.7786,2.7794,141.86,0.0,0.0,0.0,0.0,1,0,0,0,0,0
PAIR_POS_000644,FRAG_000688,FRAG_000689,sample_pdf_020.pdf,sample_pdf_020.pdf,pdf,pdf,1,1,0.0,19.0,26.625,0,1,1,0.99962,0.00664,0.02879,0.99959,0.0084,4.4831,0.091,0.0315,1.7248,0.0,0.0,0.0,0.0,0,0,0,0,0,0
PAIR_NEG_000100,FRAG_001401,FRAG_001530,sample_zip_005.zip,sample_zip_016.zip,zip,zip,1,0,42.0,92.0,108.0625,0,1,0,0.94473,0.02141,0.26657,0.05453,0.0042,7.9545,2.4021,0.8093,118.996,0.0046,0.0027,0.0105,0.0085,0,1,0,1,0,1
PAIR_NEG_001222,FRAG_001592,FRAG_001023,sample_zip_021.zip,sample_png_025.png,zip,png,0,0,32.0,91.0,100.3125,0,1,0,0.93982,0.02242,0.28265,0.06318,0.01,7.9501,2.5698,0.2409,35.6493,0.0079,0.0005,0.0118,0.0022,1,0,0,0,0,0
PAIR_POS_001367,FRAG_001477,FRAG_001478,sample_zip_011.zip,sample_zip_011.zip,zip,zip,1,1,79.0,121.5,88.75,0,0,0,0.94642,0.02109,0.26853,0.08662,0.0012,7.9552,1.4827,0.0436,6.4549,0.0012,0.0024,0.0061,0.0076,1,0,0,0,0,0
PAIR_NEG_001007,FRAG_001346,FRAG_000978,sample_text_024.txt,sample_png_021.png,text,png,0,0,115.0,75.75,76.6875,0,0,0,0.32434,0.18516,1.60153,0.06205,2.8474,6.537,46.6245,43.4018,4560.7986,0.6162,0.0054,0.4905,0.1216,0,0,0,0,0,0
PAIR_NEG_000657,FRAG_001463,FRAG_001436,sample_zip_011.zip,sample_zip_008.zip,zip,zip,1,0,244.0,104.25,81.75,0,0,0,0.93775,0.02272,0.2857,-0.0721,0.002,7.9544,4.5405,1.0398,154.0847,0.0164,0.0029,0.0271,0.012,1,1,0,1,0,0
PAIR_POS_001014,FRAG_001094,FRAG_001095,sample_text_006.log,sample_text_006.log,text,text,1,1,9.0,28.25,33.5625,0,1,0,0.99957,0.0058,0.02681,0.99953,0.0137,5.1011,0.0579,0.0558,3.4437,0.0,0.0,0.0,0.0,0,0,0,0,0,0
PAIR_POS_000163,FRAG_000182,FRAG_000183,sample_jpeg_020.jpg,sample_jpeg_020.jpg,jpeg,jpeg,1,1,94.0,57.0,84.8125,0,0,0,0.93907,0.0225,0.28562,-0.01818,0.003,7.9549,3.6806,1.0033,148.9051,0.0102,0.0012,0.0203,0.0093,1,1,0,1,0,0
PAIR_NEG_001123,FRAG_000976,FRAG_001040,sample_png_021.png,sample_text_001.json,png,text,0,0,147.0,74.75,71.0625,0,0,0,0.2883,0.22,1.55327,0.10734,2.9779,6.4715,57.0877,38.3709,4196.7751,0.6001,0.0022,0.4834,0.1123,2,0,0,0,0,0
PAIR_NEG_001458,FRAG_000173,FRAG_001200,sample_jpeg_019.jpg,sample_text_014.txt,jpeg,text,0,0,152.0,92.5,91.0,0,0,0,0.31562,0.18558,1.61128,0.02132,2.8446,6.537,47.4964,43.385,4561.9198,0.6196,0.0059,0.4939,0.1206,1,0,0,0,0,0
PAIR_NEG_000364,FRAG_000854,FRAG_000987,sample_png_007.png,sample_png_021.png,png,png,1,0,109.0,50.0,64.375,0,0,0,0.79888,0.04524,0.57458,0.13063,0.0567,7.7646,5.2152,1.4241,212.6238,0.039,0.0028,0.0403,0.0025,0,0,1,0,1,1
PAIR_NEG_000539,FRAG_000981,FRAG_001014,sample_png_021.png,sample_png_025.png,png,png,1,0,35.0,67.5,112.625,0,0,0,0.94462,0.02144,0.27159,0.06111,0.0031,7.9544,2.8093,0.6923,101.6839,0.0117,0.0024,0.0156,0.0034,0,0,0,0,0,0
PAIR_POS_000815,FRAG_000873,FRAG_000874,sample_png_009.png,sample_png_009.png,png,png,1,1,42.0,48.75,71.0,0,1,0,0.93851,0.02264,0.28506,0.01005,0.0098,7.9513,1.3543,0.398,58.4055,0.0027,0.001,0.0003,0.0005,0,0,0,0,0,0
PAIR_POS_000764,FRAG_000817,FRAG_000818,sample_png_004.png,sample_png_004.png,png,png,1,1,19.0,86.0,82.875,0,0,0,0.94091,0.02217,0.29236,0.02247,0.0079,7.9527,1.5655,1.0236,151.3136,0.0264,0.0013,0.0154,0.0127,0,0,0,0,0,0
PAIR_POS_000361,FRAG_000393,FRAG_000394,sample_pdf_008.pdf,sample_pdf_008.pdf,pdf,pdf,1,1,1.0,26.0,20.25,0,1,0,0.99953,0.00718,0.03419,0.9995,0.0078,4.5621,0.27,0.1016,5.7549,0.0,0.0,0.0,0.0,0,0,0,0,0,0
PAIR_NEG_001238,FRAG_000871,FRAG_001107,sample_png_009.png,sample_text_007.csv,png,text,0,0,46.0,91.75,94.0,0,1,0,0.25951,0.21413,1.72415,-0.05843,3.1659,6.3698,67.1712,51.0093,5035.087,0.6245,0.0049,0.5022,0.1174,0,0,1,0,0,0
PAIR_NEG_001465,FRAG_001302,FRAG_000011,sample_text_020.txt,sample_jpeg_001.jpeg,text,jpeg,0,0,68.0,62.25,64.4375,0,0,0,0.32728,0.18515,1.60785,0.07838,2.84,6.5284,46.8474,43.9983,4647.9126,0.6021,0.0103,0.4817,0.1157,1,1,0,0,0,0
PAIR_NEG_000474,FRAG_000047,FRAG_000070,sample_jpeg_005.jpg,sample_jpeg_009.jpeg,jpeg,jpeg,1,0,38.0,73.75,103.4375,0,0,0,0.93762,0.02289,0.28276,0.10842,0.0004,7.9483,3.2644,1.2095,179.9227,0.0037,0.0045,0.0135,0.0188,1,0,0,0,0,1
PAIR_POS_001293,FRAG_001396,FRAG_001397,sample_zip_004.zip,sample_zip_004.zip,zip,zip,1,1,31.0,118.0,69.9375,0,1,0,0.94293,0.02174,0.27587,-0.00738,0.0014,7.957,0.5213,0.4332,64.0062,0.0153,0.0017,0.0051,0.0137,1,0,0,0,0,0
PAIR_POS_000408,FRAG_000441,FRAG_000442,sample_pdf_009.pdf,sample_pdf_009.pdf,pdf,pdf,1,1,2.0,34.5,26.625,0,1,0,0.99197,0.03006,0.15088,0.99137,0.1356,4.5911,2.6543,1.5693,88.614,0.0,0.0,0.0,0.0,0,0,0,0,0,0
PAIR_NEG_000571,FRAG_000672,FRAG_000318,sample_pdf_019.pdf,sample_pdf_005.pdf,pdf,pdf,1,0,90.0,52.75,55.0625,0,1,0,0.88774,0.11065,0.34808,0.87907,0.1975,4.6131,9.6586,4.5757,273.5582,0.0,0.0,0.0,0.0,8,0,0,0,0,1
PAIR_NEG_000048,FRAG_000992,FRAG_000960,sample_png_022.png,sample_png_019.png,png,png,1,0,80.0,127.5,91.4375,0,0,0,0.92926,0.02434,0.31187,-0.05406,0.0027,7.9475,2.1787,0.6041,89.2491,0.0093,0.0002,0.0159,0.0061,0,0,0,0,0,0
PAIR_NEG_001188,FRAG_001514,FRAG_000872,sample_zip_014.zip,sample_png_009.png,zip,png,0,0,105.0,97.0,82.25,0,0,0,0.94019,0.02227,0.28997,-0.02683,0.0019,7.9543,0.2788,0.4561,67.6435,0.0081,0.0005,0.0035,0.0029,0,0,0,0,0,0
PAIR_NEG_000072,FRAG_000182,FRAG_000162,sample_jpeg_020.jpg,sample_jpeg_018.jpeg,jpeg,jpeg,1,0,106.0,117.75,128.6875,0,0,0,0.94697,0.02102,0.25825,0.1532,0.001,7.9539,0.8232,0.8034,120.6691,0.0024,0.0022,0.0,0.0017,0,1,0,1,0,1
PAIR_POS_001199,FRAG_001292,FRAG_001293,sample_text_019.txt,sample_text_019.txt,text,text,1,1,2.0,40.5,49.125,0,1,0,0.99944,0.00661,0.02688,0.99938,0.0187,5.1107,0.0474,0.0646,3.9898,0.0,0.0,0.0,0.0,0,0,0,0,0,0
PAIR_POS_000079,FRAG_000088,FRAG_000089,sample_jpeg_010.jpg,sample_jpeg_010.jpg,jpeg,jpeg,1,1,41.0,75.75,59.4375,0,0,0,0.94783,0.02082,0.27487,0.12658,0.004,7.9546,2.094,1.0095,148.414,0.0083,0.0015,0.0193,0.0103,0,0,0,0,0,0
PAIR_POS_000442,FRAG_000477,FRAG_000478,sample_pdf_011.pdf,sample_pdf_011.pdf,pdf,pdf,1,1,11.0,9.25,27.25,0,1,0,0.99789,0.01552,0.08103,0.99774,0.0959,4.5881,1.1682,0.8953,50.3118,0.0,0.0,0.0,0.0,0,0,0,0,0,0
PAIR_POS_001476,FRAG_001596,FRAG_001597,sample_zip_021.zip,sample_zip_021.zip,zip,zip,1,1,135.0,96.0,98.5,0,0,0,0.94189,0.02194,0.26211,-0.01627,0.0015,7.9557,1.133,0.2427,35.7502,0.0057,0.0,0.002,0.009,1,0,0,0,0,0
PAIR_NEG_000962,FRAG_000222,FRAG_000963,sample_jpeg_025.jpg,sample_png_019.png,jpeg,png,0,0,62.0,61.5,89.25,0,0,0,0.94334,0.02172,0.26947,0.08456,0.0098,7.9527,0.3164,0.0032,0.4681,0.0107,0.0046,0.0066,0.0034,0,0,0,0,0,0
PAIR_NEG_001224,FRAG_000638,FRAG_001379,sample_pdf_019.pdf,sample_zip_001.zip,pdf,zip,0,0,33.0,22.0,50.125,0,1,0,0.2345,0.22964,1.68832,0.04279,3.2283,6.2017,24.1094,48.8737,5119.6774,0.6164,0.0494,0.4513,0.1619,15,0,1,0,1,0
PAIR_POS_000273,FRAG_000300,FRAG_000301,sample_pdf_003.pdf,sample_pdf_003.pdf,pdf,pdf,1,1,11.0,9.25,22.3125,0,1,0,0.99844,0.01392,0.07027,0.99833,0.1072,4.5039,1.34,1.0413,57.1161,0.0,0.0,0.0,0.0,0,0,0,0,0,0
PAIR_NEG_001473,FRAG_001029,FRAG_000799,sample_text_001.json,sample_png_001.png,text,png,0,0,82.0,54.0,86.375,0,0,0,0.25773,0.22222,1.57076,-0.02722,2.9675,6.4713,56.2434,38.5861,4224.6274,0.6064,0.0034,0.4841,0.1179,1,0,0,0,0,0
PAIR_NEG_000393,FRAG_000983,FRAG_000829,sample_png_021.png,sample_png_005.png,png,png,1,0,132.0,71.0,86.125,0,0,0,0.943,0.0217,0.27329,-0.0413,0.0014,7.9576,0.6917,1.2221,181.4264,0.0046,0.0027,0.0122,0.0069,0,0,0,0,0,0
PAIR_POS_000218,FRAG_000243,FRAG_000244,sample_pdf_001.pdf,sample_pdf_001.pdf,pdf,pdf,1,1,67.0,42.5,23.75,0,1,0,0.99967,0.00609,0.02591,0.99964,0.0074,4.5452,0.2327,0.0706,3.9146,0.0,0.0,0.0,0.0,0,0,0,0,0,0
PAIR_POS_001112,FRAG_001200,FRAG_001201,sample_text_014.txt,sample_text_014.txt,text,text,1,1,9.0,6.25,25.25,0,1,0,0.99967,0.00509,0.01854,0.99964,0.0163,5.1066,0.0432,0.0138,0.8481,0.0,0.0,0.0,0.0,0,0,0,0,0,0
PAIR_POS_000823,FRAG_000882,FRAG_000883,sample_png_010.png,sample_png_010.png,png,png,1,1,116.0,104.0,99.625,0,0,0,0.94144,0.02207,0.27494,0.04124,0.0024,7.9532,3.2099,1.0607,156.0696,0.011,0.0019,0.0142,0.0012,0,0,0,0,0,0
PAIR_POS_001164,FRAG_001254,FRAG_001255,sample_text_016.json,sample_text_016.json,text,text,1,1,31.0,33.0,41.5,0,1,0,0.99964,0.00613,0.02828,0.99961,0.0033,4.988,0.0867,0.0081,0.57,0.0,0.0,0.0,0.0,0,0,0,0,0,0
PAIR_POS_000247,FRAG_000273,FRAG_000274,sample_pdf_002.pdf,sample_pdf_002.pdf,pdf,pdf,1,1,9.0,31.0,25.6875,0,1,0,0.99817,0.01425,0.0786,0.99803,0.0356,4.5691,0.1138,0.0877,4.8529,0.0,0.0,0.0,0.0,0,0,0,0,0,0
PAIR_POS_000698,FRAG_000745,FRAG_000746,sample_pdf_023.pdf,sample_pdf_023.pdf,pdf,pdf,1,1,11.0,22.5,29.5,0,1,0,0.99966,0.00625,0.0244,0.99963,0.0044,4.5367,0.0701,0.029,1.6366,0.0,0.0,0.0,0.0,0,0,0,0,0,0
PAIR_POS_001047,FRAG_001130,FRAG_001131,sample_text_009.txt,sample_text_009.txt,text,text,1,1,8.0,8.75,21.5625,0,1,0,0.99889,0.00929,0.03323,0.99877,0.0125,5.1054,0.0217,0.0131,0.8096,0.0,0.0,0.0,0.0,1,0,0,0,0,0
PAIR_POS_000179,FRAG_000201,FRAG_000202,sample_jpeg_023.jpeg,sample_jpeg_023.jpeg,jpeg,jpeg,1,1,44.0,66.25,49.5625,0,0,0,0.94095,0.02223,0.28263,0.10554,0.0123,7.9498,0.9573,0.8966,133.4633,0.0122,0.0036,0.0126,0.0015,1,1,0,1,0,0
PAIR_NEG_000646,FRAG_001484,FRAG_001432,sample_zip_012.zip,sample_zip_008.zip,zip,zip,1,0,60.0,120.0,113.5625,0,0,0,0.93723,0.02289,0.29105,0.0199,0.0007,7.9497,3.0503,0.5597,82.1218,0.0149,0.0009,0.018,0.0034,0,0,0,0,0,1
PAIR_NEG_000876,FRAG_000002,FRAG_001527,sample_jpeg_001.jpeg,sample_zip_015.zip,jpeg,zip,0,0,158.0,55.25,86.75,0,0,0,0.93965,0.02239,0.28563,-0.02152,0.0062,7.9544,1.4837,0.1697,25.3172,0.0093,0.0029,0.0134,0.0036,1,0,0,0,0,0
PAIR_NEG_000031,FRAG_000059,FRAG_000211,sample_jpeg_008.jpeg,sample_jpeg_024.jpeg,jpeg,jpeg,1,0,2.0,71.75,101.8125,0,1,0,0.93245,0.02382,0.30017,0.03048,0.0052,7.9467,1.9162,0.4038,60.7208,0.0132,0.0049,0.003,0.0105,1,1,0,1,0,0
PAIR_POS_000076,FRAG_000085,FRAG_000086,sample_jpeg_010.jpg,sample_jpeg_010.jpg,jpeg,jpeg,1,1,5.0,88.75,77.5625,0,0,0,0.94117,0.02212,0.2842,0.01689,0.0151,7.9535,0.1641,0.4895,72.4708,0.0088,0.0022,0.0022,0.011,0,0,0,0,0,0
PAIR_POS_000579,FRAG_000621,FRAG_000622,sample_pdf_018.pdf,sample_pdf_018.pdf,pdf,pdf,1,1,19.0,8.0,33.8125,0,1,0,0.99758,0.01657,0.07958,0.99741,0.0657,4.5633,0.3725,0.1368,7.6157,0.0,0.0,0.0,0.0,0,0,0,0,0,0
PAIR_NEG_000467,FRAG_000148,FRAG_000130,sample_jpeg_017.jpg,sample_jpeg_015.jpeg,jpeg,jpeg,1,0,132.0,131.5,97.75,0,0,0,0.92512,0.02522,0.32188,0.03941,0.0207,7.9417,4.5962,1.862,280.1414,0.0024,0.0074,0.0139,0.0171,0,1,0,1,0,0
PAIR_NEG_000736,FRAG_000477,FRAG_000510,sample_pdf_011.pdf,sample_pdf_012.pdf,pdf,pdf,1,0,5.0,24.25,28.75,0,1,0,0.99812,0.01475,0.08007,0.99798,0.0941,4.5891,1.344,0.8423,47.3789,0.0,0.0,0.0,0.0,0,0,0,0,0,0
PAIR_POS_001060,FRAG_001144,FRAG_001145,sample_text_010.log,sample_text_010.log,text,text,1,1,3.0,4.5,26.25,0,1,0,0.99927,0.00761,0.03218,0.99919,0.0245,5.1048,0.0166,0.0611,3.771,0.0,0.0,0.0,0.0,1,0,0,0,0,0
PAIR_NEG_001239,FRAG_000054,FRAG_001271,sample_jpeg_007.jpg,sample_text_017.txt,jpeg,text,0,0,146.0,110.25,87.0625,0,0,0,0.31162,0.18623,1.6216,0.01134,2.8433,6.5305,46.7986,43.9979,4652.7658,0.6318,0.0078,0.5017,0.1252,0,0,0,0,0,0
PAIR_NEG_000727,FRAG_000903,FRAG_000834,sample_png_013.png,sample_png_005.png,png,png,1,0,11.0,55.0,73.75,0,0,0,0.87722,0.03342,0.4335,0.01873,0.1226,7.8906,6.0278,0.0983,14.7315,0.0335,0.0028,0.0411,0.0059,1,1,1,1,1,0
PAIR_POS_000835,FRAG_000895,FRAG_000896,sample_png_011.png,sample_png_011.png,png,png,1,1,4.0,48.0,77.9375,0,1,0,0.84368,0.03909,0.48124,0.06217,0.2331,7.8396,3.999,0.5946,88.2158,0.0073,0.0055,0.0174,0.0222,1,0,1,0,1,0
PAIR_POS_000868,FRAG_000933,FRAG_000934,sample_png_016.png,sample_png_016.png,png,png,1,1,110.0,75.25,102.0,0,0,0,0.94065,0.02219,0.28515,-0.02081,0.001,7.9546,0.3257,0.3874,57.2576,0.0132,0.0007,0.0114,0.0029,0,0,0,0,0,0
PAIR_NEG_000692,FRAG_001283,FRAG_001259,sample_text_018.csv,sample_text_016.json,text,text,1,0,42.0,40.0,50.6875,0,1,0,0.39388,0.24244,1.17135,0.3405,0.0786,4.9474,5.8628,11.4704,681.3633,0.0,0.0,0.0,0.0,1,0,0,0,0,0
PAIR_POS_000857,FRAG_000920,FRAG_000921,sample_png_014.png,sample_png_014.png,png,png,1,1,40.0,67.5,82.0625,0,0,0,0.32363,0.18017,1.73731,0.01861,2.9879,6.4658,1.9401,6.7307,1042.0852,0.0335,0.0954,0.0216,0.06,2,0,1,0,1,0
PAIR_POS_001360,FRAG_001470,FRAG_001471,sample_zip_011.zip,sample_zip_011.zip,zip,zip,1,1,25.0,51.75,81.0625,0,0,0,0.93138,0.02396,0.30453,-0.04142,0.0034,7.9486,4.3091,0.0953,14.0114,0.0266,0.0017,0.0349,0.0061,0,0,0,0,0,0
PAIR_POS_000094,FRAG_000105,FRAG_000106,sample_jpeg_012.jpg,sample_jpeg_012.jpg,jpeg,jpeg,1,1,146.0,66.25,88.875,0,0,0,0.93751,0.02285,0.29346,0.03677,0.0021,7.9505,1.1116,0.1253,18.6235,0.0049,0.0002,0.0044,0.001,0,0,0,0,0,0
PAIR_NEG_000418,FRAG_001340,FRAG_001233,sample_text_023.csv,sample_text_015.json,text,text,1,0,105.0,67.75,40.25,0,1,0,0.38048,0.24655,1.16823,0.32673,0.1263,4.9322,6.0737,11.4647,679.6693,0.0,0.0,0.0,0.0,1,0,0,0,0,0
PAIR_NEG_000332,FRAG_001377,FRAG_001578,sample_zip_001.zip,sample_zip_020.zip,zip,zip,1,0,21.0,58.75,97.8125,0,0,0,0.94595,0.02119,0.27284,0.08778,0.0063,7.9539,0.3325,0.4441,66.4617,0.0095,0.0022,0.0061,0.0048,1,0,0,0,0,0
PAIR_POS_001250,FRAG_001348,FRAG_001349,sample_text_024.txt,sample_text_024.txt,text,text,1,1,12.0,42.25,50.625,0,1,0,0.99984,0.00351,0.01119,0.99982,0.0058,5.1168,0.0396,0.02,1.2278,0.0,0.0,0.0,0.0,1,0,0,0,0,0
PAIR_POS_000456,FRAG_000492,FRAG_000493,sample_pdf_012.pdf,sample_pdf_012.pdf,pdf,pdf,1,1,15.0,27.0,21.9375,0,1,0,0.99928,0.00908,0.0386,0.99923,0.0035,4.5046,0.0683,0.0027,0.1456,0.0,0.0,0.0,0.0,0,0,0,0,0,0
PAIR_POS_001407,FRAG_001521,FRAG_001522,sample_zip_015.zip,sample_zip_015.zip,zip,zip,1,1,166.0,123.25,111.0,0,0,0,0.93148,0.02392,0.29842,-0.06742,0.0068,7.9503,1.0232,0.1007,14.9272,0.0049,0.0026,0.0005,0.0061,0,0,0,0,0,0
PAIR_POS_000057,FRAG_000064,FRAG_000065,sample_jpeg_008.jpeg,sample_jpeg_008.jpeg,jpeg,jpeg,1,1,102.0,90.0,91.625,0,0,0,0.94208,0.02199,0.27873,0.09807,0.0021,7.9508,1.4607,0.0322,4.8109,0.0095,0.0008,0.0122,0.0041,0,0,0,0,0,0
PAIR_POS_001179,FRAG_001270,FRAG_001271,sample_text_017.txt,sample_text_017.txt,text,text,1,1,17.0,49.5,43.25,0,1,0,0.99952,0.00616,0.02536,0.99947,0.0183,5.0996,0.0969,0.0449,2.7742,0.0,0.0,0.0,0.0,1,0,0,0,0,0
PAIR_POS_000605,FRAG_000648,FRAG_000649,sample_pdf_019.pdf,sample_pdf_019.pdf,pdf,pdf,1,1,65.0,26.5,35.8125,0,1,0,0.99612,0.0209,0.1108,0.99583,0.0488,4.5601,0.117,0.0772,4.2936,0.0,0.0,0.0,0.0,0,0,0,0,0,0
PAIR_NEG_001334,FRAG_001130,FRAG_000138,sample_text_009.txt,sample_jpeg_015.jpeg,text,jpeg,0,0,151.0,73.25,90.375,0,0,0,0.30405,0.18732,1.61572,-0.02035,2.8563,6.5274,48.9013,43.457,4571.3392,0.6169,0.0085,0.5027,0.1113,1,0,0,0,0,0
PAIR_POS_000224,FRAG_000249,FRAG_000250,sample_pdf_001.pdf,sample_pdf_001.pdf,pdf,pdf,1,1,9.0,11.25,25.9375,0,1,0,0.99999,0.00125,0.00392,0.99998,0.0013,4.5827,0.0105,0.009,0.4998,0.0,0.0,0.0,0.0,0,0,0,0,0,0
PAIR_NEG_001017,FRAG_000392,FRAG_000128,sample_pdf_008.pdf,sample_jpeg_015.jpeg,pdf,jpeg,0,0,103.0,89.0,62.6875,0,0,0,0.25815,0.22503,1.69634,-0.00445,3.3321,6.2833,33.4353,45.6498,4675.1203,0.6172,0.009,0.4929,0.1191,1,0,0,0,0,0
PAIR_POS_000352,FRAG_000383,FRAG_000384,sample_pdf_007.pdf,sample_pdf_007.pdf,pdf,pdf,1,1,1.0,24.25,27.75,0,1,0,0.99978,0.00525,0.02542,0.99977,0.0306,4.4935,0.5262,0.3093,16.8894,0.0,0.0,0.0,0.0,0,0,0,0,0,0
PAIR_POS_000639,FRAG_000683,FRAG_000684,sample_pdf_020.pdf,sample_pdf_020.pdf,pdf,pdf,1,1,67.0,18.0,27.8125,0,1,0,0.99908,0.01093,0.05856,0.99902,0.0977,4.5299,1.0769,0.6932,38.2115,0.0,0.0,0.0,0.0,0,0,0,0,0,0
PAIR_NEG_000020,FRAG_000521,FRAG_000306,sample_pdf_013.pdf,sample_pdf_004.pdf,pdf,pdf,1,0,77.0,45.25,60.5,0,1,0,0.99696,0.01887,0.09568,0.99674,0.1213,4.6259,1.5818,1.2623,71.5302,0.002,0.0,0.002,0.0,0,0,0,0,0,1
PAIR_POS_000818,FRAG_000876,FRAG_000877,sample_png_009.png,sample_png_009.png,png,png,1,1,101.0,129.0,92.625,0,0,0,0.94293,0.02175,0.28181,0.00064,0.0005,7.9559,1.6956,0.7843,115.3879,0.0027,0.0017,0.0018,0.0022,1,0,0,0,0,0
PAIR_POS_000957,FRAG_001032,FRAG_001033,sample_text_001.json,sample_text_001.json,text,text,1,1,11.0,36.25,43.6875,0,1,0,0.99948,0.00754,0.03759,0.99944,0.0175,4.9908,0.0769,0.0728,5.1494,0.0,0.0,0.0,0.0,0,0,0,0,0,0
PAIR_POS_000184,FRAG_000207,FRAG_000208,sample_jpeg_024.jpeg,sample_jpeg_024.jpeg,jpeg,jpeg,1,1,95.0,120.75,99.3125,0,0,0,0.93999,0.02237,0.28699,0.04328,0.0074,7.9509,3.8432,1.1387,168.6038,0.0005,0.0022,0.0229,0.021,1,0,0,0,0,0
PAIR_NEG_000293,FRAG_001329,FRAG_001265,sample_text_022.log,sample_text_016.json,text,text,1,0,55.0,53.0,45.75,0,1,0,0.79578,0.13926,0.65198,0.77728,0.1076,5.0539,10.5853,4.5822,303.7567,0.0,0.0,0.0,0.0,1,0,1,0,0,0
PAIR_POS_000598,FRAG_000641,FRAG_000642,sample_pdf_019.pdf,sample_pdf_019.pdf,pdf,pdf,1,1,41.0,58.25,39.4375,0,1,0,0.9997,0.00586,0.0293,0.99968,0.0187,4.4978,0.2864,0.1865,10.2096,0.0,0.0,0.0,0.0,0,0,0,0,0,0
PAIR_NEG_000300,FRAG_000016,FRAG_000043,sample_jpeg_002.jpeg,sample_jpeg_005.jpg,jpeg,jpeg,1,0,40.0,67.75,109.875,0,0,0,0.93854,0.02264,0.27885,0.03004,0.0045,7.9515,3.4941,0.3117,46.599,0.0054,0.0012,0.0034,0.0095,0,0,0,0,0,0
PAIR_POS_001433,FRAG_001549,FRAG_001550,sample_zip_017.zip,sample_zip_017.zip,zip,zip,1,1,75.0,115.5,96.4375,0,0,0,0.9403,0.02227,0.28517,-0.00377,0.0027,7.9529,0.0447,0.8102,119.4954,0.0049,0.0037,0.0083,0.0042,0,0,0,0,0,0
PAIR_POS_000694,FRAG_000740,FRAG_000741,sample_pdf_022.pdf,sample_pdf_022.pdf,pdf,pdf,1,1,57.0,37.5,15.3125,0,1,0,0.96547,0.06282,0.20704,0.96294,0.2089,4.5826,5.7819,3.3039,192.2003,0.0,0.0,0.0,0.0,8,0,1,0,1,0
PAIR_NEG_001502,FRAG_000353,FRAG_000187,sample_pdf_006.pdf,sample_jpeg_021.jpg,pdf,jpeg,0,0,158.0,162.25,82.8125,0,0,0,0.26603,0.22802,1.6988,0.0458,3.406,6.2405,27.866,48.1602,4983.7404,0.625,0.0129,0.4819,0.1384,1,0,0,0,0,1
PAIR_POS_000100,FRAG_000112,FRAG_000113,sample_jpeg_013.jpeg,sample_jpeg_013.jpeg,jpeg,jpeg,1,1,180.0,110.0,76.375,0,0,0,0.93934,0.02248,0.29386,0.01555,0.0098,7.9535,3.0412,1.6989,254.272,0.0056,0.0032,0.0112,0.017,1,1,0,1,0,0
PAIR_NEG_000921,FRAG_000190,FRAG_000474,sample_jpeg_021.jpg,sample_pdf_011.pdf,jpeg,pdf,0,0,36.0,57.5,62.375,0,0,0,0.24689,0.22686,1.71381,-0.05244,3.3896,6.2618,34.1399,46.7775,4798.4322,0.6223,0.0088,0.5032,0.1135,0,0,0,0,0,0
PAIR_POS_001412,FRAG_001526,FRAG_001527,sample_zip_015.zip,sample_zip_015.zip,zip,zip,1,1,2.0,40.0,66.1875,0,1,0,0.94878,0.02055,0.25872,0.02281,0.0031,7.959,2.2569,1.9724,290.6255,0.0063,0.0007,0.0117,0.0173,0,0,0,0,0,0
PAIR_NEG_001257,FRAG_001016,FRAG_000176,sample_png_025.png,sample_jpeg_019.jpg,png,jpeg,0,0,118.0,133.75,93.375,0,0,0,0.93693,0.02293,0.28508,-0.01126,0.0048,7.9525,1.7286,0.8862,131.556,0.0047,0.0064,0.0085,0.0036,0,0,0,0,0,0
PAIR_POS_000781,FRAG_000836,FRAG_000837,sample_png_006.png,sample_png_006.png,png,png,1,1,161.0,129.0,102.375,0,0,0,0.94359,0.02163,0.27971,0.02323,0.011,7.9556,2.9246,0.4638,68.483,0.0105,0.0002,0.0183,0.0075,0,0,0,0,0,0
PAIR_POS_001427,FRAG_001542,FRAG_001543,sample_zip_016.zip,sample_zip_016.zip,zip,zip,1,1,175.0,144.0,98.25,0,0,0,0.36362,0.14637,0.69239,-0.0966,0.8431,7.5301,31.1868,3.0787,456.4282,0.0567,0.1383,0.1971,0.1423,15,0,1,0,1,0
PAIR_POS_001497,FRAG_001620,FRAG_001621,sample_zip_024.zip,sample_zip_024.zip,zip,zip,1,1,124.0,37.0,79.4375,0,0,0,0.93454,0.0234,0.29736,0.00191,0.0045,7.9486,2.6538,0.8031,118.738,0.0153,0.0039,0.0259,0.0117,1,0,0,0,0,0
PAIR_NEG_000223,FRAG_001034,FRAG_001301,sample_text_001.json,sample_text_019.txt,text,text,1,0,2.0,4.75,31.5,0,1,0,0.79525,0.13951,0.65616,0.77671,0.1122,5.0489,10.5217,4.4817,297.2013,0.0,0.0,0.0,0.0,1,0,1,0,0,0
PAIR_NEG_000183,FRAG_001149,FRAG_001100,sample_text_011.json,sample_text_007.csv,text,text,1,0,41.0,54.0,31.0,0,1,0,0.38117,0.24587,1.17135,0.32717,0.1056,4.9427,5.8682,11.3938,676.8783,0.0,0.0,0.0,0.0,1,0,0,0,0,0
PAIR_POS_000461,FRAG_000497,FRAG_000498,sample_pdf_012.pdf,sample_pdf_012.pdf,pdf,pdf,1,1,68.0,37.25,23.9375,0,1,0,0.99831,0.01426,0.07467,0.99819,0.1119,4.4984,1.3682,0.9065,49.6998,0.0,0.0,0.0,0.0,0,0,0,0,0,0
PAIR_NEG_001324,FRAG_000851,FRAG_001613,sample_png_007.png,sample_zip_023.zip,png,zip,0,0,98.0,110.75,84.1875,0,0,0,0.93986,0.02236,0.28942,0.00612,0.0,7.9534,1.4234,0.8453,124.2196,0.0169,0.0039,0.0071,0.008,1,0,0,0,0,0
PAIR_NEG_000848,FRAG_000004,FRAG_001033,sample_jpeg_001.jpeg,sample_text_001.json,jpeg,text,0,0,54.0,89.0,81.0,0,1,0,0.28138,0.22075,1.57567,0.07613,2.9622,6.4631,58.2868,39.9122,4420.2356,0.6218,0.0103,0.4978,0.1213,2,0,0,0,0,0
PAIR_NEG_001149,FRAG_001533,FRAG_000982,sample_zip_016.zip,sample_png_021.png,zip,png,0,0,208.0,137.25,85.75,0,0,0,0.93961,0.02245,0.28172,0.04761,0.0086,7.9506,0.1038,0.2571,37.8595,0.0203,0.0025,0.0178,0.0017,0,0,0,0,0,0
PAIR_NEG_000250,FRAG_000700,FRAG_000613,sample_pdf_020.pdf,sample_pdf_018.pdf,pdf,pdf,1,0,10.0,7.5,30.75,0,1,0,0.99711,0.01821,0.07913,0.9969,0.0039,4.4829,0.1856,0.0988,5.3998,0.0,0.0,0.0,0.0,0,0,0,0,0,0
PAIR_POS_001091,FRAG_001177,FRAG_001178,sample_text_012.log,sample_text_012.log,text,text,1,1,4.0,40.5,32.6875,0,1,0,0.99909,0.00856,0.03465,0.999,0.028,5.0922,0.105,0.0717,4.4368,0.0,0.0,0.0,0.0,0,0,0,0,0,0
PAIR_POS_000294,FRAG_000323,FRAG_000324,sample_pdf_005.pdf,sample_pdf_005.pdf,pdf,pdf,1,1,24.0,57.25,35.75,0,1,0,0.99751,0.01669,0.08296,0.99732,0.0761,4.5684,0.9888,0.8189,45.7632,0.0,0.0,0.0,0.0,0,0,0,0,0,0
PAIR_POS_000993,FRAG_001071,FRAG_001072,sample_text_004.json,sample_text_004.json,text,text,1,1,0.0,22.75,39.125,0,1,1,0.99928,0.00883,0.0488,0.99922,0.0231,4.9859,0.2336,0.1102,7.8142,0.0,0.0,0.0,0.0,0,0,0,0,0,0
PAIR_POS_001009,FRAG_001088,FRAG_001089,sample_text_005.csv,sample_text_005.csv,text,text,1,1,6.0,30.75,42.875,0,1,0,0.99376,0.02431,0.09246,0.9932,0.0287,4.8558,0.0836,0.3099,14.9118,0.0,0.0,0.0,0.0,0,0,1,0,0,0
PAIR_NEG_001072,FRAG_000013,FRAG_001111,sample_jpeg_001.jpeg,sample_text_008.json,jpeg,text,0,0,116.0,91.0,69.625,0,0,0,0.23823,0.22495,1.6163,-0.02751,2.8966,6.4158,58.02,40.1292,4462.5563,0.6284,0.0064,0.4968,0.1276,2,0,0,0,0,1
PAIR_NEG_001012,FRAG_000179,FRAG_000907,sample_jpeg_019.jpg,sample_png_013.png,jpeg,png,0,0,122.0,70.25,85.5625,0,0,0,0.94042,0.02231,0.2798,0.07684,0.0098,7.9494,0.9465,0.5638,83.3093,0.0086,0.0056,0.0061,0.0002,0,0,0,0,0,0
PAIR_NEG_000787,FRAG_001416,FRAG_001286,sample_zip_006.zip,sample_text_018.csv,zip,text,0,0,31.0,69.0,59.25,0,1,0,0.31488,0.19649,1.67055,0.09544,3.0314,6.4398,65.194,49.8665,4860.8297,0.624,0.0054,0.5088,0.1118,0,0,1,0,0,0
PAIR_POS_000804,FRAG_000861,FRAG_000862,sample_png_008.png,sample_png_008.png,png,png,1,1,6.0,63.25,93.375,0,1,0,0.94753,0.02084,0.26171,0.07023,0.003,7.9571,1.4597,0.9049,133.4401,0.0198,0.0002,0.0142,0.0059,0,0,0,0,0,0
PAIR_NEG_001046,FRAG_000060,FRAG_001636,sample_jpeg_008.jpeg,sample_zip_025.zip,jpeg,zip,0,0,117.0,108.25,96.6875,0,0,0,0.9384,0.02263,0.28901,-0.02081,0.0038,7.9534,2.2995,0.8973,133.2215,0.0162,0.0047,0.0154,0.0015,0,0,0,0,0,0
PAIR_NEG_000108,FRAG_001411,FRAG_001584,sample_zip_006.zip,sample_zip_020.zip,zip,zip,1,0,199.0,155.75,112.75,0,0,0,0.94964,0.02036,0.25677,0.01762,0.002,7.9612,1.2644,0.9291,138.4835,0.0074,0.0042,0.0112,0.0032,1,0,0,0,0,0
PAIR_NEG_001307,FRAG_001394,FRAG_000893,sample_zip_003.zip,sample_png_011.png,zip,png,0,0,90.0,163.75,121.25,0,0,0,0.79165,0.04731,0.38385,0.04862,0.1357,7.886,12.6671,2.3248,348.3279,0.0156,0.0391,0.0734,0.062,15,0,0,0,0,1
PAIR_POS_000812,FRAG_000870,FRAG_000871,sample_png_009.png,sample_png_009.png,png,png,1,1,121.0,80.0,64.0,0,0,0,0.93549,0.0232,0.28992,-0.01829,0.0048,7.9504,1.7476,1.749,258.8041,0.0093,0.0017,0.0027,0.0129,0,0,0,0,0,0
PAIR_NEG_000779,FRAG_000361,FRAG_001614,sample_pdf_006.pdf,sample_zip_023.zip,pdf,zip,0,0,77.0,122.0,88.5,0,0,0,0.26401,0.22838,1.6997,0.03207,3.4249,6.2471,30.1189,45.8272,4645.6359,0.6089,0.0046,0.4844,0.1201,0,0,0,0,0,0
PAIR_NEG_000458,FRAG_000905,FRAG_000876,sample_png_013.png,sample_png_009.png,png,png,1,0,39.0,103.5,62.5625,0,0,0,0.93844,0.02261,0.29298,-0.04273,0.0023,7.9546,1.0223,0.9931,146.3199,0.011,0.001,0.0054,0.0054,0,0,0,0,0,0
PAIR_POS_000553,FRAG_000594,FRAG_000595,sample_pdf_017.pdf,sample_pdf_017.pdf,pdf,pdf,1,1,11.0,26.25,24.25,0,1,0,0.99945,0.00829,0.04828,0.99941,0.0794,4.591,0.6694,0.416,23.4953,0.0,0.0,0.0,0.0,0,0,0,0,0,0
PAIR_POS_000535,FRAG_000575,FRAG_000576,sample_pdf_016.pdf,sample_pdf_016.pdf,pdf,pdf,1,1,10.0,27.0,37.3125,0,1,0,0.99998,0.00133,0.00584,0.99998,0.0043,4.526,0.0725,0.0323,1.7989,0.0,0.0,0.0,0.0,0,0,0,0,0,0
PAIR_NEG_000268,FRAG_000720,FRAG_000508,sample_pdf_022.pdf,sample_pdf_012.pdf,pdf,pdf,1,0,19.0,8.25,16.5625,0,1,0,0.99621,0.02071,0.11182,0.99593,0.1219,4.5896,1.4429,1.4024,79.374,0.002,0.0,0.002,0.0,0,1,0,1,0,0
PAIR_NEG_000544,FRAG_000080,FRAG_000144,sample_jpeg_010.jpg,sample_jpeg_016.jpeg,jpeg,jpeg,1,0,165.0,99.25,97.625,0,0,0,0.94517,0.02144,0.26744,0.19183,0.0052,7.9491,0.7212,0.7786,116.1257,0.0196,0.001,0.0117,0.0091,0,0,0,0,0,0
PAIR_NEG_000121,FRAG_000495,FRAG_000343,sample_pdf_012.pdf,sample_pdf_005.pdf,pdf,pdf,1,0,69.0,20.5,23.5,0,1,0,0.99666,0.01944,0.09817,0.99642,0.078,4.5452,0.8305,0.4641,25.8755,0.0,0.0,0.0,0.0,0,0,0,0,0,0
PAIR_POS_000349,FRAG_000380,FRAG_000381,sample_pdf_007.pdf,sample_pdf_007.pdf,pdf,pdf,1,1,6.0,5.75,20.875,0,1,0,0.99989,0.00348,0.01316,0.99989,0.0045,4.5053,0.1262,0.0729,3.9976,0.0,0.0,0.0,0.0,0,0,0,0,0,0
PAIR_POS_001076,FRAG_001161,FRAG_001162,sample_text_011.json,sample_text_011.json,text,text,1,1,12.0,9.75,48.75,0,1,0,0.99972,0.00546,0.03076,0.9997,0.0009,4.994,0.4988,0.0213,1.5092,0.0,0.0,0.0,0.0,0,0,0,0,0,0
PAIR_NEG_000124,FRAG_000495,FRAG_000742,sample_pdf_012.pdf,sample_pdf_023.pdf,pdf,pdf,1,0,5.0,26.0,64.0,0,1,0,0.99843,0.01328,0.06982,0.99831,0.0288,4.5986,0.0017,0.369,20.8723,0.002,0.0,0.002,0.0,0,0,0,0,0,1
PAIR_NEG_001462,FRAG_000496,FRAG_001475,sample_pdf_012.pdf,sample_zip_011.zip,pdf,zip,0,0,10.0,38.25,59.125,0,1,0,0.23716,0.23048,1.73245,-0.08221,3.439,6.236,33.4206,46.4746,4717.05,0.6292,0.0037,0.5105,0.1152,0,0,0,0,0,0
PAIR_NEG_001217,FRAG_001379,FRAG_000229,sample_zip_001.zip,sample_pdf_001.pdf,zip,pdf,0,0,73.0,100.5,86.875,0,0,0,0.23152,0.2313,1.70524,0.04,3.2809,6.1753,24.0845,48.9856,5125.9153,0.6164,0.0494,0.4513,0.1619,15,0,0,0,0,1
PAIR_NEG_000829,FRAG_001573,FRAG_000470,sample_zip_019.zip,sample_pdf_011.pdf,zip,pdf,0,0,147.0,113.5,96.375,0,0,0,0.27506,0.22537,1.68555,0.07019,3.396,6.2593,33.0191,45.8623,4660.3382,0.6116,0.0046,0.4956,0.1128,0,0,0,0,0,0
PAIR_NEG_000438,FRAG_000656,FRAG_000763,sample_pdf_019.pdf,sample_pdf_024.pdf,pdf,pdf,1,0,1.0,5.0,24.125,0,1,0,0.99753,0.01669,0.08208,0.99734,0.0108,4.5091,0.4238,0.4697,25.7546,0.0,0.0,0.0,0.0,0,0,0,0,0,0
PAIR_POS_000339,FRAG_000370,FRAG_000371,sample_pdf_007.pdf,sample_pdf_007.pdf,pdf,pdf,1,1,11.0,7.75,32.875,0,1,0,0.99791,0.01543,0.08639,0.99776,0.1357,4.6843,1.0576,1.0278,60.1484,0.002,0.0,0.002,0.0,0,1,0,1,0,0
PAIR_POS_001377,FRAG_001488,FRAG_001489,sample_zip_012.zip,sample_zip_012.zip,zip,zip,1,1,25.0,54.25,65.375,0,0,0,0.49757,0.11884,0.64386,0.2506,0.7469,7.5792,21.7979,5.5383,851.4874,0.0291,0.1114,0.1235,0.0977,14,0,1,0,1,0
PAIR_POS_000542,FRAG_000583,FRAG_000584,sample_pdf_017.pdf,sample_pdf_017.pdf,pdf,pdf,1,1,1.0,24.5,34.625,0,1,0,0.99855,0.01332,0.07273,0.99845,0.1427,4.5946,1.4243,1.2493,70.8015,0.002,0.0,0.002,0.0,0,1,0,1,0,0
PAIR_POS_000607,FRAG_000650,FRAG_000651,sample_pdf_019.pdf,sample_pdf_019.pdf,pdf,pdf,1,1,1.0,2.75,19.4375,0,1,0,0.99989,0.00351,0.01415,0.99989,0.0102,4.5055,0.1567,0.1004,5.459,0.0,0.0,0.0,0.0,0,0,0,0,0,0
PAIR_NEG_000104,FRAG_000218,FRAG_000048,sample_jpeg_025.jpg,sample_jpeg_006.jpg,jpeg,jpeg,1,0,4.0,73.25,107.25,0,0,0,0.93663,0.02317,0.28701,0.17123,0.0139,7.944,2.0042,1.6275,245.1343,0.0008,0.0047,0.0142,0.0127,1,0,0,0,0,1
PAIR_NEG_001429,FRAG_000444,FRAG_000131,sample_pdf_009.pdf,sample_jpeg_015.jpeg,pdf,jpeg,0,0,97.0,61.0,84.1875,0,1,0,0.21363,0.28495,1.64938,0.02497,3.4656,6.2199,56.0302,40.6184,4373.2482,0.6128,0.0068,0.4966,0.1113,8,0,0,0,0,1
PAIR_NEG_000258,FRAG_001493,FRAG_001613,sample_zip_013.zip,sample_zip_023.zip,zip,zip,1,0,48.0,100.75,105.8125,0,0,0,0.94019,0.02232,0.28365,0.03584,0.0029,7.952,0.2537,0.146,21.5955,0.0087,0.002,0.0088,0.0022,1,0,0,0,0,0
PAIR_POS_000910,FRAG_000980,FRAG_000981,sample_png_021.png,sample_png_021.png,png,png,1,1,89.0,116.25,77.8125,0,0,0,0.9431,0.02174,0.28854,0.04162,0.0037,7.9542,0.5478,0.0715,10.5492,0.0013,0.0017,0.0026,0.0034,0,0,0,0,0,0
PAIR_POS_000369,FRAG_000401,FRAG_000402,sample_pdf_008.pdf,sample_pdf_008.pdf,pdf,pdf,1,1,41.0,19.5,26.125,0,1,0,0.9989,0.01095,0.05762,0.99881,0.0408,4.5853,0.2554,0.3158,17.6897,0.0,0.0,0.0,0.0,0,0,0,0,0,0
PAIR_NEG_001163,FRAG_000035,FRAG_000532,sample_jpeg_004.jpeg,sample_pdf_014.pdf,jpeg,pdf,0,0,16.0,77.0,85.25,0,1,0,0.27375,0.2236,1.67187,0.056,3.3124,6.2959,34.6026,46.2589,4779.6815,0.6179,0.0085,0.501,0.115,0,0,0,0,0,0
PAIR_NEG_000845,FRAG_000003,FRAG_000448,sample_jpeg_001.jpeg,sample_pdf_010.pdf,jpeg,pdf,0,0,36.0,71.0,70.8125,0,1,0,0.25175,0.22667,1.68942,-0.02898,3.3525,6.2773,32.2285,46.9477,4841.0478,0.6216,0.009,0.4949,0.1235,0,0,0,0,0,0
PAIR_NEG_000926,FRAG_001224,FRAG_001372,sample_text_015.json,sample_zip_001.zip,text,zip,0,0,90.0,102.75,96.1875,0,1,0,0.2628,0.22157,1.58403,-0.00594,2.9605,6.4741,58.812,39.4648,4354.3014,0.6196,0.0051,0.4971,0.1194,1,0,0,0,0,0
PAIR_NEG_000314,FRAG_001593,FRAG_001621,sample_zip_021.zip,sample_zip_024.zip,zip,zip,1,0,45.0,55.0,64.8125,0,1,0,0.93856,0.02262,0.29302,0.00988,0.0093,7.9511,1.3994,1.0216,150.828,0.0008,0.0026,0.0129,0.0142,1,0,0,0,0,0
PAIR_NEG_000098,FRAG_000528,FRAG_000447,sample_pdf_014.pdf,sample_pdf_010.pdf,pdf,pdf,1,0,0.0,24.75,21.125,0,1,1,0.99669,0.01923,0.09468,0.99644,0.0235,4.5456,0.2322,0.1183,6.5519,0.0,0.0,0.0,0.0,0,0,0,0,0,0
PAIR_POS_000207,FRAG_000232,FRAG_000233,sample_pdf_001.pdf,sample_pdf_001.pdf,pdf,pdf,1,1,19.0,8.0,33.8125,0,1,0,0.99986,0.00403,0.0186,0.99985,0.0125,4.509,0.092,0.0381,2.0911,0.0,0.0,0.0,0.0,0,0,0,0,0,0
PAIR_POS_000628,FRAG_000671,FRAG_000672,sample_pdf_019.pdf,sample_pdf_019.pdf,pdf,pdf,1,1,8.0,5.5,25.5,0,1,0,0.88866,0.11023,0.3357,0.88007,0.1942,4.6147,9.6469,4.6591,278.1584,0.0,0.0,0.0,0.0,8,0,1,0,1,0
PAIR_NEG_001215,FRAG_000188,FRAG_000607,sample_jpeg_021.jpg,sample_pdf_018.pdf,jpeg,pdf,0,0,33.0,86.0,76.0625,0,0,0,0.25343,0.22652,1.70702,-0.02417,3.3504,6.2805,35.3655,46.2303,4738.0072,0.6357,0.0078,0.5168,0.1135,0,0,0,0,0,0
PAIR_NEG_000546,FRAG_000764,FRAG_000320,sample_pdf_024.pdf,sample_pdf_005.pdf,pdf,pdf,1,0,10.0,5.5,18.5625,0,1,0,0.99858,0.01275,0.05863,0.99848,0.0379,4.5268,0.7522,0.4468,24.763,0.0,0.0,0.0,0.0,0,0,0,0,0,0
PAIR_POS_001339,FRAG_001447,FRAG_001448,sample_zip_009.zip,sample_zip_009.zip,zip,zip,1,1,133.0,90.5,105.5,0,0,0,0.95308,0.01966,0.24755,0.09566,0.0011,7.9606,0.8721,0.7589,112.0333,0.002,0.0007,0.0051,0.0032,1,0,0,0,0,0
PAIR_POS_000613,FRAG_000656,FRAG_000657,sample_pdf_019.pdf,sample_pdf_019.pdf,pdf,pdf,1,1,7.0,20.75,42.5,0,1,0,0.99923,0.00955,0.05328,0.99917,0.0763,4.5419,1.052,0.7506,41.3619,0.0,0.0,0.0,0.0,0,0,0,0,0,0
PAIR_NEG_000802,FRAG_000696,FRAG_001547,sample_pdf_020.pdf,sample_zip_017.zip,pdf,zip,0,0,171.0,84.0,78.375,0,0,0,0.26267,0.22594,1.69089,0.0115,3.3501,6.2872,34.3919,46.372,4779.4754,0.6221,0.0046,0.5039,0.1157,1,0,0,0,0,0
PAIR_NEG_000700,FRAG_000807,FRAG_000898,sample_png_002.png,sample_png_012.png,png,png,1,0,146.0,106.0,82.25,0,0,0,0.94322,0.02166,0.27631,-0.04518,0.0032,7.9583,2.3565,0.9742,144.7844,0.0081,0.0005,0.0208,0.0113,0,0,0,0,0,0
PAIR_POS_001308,FRAG_001413,FRAG_001414,sample_zip_006.zip,sample_zip_006.zip,zip,zip,1,1,76.0,91.5,83.9375,0,0,0,0.9395,0.02238,0.28408,-0.07256,0.0012,7.9569,2.7308,0.3781,56.3689,0.0247,0.0036,0.0278,0.0024,1,0,0,0,0,0
PAIR_POS_000169,FRAG_000189,FRAG_000190,sample_jpeg_021.jpg,sample_jpeg_021.jpg,jpeg,jpeg,1,1,133.0,107.5,92.375,0,0,0,0.93923,0.02245,0.27781,-0.04468,0.0016,7.9558,1.5564,1.4183,209.818,0.0202,0.0034,0.0127,0.0061,0,0,0,0,0,0
PAIR_NEG_000636,FRAG_000189,FRAG_000048,sample_jpeg_021.jpg,sample_jpeg_006.jpg,jpeg,jpeg,1,0,62.0,52.0,88.0625,0,0,0,0.92608,0.02498,0.30957,-0.01113,0.0179,7.946,2.492,2.8645,427.9075,0.0122,0.0088,0.013,0.0242,1,0,0,0,0,1
PAIR_POS_001249,FRAG_001347,FRAG_001348,sample_text_024.txt,sample_text_024.txt,text,text,1,1,12.0,42.25,50.375,0,1,0,0.99933,0.00743,0.03714,0.99926,0.0348,5.1023,0.1132,0.1053,6.4963,0.0,0.0,0.0,0.0,0,0,0,0,0,0
PAIR_POS_000222,FRAG_000247,FRAG_000248,sample_pdf_001.pdf,sample_pdf_001.pdf,pdf,pdf,1,1,9.0,9.0,22.5625,0,1,0,0.99892,0.01174,0.06248,0.99885,0.1057,4.6037,1.4837,0.8598,48.6502,0.0,0.0,0.0,0.0,0,0,0,0,0,0
PAIR_NEG_000055,FRAG_000991,FRAG_000837,sample_png_022.png,sample_png_006.png,png,png,1,0,57.0,97.75,104.5625,0,0,0,0.94618,0.02105,0.26997,-0.05398,0.0,7.9611,0.3623,0.0955,14.1655,0.0049,0.001,0.0017,0.0063,0,0,0,0,0,0
PAIR_POS_000047,FRAG_000053,FRAG_000054,sample_jpeg_007.jpg,sample_jpeg_007.jpg,jpeg,jpeg,1,1,175.0,94.75,80.25,0,0,0,0.93615,0.02326,0.29836,0.16905,0.0174,7.9434,2.1846,0.2285,34.2658,0.0107,0.0064,0.0176,0.0076,1,1,0,1,0,0
PAIR_NEG_000956,FRAG_001589,FRAG_000838,sample_zip_021.zip,sample_png_006.png,zip,png,0,0,197.0,88.75,77.75,0,0,0,0.94396,0.02156,0.27302,0.03294,0.0025,7.9552,0.5992,1.3225,194.1775,0.0027,0.002,0.0049,0.0098,1,1,0,1,0,0
PAIR_POS_000929,FRAG_001001,FRAG_001002,sample_png_023.png,sample_png_023.png,png,png,1,1,155.0,75.0,90.625,0,0,0,0.94868,0.02065,0.26754,0.1415,0.003,7.9537,2.0156,0.8159,121.1103,0.0222,0.001,0.0171,0.0056,0,0,0,0,0,0
PAIR_POS_000494,FRAG_000532,FRAG_000533,sample_pdf_014.pdf,sample_pdf_014.pdf,pdf,pdf,1,1,15.0,26.0,32.0,0,1,0,0.99864,0.01213,0.06639,0.99854,0.0257,4.6269,0.1272,0.1392,7.9265,0.0,0.0,0.0,0.0,0,0,0,0,0,0
PAIR_NEG_000195,FRAG_001345,FRAG_001147,sample_text_024.txt,sample_text_011.json,text,text,1,0,59.0,82.0,55.5,0,1,0,0.79461,0.14112,0.67282,0.77639,0.1533,5.0308,11.0219,4.6625,309.495,0.0,0.0,0.0,0.0,3,0,0,0,0,0
PAIR_NEG_001342,FRAG_001407,FRAG_000092,sample_zip_005.zip,sample_jpeg_011.jpeg,zip,jpeg,0,0,174.0,100.75,101.4375,0,0,0,0.94651,0.02112,0.26754,0.15633,0.0014,7.9528,1.6158,1.1475,172.3193,0.0083,0.0015,0.0178,0.009,0,0,0,0,0,1
PAIR_POS_001426,FRAG_001541,FRAG_001542,sample_zip_016.zip,sample_zip_016.zip,zip,zip,1,1,12.0,112.25,89.25,0,1,0,0.94262,0.02184,0.27629,0.04068,0.0036,7.9535,0.1316,0.4996,72.7752,0.0122,0.0003,0.0063,0.0049,0,0,0,0,0,0
PAIR_POS_001370,FRAG_001480,FRAG_001481,sample_zip_011.zip,sample_zip_011.zip,zip,zip,1,1,0.0,5.0,65.1875,1,0,1,0.29649,0.36484,1.48118,0.51804,3.3821,6.2569,75.3366,17.9554,2358.958,0.0886,0.3525,0.4346,0.3506,4,0,1,0,1,0
PAIR_NEG_001388,FRAG_001289,FRAG_000640,sample_text_019.txt,sample_pdf_019.pdf,text,pdf,0,0,69.0,39.75,30.125,0,1,0,0.8543,0.12424,0.72757,0.84264,0.614,4.7913,16.2224,3.692,214.3059,0.0,0.0,0.0,0.0,1,0,0,0,0,0
PAIR_POS_000322,FRAG_000352,FRAG_000353,sample_pdf_006.pdf,sample_pdf_006.pdf,pdf,pdf,1,1,15.0,9.75,24.5,0,1,0,0.99992,0.00303,0.0122,0.99992,0.0098,4.5326,0.1238,0.0658,3.6379,0.0,0.0,0.0,0.0,0,0,0,0,0,0
PAIR_NEG_001379,FRAG_000720,FRAG_001553,sample_pdf_022.pdf,sample_zip_017.zip,pdf,zip,0,0,58.0,45.75,63.0625,0,1,0,0.25284,0.22621,1.67045,-0.0283,3.3048,6.3029,34.8183,44.8451,4612.1561,0.6079,0.0056,0.499,0.1047,1,1,0,1,0,0
PAIR_NEG_001092,FRAG_000146,FRAG_000940,sample_jpeg_016.jpeg,sample_png_017.png,jpeg,png,0,0,61.0,68.25,81.3125,0,0,0,0.93874,0.02251,0.28506,-0.09997,0.0043,7.9566,0.3142,0.3405,50.0792,0.0014,0.0032,0.0,0.0035,0,0,0,0,0,0
PAIR_POS_000154,FRAG_000172,FRAG_000173,sample_jpeg_019.jpg,sample_jpeg_019.jpg,jpeg,jpeg,1,1,47.0,66.25,89.5625,0,0,0,0.94591,0.02117,0.27097,0.04801,0.0052,7.9567,0.8116,0.0355,5.2735,0.0095,0.0026,0.0051,0.0022,0,0,0,0,0,0
PAIR_NEG_001103,FRAG_001114,FRAG_000977,sample_text_008.json,sample_png_021.png,text,png,0,0,127.0,68.75,62.75,0,0,0,0.25552,0.22211,1.58449,-0.03514,2.961,6.4727,57.9087,38.1542,4157.439,0.6167,0.0029,0.4944,0.1169,2,0,0,0,0,0
PAIR_NEG_000927,FRAG_000510,FRAG_001402,sample_pdf_012.pdf,sample_zip_005.zip,pdf,zip,0,0,76.0,84.25,89.6875,0,0,0,0.24366,0.22918,1.7007,-0.04918,3.4074,6.2457,31.7666,45.5057,4592.2361,0.6064,0.0037,0.4915,0.1111,0,0,0,0,0,0
PAIR_POS_000391,FRAG_000424,FRAG_000425,sample_pdf_009.pdf,sample_pdf_009.pdf,pdf,pdf,1,1,78.0,28.75,32.5625,0,1,0,0.99922,0.00939,0.03809,0.99916,0.0038,4.532,0.095,0.0377,2.0992,0.0,0.0,0.0,0.0,0,0,0,0,0,0
PAIR_NEG_000849,FRAG_001516,FRAG_000800,sample_zip_014.zip,sample_png_001.png,zip,png,0,0,134.0,75.0,83.0625,0,0,0,0.94558,0.02122,0.26798,0.02055,0.0039,7.9573,1.7278,0.5459,80.6063,0.0022,0.002,0.0078,0.0056,0,0,0,0,0,0
PAIR_NEG_000488,FRAG_000906,FRAG_000824,sample_png_013.png,sample_png_004.png,png,png,1,0,83.0,143.75,96.9375,0,0,0,0.93989,0.02235,0.28161,-0.00926,0.0046,7.954,0.825,0.343,50.7217,0.0056,0.0008,0.0039,0.0081,0,0,0,0,0,0
PAIR_POS_000709,FRAG_000757,FRAG_000758,sample_pdf_024.pdf,sample_pdf_024.pdf,pdf,pdf,1,1,65.0,21.75,33.0,0,1,0,0.99992,0.00299,0.01122,0.99992,0.0004,4.4827,0.0244,0.0138,0.7542,0.0,0.0,0.0,0.0,0,0,0,0,0,0
PAIR_NEG_000465,FRAG_001051,FRAG_001172,sample_text_002.txt,sample_text_011.json,text,text,1,0,81.0,46.25,32.1875,0,1,0,0.79467,0.14041,0.65823,0.77627,0.1239,5.0459,10.5842,4.6458,308.1894,0.0,0.0,0.0,0.0,2,0,0,0,0,0
PAIR_NEG_001154,FRAG_000327,FRAG_001424,sample_pdf_005.pdf,sample_zip_007.zip,pdf,zip,0,0,36.0,69.0,66.375,0,1,0,0.27093,0.22608,1.67488,0.05661,3.3387,6.2731,32.7234,46.0982,4737.2576,0.6077,0.0103,0.4902,0.1123,1,0,0,0,0,1
PAIR_POS_000317,FRAG_000346,FRAG_000347,sample_pdf_005.pdf,sample_pdf_005.pdf,pdf,pdf,1,1,8.0,26.5,23.3125,0,1,0,0.9556,0.06953,0.21567,0.95217,0.1731,4.6279,6.3227,3.3394,197.6405,0.0,0.0,0.0,0.0,8,0,1,0,1,0
PAIR_POS_000891,FRAG_000959,FRAG_000960,sample_png_019.png,sample_png_019.png,png,png,1,1,195.0,86.75,70.75,0,0,0,0.93353,0.02357,0.30666,-0.02424,0.0076,7.95,1.0324,0.4679,69.0621,0.0142,0.0015,0.0193,0.0034,0,0,0,0,0,0
PAIR_NEG_000819,FRAG_001002,FRAG_000699,sample_png_023.png,sample_pdf_020.pdf,png,pdf,0,0,102.0,52.75,76.1875,0,0,0,0.24261,0.23109,1.71445,-0.05205,3.4123,6.2491,32.6243,46.7921,4794.2585,0.6245,0.0039,0.5034,0.1167,0,0,0,0,0,0
PAIR_NEG_000126,FRAG_000163,FRAG_000109,sample_jpeg_018.jpeg,sample_jpeg_012.jpg,jpeg,jpeg,1,0,122.0,66.25,92.4375,0,0,0,0.94144,0.02202,0.28943,-0.0395,0.0083,7.9565,4.1091,0.1621,23.9424,0.0234,0.0017,0.034,0.0086,1,0,0,0,0,0
PAIR_NEG_000825,FRAG_001407,FRAG_000049,sample_zip_005.zip,sample_jpeg_006.jpg,zip,jpeg,0,0,2.0,66.5,66.25,0,1,0,0.94524,0.02134,0.26907,0.09616,0.0018,7.9544,2.7197,0.1253,18.6936,0.0183,0.0002,0.0198,0.0029,1,0,0,0,0,0
PAIR_POS_000377,FRAG_000410,FRAG_000411,sample_pdf_009.pdf,sample_pdf_009.pdf,pdf,pdf,1,1,2.0,26.5,23.0,0,1,0,0.99758,0.0173,0.08983,0.99742,0.1675,4.5951,2.1091,1.6518,94.234,0.002,0.0,0.002,0.0,0,1,0,1,0,0
PAIR_NEG_001127,FRAG_000856,FRAG_001419,sample_png_008.png,sample_zip_006.zip,png,zip,0,0,91.0,66.75,82.0625,0,0,0,0.93607,0.02305,0.28705,-0.07149,0.0068,7.953,0.1057,0.6781,99.6485,0.0198,0.0015,0.011,0.0063,0,0,0,0,0,0
PAIR_POS_001050,FRAG_001133,FRAG_001134,sample_text_009.txt,sample_text_009.txt,text,text,1,1,6.0,7.75,38.125,0,1,0,0.99928,0.00745,0.03176,0.9992,0.001,5.0999,0.1216,0.0319,1.975,0.0,0.0,0.0,0.0,1,0,0,0,0,0
PAIR_POS_000955,FRAG_001030,FRAG_001031,sample_text_001.json,sample_text_001.json,text,text,1,1,91.0,32.25,37.5625,0,1,0,0.99966,0.00603,0.03221,0.99963,0.003,4.9975,0.1194,0.0198,1.4028,0.0,0.0,0.0,0.0,0,0,0,0,0,0
PAIR_NEG_001455,FRAG_001142,FRAG_000548,sample_text_010.log,sample_pdf_014.pdf,text,pdf,0,0,5.0,8.0,20.5,0,1,0,0.88013,0.10724,0.65434,0.86945,0.4147,4.913,11.7318,0.828,50.3486,0.0,0.0,0.0,0.0,8,0,1,0,1,0
PAIR_NEG_000873,FRAG_000978,FRAG_000300,sample_png_021.png,sample_pdf_003.pdf,png,pdf,0,0,118.0,83.25,66.25,0,0,0,0.27672,0.22846,1.69194,0.09471,3.4032,6.2591,31.0239,46.2962,4730.9531,0.6162,0.0054,0.4905,0.1216,0,0,0,0,0,0
PAIR_NEG_001269,FRAG_001070,FRAG_001625,sample_text_004.json,sample_zip_025.zip,text,zip,0,0,190.0,97.75,82.8125,0,0,0,0.27842,0.22035,1.5704,0.06109,2.9554,6.4728,57.3272,38.5359,4213.2036,0.6042,0.0068,0.4895,0.1121,1,0,0,0,0,0
PAIR_POS_001086,FRAG_001171,FRAG_001172,sample_text_011.json,sample_text_011.json,text,text,1,1,2.0,54.5,44.75,0,1,0,0.99928,0.00882,0.0429,0.99922,0.0214,4.9947,0.0903,0.1007,7.1361,0.0,0.0,0.0,0.0,0,0,0,0,0,0
PAIR_POS_000567,FRAG_000609,FRAG_000610,sample_pdf_018.pdf,sample_pdf_018.pdf,pdf,pdf,1,1,1.0,26.25,21.8125,0,1,0,0.99929,0.00908,0.04493,0.99924,0.0374,4.5647,0.7673,0.3207,17.9031,0.0,0.0,0.0,0.0,0,0,0,0,0,0
PAIR_POS_000640,FRAG_000684,FRAG_000685,sample_pdf_020.pdf,sample_pdf_020.pdf,pdf,pdf,1,1,8.0,7.0,26.4375,0,1,0,0.99924,0.00934,0.04538,0.99918,0.0173,4.4725,0.4053,0.2576,13.9555,0.0,0.0,0.0,0.0,0,0,0,0,0,0
PAIR_NEG_001313,FRAG_000611,FRAG_000011,sample_pdf_018.pdf,sample_jpeg_001.jpeg,pdf,jpeg,0,0,27.0,51.5,56.5,0,0,0,0.27383,0.22569,1.6972,0.06655,3.3791,6.2589,32.0356,46.723,4808.4366,0.6021,0.0103,0.4817,0.1157,0,0,0,0,0,0
PAIR_NEG_000374,FRAG_000697,FRAG_000485,sample_pdf_020.pdf,sample_pdf_012.pdf,pdf,pdf,1,0,12.0,22.75,17.125,0,1,0,0.99609,0.02186,0.10546,0.99582,0.13,4.551,1.5059,0.7434,41.3981,0.0,0.0,0.0,0.0,0,0,0,0,0,0
PAIR_POS_000155,FRAG_000173,FRAG_000174,sample_jpeg_019.jpg,sample_jpeg_019.jpg,jpeg,jpeg,1,1,58.0,113.5,86.875,0,0,0,0.94584,0.02112,0.26611,-0.05182,0.0033,7.961,0.2331,0.1281,19.008,0.0031,0.0004,0.0051,0.0068,0,0,0,0,0,0
PAIR_POS_000387,FRAG_000420,FRAG_000421,sample_pdf_009.pdf,sample_pdf_009.pdf,pdf,pdf,1,1,2.0,22.75,30.625,0,1,0,0.99726,0.01739,0.09761,0.99706,0.0212,4.5867,0.4827,0.0499,2.8296,0.0,0.0,0.0,0.0,0,0,0,0,0,0
PAIR_POS_000634,FRAG_000678,FRAG_000679,sample_pdf_020.pdf,sample_pdf_020.pdf,pdf,pdf,1,1,9.0,9.0,18.9375,0,1,0,0.99772,0.01604,0.07909,0.99755,0.07,4.5383,0.8947,0.622,34.4966,0.0,0.0,0.0,0.0,0,0,0,0,0,0
PAIR_NEG_000830,FRAG_001514,FRAG_000893,sample_zip_014.zip,sample_png_011.png,zip,png,0,0,135.0,88.5,71.9375,0,0,0,0.94109,0.0221,0.29201,-0.01291,0.0015,7.9546,1.6153,0.1658,24.4714,0.0103,0.0017,0.0142,0.0079,0,0,0,0,0,0
PAIR_NEG_000826,FRAG_001615,FRAG_000438,sample_zip_023.zip,sample_pdf_009.pdf,zip,pdf,0,0,95.0,108.0,73.8125,0,0,0,0.23284,0.22933,1.73344,-0.09851,3.4209,6.2412,32.253,46.3833,4699.5472,0.6187,0.0059,0.499,0.1152,0,0,0,0,0,0
PAIR_NEG_000767,FRAG_001120,FRAG_000799,sample_text_008.json,sample_png_001.png,text,png,0,0,85.0,56.25,75.4375,0,0,0,0.25817,0.22211,1.57465,-0.02569,2.9698,6.4702,56.4619,38.5866,4224.6619,0.6064,0.0034,0.4841,0.1179,1,0,0,0,0,0
PAIR_NEG_000583,FRAG_000378,FRAG_000786,sample_pdf_007.pdf,sample_pdf_025.pdf,pdf,pdf,1,0,0.0,26.5,28.1875,0,1,1,0.99572,0.02205,0.10405,0.99541,0.0527,4.5177,1.1714,0.5136,28.279,0.0,0.0,0.0,0.0,0,0,0,0,0,0
PAIR_NEG_000756,FRAG_001359,FRAG_001268,sample_text_025.log,sample_text_017.txt,text,text,1,0,7.0,4.0,15.1875,0,1,0,0.99894,0.00916,0.03704,0.99882,0.0283,5.1096,0.1032,0.0805,4.964,0.0,0.0,0.0,0.0,0,0,0,0,0,0
PAIR_NEG_001338,FRAG_001486,FRAG_000067,sample_zip_012.zip,sample_jpeg_008.jpeg,zip,jpeg,0,0,200.0,185.75,95.125,0,0,0,0.94258,0.02183,0.27387,0.02364,0.0103,7.9543,1.0127,0.4391,65.2809,0.0154,0.0049,0.0119,0.0007,0,0,0,0,0,0
PAIR_POS_000089,FRAG_000100,FRAG_000101,sample_jpeg_012.jpg,sample_jpeg_012.jpg,jpeg,jpeg,1,1,75.0,72.5,69.1875,0,0,0,0.94136,0.02213,0.28405,0.08335,0.012,7.9505,1.7791,1.2077,179.3773,0.0291,0.0008,0.0215,0.0095,0,0,0,0,0,0
PAIR_POS_001290,FRAG_001392,FRAG_001393,sample_zip_003.zip,sample_zip_003.zip,zip,zip,1,1,38.0,53.75,79.3125,0,1,0,0.94183,0.02194,0.27328,-0.03541,0.0051,7.9565,1.5322,0.1885,27.8438,0.0078,0.0022,0.0012,0.0083,1,0,0,0,0,0
PAIR_POS_000880,FRAG_000947,FRAG_000948,sample_png_018.png,sample_png_018.png,png,png,1,1,103.0,120.0,99.125,0,0,0,0.9393,0.02246,0.29143,-0.0175,0.0033,7.9534,0.5806,0.4434,65.5999,0.0005,0.0002,0.0022,0.0012,0,0,0,0,0,0
PAIR_POS_000909,FRAG_000979,FRAG_000980,sample_png_021.png,sample_png_021.png,png,png,1,1,29.0,97.0,71.0625,0,1,0,0.94277,0.0218,0.28716,0.02558,0.0044,7.9545,0.7945,0.0217,3.1934,0.0008,0.0005,0.0002,0.0005,0,0,0,0,0,0
PAIR_POS_001231,FRAG_001327,FRAG_001328,sample_text_022.log,sample_text_022.log,text,text,1,1,4.0,9.5,16.125,0,1,0,0.99935,0.00712,0.02192,0.99928,0.0163,5.1073,0.0925,0.0621,3.8313,0.0,0.0,0.0,0.0,1,0,0,0,0,0
PAIR_POS_000027,FRAG_000029,FRAG_000030,sample_jpeg_003.jpg,sample_jpeg_003.jpg,jpeg,jpeg,1,1,239.0,170.75,112.25,0,0,0,0.94061,0.02224,0.2916,0.04297,0.0001,7.9529,1.3491,1.4448,214.2701,0.0042,0.0002,0.003,0.0071,0,0,0,0,0,0
PAIR_POS_001237,FRAG_001333,FRAG_001334,sample_text_022.log,sample_text_022.log,text,text,1,1,65.0,24.25,31.0625,0,1,0,0.99888,0.00942,0.04588,0.99875,0.0265,5.0918,0.1863,0.0891,5.5067,0.0,0.0,0.0,0.0,0,0,0,0,0,0
PAIR_NEG_001509,FRAG_000678,FRAG_000956,sample_pdf_020.pdf,sample_png_018.png,pdf,png,0,0,111.0,78.75,63.5,0,0,0,0.26333,0.22918,1.72042,0.04767,3.4034,6.205,31.3461,46.3715,4693.3579,0.6034,0.007,0.4905,0.1094,2,0,1,0,1,0
PAIR_NEG_000609,FRAG_000805,FRAG_000988,sample_png_002.png,sample_png_022.png,png,png,1,0,12.0,37.5,80.6875,0,0,0,0.94293,0.02176,0.27721,0.0182,0.0035,7.9551,1.0501,1.3782,202.22,0.0014,0.0044,0.0107,0.01,0,0,0,0,0,1
PAIR_POS_000067,FRAG_000075,FRAG_000076,sample_jpeg_009.jpeg,sample_jpeg_009.jpeg,jpeg,jpeg,1,1,20.0,51.75,61.875,0,0,0,0.94589,0.02118,0.2759,0.06337,0.0091,7.9554,0.1194,0.4843,71.9692,0.0041,0.0008,0.0039,0.001,0,0,0,0,0,0
PAIR_NEG_000929,FRAG_000913,FRAG_000341,sample_png_014.png,sample_pdf_005.pdf,png,pdf,0,0,65.0,67.5,55.875,0,0,0,0.27655,0.22776,1.71631,0.08994,3.4432,6.2384,34.5901,47.2781,4847.3275,0.6279,0.0022,0.5115,0.1125,0,0,0,0,0,0
PAIR_POS_001166,FRAG_001256,FRAG_001257,sample_text_016.json,sample_text_016.json,text,text,1,1,5.0,7.25,35.9375,0,1,0,0.99943,0.00783,0.03855,0.99938,0.0005,4.9822,0.0555,0.0832,5.899,0.0,0.0,0.0,0.0,0,0,0,0,0,0
PAIR_POS_000142,FRAG_000158,FRAG_000159,sample_jpeg_017.jpg,sample_jpeg_017.jpg,jpeg,jpeg,1,1,103.0,81.75,85.5625,0,0,0,0.93864,0.02266,0.29,0.0729,0.0126,7.9495,0.0556,1.2038,180.453,0.0096,0.0013,0.0078,0.0044,0,0,0,0,0,0
PAIR_NEG_001480,FRAG_000459,FRAG_001421,sample_pdf_011.pdf,sample_zip_006.zip,pdf,zip,0,0,18.0,52.75,54.1875,0,1,0,0.24346,0.23146,1.70318,-0.04271,3.412,6.2464,33.9677,45.4823,4599.3909,0.6157,0.0051,0.5076,0.1042,0,0,0,0,0,0
PAIR_NEG_000115,FRAG_001479,FRAG_001629,sample_zip_011.zip,sample_zip_025.zip,zip,zip,1,0,5.0,89.5,99.625,0,0,0,0.93935,0.02246,0.28808,0.00671,0.0021,7.952,0.326,0.1564,23.2634,0.0066,0.0027,0.0071,0.0012,1,0,0,0,0,0
PAIR_NEG_000321,FRAG_000878,FRAG_000825,sample_png_009.png,sample_png_004.png,png,png,1,0,157.0,125.75,106.5625,0,0,0,0.94171,0.02194,0.27488,-0.0811,0.0075,7.9584,1.72,0.8536,126.5638,0.0127,0.0,0.0151,0.0035,0,0,0,0,0,0
PAIR_NEG_000342,FRAG_001199,FRAG_001284,sample_text_014.txt,sample_text_018.csv,text,text,1,0,21.0,27.75,29.875,0,1,0,0.47866,0.20856,1.03903,0.42462,0.2135,5.0007,16.9104,6.8665,376.0844,0.0,0.0,0.0,0.0,1,0,0,0,0,0
PAIR_POS_001475,FRAG_001595,FRAG_001596,sample_zip_021.zip,sample_zip_021.zip,zip,zip,1,1,31.0,61.5,70.5,0,1,0,0.94036,0.02228,0.2866,0.01996,0.008,7.9524,1.6674,0.7404,109.4346,0.0065,0.0007,0.0105,0.0073,0,0,0,0,0,0
PAIR_POS_001041,FRAG_001123,FRAG_001124,sample_text_008.json,sample_text_008.json,text,text,1,1,10.0,36.25,40.25,0,1,0,0.99965,0.00615,0.0351,0.99963,0.0123,4.9798,0.2688,0.1704,12.0803,0.0,0.0,0.0,0.0,0,0,0,0,0,0
PAIR_NEG_001155,FRAG_001516,FRAG_000223,sample_zip_014.zip,sample_jpeg_025.jpg,zip,jpeg,0,0,48.0,87.5,70.3125,0,0,0,0.9399,0.02236,0.27291,0.0073,0.0035,7.9535,0.4822,0.6841,100.9077,0.0184,0.0047,0.0066,0.0105,0,0,0,0,0,0
PAIR_NEG_000025,FRAG_000975,FRAG_000970,sample_png_021.png,sample_png_020.png,png,png,1,0,209.0,172.0,108.25,0,0,0,0.94163,0.02202,0.28411,0.01645,0.0136,7.9532,1.2244,0.5381,79.4007,0.0059,0.002,0.0051,0.0005,0,0,0,0,0,0
PAIR_POS_000877,FRAG_000943,FRAG_000944,sample_png_017.png,sample_png_017.png,png,png,1,1,125.0,99.25,105.3125,0,0,0,0.84625,0.03819,0.49124,-0.01394,0.1785,7.8591,3.4645,1.2792,190.0609,0.0156,0.0046,0.0239,0.006,2,0,1,0,1,0
PAIR_NEG_000723,FRAG_001615,FRAG_001457,sample_zip_023.zip,sample_zip_010.zip,zip,zip,1,0,158.0,74.25,69.625,0,0,0,0.94842,0.02072,0.26122,0.15449,0.0037,7.9535,2.3217,0.1834,27.1156,0.0056,0.001,0.013,0.0075,0,0,0,0,0,0
PAIR_NEG_000795,FRAG_001094,FRAG_000655,sample_text_006.log,sample_pdf_019.pdf,text,pdf,0,0,3.0,23.25,39.625,0,1,0,0.85638,0.12219,0.7227,0.84464,0.5798,4.8044,16.0764,3.6663,213.2276,0.0,0.0,0.0,0.0,0,0,0,0,0,0
PAIR_POS_000986,FRAG_001063,FRAG_001064,sample_text_003.log,sample_text_003.log,text,text,1,1,20.0,26.0,38.5,0,1,0,0.99946,0.00651,0.0263,0.9994,0.0174,5.1036,0.0347,0.0605,3.7375,0.0,0.0,0.0,0.0,1,0,0,0,0,0
PAIR_NEG_000981,FRAG_000630,FRAG_000161,sample_pdf_018.pdf,sample_jpeg_017.jpg,pdf,jpeg,0,0,72.0,97.75,81.625,0,1,0,0.23721,0.22543,1.71643,-0.02581,3.2473,6.234,34.8108,45.4682,4642.5419,0.63,0.0112,0.5056,0.1213,0,0,1,0,1,0
PAIR_POS_001325,FRAG_001432,FRAG_001433,sample_zip_008.zip,sample_zip_008.zip,zip,zip,1,1,51.0,90.5,107.125,0,1,0,0.9335,0.0236,0.29926,0.00745,0.0041,7.9473,1.107,0.4612,67.709,0.0002,0.0056,0.0004,0.002,1,1,0,1,0,0
PAIR_NEG_001467,FRAG_001276,FRAG_000842,sample_text_017.txt,sample_png_006.png,text,png,0,0,237.0,103.75,58.625,0,0,0,0.32145,0.18623,1.61103,0.05618,2.8623,6.5271,48.4406,42.0266,4368.8111,0.6047,0.0027,0.4966,0.1045,0,0,0,0,0,0
PAIR_NEG_001082,FRAG_000935,FRAG_001273,sample_png_016.png,sample_text_017.txt,png,text,0,0,1.0,58.25,80.625,0,1,0,0.30106,0.18765,1.62394,-0.03782,2.8626,6.5287,47.012,42.8724,4489.1051,0.6167,0.0034,0.4983,0.1155,0,0,0,0,0,0
PAIR_NEG_001485,FRAG_001619,FRAG_000872,sample_zip_024.zip,sample_png_009.png,zip,png,0,0,11.0,39.75,80.8125,0,1,0,0.94291,0.02177,0.27927,0.02917,0.0019,7.9543,3.0214,1.4634,215.5407,0.0223,0.0034,0.0213,0.0,1,0,0,0,0,0
PAIR_NEG_000011,FRAG_000657,FRAG_000573,sample_pdf_019.pdf,sample_pdf_016.pdf,pdf,pdf,1,0,111.0,39.5,29.375,0,1,0,0.99162,0.03139,0.14648,0.99102,0.1214,4.5193,1.0605,0.4232,23.4547,0.0,0.0,0.0,0.0,0,0,0,0,0,0
PAIR_NEG_001341,FRAG_000165,FRAG_001402,sample_jpeg_018.jpeg,sample_zip_005.zip,jpeg,zip,0,0,68.0,125.5,114.5,0,0,0,0.94403,0.02158,0.26902,0.08271,0.0063,7.9526,1.5195,0.4039,59.2966,0.0135,0.0026,0.0146,0.0005,0,0,0,0,0,0
PAIR_NEG_000742,FRAG_001564,FRAG_001572,sample_zip_018.zip,sample_zip_019.zip,zip,zip,1,0,13.0,37.75,92.125,0,0,0,0.93995,0.0223,0.29191,-0.06123,0.0002,7.9565,0.5577,0.3196,47.1509,0.0107,0.0014,0.0012,0.0092,0,0,0,0,0,0
PAIR_POS_001291,FRAG_001393,FRAG_001394,sample_zip_003.zip,sample_zip_003.zip,zip,zip,1,1,175.0,113.5,74.5625,0,0,0,0.80784,0.04557,0.37745,0.15264,0.1409,7.8886,8.4984,2.1321,319.8775,0.0043,0.0374,0.0495,0.0473,14,0,1,0,1,0
PAIR_POS_001444,FRAG_001561,FRAG_001562,sample_zip_018.zip,sample_zip_018.zip,zip,zip,1,1,126.0,78.75,92.4375,0,0,0,0.94028,0.02231,0.28063,0.04577,0.002,7.9518,1.6728,0.2985,44.0882,0.0083,0.0,0.0124,0.0051,0,0,0,0,0,0
PAIR_NEG_001374,FRAG_001326,FRAG_000522,sample_text_022.log,sample_pdf_013.pdf,text,pdf,0,0,73.0,60.0,52.8125,0,1,0,0.85141,0.12538,0.7368,0.8395,0.6375,4.7941,16.6268,3.8778,224.3234,0.0,0.0,0.0,0.0,0,0,0,0,0,0
PAIR_NEG_000946,FRAG_001482,FRAG_000075,sample_zip_012.zip,sample_jpeg_009.jpeg,zip,jpeg,0,0,12.0,91.5,90.1875,0,1,0,0.94512,0.0214,0.28502,0.14188,0.0007,7.9505,0.7815,0.0479,7.0921,0.0066,0.0008,0.0015,0.0066,1,1,0,1,0,0
PAIR_NEG_001495,FRAG_001262,FRAG_000957,sample_text_016.json,sample_png_019.png,text,png,0,0,87.0,48.0,70.4375,0,0,0,0.28108,0.22106,1.57028,0.07643,2.9767,6.4668,57.961,38.4185,4202.319,0.6082,0.0088,0.4939,0.1111,1,0,0,0,0,1
PAIR_POS_000648,FRAG_000692,FRAG_000693,sample_pdf_020.pdf,sample_pdf_020.pdf,pdf,pdf,1,1,5.0,12.5,35.9375,0,1,0,0.9998,0.00481,0.02247,0.99979,0.0034,4.4653,0.0178,0.0277,1.5094,0.0,0.0,0.0,0.0,0,0,0,0,0,0
PAIR_POS_001383,FRAG_001495,FRAG_001496,sample_zip_013.zip,sample_zip_013.zip,zip,zip,1,1,3.0,45.75,72.8125,0,0,0,0.93734,0.02279,0.29191,-0.09867,0.0132,7.956,0.2788,1.3965,207.4498,0.0122,0.0024,0.0048,0.0088,1,0,0,0,0,0
PAIR_NEG_000556,FRAG_000391,FRAG_000410,sample_pdf_008.pdf,sample_pdf_009.pdf,pdf,pdf,1,0,71.0,42.25,60.75,0,1,0,0.99701,0.01824,0.0947,0.99678,0.1334,4.6121,1.5544,1.4432,82.6329,0.002,0.0,0.002,0.0,0,0,0,0,0,1
PAIR_NEG_000133,FRAG_001388,FRAG_001559,sample_zip_003.zip,sample_zip_018.zip,zip,zip,1,0,111.0,43.25,71.4375,0,0,0,0.9454,0.02126,0.26894,0.02981,0.0046,7.956,1.6367,1.6109,238.3233,0.0113,0.0012,0.011,0.0003,0,0,0,0,0,0
PAIR_NEG_000741,FRAG_000869,FRAG_000827,sample_png_009.png,sample_png_005.png,png,png,1,0,79.0,83.25,108.75,0,0,0,0.94065,0.02228,0.28915,0.10383,0.0019,7.9484,1.7139,0.7196,106.1236,0.0144,0.0005,0.0114,0.0037,0,1,0,1,0,1
PAIR_POS_000739,FRAG_000788,FRAG_000789,sample_pdf_025.pdf,sample_pdf_025.pdf,pdf,pdf,1,1,18.0,28.75,25.3125,0,1,0,0.99923,0.00944,0.04145,0.99917,0.0291,4.5232,0.5235,0.337,18.6426,0.0,0.0,0.0,0.0,0,0,0,0,0,0
PAIR_POS_000684,FRAG_000730,FRAG_000731,sample_pdf_022.pdf,sample_pdf_022.pdf,pdf,pdf,1,1,13.0,13.5,21.625,0,1,0,0.99906,0.01065,0.05172,0.999,0.0457,4.5282,0.74,0.2999,16.6226,0.0,0.0,0.0,0.0,0,0,0,0,0,0
PAIR_POS_000427,FRAG_000462,FRAG_000463,sample_pdf_011.pdf,sample_pdf_011.pdf,pdf,pdf,1,1,11.0,5.0,17.5625,0,1,0,0.99967,0.00629,0.03179,0.99964,0.0194,4.4775,0.431,0.2277,12.5034,0.0,0.0,0.0,0.0,0,0,0,0,0,0
PAIR_NEG_000238,FRAG_001431,FRAG_001391,sample_zip_007.zip,sample_zip_003.zip,zip,zip,1,0,208.0,163.25,111.6875,0,0,0,0.85251,0.03704,0.3338,-0.06952,0.0581,7.9226,4.6102,2.5057,374.9701,0.0033,0.0284,0.0227,0.0251,15,0,0,0,0,1
PAIR_NEG_000367,FRAG_000999,FRAG_000810,sample_png_023.png,sample_png_003.png,png,png,1,0,152.0,66.5,89.875,0,0,0,0.93538,0.02316,0.30032,-0.09665,0.0075,7.9543,2.4412,0.0831,12.385,0.0105,0.0019,0.0181,0.009,0,0,0,0,0,0
PAIR_POS_001467,FRAG_001586,FRAG_001587,sample_zip_020.zip,sample_zip_020.zip,zip,zip,1,1,106.0,81.25,87.6875,0,0,0,0.93999,0.02234,0.28174,0.0146,0.0073,7.9524,0.9361,1.1562,171.6102,0.0,0.0026,0.0112,0.0134,1,0,0,0,0,0
PAIR_NEG_000850,FRAG_001461,FRAG_001079,sample_zip_010.zip,sample_text_004.json,zip,text,0,0,113.0,89.0,71.0625,0,0,0,0.27188,0.22107,1.58108,0.03366,2.9658,6.4721,57.8073,40.002,4434.6772,0.6138,0.0056,0.4897,0.1206,1,0,0,0,0,0
PAIR_NEG_001352,FRAG_000901,FRAG_000749,sample_png_012.png,sample_pdf_023.pdf,png,pdf,0,0,13.0,61.25,63.5625,0,0,0,0.28831,0.22136,1.67818,0.11205,3.2998,6.3066,33.9856,45.3639,4667.5447,0.6121,0.0034,0.4915,0.1165,0,0,0,0,0,0
PAIR_POS_000433,FRAG_000468,FRAG_000469,sample_pdf_011.pdf,sample_pdf_011.pdf,pdf,pdf,1,1,83.0,37.0,22.3125,0,1,0,0.99701,0.01812,0.083,0.99679,0.0656,4.594,0.4397,0.4521,25.3676,0.0,0.0,0.0,0.0,0,0,0,0,0,0
PAIR_NEG_000189,FRAG_000700,FRAG_000768,sample_pdf_020.pdf,sample_pdf_025.pdf,pdf,pdf,1,0,74.0,41.5,65.0,0,1,0,0.99628,0.02119,0.10887,0.99602,0.1604,4.565,1.939,1.5148,84.9775,0.002,0.0,0.002,0.0,0,0,0,0,0,1
PAIR_NEG_000775,FRAG_000973,FRAG_001490,sample_png_020.png,sample_zip_013.zip,png,zip,0,0,50.0,76.0,58.1875,0,0,0,0.93393,0.02352,0.302,0.015,0.0047,7.9478,3.4055,1.839,270.384,0.01,0.0011,0.0153,0.004,1,0,0,0,0,1
PAIR_NEG_001304,FRAG_001553,FRAG_000209,sample_zip_017.zip,sample_jpeg_024.jpeg,zip,jpeg,0,0,26.0,91.0,64.375,0,0,0,0.94018,0.02229,0.27585,-0.00799,0.0023,7.9542,1.5993,1.3306,198.2777,0.0222,0.0,0.002,0.0249,1,0,0,0,0,0
PAIR_POS_000733,FRAG_000782,FRAG_000783,sample_pdf_025.pdf,sample_pdf_025.pdf,pdf,pdf,1,1,49.0,34.25,23.625,0,1,0,0.99977,0.00519,0.02732,0.99976,0.0524,4.5231,0.4509,0.3837,21.1729,0.0,0.0,0.0,0.0,0,0,0,0,0,0
PAIR_NEG_001445,FRAG_001547,FRAG_001004,sample_zip_017.zip,sample_png_023.png,zip,png,0,0,58.0,89.75,90.125,0,0,0,0.94518,0.02125,0.26603,-0.05943,0.0032,7.9606,1.4881,0.8202,121.8976,0.0052,0.0007,0.0046,0.001,1,0,0,0,0,0
PAIR_NEG_000823,FRAG_001072,FRAG_000933,sample_text_004.json,sample_png_016.png,text,png,0,0,94.0,74.75,83.1875,0,0,0,0.26906,0.22065,1.57562,0.01809,2.9577,6.4763,57.6006,38.6812,4235.6465,0.6057,0.0027,0.4893,0.1128,2,0,0,0,0,0
PAIR_NEG_001323,FRAG_000564,FRAG_001539,sample_pdf_016.pdf,sample_zip_016.zip,pdf,zip,0,0,16.0,95.0,72.5625,0,1,0,0.25265,0.22561,1.73098,-0.03513,3.3696,6.2718,34.2329,45.8876,4725.6682,0.626,0.0042,0.5039,0.1189,0,0,0,0,0,0
PAIR_NEG_001179,FRAG_001108,FRAG_000219,sample_text_008.json,sample_jpeg_025.jpg,text,jpeg,0,0,42.0,113.5,83.75,0,1,0,0.27158,0.2213,1.57426,0.03797,2.9685,6.4619,56.2168,38.7935,4250.1222,0.6038,0.011,0.4822,0.1191,3,1,0,0,0,0
PAIR_NEG_000644,FRAG_001518,FRAG_001523,sample_zip_014.zip,sample_zip_015.zip,zip,zip,1,0,73.0,63.5,68.125,0,0,0,0.94407,0.0215,0.27794,-0.02993,0.0039,7.9585,1.7956,0.6994,103.1409,0.0066,0.0012,0.002,0.0071,1,0,0,0,0,0
PAIR_POS_000792,FRAG_000848,FRAG_000849,sample_png_007.png,sample_png_007.png,png,png,1,1,98.0,170.75,114.625,0,0,0,0.93831,0.02268,0.29387,0.02694,0.0017,7.9503,0.1558,0.2054,30.1792,0.0015,0.001,0.0017,0.0007,0,0,0,0,0,0
PAIR_POS_000777,FRAG_000831,FRAG_000832,sample_png_005.png,sample_png_005.png,png,png,1,1,14.0,43.75,74.25,0,0,0,0.94365,0.02165,0.27245,0.06425,0.0059,7.9537,3.3781,0.3389,50.3502,0.0156,0.0007,0.024,0.0103,1,0,0,0,0,0
PAIR_NEG_000067,FRAG_000908,FRAG_000928,sample_png_013.png,sample_png_016.png,png,png,1,0,218.0,167.25,111.375,0,0,0,0.94377,0.02153,0.27911,-0.08617,0.0063,7.9598,2.0462,0.4924,72.4968,0.0017,0.0026,0.0054,0.0046,0,0,0,0,0,0
PAIR_NEG_000666,FRAG_000382,FRAG_000400,sample_pdf_007.pdf,sample_pdf_008.pdf,pdf,pdf,1,0,65.0,21.25,20.75,0,1,0,0.99821,0.01424,0.06154,0.99808,0.0149,4.501,0.2942,0.2904,15.9471,0.0,0.0,0.0,0.0,0,0,0,0,0,0
PAIR_POS_000947,FRAG_001021,FRAG_001022,sample_png_025.png,sample_png_025.png,png,png,1,1,48.0,116.0,105.5,0,1,0,0.93699,0.02291,0.29648,-0.01994,0.0093,7.9509,2.2891,0.9511,139.9399,0.0249,0.0012,0.0229,0.0017,0,0,0,0,0,0
PAIR_POS_000415,FRAG_000449,FRAG_000450,sample_pdf_010.pdf,sample_pdf_010.pdf,pdf,pdf,1,1,36.0,28.25,24.0625,0,1,0,0.9999,0.0035,0.01758,0.99989,0.0169,4.54,0.2298,0.1105,6.1631,0.0,0.0,0.0,0.0,0,0,0,0,0,0
PAIR_POS_000398,FRAG_000431,FRAG_000432,sample_pdf_009.pdf,sample_pdf_009.pdf,pdf,pdf,1,1,11.0,26.75,21.375,0,1,0,0.99878,0.01247,0.06544,0.99871,0.1132,4.5078,1.3743,0.9843,54.0932,0.0,0.0,0.0,0.0,0,0,0,0,0,0
PAIR_NEG_000616,FRAG_001213,FRAG_001290,sample_text_015.json,sample_text_019.txt,text,text,1,0,65.0,64.0,31.1875,0,1,0,0.79823,0.13842,0.65387,0.77995,0.0996,5.0483,10.7714,4.4693,296.0415,0.0,0.0,0.0,0.0,1,0,0,0,0,0
PAIR_POS_000885,FRAG_000952,FRAG_000953,sample_png_018.png,sample_png_018.png,png,png,1,1,50.0,127.0,87.875,0,1,0,0.94521,0.02132,0.28057,0.05997,0.0003,7.9549,0.533,0.3968,58.3287,0.0025,0.0013,0.0022,0.0041,0,0,0,0,0,0
PAIR_POS_000320,FRAG_000350,FRAG_000351,sample_pdf_006.pdf,sample_pdf_006.pdf,pdf,pdf,1,1,68.0,26.5,22.1875,0,1,0,0.99753,0.01735,0.08642,0.99736,0.1261,4.5483,1.959,1.2993,72.0345,0.0,0.0,0.0,0.0,0,0,0,0,0,0
PAIR_POS_001245,FRAG_001343,FRAG_001344,sample_text_024.txt,sample_text_024.txt,text,text,1,1,12.0,14.75,40.5,0,1,0,0.99954,0.00594,0.02536,0.99949,0.0017,5.1115,0.0056,0.0127,0.7829,0.0,0.0,0.0,0.0,1,0,0,0,0,0
PAIR_POS_000289,FRAG_000318,FRAG_000319,sample_pdf_005.pdf,sample_pdf_005.pdf,pdf,pdf,1,1,2.0,9.0,16.125,0,1,0,0.99977,0.00514,0.02151,0.99975,0.0043,4.5165,0.0195,0.0428,2.3648,0.0,0.0,0.0,0.0,0,0,0,0,0,0
PAIR_POS_000167,FRAG_000187,FRAG_000188,sample_jpeg_021.jpg,sample_jpeg_021.jpg,jpeg,jpeg,1,1,191.0,99.75,79.0625,0,0,0,0.93648,0.02309,0.29289,0.07175,0.0122,7.9496,6.7121,1.4627,219.6687,0.0107,0.0051,0.0349,0.0249,1,1,0,1,0,0
PAIR_NEG_000655,FRAG_001263,FRAG_001289,sample_text_016.json,sample_text_019.txt,text,text,1,0,67.0,22.0,32.1875,0,1,0,0.79485,0.14049,0.65476,0.7765,0.1175,5.0396,10.7664,4.5789,303.6633,0.0,0.0,0.0,0.0,1,0,0,0,0,0
PAIR_POS_001089,FRAG_001175,FRAG_001176,sample_text_012.log,sample_text_012.log,text,text,1,1,13.0,44.0,43.9375,0,1,0,0.99895,0.009,0.03171,0.99883,0.0114,5.1044,0.0735,0.003,0.1861,0.0,0.0,0.0,0.0,0,0,0,0,0,0
PAIR_NEG_001015,FRAG_001528,FRAG_000171,sample_zip_015.zip,sample_jpeg_019.jpg,zip,jpeg,0,0,69.0,121.0,107.125,0,1,0,0.93957,0.02238,0.28417,-0.04785,0.0075,7.9556,2.4756,0.7952,117.5489,0.0058,0.0017,0.0081,0.0119,0,0,0,0,0,0
PAIR_POS_000239,FRAG_000265,FRAG_000266,sample_pdf_002.pdf,sample_pdf_002.pdf,pdf,pdf,1,1,12.0,21.75,22.25,0,1,0,0.9999,0.00344,0.01466,0.99989,0.0027,4.485,0.1582,0.1202,6.5322,0.0,0.0,0.0,0.0,0,0,0,0,0,0
PAIR_POS_001512,FRAG_001636,FRAG_001637,sample_zip_025.zip,sample_zip_025.zip,zip,zip,1,1,11.0,27.25,97.5625,0,1,0,0.28055,0.19185,0.84213,-0.10239,1.2468,7.3319,35.6037,3.176,484.4856,0.0399,0.1837,0.2091,0.1739,15,0,1,0,1,0
PAIR_NEG_000192,FRAG_001598,FRAG_001451,sample_zip_021.zip,sample_zip_009.zip,zip,zip,1,0,38.0,92.5,80.125,0,0,0,0.93701,0.02292,0.29144,-0.00458,0.0076,7.9506,0.3909,0.6587,97.1295,0.0112,0.0019,0.0032,0.0083,1,0,0,0,0,0
PAIR_NEG_000774,FRAG_000945,FRAG_001375,sample_png_018.png,sample_zip_001.zip,png,zip,0,0,11.0,49.0,82.875,0,1,0,0.94535,0.02129,0.26175,0.06151,0.0076,7.9558,1.2488,0.0413,6.1045,0.0054,0.0041,0.0135,0.0066,1,1,0,1,0,0
PAIR_POS_001479,FRAG_001599,FRAG_001600,sample_zip_021.zip,sample_zip_021.zip,zip,zip,1,1,115.0,97.5,100.6875,0,0,0,0.94091,0.02214,0.28067,-0.01365,0.0082,7.9552,0.6155,0.9639,143.582,0.0049,0.0024,0.0037,0.0078,0,0,0,0,0,0
PAIR_POS_000249,FRAG_000275,FRAG_000276,sample_pdf_002.pdf,sample_pdf_002.pdf,pdf,pdf,1,1,11.0,22.5,29.0,0,1,0,0.99997,0.00192,0.00729,0.99996,0.002,4.5522,0.0413,0.0197,1.0835,0.0,0.0,0.0,0.0,0,0,0,0,0,0
PAIR_NEG_001106,FRAG_000841,FRAG_000226,sample_png_006.png,sample_pdf_001.pdf,png,pdf,0,0,12.0,39.0,60.0625,0,1,0,0.24938,0.22994,1.70954,-0.0213,3.4325,6.2334,31.0598,46.5398,4738.8888,0.6133,0.0032,0.4893,0.1206,0,0,0,0,0,0
PAIR_NEG_000406,FRAG_000945,FRAG_000893,sample_png_018.png,sample_png_011.png,png,png,1,0,34.0,96.75,71.0625,0,1,0,0.93697,0.0229,0.30187,-0.03431,0.0018,7.9529,3.3733,0.0959,14.1551,0.0159,0.0032,0.0286,0.0142,1,1,0,1,0,0
PAIR_POS_000328,FRAG_000358,FRAG_000359,sample_pdf_006.pdf,sample_pdf_006.pdf,pdf,pdf,1,1,3.0,15.0,23.1875,0,1,0,0.99962,0.00667,0.02884,0.99959,0.0172,4.5074,0.2058,0.1224,6.7893,0.0,0.0,0.0,0.0,0,0,0,0,0,0
PAIR_NEG_000501,FRAG_001589,FRAG_001577,sample_zip_021.zip,sample_zip_020.zip,zip,zip,1,0,214.0,163.0,84.5625,0,0,0,0.93395,0.02344,0.30373,-0.08349,0.0075,7.9527,1.7713,0.1947,28.8049,0.0036,0.0015,0.0115,0.0093,1,1,0,1,0,0
PAIR_NEG_001174,FRAG_001350,FRAG_001433,sample_text_024.txt,sample_zip_008.zip,text,zip,0,0,22.0,79.75,73.1875,0,1,0,0.31686,0.18563,1.59968,0.03509,2.832,6.5292,47.2781,42.3438,4404.7746,0.6079,0.0012,0.4897,0.1135,0,0,0,0,0,0
PAIR_POS_000855,FRAG_000918,FRAG_000919,sample_png_014.png,sample_png_014.png,png,png,1,1,202.0,94.5,99.3125,0,0,0,0.93496,0.02327,0.29588,-0.06139,0.0006,7.9525,0.1604,0.2004,29.5832,0.0005,0.0007,0.0032,0.0012,0,0,0,0,0,0
PAIR_POS_000054,FRAG_000061,FRAG_000062,sample_jpeg_008.jpeg,sample_jpeg_008.jpeg,jpeg,jpeg,1,1,5.0,32.25,80.375,0,0,0,0.94484,0.02141,0.28121,0.07627,0.0007,7.9535,0.3479,0.6824,101.6027,0.0114,0.0005,0.0039,0.0078,0,0,0,0,0,0
PAIR_POS_000291,FRAG_000320,FRAG_000321,sample_pdf_005.pdf,sample_pdf_005.pdf,pdf,pdf,1,1,67.0,42.5,23.75,0,1,0,0.99993,0.0028,0.01363,0.99993,0.0081,4.5038,0.1851,0.1114,6.1101,0.0,0.0,0.0,0.0,0,0,0,0,0,0
PAIR_NEG_000970,FRAG_001057,FRAG_000999,sample_text_002.txt,sample_png_023.png,text,png,0,0,113.0,90.5,74.5625,0,0,0,0.29508,0.18746,1.62929,-0.06653,2.8517,6.5321,49.7359,43.6649,4603.5579,0.6309,0.0044,0.5166,0.1101,1,0,0,0,0,0
PAIR_POS_000905,FRAG_000975,FRAG_000976,sample_png_021.png,sample_png_021.png,png,png,1,1,172.0,156.5,100.75,0,0,0,0.94169,0.02201,0.28458,0.00902,0.0141,7.9535,2.5122,0.1719,25.425,0.0183,0.0022,0.02,0.0017,0,0,0,0,0,0
PAIR_POS_001501,FRAG_001625,FRAG_001626,sample_zip_025.zip,sample_zip_025.zip,zip,zip,1,1,56.0,61.75,78.125,0,0,0,0.93505,0.02325,0.28851,-0.0555,0.0043,7.9527,0.0964,0.8414,123.7187,0.0076,0.0012,0.0039,0.0009,1,0,0,0,0,0
PAIR_POS_000202,FRAG_000227,FRAG_000228,sample_pdf_001.pdf,sample_pdf_001.pdf,pdf,pdf,1,1,13.0,18.75,35.0,0,1,0,0.99949,0.00781,0.03616,0.99945,0.028,4.5092,0.4304,0.1786,9.8584,0.0,0.0,0.0,0.0,0,0,0,0,0,0
PAIR_POS_001049,FRAG_001132,FRAG_001133,sample_text_009.txt,sample_text_009.txt,text,text,1,1,14.0,22.0,26.6875,0,1,0,0.99954,0.00598,0.02347,0.99949,0.0038,5.0985,0.0489,0.0017,0.1028,0.0,0.0,0.0,0.0,0,0,0,0,0,0
PAIR_NEG_000906,FRAG_001425,FRAG_000197,sample_zip_007.zip,sample_jpeg_022.jpg,zip,jpeg,0,0,117.0,51.25,62.375,0,0,0,0.93584,0.02312,0.30034,-0.02917,0.0033,7.9507,2.397,0.6557,98.0734,0.0053,0.0012,0.0088,0.003,0,0,0,0,0,0
PAIR_NEG_001044,FRAG_001584,FRAG_000728,sample_zip_020.zip,sample_pdf_022.pdf,zip,pdf,0,0,104.0,67.0,69.0,0,0,0,0.23382,0.22945,1.70213,-0.10901,3.4084,6.256,32.3892,47.2165,4852.0027,0.6208,0.0076,0.4966,0.1206,1,0,0,0,0,0
PAIR_NEG_000642,FRAG_001069,FRAG_001188,sample_text_004.json,sample_text_013.csv,text,text,1,0,9.0,12.5,49.875,0,1,0,0.39126,0.24625,1.13429,0.33935,0.0752,4.9498,5.247,10.696,643.1504,0.0,0.0,0.0,0.0,0,0,0,0,0,0
PAIR_NEG_000495,FRAG_001245,FRAG_001114,sample_text_016.json,sample_text_008.json,text,text,1,0,36.0,22.25,39.1875,0,1,0,0.99891,0.01078,0.04494,0.99882,0.0205,4.982,0.1821,0.054,3.8272,0.0,0.0,0.0,0.0,0,0,0,0,0,0
PAIR_NEG_001183,FRAG_000454,FRAG_000065,sample_pdf_011.pdf,sample_jpeg_008.jpeg,pdf,jpeg,0,0,1.0,68.5,79.0,0,1,0,0.25341,0.22872,1.71578,-0.00924,3.4186,6.2404,31.4011,47.1763,4826.3226,0.6179,0.0068,0.4922,0.1228,0,0,0,0,0,0
PAIR_NEG_000080,FRAG_000025,FRAG_000169,sample_jpeg_002.jpeg,sample_jpeg_018.jpeg,jpeg,jpeg,1,0,69.0,119.0,88.9375,0,0,0,0.62093,0.0738,0.95259,0.07662,0.762,7.3926,5.2695,0.8326,123.903,0.046,0.0075,0.0324,0.0141,0,0,1,0,1,1
PAIR_NEG_001117,FRAG_000821,FRAG_001270,sample_png_004.png,sample_text_017.txt,png,text,0,0,22.0,89.75,71.6875,0,0,0,0.31986,0.18664,1.61572,0.05231,2.8637,6.5223,48.6926,43.7139,4614.2414,0.6204,0.0034,0.5032,0.1135,1,0,0,0,0,0
PAIR_NEG_000827,FRAG_000799,FRAG_001478,sample_png_001.png,sample_zip_011.zip,png,zip,0,0,188.0,146.0,110.375,0,0,0,0.94078,0.02216,0.2818,-0.01865,0.0005,7.9549,2.2339,0.0391,5.7974,0.0044,0.0039,0.0103,0.0046,0,0,0,0,0,0
PAIR_POS_000131,FRAG_000146,FRAG_000147,sample_jpeg_016.jpeg,sample_jpeg_016.jpeg,jpeg,jpeg,1,1,99.0,58.0,57.5625,0,0,0,0.92939,0.02434,0.31159,-0.05287,0.0245,7.9465,2.0359,0.1458,21.5168,0.0028,0.0009,0.0114,0.0105,0,0,1,0,1,0
PAIR_POS_000405,FRAG_000438,FRAG_000439,sample_pdf_009.pdf,sample_pdf_009.pdf,pdf,pdf,1,1,3.0,28.25,21.1875,0,1,0,0.99982,0.00454,0.02003,0.9998,0.0111,4.5363,0.2043,0.1744,9.6102,0.0,0.0,0.0,0.0,0,0,0,0,0,0
PAIR_POS_000785,FRAG_000840,FRAG_000841,sample_png_006.png,sample_png_006.png,png,png,1,1,104.0,89.0,93.125,0,0,0,0.93723,0.02291,0.29449,0.05056,0.0023,7.9486,1.7068,0.1711,25.3543,0.0091,0.0022,0.0113,0.002,0,0,0,0,0,0
PAIR_NEG_000477,FRAG_000256,FRAG_000318,sample_pdf_001.pdf,sample_pdf_005.pdf,pdf,pdf,1,0,3.0,27.5,28.5625,0,1,0,0.99719,0.01777,0.08596,0.99698,0.0401,4.5343,0.8535,0.3969,22.0682,0.0,0.0,0.0,0.0,0,0,0,0,0,0
PAIR_POS_000439,FRAG_000474,FRAG_000475,sample_pdf_011.pdf,sample_pdf_011.pdf,pdf,pdf,1,1,4.0,18.0,39.3125,0,1,0,0.99918,0.00953,0.0503,0.99912,0.0683,4.6012,0.8809,0.6404,36.1437,0.0,0.0,0.0,0.0,0,0,0,0,0,0
PAIR_POS_000828,FRAG_000888,FRAG_000889,sample_png_011.png,sample_png_011.png,png,png,1,1,70.0,118.25,85.4375,0,0,0,0.93804,0.02265,0.28509,-0.10254,0.001,7.9576,0.7451,1.2617,187.0018,0.0059,0.0049,0.0022,0.0068,1,1,0,1,0,0
PAIR_POS_000129,FRAG_000144,FRAG_000145,sample_jpeg_016.jpeg,sample_jpeg_016.jpeg,jpeg,jpeg,1,1,117.0,124.25,79.25,0,0,0,0.93211,0.02391,0.30368,0.06083,0.0039,7.9445,0.2942,0.3455,51.6723,0.0271,0.0002,0.0158,0.0118,0,0,0,0,0,0
PAIR_POS_000732,FRAG_000781,FRAG_000782,sample_pdf_025.pdf,sample_pdf_025.pdf,pdf,pdf,1,1,2.0,6.5,21.875,0,1,0,0.99999,0.00124,0.00485,0.99999,0.0007,4.4966,0.0285,0.0268,1.4692,0.0,0.0,0.0,0.0,0,0,0,0,0,0
PAIR_POS_000532,FRAG_000572,FRAG_000573,sample_pdf_016.pdf,sample_pdf_016.pdf,pdf,pdf,1,1,36.0,21.25,23.0,0,1,0,0.9999,0.00347,0.01713,0.99989,0.002,4.4576,0.1905,0.1123,6.169,0.0,0.0,0.0,0.0,0,0,0,0,0,0
PAIR_POS_000180,FRAG_000202,FRAG_000203,sample_jpeg_023.jpeg,sample_jpeg_023.jpeg,jpeg,jpeg,1,1,115.0,64.0,60.4375,0,0,0,0.94787,0.0208,0.25631,0.11195,0.003,7.9545,2.8591,0.1749,25.9094,0.0032,0.0,0.0125,0.0093,1,0,0,0,0,0
PAIR_POS_000274,FRAG_000301,FRAG_000302,sample_pdf_003.pdf,sample_pdf_003.pdf,pdf,pdf,1,1,5.0,20.25,37.125,0,1,0,0.99986,0.00411,0.01852,0.99985,0.0029,4.4518,0.0854,0.0635,3.4224,0.0,0.0,0.0,0.0,0,0,0,0,0,0
PAIR_NEG_001187,FRAG_001422,FRAG_001028,sample_zip_006.zip,sample_text_001.json,zip,text,0,0,46.0,39.25,59.1875,0,1,0,0.26971,0.21996,1.57813,0.05172,2.8947,6.457,53.3704,40.361,4479.589,0.6184,0.0271,0.4734,0.1418,13,0,0,0,0,0
PAIR_NEG_001479,FRAG_000867,FRAG_001255,sample_png_008.png,sample_text_016.json,png,text,0,0,128.0,88.5,71.3125,0,0,0,0.2706,0.22079,1.58006,0.02588,2.9669,6.4732,59.4807,38.3313,4181.1211,0.6067,0.0056,0.4973,0.1042,2,0,0,0,0,0
PAIR_POS_000395,FRAG_000428,FRAG_000429,sample_pdf_009.pdf,sample_pdf_009.pdf,pdf,pdf,1,1,6.0,24.5,17.8125,0,1,0,0.9938,0.02809,0.14495,0.99341,0.2029,4.5522,2.9011,1.4935,83.0875,0.0,0.0,0.0,0.0,0,0,0,0,0,0
PAIR_NEG_001428,FRAG_000460,FRAG_000115,sample_pdf_011.pdf,sample_jpeg_013.jpeg,pdf,jpeg,0,0,18.0,71.5,78.0625,0,1,0,0.24977,0.23193,1.71442,-0.01339,3.4624,6.2224,30.6355,46.6169,4739.8482,0.6204,0.0071,0.498,0.1189,0,0,0,0,0,0
PAIR_POS_001320,FRAG_001426,FRAG_001427,sample_zip_007.zip,sample_zip_007.zip,zip,zip,1,1,80.0,119.5,96.75,0,1,0,0.94421,0.02154,0.26953,0.07516,0.0027,7.9526,2.1352,0.9546,140.8585,0.0203,0.001,0.0235,0.0034,1,0,0,0,0,0
PAIR_NEG_001114,FRAG_000980,FRAG_000001,sample_png_021.png,sample_jpeg_001.jpeg,png,jpeg,0,0,129.0,143.5,122.5,0,0,0,0.92985,0.02429,0.30523,0.00764,0.0109,7.9468,5.077,1.4788,220.1946,0.0081,0.0076,0.0281,0.0201,1,0,0,0,0,1
PAIR_NEG_000167,FRAG_000937,FRAG_000828,sample_png_016.png,sample_png_005.png,png,png,1,0,156.0,101.5,93.4375,0,0,0,0.93789,0.02272,0.29288,-0.04687,0.0102,7.9543,0.01,1.088,161.7743,0.0195,0.0002,0.0103,0.0085,0,0,0,0,0,0
PAIR_POS_001322,FRAG_001428,FRAG_001429,sample_zip_007.zip,sample_zip_007.zip,zip,zip,1,1,10.0,59.75,73.9375,0,0,0,0.93309,0.02366,0.29537,-0.01129,0.0009,7.9485,0.639,0.4892,72.2439,0.0019,0.0031,0.0054,0.0073,1,0,0,0,0,0
PAIR_POS_001160,FRAG_001250,FRAG_001251,sample_text_016.json,sample_text_016.json,text,text,1,1,78.0,63.75,45.75,0,1,0,0.99971,0.0055,0.02631,0.99969,0.0064,4.9866,0.0335,0.0106,0.75,0.0,0.0,0.0,0.0,0,0,0,0,0,0
PAIR_NEG_001442,FRAG_001367,FRAG_000897,sample_text_025.log,sample_png_012.png,text,png,0,0,40.0,36.0,35.5625,0,0,0,0.32459,0.18561,1.602,0.06848,2.8527,6.5258,46.5669,42.9856,4505.3082,0.603,0.0083,0.488,0.1118,0,0,0,0,0,1
PAIR_POS_000632,FRAG_000676,FRAG_000677,sample_pdf_020.pdf,sample_pdf_020.pdf,pdf,pdf,1,1,1.0,12.0,24.8125,0,1,0,0.99976,0.00518,0.02295,0.99975,0.0024,4.5053,0.0403,0.0939,5.1577,0.0,0.0,0.0,0.0,0,0,0,0,0,0
PAIR_NEG_000747,FRAG_000987,FRAG_000918,sample_png_021.png,sample_png_014.png,png,png,1,0,19.0,41.75,95.125,0,0,0,0.85906,0.03626,0.45689,-0.00788,0.1598,7.8729,1.0075,0.0269,3.983,0.031,0.0027,0.0164,0.017,2,0,0,0,0,1
PAIR_NEG_000526,FRAG_001391,FRAG_001600,sample_zip_003.zip,sample_zip_021.zip,zip,zip,1,0,26.0,64.0,80.0,0,0,0,0.93431,0.02341,0.2958,-0.03399,0.0005,7.9513,0.918,0.4267,62.9749,0.0073,0.001,0.0002,0.0064,1,0,0,0,0,0
PAIR_NEG_000635,FRAG_000859,FRAG_000825,sample_png_008.png,sample_png_004.png,png,png,1,0,125.0,114.75,92.75,0,0,0,0.93932,0.02245,0.289,-0.02952,0.0153,7.9544,0.9973,0.8655,128.3188,0.0056,0.0013,0.0034,0.0014,1,0,0,0,0,0
PAIR_NEG_001287,FRAG_001591,FRAG_000215,sample_zip_021.zip,sample_jpeg_025.jpg,zip,jpeg,0,0,1.0,113.75,97.4375,0,1,0,0.93346,0.02352,0.29292,-0.1092,0.0031,7.9546,0.6206,1.7881,264.7855,0.0203,0.0071,0.0112,0.0083,0,0,0,0,0,0
PAIR_NEG_000076,FRAG_000967,FRAG_000920,sample_png_019.png,sample_png_014.png,png,png,1,0,38.0,67.0,72.5625,0,1,0,0.94492,0.02136,0.269,0.02401,0.0089,7.9554,1.4248,0.4704,69.8861,0.0114,0.0009,0.0119,0.0003,0,0,0,0,0,0
PAIR_NEG_000696,FRAG_001171,FRAG_001299,sample_text_011.json,sample_text_019.txt,text,text,1,0,85.0,78.5,70.125,0,1,0,0.79338,0.14013,0.65527,0.77467,0.0959,5.0534,10.6867,4.5224,299.6513,0.0,0.0,0.0,0.0,2,0,0,0,0,0
PAIR_NEG_001185,FRAG_001260,FRAG_000860,sample_text_016.json,sample_png_008.png,text,png,0,0,19.0,79.25,85.0625,0,1,0,0.25656,0.22076,1.59324,-0.038,2.9553,6.4764,58.3662,39.699,4378.4564,0.6306,0.0068,0.5012,0.1282,2,0,0,0,0,0
PAIR_POS_000260,FRAG_000287,FRAG_000288,sample_pdf_003.pdf,sample_pdf_003.pdf,pdf,pdf,1,1,12.0,14.0,31.5,0,1,0,0.99649,0.02133,0.10597,0.99628,0.1615,4.5446,2.0601,1.1241,62.3966,0.0,0.0,0.0,0.0,0,0,0,0,0,0
PAIR_NEG_001418,FRAG_001501,FRAG_001121,sample_zip_013.zip,sample_text_008.json,zip,text,0,0,15.0,52.0,70.8125,0,0,0,0.25925,0.22123,1.60986,-0.02374,2.9634,6.473,57.8223,38.9539,4272.321,0.616,0.0046,0.4944,0.1182,2,0,0,0,0,0
PAIR_POS_000979,FRAG_001055,FRAG_001056,sample_text_002.txt,sample_text_002.txt,text,text,1,1,5.0,6.25,28.3125,0,1,0,0.99954,0.00593,0.02001,0.99949,0.0021,5.1048,0.0173,0.0029,0.1809,0.0,0.0,0.0,0.0,1,0,0,0,0,0
PAIR_NEG_001029,FRAG_001116,FRAG_000261,sample_text_008.json,sample_pdf_002.pdf,text,pdf,0,0,68.0,47.0,39.5,0,1,0,0.72297,0.17454,0.90083,0.70177,0.4702,4.7386,26.8409,8.0365,505.3627,0.0,0.0,0.0,0.0,2,0,0,0,0,0
PAIR_POS_001492,FRAG_001614,FRAG_001615,sample_zip_023.zip,sample_zip_023.zip,zip,zip,1,1,4.0,75.0,81.25,0,1,0,0.94668,0.02103,0.27224,0.08084,0.008,7.9556,2.4693,0.2514,37.0759,0.0098,0.0013,0.0146,0.0049,0,0,0,0,0,0
PAIR_NEG_001027,FRAG_000220,FRAG_001376,sample_jpeg_025.jpg,sample_zip_001.zip,jpeg,zip,0,0,150.0,84.5,89.625,0,0,0,0.93944,0.02246,0.28077,0.02642,0.006,7.9521,0.4729,0.471,69.4616,0.0093,0.001,0.0056,0.0034,1,0,0,0,0,0
PAIR_POS_000077,FRAG_000086,FRAG_000087,sample_jpeg_010.jpg,sample_jpeg_010.jpg,jpeg,jpeg,1,1,18.0,65.25,73.9375,0,1,0,0.94775,0.02077,0.27187,0.0197,0.0043,7.9588,0.0896,0.6577,97.267,0.0056,0.0,0.0029,0.0027,0,0,0,0,0,0
PAIR_POS_000760,FRAG_000812,FRAG_000813,sample_png_003.png,sample_png_003.png,png,png,1,1,37.0,64.75,83.375,0,1,0,0.94497,0.02128,0.27628,-0.07965,0.0021,7.961,0.762,0.5662,83.5117,0.0056,0.0002,0.008,0.0017,0,0,0,0,0,0
PAIR_NEG_000041,FRAG_001622,FRAG_001416,sample_zip_024.zip,sample_zip_006.zip,zip,zip,1,0,87.0,148.25,132.125,0,0,0,0.57004,0.08966,0.55927,0.07067,0.4601,7.7255,18.1392,3.0612,460.4191,0.0299,0.0811,0.1115,0.0831,14,0,0,0,0,1
PAIR_NEG_000561,FRAG_000541,FRAG_000705,sample_pdf_014.pdf,sample_pdf_020.pdf,pdf,pdf,1,0,4.0,40.5,42.125,0,1,0,0.9979,0.01549,0.07568,0.99774,0.0014,4.5103,0.5337,0.3378,18.6906,0.0,0.0,0.0,0.0,0,0,0,0,0,0
PAIR_NEG_001102,FRAG_000836,FRAG_000672,sample_png_006.png,sample_pdf_019.pdf,png,pdf,0,0,19.0,60.75,79.25,0,1,0,0.26024,0.22086,1.65989,-0.01701,3.2383,6.3309,38.7177,41.427,4382.4944,0.6003,0.0037,0.4785,0.1174,8,0,1,0,1,0
PAIR_POS_000003,FRAG_000003,FRAG_000004,sample_jpeg_001.jpeg,sample_jpeg_001.jpeg,jpeg,jpeg,1,1,13.0,76.75,79.875,0,1,0,0.93634,0.02309,0.29926,0.05068,0.0093,7.9489,0.3337,0.2989,44.9381,0.0002,0.0013,0.0029,0.0022,0,0,0,0,0,0
PAIR_NEG_000348,FRAG_001563,FRAG_001603,sample_zip_018.zip,sample_zip_022.zip,zip,zip,1,0,57.0,27.0,65.6875,0,0,0,0.94305,0.02169,0.27878,-0.05583,0.0029,7.9584,0.1551,0.9303,137.7955,0.0134,0.0014,0.0049,0.0081,0,0,0,0,0,1
PAIR_POS_001504,FRAG_001628,FRAG_001629,sample_zip_025.zip,sample_zip_025.zip,zip,zip,1,1,142.0,77.25,65.4375,0,0,0,0.9365,0.02298,0.29293,-0.05259,0.0003,7.9528,0.1592,0.8161,120.5832,0.0227,0.0029,0.0118,0.013,0,0,0,0,0,0
PAIR_NEG_000707,FRAG_000428,FRAG_000746,sample_pdf_009.pdf,sample_pdf_023.pdf,pdf,pdf,1,0,0.0,4.5,22.625,0,1,1,0.99367,0.0271,0.12542,0.99321,0.1192,4.5941,1.1816,0.3482,19.7675,0.0,0.0,0.0,0.0,0,0,0,0,0,0
PAIR_POS_001079,FRAG_001164,FRAG_001165,sample_text_011.json,sample_text_011.json,text,text,1,1,1.0,25.75,44.0625,0,1,0,0.99937,0.00816,0.03711,0.99932,0.0069,4.9825,0.0266,0.0353,2.5033,0.0,0.0,0.0,0.0,0,0,0,0,0,0
PAIR_POS_001212,FRAG_001306,FRAG_001307,sample_text_020.txt,sample_text_020.txt,text,text,1,1,12.0,14.75,40.4375,0,1,0,0.99967,0.00501,0.02096,0.99964,0.004,5.1022,0.0339,0.0395,2.4358,0.0,0.0,0.0,0.0,1,0,0,0,0,0
PAIR_NEG_000329,FRAG_001273,FRAG_001087,sample_text_017.txt,sample_text_005.csv,text,text,1,0,20.0,40.0,39.5,0,1,0,0.4928,0.20924,1.03267,0.44203,0.2483,4.9733,16.9209,6.8083,374.6463,0.0,0.0,0.0,0.0,1,0,0,0,0,0
PAIR_NEG_001326,FRAG_000857,FRAG_001353,sample_png_008.png,sample_text_024.txt,png,text,0,0,109.0,81.75,87.6875,0,0,0,0.30642,0.18681,1.62737,-0.00874,2.8503,6.5267,48.3975,43.6941,4605.1911,0.6304,0.0039,0.5034,0.1228,0,0,0,0,0,0
PAIR_NEG_000664,FRAG_000953,FRAG_000932,sample_png_018.png,sample_png_016.png,png,png,1,0,237.0,118.0,117.4375,0,0,0,0.9364,0.02302,0.29532,-0.0192,0.0056,7.9519,1.1697,0.5578,82.0823,0.0063,0.0005,0.0095,0.0012,0,0,0,0,0,0
PAIR_POS_000283,FRAG_000311,FRAG_000312,sample_pdf_004.pdf,sample_pdf_004.pdf,pdf,pdf,1,1,13.0,34.75,35.5,0,1,0,0.99893,0.01097,0.05072,0.99885,0.0163,4.5437,0.3186,0.155,8.6599,0.0,0.0,0.0,0.0,0,0,0,0,0,0
PAIR_POS_000657,FRAG_000701,FRAG_000702,sample_pdf_020.pdf,sample_pdf_020.pdf,pdf,pdf,1,1,10.0,44.0,21.6875,0,1,0,0.99896,0.01112,0.05859,0.99888,0.0876,4.5239,1.1235,0.7662,42.3166,0.0,0.0,0.0,0.0,0,0,0,0,0,0
PAIR_NEG_000760,FRAG_001043,FRAG_000631,sample_text_002.txt,sample_pdf_018.pdf,text,pdf,0,0,69.0,61.0,56.1875,0,1,0,0.86972,0.11473,0.70215,0.85875,0.4907,4.8514,13.8481,2.5078,148.6486,0.0,0.0,0.0,0.0,0,1,0,0,0,0
PAIR_NEG_000941,FRAG_000954,FRAG_001052,sample_png_018.png,sample_text_002.txt,png,text,0,0,88.0,57.0,68.5625,0,0,0,0.30217,0.18733,1.63279,-0.03045,2.8552,6.5284,48.5359,43.3588,4558.2673,0.6211,0.0046,0.5007,0.1157,0,0,0,0,0,0
PAIR_POS_001128,FRAG_001217,FRAG_001218,sample_text_015.json,sample_text_015.json,text,text,1,1,0.0,31.5,36.9375,0,1,1,0.99962,0.00631,0.02778,0.99959,0.0031,4.9959,0.2153,0.0145,1.0237,0.0,0.0,0.0,0.0,0,0,0,0,0,0
PAIR_NEG_000407,FRAG_000823,FRAG_000968,sample_png_004.png,sample_png_019.png,png,png,1,0,39.0,32.5,62.75,0,1,0,0.9325,0.02382,0.31001,0.01856,0.0247,7.9454,0.4261,0.7844,115.5167,0.0092,0.0013,0.0016,0.0089,2,0,1,0,1,0
PAIR_POS_001326,FRAG_001433,FRAG_001434,sample_zip_008.zip,sample_zip_008.zip,zip,zip,1,1,9.0,32.0,51.375,0,0,0,0.93598,0.02312,0.2984,0.00583,0.009,7.9497,0.4698,1.0924,161.079,0.0088,0.0051,0.0047,0.0066,1,0,0,0,0,0
PAIR_POS_001425,FRAG_001540,FRAG_001541,sample_zip_016.zip,sample_zip_016.zip,zip,zip,1,1,119.0,44.5,62.3125,0,0,0,0.94422,0.02152,0.27866,0.05635,0.0019,7.9543,2.3042,0.4251,62.3184,0.0007,0.0034,0.0127,0.0113,1,0,0,0,0,0
PAIR_NEG_000715,FRAG_001542,FRAG_001629,sample_zip_016.zip,sample_zip_025.zip,zip,zip,1,0,12.0,51.5,63.1875,0,0,0,0.93534,0.0232,0.29691,-0.05814,0.0013,7.9524,1.8057,1.7041,250.2935,0.0039,0.0042,0.0075,0.0142,1,0,0,0,0,0
PAIR_POS_000765,FRAG_000818,FRAG_000819,sample_png_004.png,sample_png_004.png,png,png,1,1,74.0,41.0,57.875,0,0,0,0.9522,0.01985,0.25725,0.08276,0.0065,7.9599,1.0771,0.5021,74.4852,0.0088,0.0003,0.0044,0.0129,1,0,0,0,0,0
PAIR_NEG_000810,FRAG_001489,FRAG_001004,sample_zip_012.zip,sample_png_023.png,zip,png,0,0,205.0,135.75,120.8125,0,0,0,0.44032,0.12301,0.68396,-0.01726,0.7533,7.5823,21.7148,5.7414,881.5375,0.0234,0.1148,0.1255,0.1036,15,0,0,0,0,1
PAIR_POS_000778,FRAG_000832,FRAG_000833,sample_png_005.png,sample_png_005.png,png,png,1,1,107.0,78.25,104.625,0,0,0,0.92852,0.02441,0.30812,-0.13716,0.0022,7.9519,0.3537,0.3174,47.3663,0.0063,0.0002,0.0039,0.0024,1,0,0,0,0,0
PAIR_NEG_000496,FRAG_000614,FRAG_000770,sample_pdf_018.pdf,sample_pdf_025.pdf,pdf,pdf,1,0,22.0,22.5,40.125,0,1,0,0.99699,0.01854,0.08107,0.99677,0.021,4.4996,0.3696,0.0802,4.4007,0.0,0.0,0.0,0.0,0,0,0,0,0,0
PAIR_NEG_000712,FRAG_001633,FRAG_001441,sample_zip_025.zip,sample_zip_008.zip,zip,zip,1,0,52.0,83.25,71.9375,0,0,0,0.94393,0.02157,0.27492,0.0409,0.0022,7.9547,0.1206,0.7397,108.4622,0.0127,0.0017,0.0034,0.0085,1,0,0,0,0,0
PAIR_POS_001208,FRAG_001302,FRAG_001303,sample_text_020.txt,sample_text_020.txt,text,text,1,1,56.0,47.75,42.3125,0,1,0,0.99884,0.00943,0.03811,0.99871,0.0069,5.1119,0.0478,0.0595,3.6684,0.0,0.0,0.0,0.0,1,1,0,0,0,0
PAIR_NEG_000778,FRAG_000095,FRAG_000953,sample_jpeg_011.jpeg,sample_png_018.png,jpeg,png,0,0,25.0,36.75,64.25,0,1,0,0.93752,0.0228,0.28501,-0.02822,0.0033,7.953,1.4814,0.6534,96.2145,0.0036,0.0026,0.0044,0.0081,0,0,0,0,0,0
PAIR_NEG_000281,FRAG_001276,FRAG_001062,sample_text_017.txt,sample_text_003.log,text,text,1,0,41.0,35.0,28.25,0,1,0,0.99793,0.01265,0.05348,0.9977,0.0184,5.1051,0.0273,0.1399,8.6413,0.0,0.0,0.0,0.0,0,0,0,0,0,0
PAIR_NEG_000476,FRAG_000635,FRAG_000296,sample_pdf_019.pdf,sample_pdf_003.pdf,pdf,pdf,1,0,14.0,11.75,40.625,0,1,0,0.99438,0.02502,0.12013,0.99395,0.018,4.5441,0.3343,0.4717,26.1321,0.0,0.0,0.0,0.0,0,0,0,0,0,0
PAIR_POS_000162,FRAG_000180,FRAG_000181,sample_jpeg_019.jpg,sample_jpeg_019.jpg,jpeg,jpeg,1,1,72.0,110.25,118.5,0,0,0,0.84342,0.03854,0.47443,-0.03807,0.1637,7.8681,0.5384,1.3803,205.2429,0.0026,0.0007,0.0067,0.01,0,0,1,0,1,0
PAIR_POS_001027,FRAG_001109,FRAG_001110,sample_text_008.json,sample_text_008.json,text,text,1,1,0.0,31.5,35.75,0,1,1,0.99911,0.00976,0.03751,0.99904,0.0068,4.9769,0.0611,0.0817,5.7917,0.0,0.0,0.0,0.0,0,0,0,0,0,0
PAIR_POS_000552,FRAG_000593,FRAG_000594,sample_pdf_017.pdf,sample_pdf_017.pdf,pdf,pdf,1,1,3.0,38.75,28.8125,0,1,0,0.9998,0.00474,0.02102,0.99979,0.0118,4.5572,0.353,0.1427,8.022,0.0,0.0,0.0,0.0,0,0,0,0,0,0
PAIR_POS_001468,FRAG_001587,FRAG_001588,sample_zip_020.zip,sample_zip_020.zip,zip,zip,1,1,20.0,37.25,63.75,0,0,0,0.75953,0.05186,0.35913,-0.01204,0.1278,7.8848,10.44,2.7148,407.1825,0.0024,0.0455,0.0533,0.0538,15,0,1,0,1,0
PAIR_NEG_000036,FRAG_001098,FRAG_001160,sample_text_007.csv,sample_text_011.json,text,text,1,0,59.0,57.0,35.6875,0,1,0,0.37716,0.24841,1.1484,0.32368,0.0473,4.9604,5.2202,10.7593,647.306,0.0,0.0,0.0,0.0,0,1,0,0,0,0
PAIR_POS_000088,FRAG_000099,FRAG_000100,sample_jpeg_012.jpg,sample_jpeg_012.jpg,jpeg,jpeg,1,1,132.0,105.75,75.625,0,0,0,0.94117,0.02221,0.27438,0.12998,0.0135,7.9497,5.877,0.5054,75.9174,0.0239,0.0051,0.0391,0.0154,1,1,0,1,0,0
PAIR_POS_000791,FRAG_000847,FRAG_000848,sample_png_007.png,sample_png_007.png,png,png,1,1,171.0,101.0,70.4375,0,0,0,0.9419,0.02204,0.27829,0.11611,0.0059,7.9482,0.1463,0.7938,117.0771,0.0161,0.0005,0.0107,0.0024,0,0,0,0,0,0
PAIR_NEG_000285,FRAG_001485,FRAG_001637,sample_zip_012.zip,sample_zip_025.zip,zip,zip,1,0,41.0,71.0,61.3125,0,0,0,0.31006,0.18987,0.8216,0.03201,1.2392,7.3281,34.2209,3.4082,519.1076,0.0408,0.1817,0.2081,0.1717,15,0,1,0,1,0
PAIR_NEG_001493,FRAG_000588,FRAG_000879,sample_pdf_017.pdf,sample_png_009.png,pdf,png,0,0,13.0,69.0,66.1875,0,1,0,0.26367,0.23007,1.70807,0.03947,3.4534,6.2305,31.5617,45.6577,4629.3958,0.6074,0.0037,0.4922,0.1108,0,0,0,0,0,0
PAIR_NEG_001312,FRAG_001063,FRAG_000416,sample_text_003.log,sample_pdf_009.pdf,text,pdf,0,0,40.0,44.75,49.6875,0,1,0,0.8714,0.11467,0.6934,0.86072,0.4841,4.8703,14.2163,2.3428,139.0594,0.0,0.0,0.0,0.0,0,0,0,0,0,0
PAIR_NEG_000776,FRAG_000120,FRAG_001527,sample_jpeg_013.jpeg,sample_zip_015.zip,jpeg,zip,0,0,176.0,119.25,92.25,0,0,0,0.92924,0.02432,0.305,-0.09611,0.018,7.9485,0.2115,2.0827,306.6516,0.0131,0.002,0.0005,0.0135,1,0,0,0,0,1
PAIR_POS_001298,FRAG_001402,FRAG_001403,sample_zip_005.zip,sample_zip_005.zip,zip,zip,1,1,167.0,102.25,87.8125,0,0,0,0.94031,0.02226,0.2871,-0.0246,0.0108,7.9548,0.7659,0.9531,140.4529,0.0032,0.0002,0.0003,0.0029,0,0,0,0,0,0
PAIR_NEG_001405,FRAG_000689,FRAG_000948,sample_pdf_020.pdf,sample_png_018.png,pdf,png,0,0,127.0,165.75,85.25,0,0,0,0.23224,0.23347,1.73048,-0.08452,3.4728,6.2153,31.0059,46.3692,4689.9252,0.615,0.0042,0.4978,0.1125,0,0,0,0,0,0
PAIR_NEG_000487,FRAG_000749,FRAG_000341,sample_pdf_023.pdf,sample_pdf_005.pdf,pdf,pdf,1,0,4.0,47.5,28.875,0,1,0,0.99661,0.02015,0.11127,0.99637,0.1399,4.5868,2.0727,1.1388,64.2154,0.0,0.0,0.0,0.0,0,0,0,0,0,0
PAIR_POS_000516,FRAG_000555,FRAG_000556,sample_pdf_015.pdf,sample_pdf_015.pdf,pdf,pdf,1,1,65.0,21.75,33.0,0,1,0,0.99956,0.00715,0.02878,0.99952,0.0108,4.4968,0.051,0.0156,0.861,0.0,0.0,0.0,0.0,0,0,0,0,0,0
PAIR_POS_000440,FRAG_000475,FRAG_000476,sample_pdf_011.pdf,sample_pdf_011.pdf,pdf,pdf,1,1,8.0,50.0,31.3125,0,1,0,0.99793,0.0152,0.07668,0.99778,0.0808,4.5949,1.2647,0.8206,46.1652,0.0,0.0,0.0,0.0,0,0,0,0,0,0
PAIR_NEG_000685,FRAG_000013,FRAG_000075,sample_jpeg_001.jpeg,sample_jpeg_009.jpeg,jpeg,jpeg,1,0,105.0,59.0,73.4375,0,0,0,0.8919,0.03097,0.40335,0.01402,0.0867,7.9074,0.0114,1.6109,241.1963,0.0093,0.0012,0.0003,0.0094,0,0,0,0,0,1
PAIR_POS_000631,FRAG_000675,FRAG_000676,sample_pdf_020.pdf,sample_pdf_020.pdf,pdf,pdf,1,1,7.0,10.0,26.0,0,1,0,0.9999,0.00336,0.01512,0.99989,0.0018,4.5074,0.0789,0.0417,2.288,0.0,0.0,0.0,0.0,0,0,0,0,0,0
PAIR_NEG_001129,FRAG_001052,FRAG_000594,sample_text_002.txt,sample_pdf_017.pdf,text,pdf,0,0,5.0,22.0,26.4375,0,1,0,0.86492,0.11823,0.70657,0.85385,0.5495,4.8261,14.7461,2.8486,167.8398,0.0,0.0,0.0,0.0,0,0,0,0,0,0
PAIR_POS_001457,FRAG_001576,FRAG_001577,sample_zip_020.zip,sample_zip_020.zip,zip,zip,1,1,78.0,71.5,72.1875,0,0,0,0.93228,0.02377,0.29727,-0.06609,0.0041,7.9511,0.1194,0.2084,30.7478,0.0,0.0051,0.0034,0.0034,1,1,0,1,0,0
PAIR_POS_000245,FRAG_000271,FRAG_000272,sample_pdf_002.pdf,sample_pdf_002.pdf,pdf,pdf,1,1,18.0,8.5,23.0625,0,1,0,0.99933,0.00875,0.04003,0.99928,0.0051,4.5074,0.0694,0.0558,3.0363,0.0,0.0,0.0,0.0,0,0,0,0,0,0
PAIR_POS_000246,FRAG_000272,FRAG_000273,sample_pdf_002.pdf,sample_pdf_002.pdf,pdf,pdf,1,1,1.0,12.0,24.8125,0,1,0,0.9992,0.01009,0.05659,0.99915,0.0821,4.5458,0.8797,0.5394,29.5853,0.0,0.0,0.0,0.0,0,0,0,0,0,0
PAIR_NEG_001049,FRAG_001328,FRAG_000146,sample_text_022.log,sample_jpeg_016.jpeg,text,jpeg,0,0,131.0,130.25,110.5625,0,0,0,0.31038,0.18602,1.61385,-0.00237,2.8433,6.5371,48.8218,42.8956,4484.3164,0.6169,0.0061,0.5049,0.1099,1,0,0,0,0,0
PAIR_POS_001387,FRAG_001499,FRAG_001500,sample_zip_013.zip,sample_zip_013.zip,zip,zip,1,1,168.0,121.5,68.4375,0,0,0,0.93437,0.02334,0.29782,-0.11835,0.0035,7.9549,2.8958,0.4822,72.0533,0.0117,0.0032,0.0193,0.0074,1,0,0,0,0,0
PAIR_NEG_001022,FRAG_001624,FRAG_000117,sample_zip_025.zip,sample_jpeg_013.jpeg,zip,jpeg,0,0,31.0,76.5,122.75,0,0,0,0.94585,0.02118,0.27396,0.04962,0.0071,7.9562,0.0508,0.8306,122.9379,0.0003,0.0032,0.001,0.0002,0,0,0,0,0,0
PAIR_NEG_001298,FRAG_000144,FRAG_000918,sample_jpeg_016.jpeg,sample_png_014.png,jpeg,png,0,0,87.0,88.25,91.125,0,0,0,0.93726,0.02291,0.28714,0.05023,0.0063,7.9497,0.4802,1.0454,155.6359,0.0171,0.0051,0.0044,0.0159,0,0,0,0,0,0
PAIR_POS_000375,FRAG_000407,FRAG_000408,sample_pdf_008.pdf,sample_pdf_008.pdf,pdf,pdf,1,1,21.0,48.75,33.5625,0,1,0,0.9989,0.01132,0.04977,0.99882,0.034,4.4996,0.3784,0.2896,15.8724,0.0,0.0,0.0,0.0,0,0,0,0,0,0
PAIR_NEG_000536,FRAG_001396,FRAG_001541,sample_zip_004.zip,sample_zip_016.zip,zip,zip,1,0,5.0,93.5,78.8125,0,1,0,0.93761,0.02273,0.29334,-0.10429,0.0024,7.9565,1.3648,1.0063,148.1153,0.0156,0.0,0.0025,0.0198,0,0,0,0,0,0
PAIR_POS_000646,FRAG_000690,FRAG_000691,sample_pdf_020.pdf,sample_pdf_020.pdf,pdf,pdf,1,1,15.0,31.75,27.125,0,1,0,0.99986,0.00417,0.01907,0.99985,0.016,4.477,0.2478,0.0882,4.8208,0.0,0.0,0.0,0.0,0,0,0,0,0,0
PAIR_POS_001019,FRAG_001100,FRAG_001101,sample_text_007.csv,sample_text_007.csv,text,text,1,1,2.0,5.75,10.8125,0,1,0,0.99818,0.01287,0.05758,0.99801,0.011,4.8844,0.1819,0.1173,5.6447,0.0,0.0,0.0,0.0,0,0,0,0,0,0
PAIR_NEG_001489,FRAG_000191,FRAG_001196,sample_jpeg_021.jpg,sample_text_013.csv,jpeg,text,0,0,58.0,65.25,69.0,0,0,0,0.30598,0.201,1.67737,0.08106,3.0653,6.423,66.4247,49.8249,4887.5103,0.6287,0.0093,0.5103,0.115,1,0,1,0,0,0
PAIR_NEG_001395,FRAG_001270,FRAG_001477,sample_text_017.txt,sample_zip_011.zip,text,zip,0,0,102.0,74.0,58.375,0,0,0,0.31431,0.18701,1.6177,0.0279,2.8653,6.5231,49.4092,43.1107,4524.5683,0.6096,0.0049,0.5005,0.1057,1,0,0,0,0,0
PAIR_POS_000635,FRAG_000679,FRAG_000680,sample_pdf_020.pdf,sample_pdf_020.pdf,pdf,pdf,1,1,37.0,16.75,29.5,0,1,0,0.99891,0.01114,0.05858,0.99882,0.0573,4.5446,0.4961,0.5219,28.9968,0.0,0.0,0.0,0.0,0,0,0,0,0,0
PAIR_NEG_000931,FRAG_000952,FRAG_001225,sample_png_018.png,sample_text_015.json,png,text,0,0,30.0,34.0,66.0625,0,1,0,0.26191,0.22178,1.56887,-0.00889,2.9678,6.4711,59.3272,38.2451,4174.4422,0.6118,0.0024,0.5012,0.1067,2,0,0,0,0,0
PAIR_NEG_001308,FRAG_001185,FRAG_001397,sample_text_012.log,sample_zip_004.zip,text,zip,0,0,55.0,84.25,61.5,0,1,0,0.33847,0.18478,1.60352,0.12972,2.8481,6.5322,48.0598,42.7986,4473.4798,0.6104,0.0044,0.4951,0.1091,1,0,0,0,0,0
PAIR_NEG_000435,FRAG_000034,FRAG_000004,sample_jpeg_004.jpeg,sample_jpeg_001.jpeg,jpeg,jpeg,1,0,26.0,95.5,67.6875,0,1,0,0.93923,0.02262,0.28179,0.15655,0.0015,7.945,2.1062,0.3839,57.6927,0.0036,0.0,0.0078,0.0054,1,1,0,1,0,0
PAIR_NEG_001318,FRAG_001621,FRAG_000998,sample_zip_024.zip,sample_png_023.png,zip,png,0,0,2.0,87.5,101.25,0,1,0,0.93981,0.02239,0.2866,0.01572,0.012,7.9524,1.3837,0.6355,94.0758,0.0058,0.0029,0.0173,0.0108,1,0,0,0,0,0
PAIR_NEG_000869,FRAG_001537,FRAG_001040,sample_zip_016.zip,sample_text_001.json,zip,text,0,0,139.0,105.75,76.875,0,0,0,0.26146,0.2218,1.58794,-0.00451,2.9652,6.4652,59.293,37.7517,4105.6806,0.6172,0.0083,0.5046,0.1082,1,0,0,0,0,0
PAIR_NEG_001422,FRAG_000484,FRAG_001158,sample_pdf_012.pdf,sample_text_011.json,pdf,text,0,0,60.0,55.75,50.3125,0,1,0,0.72872,0.17133,0.88276,0.7076,0.4486,4.7711,26.2832,7.7558,488.928,0.0,0.0,0.0,0.0,2,0,0,0,0,0
PAIR_POS_000037,FRAG_000040,FRAG_000041,sample_jpeg_004.jpeg,sample_jpeg_004.jpeg,jpeg,jpeg,1,1,92.0,104.0,102.0,0,0,0,0.85749,0.03711,0.46702,0.1244,0.2152,7.847,0.366,0.7769,114.2439,0.0024,0.0049,0.0024,0.0025,0,0,1,0,1,0
PAIR_POS_000996,FRAG_001074,FRAG_001075,sample_text_004.json,sample_text_004.json,text,text,1,1,2.0,8.5,18.75,0,1,0,0.99976,0.00525,0.03028,0.99974,0.0142,4.9783,0.0037,0.0954,6.7671,0.0,0.0,0.0,0.0,0,0,0,0,0,0
PAIR_NEG_000110,FRAG_000848,FRAG_000967,sample_png_007.png,sample_png_019.png,png,png,1,0,89.0,101.0,101.1875,0,0,0,0.94051,0.02225,0.27629,0.03373,0.0002,7.951,1.1477,1.1765,173.9682,0.0127,0.0008,0.01,0.0029,0,0,0,0,0,0
PAIR_POS_000491,FRAG_000529,FRAG_000530,sample_pdf_014.pdf,sample_pdf_014.pdf,pdf,pdf,1,1,77.0,26.75,25.125,0,1,0,0.99932,0.00873,0.04058,0.99927,0.0113,4.5458,0.2773,0.0975,5.4024,0.0,0.0,0.0,0.0,0,0,0,0,0,0
PAIR_NEG_000883,FRAG_001636,FRAG_000398,sample_zip_025.zip,sample_pdf_008.pdf,zip,pdf,0,0,41.0,105.5,91.1875,0,1,0,0.2451,0.22804,1.69884,-0.05598,3.3627,6.274,34.4075,46.2982,4772.0148,0.6226,0.0024,0.5039,0.114,0,0,0,0,0,0
PAIR_POS_001131,FRAG_001220,FRAG_001221,sample_text_015.json,sample_text_015.json,text,text,1,1,84.0,28.75,35.125,0,1,0,0.99957,0.00675,0.0371,0.99953,0.0041,4.9944,0.3908,0.1047,7.4117,0.0,0.0,0.0,0.0,0,0,0,0,0,0
PAIR_POS_000686,FRAG_000732,FRAG_000733,sample_pdf_022.pdf,sample_pdf_022.pdf,pdf,pdf,1,1,1.0,26.25,21.8125,0,1,0,0.99854,0.01376,0.07371,0.99845,0.125,4.5539,1.7434,1.0626,59.3295,0.0,0.0,0.0,0.0,0,0,0,0,0,0
PAIR_POS_000062,FRAG_000070,FRAG_000071,sample_jpeg_009.jpeg,sample_jpeg_009.jpeg,jpeg,jpeg,1,1,90.0,53.5,71.25,0,0,0,0.9318,0.02393,0.30222,0.01987,0.001,7.948,3.7554,0.8149,121.5505,0.0029,0.0042,0.0141,0.0179,1,1,0,1,0,0
PAIR_POS_001330,FRAG_001437,FRAG_001438,sample_zip_008.zip,sample_zip_008.zip,zip,zip,1,1,55.0,89.25,80.125,0,1,0,0.93991,0.02234,0.28863,-0.00922,0.0039,7.9539,0.8379,0.4396,64.9922,0.0007,0.0019,0.0022,0.0019,0,0,0,0,0,0
PAIR_NEG_000267,FRAG_000548,FRAG_000347,sample_pdf_014.pdf,sample_pdf_005.pdf,pdf,pdf,1,0,92.0,50.5,45.1875,0,1,0,0.99101,0.03028,0.10412,0.99026,0.0088,4.71,2.6802,1.2736,78.0122,0.0,0.0,0.0,0.0,0,0,1,0,1,1
PAIR_NEG_001081,FRAG_001379,FRAG_000616,sample_zip_001.zip,sample_pdf_018.pdf,zip,pdf,0,0,80.0,95.25,85.5625,0,0,0,0.23511,0.22867,1.69711,0.04234,3.2125,6.2096,24.4353,48.6655,5107.9957,0.6164,0.0494,0.4513,0.1619,14,0,0,0,0,1
PAIR_POS_000967,FRAG_001043,FRAG_001044,sample_text_002.txt,sample_text_002.txt,text,text,1,1,4.0,10.0,14.875,0,1,0,0.9991,0.00834,0.03956,0.999,0.0002,5.0967,0.0056,0.0012,0.0732,0.0,0.0,0.0,0.0,1,1,0,0,0,0
PAIR_POS_000463,FRAG_000499,FRAG_000500,sample_pdf_012.pdf,sample_pdf_012.pdf,pdf,pdf,1,1,10.0,44.0,21.6875,0,1,0,0.9998,0.00474,0.01561,0.99979,0.0026,4.4487,0.0417,0.0078,0.4195,0.0,0.0,0.0,0.0,0,0,0,0,0,0
PAIR_POS_000893,FRAG_000961,FRAG_000962,sample_png_019.png,sample_png_019.png,png,png,1,1,4.0,97.0,94.8125,0,0,0,0.93419,0.02337,0.29487,-0.12728,0.0036,7.9546,1.7573,0.4635,68.7985,0.0017,0.0003,0.0066,0.0034,0,0,0,0,0,0
PAIR_NEG_001219,FRAG_000617,FRAG_000129,sample_pdf_018.pdf,sample_jpeg_015.jpeg,pdf,jpeg,0,0,62.0,54.0,72.625,0,0,0,0.23876,0.23083,1.7329,-0.06278,3.4355,6.2323,32.0119,46.8123,4776.2357,0.6172,0.0081,0.501,0.1125,0,0,0,0,0,0
PAIR_POS_000214,FRAG_000239,FRAG_000240,sample_pdf_001.pdf,sample_pdf_001.pdf,pdf,pdf,1,1,15.0,50.5,25.5625,0,1,0,0.99953,0.00737,0.03364,0.99949,0.0135,4.4711,0.325,0.115,6.2034,0.0,0.0,0.0,0.0,0,0,0,0,0,0
PAIR_POS_001477,FRAG_001597,FRAG_001598,sample_zip_021.zip,sample_zip_021.zip,zip,zip,1,1,59.0,61.0,86.8125,0,0,0,0.94098,0.02213,0.28168,-0.00684,0.0005,7.9546,1.2778,0.3774,55.5458,0.0024,0.0019,0.0088,0.0056,0,0,0,0,0,0
PAIR_POS_000814,FRAG_000872,FRAG_000873,sample_png_009.png,sample_png_009.png,png,png,1,1,15.0,72.75,72.6875,0,0,0,0.93217,0.02379,0.3052,-0.06398,0.007,7.9499,2.854,1.1876,175.2431,0.011,0.0025,0.0098,0.001,0,0,0,0,0,0
PAIR_POS_001224,FRAG_001319,FRAG_001320,sample_text_021.csv,sample_text_021.csv,text,text,1,1,4.0,30.25,39.875,0,1,0,0.98941,0.03112,0.08494,0.98842,0.017,4.8824,0.4712,0.1108,5.3401,0.0,0.0,0.0,0.0,0,0,0,0,0,0
PAIR_NEG_001104,FRAG_001484,FRAG_000966,sample_zip_012.zip,sample_png_019.png,zip,png,0,0,2.0,77.25,73.0,0,0,0,0.94635,0.02113,0.27481,0.12505,0.004,7.952,1.5383,1.3775,203.2528,0.011,0.0025,0.0124,0.0026,1,0,0,0,0,0
PAIR_NEG_000460,FRAG_001059,FRAG_001071,sample_text_003.log,sample_text_004.json,text,text,1,0,19.0,24.0,44.6875,0,1,0,0.79663,0.13989,0.66065,0.77844,0.1313,5.04,10.3951,4.6931,311.373,0.0,0.0,0.0,0.0,2,1,0,0,0,0
PAIR_POS_001038,FRAG_001120,FRAG_001121,sample_text_008.json,sample_text_008.json,text,text,1,1,3.0,30.0,58.125,0,1,0,0.99958,0.00667,0.03319,0.99955,0.006,4.9883,0.0251,0.0882,6.2494,0.0,0.0,0.0,0.0,0,0,0,0,0,0
PAIR_POS_000501,FRAG_000539,FRAG_000540,sample_pdf_014.pdf,sample_pdf_014.pdf,pdf,pdf,1,1,12.0,23.25,11.75,0,1,0,0.99981,0.00465,0.02102,0.9998,0.0061,4.5119,0.2012,0.1444,7.9592,0.0,0.0,0.0,0.0,0,0,0,0,0,0
PAIR_NEG_000622,FRAG_001110,FRAG_001252,sample_text_008.json,sample_text_016.json,text,text,1,0,68.0,50.0,45.3125,0,1,0,0.99702,0.01782,0.06198,0.99679,0.0085,4.9692,0.1814,0.0102,0.7199,0.0,0.0,0.0,0.0,0,0,0,0,0,0
PAIR_NEG_000740,FRAG_001203,FRAG_001311,sample_text_014.txt,sample_text_020.txt,text,text,1,0,46.0,25.0,38.375,0,1,0,0.99883,0.00947,0.03856,0.9987,0.0016,5.106,0.1795,0.0005,0.0258,0.0,0.0,0.0,0.0,1,0,0,0,0,0
PAIR_POS_000173,FRAG_000194,FRAG_000195,sample_jpeg_022.jpg,sample_jpeg_022.jpg,jpeg,jpeg,1,1,39.0,118.25,96.8125,0,0,0,0.93614,0.02301,0.2875,-0.10876,0.0113,7.9557,0.9073,0.8151,120.4561,0.0007,0.0008,0.0075,0.0083,0,0,0,0,0,0
PAIR_NEG_001066,FRAG_000032,FRAG_000237,sample_jpeg_003.jpg,sample_pdf_001.pdf,jpeg,pdf,0,0,3.0,60.0,78.8125,0,1,0,0.25238,0.22907,1.71094,-0.01598,3.4306,6.2387,31.5152,46.7861,4760.4614,0.6194,0.0049,0.4949,0.1208,0,0,0,0,0,0
PAIR_POS_000650,FRAG_000694,FRAG_000695,sample_pdf_020.pdf,sample_pdf_020.pdf,pdf,pdf,1,1,1.0,4.0,18.375,0,1,0,0.99841,0.01362,0.07025,0.99829,0.0839,4.5641,0.6499,0.5026,28.1821,0.0,0.0,0.0,0.0,0,0,0,0,0,0
PAIR_POS_001324,FRAG_001430,FRAG_001431,sample_zip_007.zip,sample_zip_007.zip,zip,zip,1,1,71.0,41.25,97.3125,0,0,0,0.86002,0.03607,0.30448,-0.04594,0.0657,7.9264,5.4117,1.8071,271.6869,0.0069,0.0289,0.0261,0.0332,14,0,1,0,1,0
PAIR_POS_001279,FRAG_001380,FRAG_001381,sample_zip_002.zip,sample_zip_002.zip,zip,zip,1,1,106.0,52.75,80.375,0,0,0,0.94226,0.02191,0.2803,0.04204,0.01,7.9533,0.1897,0.7879,115.6202,0.0229,0.0007,0.0102,0.0137,0,1,0,1,0,0
PAIR_NEG_001280,FRAG_000127,FRAG_000368,sample_jpeg_015.jpeg,sample_pdf_006.pdf,jpeg,pdf,0,0,107.0,66.75,79.8125,0,1,0,0.24526,0.22103,1.69433,-0.08822,3.2911,6.3079,37.2129,45.1628,4709.8118,0.6238,0.0063,0.5078,0.1128,8,0,0,0,0,0
PAIR_NEG_000082,FRAG_001264,FRAG_001052,sample_text_016.json,sample_text_002.txt,text,text,1,0,18.0,26.5,21.3125,0,1,0,0.79798,0.13871,0.65817,0.77973,0.1067,5.0474,10.5515,4.5365,300.8038,0.0,0.0,0.0,0.0,2,0,0,0,0,0
PAIR_NEG_000425,FRAG_000218,FRAG_000211,sample_jpeg_025.jpg,sample_jpeg_024.jpeg,jpeg,jpeg,1,0,147.0,112.5,77.0625,0,0,0,0.93514,0.02327,0.2997,-0.01597,0.0017,7.9501,0.7978,0.4803,71.7885,0.002,0.0029,0.0007,0.0005,0,0,0,0,0,0
PAIR_POS_000854,FRAG_000917,FRAG_000918,sample_png_014.png,sample_png_014.png,png,png,1,1,46.0,50.5,72.875,0,1,0,0.9356,0.02319,0.29444,0.00132,0.0061,7.9497,0.3709,0.4026,59.6789,0.0102,0.0009,0.002,0.0105,0,0,0,0,0,0
PAIR_NEG_001216,FRAG_000194,FRAG_001009,sample_jpeg_022.jpg,sample_png_024.png,jpeg,png,0,0,46.0,112.75,79.125,0,0,0,0.95044,0.02021,0.25239,0.05398,0.0027,7.9599,0.7154,0.1909,28.0295,0.0068,0.0029,0.0053,0.0,0,0,0,0,0,0
PAIR_NEG_000623,FRAG_000910,FRAG_000806,sample_png_013.png,sample_png_002.png,png,png,1,0,17.0,51.5,76.4375,0,0,0,0.91524,0.02696,0.33546,-0.01187,0.0506,7.9329,0.8945,0.5505,81.0769,0.0019,0.0018,0.0067,0.0033,2,0,0,0,0,1
PAIR_POS_000385,FRAG_000418,FRAG_000419,sample_pdf_009.pdf,sample_pdf_009.pdf,pdf,pdf,1,1,1.0,20.75,20.8125,0,1,0,0.99961,0.00659,0.03024,0.99959,0.0147,4.5518,0.3457,0.2338,13.1098,0.0,0.0,0.0,0.0,0,0,0,0,0,0
PAIR_NEG_000376,FRAG_000206,FRAG_000120,sample_jpeg_024.jpeg,sample_jpeg_013.jpeg,jpeg,jpeg,1,0,56.0,74.5,99.1875,0,0,0,0.9362,0.02312,0.29917,0.03904,0.0178,7.9484,0.4786,1.4728,215.9487,0.0099,0.0039,0.001,0.0099,0,0,1,0,1,0
PAIR_POS_000816,FRAG_000874,FRAG_000875,sample_png_009.png,sample_png_009.png,png,png,1,1,61.0,79.0,94.25,0,0,0,0.95343,0.01961,0.24751,0.12698,0.0042,7.9583,1.2627,0.4906,71.9483,0.0017,0.0007,0.0101,0.0061,0,0,0,0,0,0
PAIR_POS_000138,FRAG_000154,FRAG_000155,sample_jpeg_017.jpg,sample_jpeg_017.jpg,jpeg,jpeg,1,1,174.0,118.0,100.375,0,0,0,0.93976,0.02241,0.28225,0.0455,0.0044,7.9522,1.3342,0.6775,100.3876,0.0135,0.0025,0.0054,0.0081,1,0,0,0,0,0
PAIR_POS_001013,FRAG_001093,FRAG_001094,sample_text_006.log,sample_text_006.log,text,text,1,1,12.0,42.25,50.25,0,1,0,0.99954,0.00606,0.02441,0.99948,0.0203,5.1044,0.0591,0.0616,3.8065,0.0,0.0,0.0,0.0,0,0,0,0,0,0
PAIR_NEG_000303,FRAG_000120,FRAG_000177,sample_jpeg_013.jpeg,sample_jpeg_019.jpg,jpeg,jpeg,1,0,157.0,144.5,83.3125,0,0,0,0.92324,0.02538,0.32582,-0.12098,0.0136,7.9463,0.3444,1.2959,189.7831,0.0165,0.0035,0.0049,0.0111,0,0,0,0,0,1
PAIR_NEG_000065,FRAG_001472,FRAG_001529,sample_zip_011.zip,sample_zip_015.zip,zip,zip,1,0,37.0,88.5,77.5625,0,0,0,0.49473,0.10462,0.55951,-0.04192,0.4963,7.7039,22.0961,2.9499,444.9449,0.0318,0.0981,0.1252,0.0919,15,0,1,0,1,0
PAIR_POS_001020,FRAG_001101,FRAG_001102,sample_text_007.csv,sample_text_007.csv,text,text,1,1,13.0,30.25,15.125,0,1,0,0.99271,0.02577,0.0859,0.99203,0.0058,4.876,0.0149,0.249,11.9526,0.0,0.0,0.0,0.0,0,0,0,0,0,0
PAIR_POS_000500,FRAG_000538,FRAG_000539,sample_pdf_014.pdf,sample_pdf_014.pdf,pdf,pdf,1,1,10.0,44.0,21.6875,0,1,0,0.99978,0.00496,0.02004,0.99977,0.0016,4.5158,0.0093,0.0505,2.7874,0.0,0.0,0.0,0.0,0,0,0,0,0,0
PAIR_POS_000052,FRAG_000059,FRAG_000060,sample_jpeg_008.jpeg,sample_jpeg_008.jpeg,jpeg,jpeg,1,1,43.0,76.0,96.9375,0,1,0,0.93727,0.02295,0.29784,0.09604,0.0074,7.9478,1.0447,1.594,237.7801,0.0223,0.0044,0.0069,0.0174,1,1,0,1,0,0
PAIR_NEG_000051,FRAG_000924,FRAG_000991,sample_png_015.png,sample_png_022.png,png,png,1,0,76.0,81.5,108.6875,0,0,0,0.94467,0.02137,0.2705,-0.04571,0.0038,7.9592,1.5429,0.4341,64.5692,0.0132,0.0002,0.0105,0.0029,0,0,0,0,0,0
PAIR_POS_001025,FRAG_001106,FRAG_001107,sample_text_007.csv,sample_text_007.csv,text,text,1,1,47.0,29.25,33.4375,0,1,0,0.95835,0.06353,0.32668,0.9547,0.1328,4.8533,2.4705,0.1207,5.7729,0.0,0.0,0.0,0.0,1,0,1,0,0,0
PAIR_POS_000788,FRAG_000843,FRAG_000844,sample_png_006.png,sample_png_006.png,png,png,1,1,15.0,80.0,98.6875,0,0,0,0.94211,0.02192,0.28463,0.01903,0.0057,7.9542,0.6025,0.0505,7.4867,0.0068,0.0012,0.0061,0.0015,0,0,0,0,0,0
PAIR_POS_000744,FRAG_000793,FRAG_000794,sample_pdf_025.pdf,sample_pdf_025.pdf,pdf,pdf,1,1,69.0,48.75,30.875,0,1,0,0.99948,0.00779,0.03858,0.99944,0.0258,4.5056,0.4111,0.2514,13.8645,0.0,0.0,0.0,0.0,0,0,0,0,0,0
PAIR_NEG_000414,FRAG_000775,FRAG_000363,sample_pdf_025.pdf,sample_pdf_006.pdf,pdf,pdf,1,0,73.0,27.0,23.375,0,1,0,0.99051,0.03231,0.14796,0.98979,0.0067,4.5602,0.2407,0.2324,12.9562,0.0,0.0,0.0,0.0,0,0,0,0,0,0
PAIR_NEG_000713,FRAG_000952,FRAG_000877,sample_png_018.png,sample_png_009.png,png,png,1,0,190.0,153.75,118.75,0,0,0,0.94103,0.02211,0.27777,-0.02468,0.0012,7.9556,0.1199,0.2552,37.6743,0.0007,0.0003,0.0014,0.0044,1,0,0,0,0,0
PAIR_POS_000293,FRAG_000322,FRAG_000323,sample_pdf_005.pdf,sample_pdf_005.pdf,pdf,pdf,1,1,3.0,9.25,15.625,0,1,0,0.99969,0.00604,0.02587,0.99967,0.0208,4.5199,0.292,0.1364,7.4947,0.0,0.0,0.0,0.0,0,0,0,0,0,0
PAIR_NEG_000096,FRAG_001171,FRAG_001241,sample_text_011.json,sample_text_016.json,text,text,1,0,0.0,8.75,20.3125,0,1,1,0.99885,0.01116,0.04393,0.99876,0.0335,4.9886,0.1375,0.0811,5.7486,0.0,0.0,0.0,0.0,0,0,0,0,0,0
PAIR_POS_001092,FRAG_001178,FRAG_001179,sample_text_012.log,sample_text_012.log,text,text,1,1,15.0,22.0,37.1875,0,1,0,0.99937,0.00711,0.02585,0.9993,0.0229,5.0896,0.1233,0.0406,2.5165,0.0,0.0,0.0,0.0,1,0,0,0,0,0
PAIR_POS_000230,FRAG_000255,FRAG_000256,sample_pdf_001.pdf,sample_pdf_001.pdf,pdf,pdf,1,1,2.0,6.5,21.875,0,1,0,0.99912,0.00991,0.05123,0.99906,0.0184,4.5452,0.4023,0.2291,12.7759,0.0,0.0,0.0,0.0,0,0,0,0,0,0
PAIR_POS_000599,FRAG_000642,FRAG_000643,sample_pdf_019.pdf,sample_pdf_019.pdf,pdf,pdf,1,1,8.0,25.75,21.875,0,1,0,0.99964,0.00642,0.03078,0.99961,0.017,4.4987,0.3235,0.2189,11.9769,0.0,0.0,0.0,0.0,0,0,0,0,0,0
PAIR_POS_000329,FRAG_000359,FRAG_000360,sample_pdf_006.pdf,sample_pdf_006.pdf,pdf,pdf,1,1,83.0,27.0,29.4375,0,1,0,0.9993,0.00895,0.04153,0.99925,0.0071,4.5023,0.1148,0.0142,0.7837,0.0,0.0,0.0,0.0,0,0,0,0,0,0
PAIR_POS_001353,FRAG_001463,FRAG_001464,sample_zip_011.zip,sample_zip_011.zip,zip,zip,1,1,2.0,82.25,68.875,0,0,0,0.9367,0.02291,0.29784,-0.09745,0.003,7.9549,1.1653,0.4006,59.6255,0.0058,0.001,0.001,0.0059,1,1,0,1,0,0
PAIR_POS_000130,FRAG_000145,FRAG_000146,sample_jpeg_016.jpeg,sample_jpeg_016.jpeg,jpeg,jpeg,1,1,74.0,110.5,92.4375,0,0,0,0.93866,0.02263,0.28998,0.02906,0.0161,7.9506,1.8325,0.8969,133.0518,0.0158,0.0034,0.0195,0.0026,0,0,0,0,0,0
PAIR_NEG_001343,FRAG_001518,FRAG_000202,sample_zip_014.zip,sample_jpeg_023.jpeg,zip,jpeg,0,0,20.0,57.75,95.75,0,0,0,0.93758,0.02274,0.29301,-0.09927,0.0006,7.9563,4.04,0.1045,15.4644,0.0159,0.0027,0.0047,0.02,0,0,0,0,0,0
PAIR_NEG_000388,FRAG_000585,FRAG_000449,sample_pdf_017.pdf,sample_pdf_010.pdf,pdf,pdf,1,0,1.0,8.0,25.9375,0,1,0,0.99589,0.0216,0.10208,0.99559,0.0345,4.5144,0.8911,0.4041,22.3219,0.0,0.0,0.0,0.0,0,0,0,0,0,0
PAIR_NEG_000010,FRAG_000195,FRAG_000207,sample_jpeg_022.jpg,sample_jpeg_024.jpeg,jpeg,jpeg,1,0,56.0,109.75,63.875,0,1,0,0.94013,0.02232,0.27629,0.02243,0.0046,7.9523,2.3994,0.843,124.5647,0.0019,0.0008,0.0131,0.012,0,0,0,0,0,0
PAIR_NEG_000530,FRAG_000208,FRAG_000215,sample_jpeg_024.jpeg,sample_jpeg_025.jpg,jpeg,jpeg,1,0,168.0,181.5,128.6875,0,0,0,0.94293,0.02182,0.27922,0.10237,0.009,7.9517,2.1477,0.3366,50.3261,0.0103,0.001,0.021,0.0103,1,0,0,0,0,0
PAIR_POS_001277,FRAG_001377,FRAG_001378,sample_zip_001.zip,sample_zip_001.zip,zip,zip,1,1,107.0,62.0,89.75,0,0,0,0.9444,0.02149,0.28493,0.0587,0.0064,7.954,1.3047,0.539,80.1587,0.0093,0.001,0.0042,0.003,1,0,0,0,0,0
PAIR_NEG_000210,FRAG_000504,FRAG_000671,sample_pdf_012.pdf,sample_pdf_019.pdf,pdf,pdf,1,0,5.0,29.25,23.5,0,1,0,0.99946,0.00787,0.04439,0.99942,0.0442,4.5397,0.2793,0.3292,18.2271,0.0,0.0,0.0,0.0,0,0,0,0,0,0
PAIR_POS_001401,FRAG_001514,FRAG_001515,sample_zip_014.zip,sample_zip_014.zip,zip,zip,1,1,170.0,102.25,79.8125,0,0,0,0.94093,0.02215,0.28563,0.01017,0.0047,7.9529,1.0234,0.246,36.4373,0.0085,0.0029,0.002,0.0056,1,0,0,0,0,0
PAIR_POS_000890,FRAG_000958,FRAG_000959,sample_png_019.png,sample_png_019.png,png,png,1,1,8.0,55.75,64.9375,0,1,0,0.94448,0.02144,0.27644,0.00603,0.0065,7.9571,0.0513,0.6356,93.7105,0.0179,0.0025,0.0144,0.0063,0,0,0,0,0,0
PAIR_NEG_000510,FRAG_000131,FRAG_000163,sample_jpeg_015.jpeg,sample_jpeg_018.jpeg,jpeg,jpeg,1,0,171.0,109.25,69.3125,0,0,0,0.94368,0.02166,0.28128,0.09027,0.0004,7.9525,1.0752,0.3846,56.8816,0.0166,0.001,0.0193,0.0012,0,0,0,0,0,0
PAIR_POS_000061,FRAG_000068,FRAG_000069,sample_jpeg_008.jpeg,sample_jpeg_008.jpeg,jpeg,jpeg,1,1,159.0,106.75,70.5,0,0,0,0.938,0.0229,0.28971,0.1686,0.0302,7.9415,0.3331,0.404,60.1089,0.0069,0.0,0.0098,0.0026,0,0,1,0,1,0
PAIR_POS_000618,FRAG_000661,FRAG_000662,sample_pdf_019.pdf,sample_pdf_019.pdf,pdf,pdf,1,1,69.0,28.0,27.25,0,1,0,0.99992,0.00311,0.01562,0.99992,0.0166,4.5077,0.2158,0.1269,6.8974,0.0,0.0,0.0,0.0,0,0,0,0,0,0
PAIR_POS_000370,FRAG_000402,FRAG_000403,sample_pdf_008.pdf,sample_pdf_008.pdf,pdf,pdf,1,1,8.0,33.5,19.1875,0,1,0,1.0,0.0005,0.00099,1.0,0.0004,4.5647,0.0088,0.0004,0.0217,0.0,0.0,0.0,0.0,0,0,0,0,0,0
PAIR_POS_000954,FRAG_001029,FRAG_001030,sample_text_001.json,sample_text_001.json,text,text,1,1,14.0,23.5,34.4375,0,1,0,0.99949,0.00739,0.0366,0.99945,0.0114,4.9933,0.0888,0.0271,1.9175,0.0,0.0,0.0,0.0,0,0,0,0,0,0
PAIR_POS_000034,FRAG_000037,FRAG_000038,sample_jpeg_004.jpeg,sample_jpeg_004.jpeg,jpeg,jpeg,1,1,141.0,81.5,79.3125,0,0,0,0.94271,0.02179,0.2739,-0.00934,0.0086,7.956,3.3091,1.1017,162.3648,0.0208,0.0007,0.0259,0.0049,0,0,0,0,0,0
PAIR_NEG_000284,FRAG_000346,FRAG_000651,sample_pdf_005.pdf,sample_pdf_019.pdf,pdf,pdf,1,0,6.0,23.5,23.0,0,1,0,0.99504,0.0236,0.11574,0.99467,0.0409,4.5208,0.8996,0.7839,43.1654,0.0,0.0,0.0,0.0,0,0,0,0,0,0
PAIR_POS_000513,FRAG_000552,FRAG_000553,sample_pdf_015.pdf,sample_pdf_015.pdf,pdf,pdf,1,1,1.0,20.75,20.8125,0,1,0,0.99989,0.00349,0.01416,0.99988,0.0047,4.523,0.0198,0.0353,1.9464,0.0,0.0,0.0,0.0,0,0,0,0,0,0
PAIR_POS_001103,FRAG_001190,FRAG_001191,sample_text_013.csv,sample_text_013.csv,text,text,1,1,7.0,48.0,34.4375,0,1,0,0.99869,0.01175,0.0444,0.99858,0.0315,4.8637,0.2744,0.0087,0.4231,0.0,0.0,0.0,0.0,0,0,0,0,0,0
PAIR_POS_001156,FRAG_001246,FRAG_001247,sample_text_016.json,sample_text_016.json,text,text,1,1,65.0,21.75,18.625,0,1,0,0.99934,0.00914,0.04884,0.9993,0.04,4.9713,0.2437,0.2208,15.6717,0.0,0.0,0.0,0.0,0,0,0,0,0,0
PAIR_POS_000419,FRAG_000454,FRAG_000455,sample_pdf_011.pdf,sample_pdf_011.pdf,pdf,pdf,1,1,89.0,28.0,31.4375,0,1,0,0.99986,0.00402,0.01707,0.99984,0.0036,4.5329,0.136,0.0457,2.5223,0.0,0.0,0.0,0.0,0,0,0,0,0,0
PAIR_POS_000762,FRAG_000815,FRAG_000816,sample_png_004.png,sample_png_004.png,png,png,1,1,73.0,62.5,52.9375,0,0,0,0.94579,0.02125,0.26363,0.12232,0.0002,7.9524,2.0254,0.8729,127.4329,0.0088,0.0051,0.0124,0.0052,1,1,0,1,0,0
PAIR_POS_000091,FRAG_000102,FRAG_000103,sample_jpeg_012.jpg,sample_jpeg_012.jpg,jpeg,jpeg,1,1,36.0,54.25,57.25,0,0,0,0.95457,0.01935,0.24159,0.1261,0.0021,7.9609,0.0246,0.2125,31.5194,0.0017,0.0017,0.0017,0.0005,0,0,0,0,0,0
PAIR_NEG_001474,FRAG_000328,FRAG_001191,sample_pdf_005.pdf,sample_text_013.csv,pdf,text,0,0,0.0,44.75,37.5625,0,1,1,0.23151,0.28024,1.50241,0.16747,0.362,4.6985,32.4476,3.4949,180.8249,0.0,0.0,0.0,0.0,1,0,0,0,0,0
PAIR_POS_000204,FRAG_000229,FRAG_000230,sample_pdf_001.pdf,sample_pdf_001.pdf,pdf,pdf,1,1,72.0,21.0,41.25,0,1,0,0.99684,0.01881,0.0898,0.9966,0.0308,4.5503,0.0256,0.1163,6.4846,0.0,0.0,0.0,0.0,0,0,0,0,0,0
PAIR_POS_000624,FRAG_000667,FRAG_000668,sample_pdf_019.pdf,sample_pdf_019.pdf,pdf,pdf,1,1,82.0,27.25,20.9375,0,1,0,0.99715,0.01872,0.0976,0.99695,0.1275,4.5024,1.2986,0.9043,49.8806,0.0,0.0,0.0,0.0,0,0,0,0,0,0
PAIR_POS_000080,FRAG_000089,FRAG_000090,sample_jpeg_010.jpg,sample_jpeg_010.jpg,jpeg,jpeg,1,1,65.0,73.0,68.4375,0,0,0,0.94193,0.02203,0.28285,0.10395,0.0048,7.9502,0.8215,0.5427,80.6321,0.0034,0.0,0.0015,0.0,0,0,0,0,0,0
PAIR_POS_001314,FRAG_001419,FRAG_001420,sample_zip_006.zip,sample_zip_006.zip,zip,zip,1,1,72.0,84.0,91.0,0,0,0,0.9439,0.02163,0.27195,0.11316,0.0035,7.9513,0.4414,1.1237,165.6378,0.0151,0.0047,0.0154,0.0022,1,0,0,0,0,0
PAIR_POS_000770,FRAG_000823,FRAG_000824,sample_png_004.png,sample_png_004.png,png,png,1,1,44.0,49.5,88.3125,0,0,0,0.94277,0.02176,0.27236,-0.03347,0.0015,7.957,1.7159,0.8653,127.4935,0.0017,0.0005,0.012,0.012,0,0,0,0,0,0
PAIR_NEG_000504,FRAG_000696,FRAG_000595,sample_pdf_020.pdf,sample_pdf_017.pdf,pdf,pdf,1,0,49.0,62.75,43.375,0,1,0,0.99765,0.01609,0.07622,0.99747,0.0186,4.6214,0.1337,0.1044,5.9296,0.0,0.0,0.0,0.0,0,0,0,0,0,0
PAIR_NEG_001039,FRAG_001470,FRAG_001304,sample_zip_011.zip,sample_text_020.txt,zip,text,0,0,21.0,98.75,98.75,0,0,0,0.27342,0.18954,1.63286,-0.14177,2.8559,6.5224,51.0813,42.6202,4447.501,0.6333,0.0044,0.5244,0.1062,1,0,0,0,0,0
PAIR_NEG_001358,FRAG_001539,FRAG_001207,sample_zip_016.zip,sample_text_015.json,zip,text,0,0,107.0,65.5,66.875,0,1,0,0.25188,0.22183,1.6016,-0.05871,2.9642,6.4745,58.5374,39.0245,4286.7102,0.626,0.0042,0.5039,0.1189,2,0,0,0,0,0
PAIR_POS_001115,FRAG_001203,FRAG_001204,sample_text_014.txt,sample_text_014.txt,text,text,1,1,6.0,21.0,35.875,0,1,0,0.99908,0.0084,0.03392,0.99898,0.0004,5.107,0.2849,0.0018,0.1059,0.0,0.0,0.0,0.0,1,0,1,0,0,0
PAIR_NEG_000343,FRAG_001006,FRAG_000796,sample_png_024.png,sample_png_001.png,png,png,1,0,34.0,41.75,54.4375,0,0,0,0.95199,0.01986,0.25037,0.03011,0.0022,7.9624,1.2075,0.4031,59.6867,0.0002,0.0015,0.0032,0.001,0,1,0,1,0,1
PAIR_NEG_001019,FRAG_000345,FRAG_000993,sample_pdf_005.pdf,sample_png_022.png,pdf,png,0,0,172.0,102.5,84.75,0,0,0,0.23803,0.22958,1.71284,-0.07198,3.4096,6.243,33.7483,45.5779,4636.9156,0.6174,0.0061,0.502,0.1135,0,0,0,0,0,0
PAIR_NEG_000354,FRAG_001076,FRAG_001294,sample_text_004.json,sample_text_019.txt,text,text,1,0,78.0,47.25,30.875,0,1,0,0.80015,0.13827,0.64506,0.78217,0.1297,5.0512,10.4253,4.6081,305.5696,0.0,0.0,0.0,0.0,1,0,0,0,0,0
PAIR_NEG_001097,FRAG_001436,FRAG_000573,sample_zip_008.zip,sample_pdf_016.pdf,zip,pdf,0,0,125.0,73.5,85.8125,0,0,0,0.23554,0.23438,1.73345,-0.07026,3.4968,6.207,34.1016,46.0637,4655.8952,0.636,0.0032,0.519,0.1123,0,0,0,0,0,0
PAIR_POS_000453,FRAG_000489,FRAG_000490,sample_pdf_012.pdf,sample_pdf_012.pdf,pdf,pdf,1,1,3.0,4.5,25.1875,0,1,0,0.99955,0.00757,0.04148,0.99952,0.071,4.5726,0.7544,0.5488,30.6666,0.0,0.0,0.0,0.0,0,0,0,0,0,0
PAIR_POS_001187,FRAG_001279,FRAG_001280,sample_text_018.csv,sample_text_018.csv,text,text,1,1,5.0,44.25,37.5,0,1,0,0.99862,0.01122,0.03805,0.99849,0.0069,4.8878,0.0769,0.0951,4.5751,0.0,0.0,0.0,0.0,0,0,0,0,0,0
PAIR_POS_000560,FRAG_000601,FRAG_000602,sample_pdf_017.pdf,sample_pdf_017.pdf,pdf,pdf,1,1,8.0,8.5,19.9375,0,1,0,0.96044,0.06553,0.21646,0.95737,0.2021,4.6486,6.27,3.3147,194.5441,0.0,0.0,0.0,0.0,8,0,1,0,1,0
PAIR_POS_000748,FRAG_000798,FRAG_000799,sample_png_001.png,sample_png_001.png,png,png,1,1,90.0,104.75,86.0,0,0,0,0.9336,0.0235,0.30067,-0.10221,0.0044,7.9529,2.7068,0.3125,46.3795,0.0201,0.0017,0.0196,0.0008,1,0,0,0,0,0
PAIR_POS_000281,FRAG_000309,FRAG_000310,sample_pdf_004.pdf,sample_pdf_004.pdf,pdf,pdf,1,1,17.0,18.25,29.0625,0,1,0,0.99913,0.00986,0.06056,0.99906,0.0423,4.5763,0.1553,0.2446,13.7816,0.0,0.0,0.0,0.0,0,0,0,0,0,0
PAIR_POS_000771,FRAG_000824,FRAG_000825,sample_png_004.png,sample_png_004.png,png,png,1,1,183.0,144.0,118.25,0,0,0,0.94816,0.02069,0.25579,0.02676,0.0058,7.9592,0.76,0.4528,67.3199,0.0083,0.0008,0.0095,0.002,0,0,0,0,0,0
PAIR_NEG_000180,FRAG_001407,FRAG_001603,sample_zip_005.zip,sample_zip_022.zip,zip,zip,1,0,1.0,96.25,80.4375,0,1,0,0.94473,0.02142,0.26321,0.0655,0.0034,7.9552,0.9253,0.008,1.2013,0.003,0.0012,0.0102,0.0059,0,0,0,0,0,1
PAIR_POS_001102,FRAG_001189,FRAG_001190,sample_text_013.csv,sample_text_013.csv,text,text,1,1,17.0,28.5,33.25,0,1,0,0.98866,0.03265,0.084,0.98763,0.0322,4.8641,0.4558,0.0863,4.1694,0.0,0.0,0.0,0.0,0,0,0,0,0,0
PAIR_NEG_000667,FRAG_001542,FRAG_001391,sample_zip_016.zip,sample_zip_003.zip,zip,zip,1,0,11.0,14.0,71.1875,0,0,0,0.93819,0.0227,0.28861,0.01817,0.0001,7.9516,1.6875,0.9812,143.4016,0.0066,0.001,0.0151,0.0108,0,0,0,0,0,0
PAIR_NEG_001145,FRAG_000031,FRAG_000684,sample_jpeg_003.jpg,sample_pdf_020.pdf,jpeg,pdf,0,0,83.0,122.0,72.8125,0,0,0,0.26219,0.23078,1.72121,0.03631,3.4759,6.219,29.8611,47.7217,4874.7646,0.6165,0.0059,0.4893,0.124,0,0,0,0,0,0
PAIR_POS_001167,FRAG_001257,FRAG_001258,sample_text_016.json,sample_text_016.json,text,text,1,1,24.0,50.75,46.875,0,1,0,0.99965,0.00613,0.03273,0.99963,0.0068,4.9858,0.2329,0.0172,1.2198,0.0,0.0,0.0,0.0,0,0,0,0,0,0
PAIR_POS_001114,FRAG_001202,FRAG_001203,sample_text_014.txt,sample_text_014.txt,text,text,1,1,53.0,33.5,44.9375,0,1,0,0.99954,0.00595,0.01804,0.99949,0.0109,5.1122,0.0926,0.0378,2.3312,0.0,0.0,0.0,0.0,0,0,0,0,0,0
PAIR_NEG_001293,FRAG_001095,FRAG_000647,sample_text_006.log,sample_pdf_019.pdf,text,pdf,0,0,73.0,47.5,55.1875,0,1,0,0.85978,0.12121,0.7153,0.84844,0.5746,4.8207,15.3965,3.0577,179.3587,0.0,0.0,0.0,0.0,0,0,0,0,0,0
PAIR_NEG_001331,FRAG_000878,FRAG_000751,sample_png_009.png,sample_pdf_023.pdf,png,pdf,0,0,59.0,41.25,58.1875,0,0,0,0.27322,0.22729,1.69628,0.07099,3.4228,6.2432,32.3242,46.1115,4670.7613,0.6184,0.0029,0.498,0.1152,0,0,0,0,0,0
PAIR_NEG_001000,FRAG_000127,FRAG_000620,sample_jpeg_015.jpeg,sample_pdf_018.pdf,jpeg,pdf,0,0,92.0,82.5,79.1875,0,1,0,0.23772,0.2295,1.72608,-0.08033,3.4175,6.2447,33.7266,47.0815,4819.5711,0.6238,0.0063,0.5078,0.1128,0,0,0,0,0,0
PAIR_NEG_000605,FRAG_000363,FRAG_000289,sample_pdf_006.pdf,sample_pdf_003.pdf,pdf,pdf,1,0,82.0,26.0,19.4375,0,1,0,0.9972,0.01763,0.07767,0.99699,0.0111,4.5513,0.3064,0.0188,1.0414,0.0,0.0,0.0,0.0,0,0,0,0,0,0
PAIR_POS_000982,FRAG_001059,FRAG_001060,sample_text_003.log,sample_text_003.log,text,text,1,1,3.0,20.75,36.5,0,1,0,0.99933,0.00719,0.02436,0.99925,0.0056,5.1084,0.0408,0.0396,2.4421,0.0,0.0,0.0,0.0,1,1,0,0,0,0
PAIR_NEG_001050,FRAG_000170,FRAG_001091,sample_jpeg_019.jpg,sample_text_006.log,jpeg,text,0,0,175.0,64.75,68.4375,0,0,0,0.28843,0.18786,1.62601,-0.07331,2.8391,6.5258,44.1706,44.2434,4688.1234,0.6162,0.0098,0.4763,0.1367,1,1,0,1,0,0
PAIR_NEG_000218,FRAG_000276,FRAG_000491,sample_pdf_002.pdf,sample_pdf_012.pdf,pdf,pdf,1,0,4.0,24.25,31.5,0,1,0,0.99816,0.01471,0.07274,0.99803,0.0402,4.5311,0.3328,0.0982,5.4148,0.0,0.0,0.0,0.0,0,0,0,0,0,0
PAIR_POS_000325,FRAG_000355,FRAG_000356,sample_pdf_006.pdf,sample_pdf_006.pdf,pdf,pdf,1,1,68.0,22.25,20.75,0,1,0,0.99864,0.01253,0.06546,0.99854,0.0731,4.5614,0.8757,0.6413,35.8085,0.0,0.0,0.0,0.0,0,0,0,0,0,0
PAIR_POS_001078,FRAG_001163,FRAG_001164,sample_text_011.json,sample_text_011.json,text,text,1,1,5.0,17.0,31.9375,0,1,0,0.99953,0.00706,0.03467,0.99949,0.0196,4.9888,0.0247,0.0368,2.6099,0.0,0.0,0.0,0.0,0,0,0,0,0,0
PAIR_POS_000904,FRAG_000974,FRAG_000975,sample_png_021.png,sample_png_021.png,png,png,1,1,148.0,83.75,78.5,0,0,0,0.94561,0.02126,0.2836,0.08329,0.0141,7.9535,0.9744,0.5076,74.9068,0.0066,0.0027,0.0049,0.0012,1,1,0,1,0,0
PAIR_NEG_000038,FRAG_000987,FRAG_000945,sample_png_021.png,sample_png_018.png,png,png,1,0,7.0,34.5,47.0,0,0,0,0.86238,0.03585,0.45278,0.02883,0.159,7.8725,1.2189,0.092,13.5946,0.031,0.0014,0.023,0.0087,1,0,0,0,0,1
PAIR_NEG_000085,FRAG_000064,FRAG_000050,sample_jpeg_008.jpeg,sample_jpeg_006.jpg,jpeg,jpeg,1,0,10.0,52.75,77.3125,0,0,0,0.94408,0.02161,0.27252,0.1297,0.0026,7.9505,1.0982,0.5494,81.8534,0.0079,0.0005,0.0095,0.0002,0,0,0,0,0,0
PAIR_NEG_001134,FRAG_000916,FRAG_001275,sample_png_014.png,sample_text_017.txt,png,text,0,0,72.0,78.5,93.375,0,1,0,0.31697,0.18549,1.60401,0.02838,2.8427,6.5362,48.4709,42.8795,4483.3323,0.6138,0.0024,0.5054,0.1057,0,0,0,0,0,0
PAIR_NEG_001417,FRAG_000154,FRAG_001020,sample_jpeg_017.jpg,sample_png_025.png,jpeg,png,0,0,45.0,88.5,86.9375,0,0,0,0.94142,0.0221,0.27002,0.06274,0.0041,7.952,0.7774,0.8466,125.5895,0.0013,0.0064,0.0046,0.0051,0,0,0,0,0,0
PAIR_POS_000669,FRAG_000714,FRAG_000715,sample_pdf_021.pdf,sample_pdf_021.pdf,pdf,pdf,1,1,6.0,21.75,19.625,0,1,0,0.99941,0.00812,0.04295,0.99937,0.0482,4.5574,0.7403,0.5917,33.1653,0.0,0.0,0.0,0.0,0,0,0,0,0,0
PAIR_POS_001024,FRAG_001105,FRAG_001106,sample_text_007.csv,sample_text_007.csv,text,text,1,1,4.0,15.5,34.125,0,1,0,0.99648,0.01794,0.06297,0.99615,0.0221,4.9086,0.1003,0.0511,2.4492,0.0,0.0,0.0,0.0,0,0,0,0,0,0
PAIR_NEG_000105,FRAG_000153,FRAG_000018,sample_jpeg_017.jpg,sample_jpeg_002.jpeg,jpeg,jpeg,1,0,11.0,49.5,86.3125,0,0,0,0.93363,0.02352,0.29337,-0.06318,0.0078,7.9523,1.4258,0.0623,9.2649,0.0056,0.0002,0.0098,0.0037,0,0,0,0,0,0
PAIR_NEG_000279,FRAG_001016,FRAG_000918,sample_png_025.png,sample_png_014.png,png,png,1,0,30.0,54.5,89.25,0,1,0,0.94514,0.02135,0.27733,0.0771,0.0021,7.9539,0.7293,0.7527,111.8397,0.0054,0.0008,0.0027,0.0037,0,0,0,0,0,0
PAIR_NEG_000785,FRAG_000560,FRAG_001636,sample_pdf_015.pdf,sample_zip_025.zip,pdf,zip,0,0,191.0,97.5,82.375,0,0,0,0.2589,0.21754,1.6641,-0.04601,3.2275,6.3415,39.5999,43.604,4611.7974,0.6226,0.0024,0.5039,0.114,8,0,0,0,0,1
PAIR_NEG_000175,FRAG_000073,FRAG_000132,sample_jpeg_009.jpeg,sample_jpeg_015.jpeg,jpeg,jpeg,1,0,86.0,91.5,68.125,0,0,0,0.93647,0.02298,0.29333,-0.05483,0.0043,7.9537,0.9123,0.6617,98.2591,0.0147,0.002,0.0141,0.0007,0,0,0,0,0,0
PAIR_POS_000773,FRAG_000827,FRAG_000828,sample_png_005.png,sample_png_005.png,png,png,1,1,102.0,104.75,88.0625,0,0,0,0.93822,0.02273,0.28908,0.06235,0.0017,7.9483,4.3431,1.5079,223.5788,0.03,0.0039,0.03,0.0007,1,1,0,1,0,0
PAIR_NEG_000019,FRAG_000012,FRAG_000170,sample_jpeg_001.jpeg,sample_jpeg_019.jpg,jpeg,jpeg,1,0,134.0,105.25,101.125,0,0,0,0.93459,0.02341,0.28866,0.03314,0.0056,7.9481,1.8079,0.7864,117.5032,0.0012,0.003,0.0095,0.0122,1,0,0,0,0,1
PAIR_NEG_000734,FRAG_000935,FRAG_000886,sample_png_016.png,sample_png_010.png,png,png,1,0,28.0,102.25,96.6875,0,0,0,0.94566,0.02124,0.26896,0.07288,0.0099,7.955,0.0381,0.4979,73.228,0.0098,0.0015,0.0056,0.0047,0,0,0,0,0,0
PAIR_POS_000030,FRAG_000032,FRAG_000033,sample_jpeg_003.jpg,sample_jpeg_003.jpg,jpeg,jpeg,1,1,38.0,92.25,79.3125,0,0,0,0.86419,0.03553,0.46535,0.00491,0.1482,7.8799,1.9235,0.2708,40.2961,0.0043,0.0024,0.0063,0.006,0,0,1,0,1,0
PAIR_POS_000948,FRAG_001022,FRAG_001023,sample_png_025.png,sample_png_025.png,png,png,1,1,28.0,94.25,109.6875,0,0,0,0.93666,0.02305,0.29394,0.07226,0.0012,7.9457,0.4023,0.772,113.4495,0.0241,0.001,0.0119,0.0114,0,0,0,0,0,0
PAIR_NEG_000934,FRAG_001438,FRAG_000081,sample_zip_008.zip,sample_jpeg_010.jpg,zip,jpeg,0,0,193.0,171.75,134.8125,0,0,0,0.94412,0.02156,0.27683,0.07501,0.0058,7.9529,1.7283,0.1254,18.5958,0.0154,0.0031,0.0157,0.0,1,0,0,0,0,0
PAIR_POS_001200,FRAG_001293,FRAG_001294,sample_text_019.txt,sample_text_019.txt,text,text,1,1,65.0,41.5,40.25,0,1,0,0.99939,0.00688,0.02978,0.99932,0.0147,5.1088,0.0051,0.035,2.1591,0.0,0.0,0.0,0.0,1,0,0,0,0,0
PAIR_NEG_000252,FRAG_000842,FRAG_000920,sample_png_006.png,sample_png_014.png,png,png,1,0,125.0,116.5,86.5,0,0,0,0.93953,0.02234,0.28123,-0.13472,0.0016,7.959,0.956,1.0582,155.6072,0.0118,0.0019,0.0,0.0105,0,0,0,0,0,0
PAIR_POS_000038,FRAG_000042,FRAG_000043,sample_jpeg_005.jpg,sample_jpeg_005.jpg,jpeg,jpeg,1,1,101.0,82.25,109.1875,0,0,0,0.9474,0.02095,0.2689,0.16967,0.0003,7.9535,2.5442,0.1443,21.644,0.0015,0.0039,0.0132,0.0145,1,1,0,1,0,0
PAIR_POS_001228,FRAG_001323,FRAG_001324,sample_text_021.csv,sample_text_021.csv,text,text,1,1,8.0,7.75,31.875,0,1,0,0.99572,0.02017,0.07207,0.99534,0.0258,4.8924,0.2817,0.0549,2.633,0.0,0.0,0.0,0.0,0,0,1,0,0,0
PAIR_NEG_000443,FRAG_001524,FRAG_001604,sample_zip_015.zip,sample_zip_022.zip,zip,zip,1,0,28.0,44.5,63.4375,0,0,0,0.93278,0.02368,0.2973,-0.05505,0.0011,7.9503,4.8735,0.2656,39.6075,0.0088,0.0005,0.0225,0.0159,0,0,0,0,0,0
PAIR_NEG_000503,FRAG_001035,FRAG_001191,sample_text_001.json,sample_text_013.csv,text,text,1,0,10.0,35.25,46.0,0,1,0,0.37563,0.24837,1.17483,0.32184,0.0958,4.9274,6.3011,11.4158,681.0642,0.0,0.0,0.0,0.0,1,0,0,0,0,0
PAIR_NEG_001306,FRAG_001569,FRAG_000468,sample_zip_019.zip,sample_pdf_011.pdf,zip,pdf,0,0,34.0,44.25,54.0,0,0,0,0.25986,0.22506,1.68803,-0.00147,3.3289,6.2912,31.4726,45.7968,4687.9578,0.6157,0.0046,0.4915,0.1206,0,0,0,0,0,0
PAIR_POS_000035,FRAG_000038,FRAG_000039,sample_jpeg_004.jpeg,sample_jpeg_004.jpeg,jpeg,jpeg,1,1,53.0,58.0,103.125,0,0,0,0.9499,0.0204,0.24747,0.14874,0.0104,7.9551,1.4263,0.2843,42.2923,0.0019,0.0008,0.0047,0.0083,0,0,0,0,0,0
PAIR_NEG_000680,FRAG_000898,FRAG_000829,sample_png_012.png,sample_png_005.png,png,png,1,0,16.0,55.25,63.0625,0,0,0,0.93954,0.02237,0.284,-0.08434,0.0002,7.9568,2.887,1.1735,174.1591,0.0059,0.001,0.0147,0.0083,0,0,0,0,0,0
PAIR_NEG_000410,FRAG_000163,FRAG_000211,sample_jpeg_018.jpeg,sample_jpeg_024.jpeg,jpeg,jpeg,1,0,29.0,103.75,91.3125,0,0,0,0.94427,0.02155,0.27524,0.11494,0.003,7.9508,1.5923,1.2197,181.4123,0.0139,0.0012,0.0235,0.0093,0,0,0,0,0,0
PAIR_POS_001175,FRAG_001266,FRAG_001267,sample_text_017.txt,sample_text_017.txt,text,text,1,1,17.0,7.5,11.0625,0,1,0,0.99923,0.00784,0.0273,0.99915,0.0238,5.1017,0.1142,0.0828,5.1104,0.0,0.0,0.0,0.0,0,1,0,0,0,0
PAIR_POS_001409,FRAG_001523,FRAG_001524,sample_zip_015.zip,sample_zip_015.zip,zip,zip,1,1,16.0,64.0,101.1875,0,1,0,0.93398,0.02339,0.30761,-0.15655,0.0097,7.9557,3.4377,1.3102,194.0257,0.0183,0.0019,0.0196,0.0027,1,0,0,0,0,0
PAIR_POS_000559,FRAG_000600,FRAG_000601,sample_pdf_017.pdf,sample_pdf_017.pdf,pdf,pdf,1,1,15.0,28.5,21.25,0,1,0,0.99994,0.00251,0.00875,0.99994,0.0008,4.548,0.0069,0.0005,0.031,0.0,0.0,0.0,0.0,0,0,0,0,0,0
PAIR_NEG_000632,FRAG_001064,FRAG_001318,sample_text_003.log,sample_text_021.csv,text,text,1,0,14.0,22.0,30.6875,0,1,0,0.47932,0.21012,1.00822,0.42626,0.1638,5.013,16.0222,6.3152,350.527,0.0,0.0,0.0,0.0,2,0,0,0,0,0
PAIR_POS_000001,FRAG_000001,FRAG_000002,sample_jpeg_001.jpeg,sample_jpeg_001.jpeg,jpeg,jpeg,1,1,129.0,119.5,82.6875,0,0,0,0.94035,0.02242,0.28951,0.17357,0.0099,7.9463,3.108,0.6993,104.6763,0.0044,0.003,0.018,0.0132,1,1,0,1,0,0
PAIR_POS_000044,FRAG_000049,FRAG_000050,sample_jpeg_006.jpg,sample_jpeg_006.jpg,jpeg,jpeg,1,1,70.0,96.75,96.75,0,0,0,0.94943,0.02052,0.25978,0.18403,0.0061,7.9523,0.7136,0.4153,61.8205,0.009,0.0002,0.0076,0.0007,0,0,0,0,0,0
PAIR_POS_001244,FRAG_001342,FRAG_001343,sample_text_024.txt,sample_text_024.txt,text,text,1,1,59.0,33.5,41.0625,0,1,0,0.99945,0.00647,0.02492,0.99939,0.0025,5.1094,0.052,0.0173,1.0711,0.0,0.0,0.0,0.0,1,0,0,0,0,0
PAIR_POS_000638,FRAG_000682,FRAG_000683,sample_pdf_020.pdf,sample_pdf_020.pdf,pdf,pdf,1,1,65.0,25.25,19.9375,0,1,0,0.99897,0.01103,0.05902,0.9989,0.0651,4.5463,0.6079,0.3697,20.4998,0.0,0.0,0.0,0.0,0,0,0,0,0,0
PAIR_POS_001065,FRAG_001150,FRAG_001151,sample_text_011.json,sample_text_011.json,text,text,1,1,15.0,41.25,37.9375,0,1,0,0.99941,0.0079,0.03513,0.99936,0.005,4.9893,0.3186,0.0437,3.0951,0.0,0.0,0.0,0.0,0,0,0,0,0,0
PAIR_NEG_000177,FRAG_000542,FRAG_000455,sample_pdf_014.pdf,sample_pdf_011.pdf,pdf,pdf,1,0,0.0,6.5,28.1875,0,1,1,0.99697,0.01838,0.09666,0.99674,0.0681,4.5687,0.6677,0.6339,35.402,0.0,0.0,0.0,0.0,0,0,0,0,0,0
PAIR_POS_001499,FRAG_001623,FRAG_001624,sample_zip_025.zip,sample_zip_025.zip,zip,zip,1,1,61.0,87.0,96.9375,0,0,0,0.93867,0.0226,0.29052,0.00924,0.0016,7.9518,1.9978,0.7159,106.0409,0.0056,0.0012,0.0144,0.0069,1,1,0,1,0,0
PAIR_POS_001262,FRAG_001361,FRAG_001362,sample_text_025.log,sample_text_025.log,text,text,1,1,5.0,25.25,23.3125,0,1,0,0.9997,0.00485,0.02336,0.99966,0.0054,5.099,0.009,0.0178,1.1054,0.0,0.0,0.0,0.0,1,0,0,0,0,0
PAIR_NEG_000298,FRAG_000140,FRAG_000058,sample_jpeg_016.jpeg,sample_jpeg_007.jpg,jpeg,jpeg,1,0,127.0,67.75,55.625,0,0,0,0.91405,0.02707,0.34091,-0.02537,0.0032,7.9353,7.6756,1.146,170.7432,0.0217,0.0039,0.0367,0.0171,1,1,1,1,1,0
PAIR_POS_000367,FRAG_000399,FRAG_000400,sample_pdf_008.pdf,sample_pdf_008.pdf,pdf,pdf,1,1,17.0,11.0,23.0625,0,1,0,0.99999,0.00129,0.0044,0.99998,0.0012,4.5079,0.0241,0.0003,0.0165,0.0,0.0,0.0,0.0,0,0,0,0,0,0
PAIR_POS_000931,FRAG_001003,FRAG_001004,sample_png_023.png,sample_png_023.png,png,png,1,1,64.0,74.25,72.25,0,0,0,0.94446,0.02145,0.26695,0.02265,0.0047,7.9566,0.1911,0.438,64.5487,0.0,0.0,0.0014,0.0014,0,0,0,0,0,0
PAIR_NEG_000699,FRAG_000991,FRAG_000899,sample_png_022.png,sample_png_012.png,png,png,1,0,50.0,132.75,100.8125,0,0,0,0.9436,0.02162,0.27868,0.01626,0.0109,7.9557,1.3996,0.3422,50.8791,0.0105,0.0005,0.01,0.0015,0,0,0,0,0,0
PAIR_NEG_000461,FRAG_000024,FRAG_000111,sample_jpeg_002.jpeg,sample_jpeg_012.jpg,jpeg,jpeg,1,0,183.0,119.25,71.9375,0,0,0,0.75746,0.05216,0.67835,-0.01721,0.4551,7.725,1.4515,0.276,41.2742,0.0097,0.0029,0.008,0.0003,0,0,1,0,1,0
PAIR_POS_001423,FRAG_001538,FRAG_001539,sample_zip_016.zip,sample_zip_016.zip,zip,zip,1,1,83.0,65.5,68.0,0,0,0,0.94632,0.02105,0.2665,-0.00251,0.0034,7.9583,1.5988,0.0157,2.3307,0.0015,0.001,0.0051,0.0078,0,0,0,0,0,0
PAIR_POS_001269,FRAG_001368,FRAG_001369,sample_text_025.log,sample_text_025.log,text,text,1,1,2.0,23.5,23.6875,0,1,0,0.99794,0.01269,0.04909,0.99771,0.0175,5.099,0.2213,0.0728,4.4954,0.0,0.0,0.0,0.0,1,0,1,0,0,0
PAIR_NEG_000675,FRAG_000041,FRAG_000113,sample_jpeg_004.jpeg,sample_jpeg_013.jpeg,jpeg,jpeg,1,0,36.0,73.25,95.75,0,0,0,0.84683,0.03841,0.4872,0.0217,0.219,7.8489,0.0241,0.855,125.7861,0.0025,0.0032,0.0005,0.0038,0,0,0,0,0,1
PAIR_NEG_001108,FRAG_001483,FRAG_000959,sample_zip_012.zip,sample_png_019.png,zip,png,0,0,67.0,115.25,83.125,0,0,0,0.94076,0.02218,0.28665,-0.0007,0.0005,7.9541,0.8633,0.4049,59.7908,0.0114,0.0022,0.0039,0.0049,0,0,0,0,0,0
PAIR_NEG_001109,FRAG_001624,FRAG_000037,sample_zip_025.zip,sample_jpeg_004.jpeg,zip,jpeg,0,0,80.0,97.5,78.375,0,0,0,0.93782,0.02275,0.29881,-0.01363,0.0009,7.9521,2.9956,1.278,188.5744,0.0193,0.0012,0.0271,0.0052,0,0,0,0,0,0
PAIR_NEG_000633,FRAG_000767,FRAG_000600,sample_pdf_024.pdf,sample_pdf_017.pdf,pdf,pdf,1,0,106.0,52.25,45.25,0,1,0,0.97407,0.05328,0.21027,0.97208,0.1678,4.6323,4.23,2.8466,165.7351,0.0,0.0,0.0,0.0,8,0,0,0,0,1
PAIR_NEG_000270,FRAG_000528,FRAG_000457,sample_pdf_014.pdf,sample_pdf_011.pdf,pdf,pdf,1,0,15.0,25.0,22.4375,0,1,0,0.98852,0.03695,0.16845,0.98771,0.1022,4.4827,1.5451,0.7289,39.7659,0.0,0.0,0.0,0.0,0,0,0,0,0,0
PAIR_NEG_000799,FRAG_000766,FRAG_001090,sample_pdf_024.pdf,sample_text_006.log,pdf,text,0,0,58.0,55.25,52.8125,0,1,0,0.85217,0.12467,0.728,0.84023,0.5902,4.8013,15.9343,3.2771,191.7771,0.0,0.0,0.0,0.0,0,0,0,0,0,0
PAIR_NEG_001093,FRAG_000729,FRAG_001528,sample_pdf_022.pdf,sample_zip_015.zip,pdf,zip,0,0,130.0,85.0,76.4375,0,0,0,0.27115,0.22768,1.68501,0.06319,3.3825,6.2681,34.3582,45.429,4616.1775,0.6177,0.0044,0.5059,0.1099,0,0,0,0,0,0
PAIR_NEG_001073,FRAG_001572,FRAG_001279,sample_zip_019.zip,sample_text_018.csv,zip,text,0,0,33.0,48.75,74.875,0,1,0,0.30398,0.20284,1.65715,0.08288,3.0721,6.4204,63.8762,49.5145,4837.5467,0.6094,0.0051,0.4951,0.1104,0,0,0,0,0,0
PAIR_NEG_000359,FRAG_001357,FRAG_001066,sample_text_024.txt,sample_text_003.log,text,text,1,0,94.0,64.75,42.875,0,1,0,0.99877,0.00973,0.04899,0.99863,0.0078,5.1176,0.2624,0.0572,3.528,0.0,0.0,0.0,0.0,0,0,1,0,0,0
PAIR_NEG_000936,FRAG_000369,FRAG_000926,sample_pdf_006.pdf,sample_png_015.png,pdf,png,0,0,7.0,76.25,112.25,0,0,0,0.21787,0.27884,1.75649,0.05821,3.4417,6.0166,64.3537,41.6578,4499.0141,0.6322,0.0113,0.5092,0.1216,1,0,1,0,1,1
PAIR_NEG_000909,FRAG_000823,FRAG_001030,sample_png_004.png,sample_text_001.json,png,text,0,0,16.0,60.75,57.375,0,1,0,0.27571,0.21993,1.59235,0.04473,2.9588,6.4784,59.3606,37.8149,4108.982,0.6123,0.0032,0.5044,0.1047,2,0,0,0,0,0
PAIR_POS_000726,FRAG_000775,FRAG_000776,sample_pdf_025.pdf,sample_pdf_025.pdf,pdf,pdf,1,1,82.0,29.25,22.25,0,1,0,0.9988,0.01205,0.06101,0.99872,0.0908,4.609,0.8816,0.4886,27.5926,0.0,0.0,0.0,0.0,1,0,0,0,0,0
PAIR_NEG_000697,FRAG_000217,FRAG_000028,sample_jpeg_025.jpg,sample_jpeg_003.jpg,jpeg,jpeg,1,0,39.0,120.0,84.1875,0,1,0,0.94171,0.02209,0.28452,0.12559,0.0031,7.9488,0.4126,0.5919,88.1087,0.0034,0.002,0.0075,0.0014,0,0,0,0,0,0
PAIR_NEG_001346,FRAG_001298,FRAG_000450,sample_text_019.txt,sample_pdf_010.pdf,text,pdf,0,0,103.0,60.25,34.25,0,1,0,0.85674,0.12169,0.71922,0.84495,0.5552,4.8261,15.0051,2.955,173.8172,0.0,0.0,0.0,0.0,1,0,0,0,0,0
PAIR_POS_000554,FRAG_000595,FRAG_000596,sample_pdf_017.pdf,sample_pdf_017.pdf,pdf,pdf,1,1,14.0,47.25,49.125,0,1,0,0.99796,0.01516,0.0776,0.99781,0.0777,4.5918,0.8369,0.711,39.9499,0.0,0.0,0.0,0.0,0,0,0,0,0,0
PAIR_NEG_000311,FRAG_001390,FRAG_001459,sample_zip_003.zip,sample_zip_010.zip,zip,zip,1,0,72.0,110.5,84.375,0,1,0,0.95373,0.01964,0.24607,0.2628,0.0029,7.9521,0.9116,0.1143,16.7713,0.0037,0.0015,0.0026,0.001,0,0,0,0,0,0
PAIR_NEG_000735,FRAG_000952,FRAG_000919,sample_png_018.png,sample_png_014.png,png,png,1,0,34.0,36.75,103.0625,0,0,0,0.94063,0.02221,0.28025,0.00999,0.0028,7.9536,1.2056,0.0173,2.5443,0.0002,0.0025,0.0012,0.0005,0,0,0,0,0,0
PAIR_POS_001116,FRAG_001205,FRAG_001206,sample_text_015.json,sample_text_015.json,text,text,1,1,9.0,4.0,27.875,0,1,0,0.99944,0.00781,0.03462,0.9994,0.0152,4.9766,0.0054,0.0751,5.3208,0.0,0.0,0.0,0.0,1,1,0,0,0,0
