fragment_id,fragment_file,source_file,source_category,file_type,extension,offset,size_bytes,is_header,is_footer,fragment_index,total_fragments,sha256
FRAG_000001,FRAG_000001.bin,sample_jpeg_001.jpeg,jpeg,jpeg,.jpeg,0,4096,True,False,0,13,1750eea8bc9837f25f683b947d0f9328b0dd282c1c2bbc4a32457630cdb808e5
FRAG_000002,FRAG_000002.bin,sample_jpeg_001.jpeg,jpeg,jpeg,.jpeg,4096,4096,False,False,1,13,bbf88d30724c9bd1ce9b39386b7b25253024d461f4c6bb33475e0ad031d0e2da
FRAG_000003,FRAG_000003.bin,sample_jpeg_001.jpeg,jpeg,jpeg,.jpeg,8192,4096,False,False,2,13,306b799ffd77f988aff280703de793c2765cf283b43271f7cd3038e2ad8aaa55
FRAG_000004,FRAG_000004.bin,sample_jpeg_001.jpeg,jpeg,jpeg,.jpeg,12288,4096,False,False,3,13,d4f455f6dab60c2f3e59c019cd55b03e0625240d977dc5178a9ca18b3cb7539b
FRAG_000005,FRAG_000005.bin,sample_jpeg_001.jpeg,jpeg,jpeg,.jpeg,16384,4096,False,False,4,13,9e98ca095b5098082cdf5436148aad58c67d3b4874d1010ef39b0a4b99257b21
FRAG_000006,FRAG_000006.bin,sample_jpeg_001.jpeg,jpeg,jpeg,.jpeg,20480,4096,False,False,5,13,debffb049e0237c4a1740f342033b7893c836ba5745734e3d81a1d4bf96a22e5
FRAG_000007,FRAG_000007.bin,sample_jpeg_001.jpeg,jpeg,jpeg,.jpeg,24576,4096,False,False,6,13,aaa91514ffa8be5ec37729c66335a5b9621c4f6bac36b8674b11c9b73b1ce0a6
FRAG_000008,FRAG_000008.bin,sample_jpeg_001.jpeg,jpeg,jpeg,.jpeg,28672,4096,False,False,7,13,64fa5db6ae83556697935b3aa69f56f86a3c6a25bb9202ba5fc7c118cbc96c7a
FRAG_000009,FRAG_000009.bin,sample_jpeg_001.jpeg,jpeg,jpeg,.jpeg,32768,4096,False,False,8,13,a0cd11ba036c3245e2486ad221061a38c76ecad4145d91d2e852c5450d64b2bc
FRAG_000010,FRAG_000010.bin,sample_jpeg_001.jpeg,jpeg,jpeg,.jpeg,36864,4096,False,False,9,13,5c3c4e8d7450ffe96472f2679f1f7ac09d5652ebcc228ebc282acbae915ad7e7
FRAG_000011,FRAG_000011.bin,sample_jpeg_001.jpeg,jpeg,jpeg,.jpeg,40960,4096,False,False,10,13,dc24172c57c8ed9f3a3bcf7dc8a4960917d5a34cfd106ea48a645a79fc1efa1f
FRAG_000012,FRAG_000012.bin,sample_jpeg_001.jpeg,jpeg,jpeg,.jpeg,45056,4096,False,False,11,13,c57dd201953bfa10be496e0b7e39e5c7160988670845c45eb8d67f5422c86ef8
FRAG_000013,FRAG_000013.bin,sample_jpeg_001.jpeg,jpeg,jpeg,.jpeg,49152,1254,False,True,12,13,a55dc2e4bd948160e535d40157674b3c521280284c262068ff5ade6e03b5941f
FRAG_000014,FRAG_000014.bin,sample_jpeg_002.jpeg,jpeg,jpeg,.jpeg,0,4096,True,False,0,12,baa75682dce41a7ea18879ff1789e5538a760e76dfb91d46859be2481b91068b
FRAG_000015,FRAG_000015.bin,sample_jpeg_002.jpeg,jpeg,jpeg,.jpeg,4096,4096,False,False,1,12,644982f89fff1810654f6ef47559d3559cb1486de1ff19042c19925c44ec5797
FRAG_000016,FRAG_000016.bin,sample_jpeg_002.jpeg,jpeg,jpeg,.jpeg,8192,4096,False,False,2,12,be87e7f98f81abfd0d381ec5a6fe2032ca8f0c43c0dcd11a741dfac62cdb5831
FRAG_000017,FRAG_000017.bin,sample_jpeg_002.jpeg,jpeg,jpeg,.jpeg,12288,4096,False,False,3,12,7dddb40e0274d247ceec378a4e29619ea710d1d697b02d234425b84713e1f682
FRAG_000018,FRAG_000018.bin,sample_jpeg_002.jpeg,jpeg,jpeg,.jpeg,16384,4096,False,False,4,12,b01ac65e2841e37312a23ed3087bc2f3892380ac49a346fe04b5ab10293613e4
FRAG_000019,FRAG_000019.bin,sample_jpeg_002.jpeg,jpeg,jpeg,.jpeg,20480,4096,False,False,5,12,39437711675b0e48154fe9a58a9d11e2d0173db554ffdcc11bdd1ffa58e41a85
FRAG_000020,FRAG_000020.bin,sample_jpeg_002.jpeg,jpeg,jpeg,.jpeg,24576,4096,False,False,6,12,05fe5ee9cfc073e085e581e0f67e3790ff54deee0541562664b4904a24accfae
FRAG_000021,FRAG_000021.bin,sample_jpeg_002.jpeg,jpeg,jpeg,.jpeg,28672,4096,False,False,7,12,85d412aa08edbfa49fb8f142eed14716f9443c904051bdadc5214c21ddf03f7b
FRAG_000022,FRAG_000022.bin,sample_jpeg_002.jpeg,jpeg,jpeg,.jpeg,32768,4096,False,False,8,12,70f690c6f087f9fd5b9182dabdccef712d6c4344ea76b35e9a8762d692305147
FRAG_000023,FRAG_000023.bin,sample_jpeg_002.jpeg,jpeg,jpeg,.jpeg,36864,4096,False,False,9,12,d162e456f843cdb43537c8f7047331a779a773f6248f655109c3a51702d8a507
FRAG_000024,FRAG_000024.bin,sample_jpeg_002.jpeg,jpeg,jpeg,.jpeg,40960,4096,False,False,10,12,9d47c9982c8098f0ada4cb1e5372492eb4620838bf1102299663c8302a119e4a
FRAG_000025,FRAG_000025.bin,sample_jpeg_002.jpeg,jpeg,jpeg,.jpeg,45056,210,False,True,11,12,4db4977e81f73e9c550a0d486bb7589fa19f1f002713ee8517e8cb5b8a1c86b4
FRAG_000026,FRAG_000026.bin,sample_jpeg_003.jpg,jpeg,jpeg,.jpg,0,4096,True,False,0,8,361f79f7f90e8ceee23de2aa009787a2c7b48f0682b0de72968b5cafdac07d9a
FRAG_000027,FRAG_000027.bin,sample_jpeg_003.jpg,jpeg,jpeg,.jpg,4096,4096,False,False,1,8,c88240f5b0a76e3a24a482d25862bfd5d03b81e7da6c65ea6fd2c9cd857d40ef
FRAG_000028,FRAG_000028.bin,sample_jpeg_003.jpg,jpeg,jpeg,.jpg,8192,4096,False,False,2,8,42aa605c913e7e30a0f9bb47e30df07795b070429f4d66560c7d146b07add875
FRAG_000029,FRAG_000029.bin,sample_jpeg_003.jpg,jpeg,jpeg,.jpg,12288,4096,False,False,3,8,0b8f20384cadb878bd240cb4aa0941f0ca9a87da821ce0c3c04e636e880972c3
FRAG_000030,FRAG_000030.bin,sample_jpeg_003.jpg,jpeg,jpeg,.jpg,16384,4096,False,False,4,8,9b992484c2941ec5c2d313580cd43cbd6452825101f8cacc32278fac775cac14
FRAG_000031,FRAG_000031.bin,sample_jpeg_003.jpg,jpeg,jpeg,.jpg,20480,4096,False,False,5,8,081fa0579bb3774cf80e12accfb855df680092639a39e5e6abe28165693da35e
FRAG_000032,FRAG_000032.bin,sample_jpeg_003.jpg,jpeg,jpeg,.jpg,24576,4096,False,False,6,8,119af6ea738dd3e1e1d062e55404a20b33964b1abe687ed78073a4835b237c76
FRAG_000033,FRAG_000033.bin,sample_jpeg_003.jpg,jpeg,jpeg,.jpg,28672,962,False,True,7,8,726573b8bbf9ad32353447b40c0e5416a9f825b7dcb6ef6e61a6146fb4a5ae35
FRAG_000034,FRAG_000034.bin,sample_jpeg_004.jpeg,jpeg,jpeg,.jpeg,0,4096,True,False,0,8,6950aacb51fcd9d70ddac17c2d25e5b20fa42dc975c6eae19d8765e25369b9fe
FRAG_000035,FRAG_000035.bin,sample_jpeg_004.jpeg,jpeg,jpeg,.jpeg,4096,4096,False,False,1,8,4078e8f8c377b00c1100bb53c16aa1f4a9a5f3bbd071205c28b22dbbbe39814a
FRAG_000036,FRAG_000036.bin,sample_jpeg_004.jpeg,jpeg,jpeg,.jpeg,8192,4096,False,False,2,8,e74a9b5c3ae569e6b1533254bf4fe21c537408968008b450bac1e747c3f06b84
FRAG_000037,FRAG_000037.bin,sample_jpeg_004.jpeg,jpeg,jpeg,.jpeg,12288,4096,False,False,3,8,9584989d5ef18da1ffdaea2b4a7db36068299403f25a861ab617698d4fd80cf5
FRAG_000038,FRAG_000038.bin,sample_jpeg_004.jpeg,jpeg,jpeg,.jpeg,16384,4096,False,False,4,8,5e2919a17ce2541424bce23ae38a6dc8315cf43889df56564d20f3368f148b63
FRAG_000039,FRAG_000039.bin,sample_jpeg_004.jpeg,jpeg,jpeg,.jpeg,20480,4096,False,False,5,8,7d35c644d5970d397f8dda466afb407acbb670406582f6e3f0a27a892c59da3d
FRAG_000040,FRAG_000040.bin,sample_jpeg_004.jpeg,jpeg,jpeg,.jpeg,24576,4096,False,False,6,8,9fe0cc550002b2883216fd14807d4a5ae5464473b9efbb9ba105b5f935b9dd08
FRAG_000041,FRAG_000041.bin,sample_jpeg_004.jpeg,jpeg,jpeg,.jpeg,28672,697,False,True,7,8,15c076d6f59f1948c5e58ecce6900b78d514d5cf530d1971e394254f3e5df86f
FRAG_000042,FRAG_000042.bin,sample_jpeg_005.jpg,jpeg,jpeg,.jpg,0,4096,True,False,0,6,7bf3a440caa3d6ae9b48793e6aecd157d6ad39b1808266514feaccaf029d6b48
FRAG_000043,FRAG_000043.bin,sample_jpeg_005.jpg,jpeg,jpeg,.jpg,4096,4096,False,False,1,6,81bda17ebe72a23720ad7a799000533fcf8a24eb4e893582f71bac40d25d3546
FRAG_000044,FRAG_000044.bin,sample_jpeg_005.jpg,jpeg,jpeg,.jpg,8192,4096,False,False,2,6,9f49bf20dfde0421a420c4c9a1881f429e8b17522bd841c9a3264469c0ccb5ed
FRAG_000045,FRAG_000045.bin,sample_jpeg_005.jpg,jpeg,jpeg,.jpg,12288,4096,False,False,3,6,2b678410ae71fed465f076ccf76408820a59ce3da81d990c060654e14331c801
FRAG_000046,FRAG_000046.bin,sample_jpeg_005.jpg,jpeg,jpeg,.jpg,16384,4096,False,False,4,6,d3077953bf25fd27362394e136d2b4095f1ebd4b2178812ccd9307a71f502236
FRAG_000047,FRAG_000047.bin,sample_jpeg_005.jpg,jpeg,jpeg,.jpg,20480,3872,False,True,5,6,4ef4bd43b3e8f62f0df04f395f1c15de4e33a0310b8d83d82084dbecc122b0db
FRAG_000048,FRAG_000048.bin,sample_jpeg_006.jpg,jpeg,jpeg,.jpg,0,4096,True,False,0,5,72a6db5465839c7330f7542f202343797a90726ec5f9d556e33c0c52ba67b5b5
FRAG_000049,FRAG_000049.bin,sample_jpeg_006.jpg,jpeg,jpeg,.jpg,4096,4096,False,False,1,5,24ea2fbdebf475f5cf2c1bb7d7b2ff8ec4d0a0cacd995b1ffd742c4eb4560c89
FRAG_000050,FRAG_000050.bin,sample_jpeg_006.jpg,jpeg,jpeg,.jpg,8192,4096,False,False,2,5,bbe8718bc06bc6cf8e96a320a12a78d68cac281af696bcfe95a2ed15b2e0065d
FRAG_000051,FRAG_000051.bin,sample_jpeg_006.jpg,jpeg,jpeg,.jpg,12288,4096,False,False,3,5,bd0b53df62957bcad31b0de3af59c34009ae19452a499bc4afeef151d1f0513d
FRAG_000052,FRAG_000052.bin,sample_jpeg_006.jpg,jpeg,jpeg,.jpg,16384,197,False,True,4,5,deacc97f9c3d7698b17b56669f6a8d4f91f637ba9d81c449ba5d3f58fbdfadf6
FRAG_000053,FRAG_000053.bin,sample_jpeg_007.jpg,jpeg,jpeg,.jpg,0,4096,True,False,0,6,809f5e4fe24d2c262662cac2c86115fda6497633d27c147279215728bb31289b
FRAG_000054,FRAG_000054.bin,sample_jpeg_007.jpg,jpeg,jpeg,.jpg,4096,4096,False,False,1,6,46508d2a94fc1a8b480c3522b54b716dd18b56959b80b03c62841995b5e190ea
FRAG_000055,FRAG_000055.bin,sample_jpeg_007.jpg,jpeg,jpeg,.jpg,8192,4096,False,False,2,6,d855d68f2f3b5c573accd2087fa7a61e9457ee6e826caf8b89840610071fde41
FRAG_000056,FRAG_000056.bin,sample_jpeg_007.jpg,jpeg,jpeg,.jpg,12288,4096,False,False,3,6,2bd31433dc81dcb9ea9d8cafa02eeef93231fd33e9780bee4b0cad85fe6ac504
FRAG_000057,FRAG_000057.bin,sample_jpeg_007.jpg,jpeg,jpeg,.jpg,16384,4096,False,False,4,6,9d9c92c509669a94fadedb05edada1503d407278d69633041bc701a4d719e077
FRAG_000058,FRAG_000058.bin,sample_jpeg_007.jpg,jpeg,jpeg,.jpg,20480,3114,False,True,5,6,ccefa5ba5162bb7f1cc7087ec1a3bd0516999c93de5ffc6d9b59925e47c2215d
FRAG_000059,FRAG_000059.bin,sample_jpeg_008.jpeg,jpeg,jpeg,.jpeg,0,4096,True,False,0,11,4643c6b26126afa8d6c57122a40cce2d8927dcf07837ba6131ec9ca4bd99509a
FRAG_000060,FRAG_000060.bin,sample_jpeg_008.jpeg,jpeg,jpeg,.jpeg,4096,4096,False,False,1,11,ecc041a7b961f372e37764923948cd7941ee503ed87a3cd4354f4090d378abe1
FRAG_000061,FRAG_000061.bin,sample_jpeg_008.jpeg,jpeg,jpeg,.jpeg,8192,4096,False,False,2,11,df078510333da9643334a043a68317bfbac7018c41a24da4f50beb5bb5501dfd
FRAG_000062,FRAG_000062.bin,sample_jpeg_008.jpeg,jpeg,jpeg,.jpeg,12288,4096,False,False,3,11,f7009101ec618601f63c33fb46b036037b0dd70b862822dc6008c420b9cc4573
FRAG_000063,FRAG_000063.bin,sample_jpeg_008.jpeg,jpeg,jpeg,.jpeg,16384,4096,False,False,4,11,6e296fa0d6001abe67ed3eeaf00e7cf644dc670c0f596714772000edb4077bbf
FRAG_000064,FRAG_000064.bin,sample_jpeg_008.jpeg,jpeg,jpeg,.jpeg,20480,4096,False,False,5,11,29caa7212c3f42b3321265e73c262495e7fa02673189dc419dcce047dfc496e1
FRAG_000065,FRAG_000065.bin,sample_jpeg_008.jpeg,jpeg,jpeg,.jpeg,24576,4096,False,False,6,11,29c304981acfc11eb8c88f64bc11bfada7d015b505fc2f0066de068aab3ccec7
FRAG_000066,FRAG_000066.bin,sample_jpeg_008.jpeg,jpeg,jpeg,.jpeg,28672,4096,False,False,7,11,4c5d29b87dddda1777666c6fe46b42821b5c9291e70f78de770aba8cafbb69e2
FRAG_000067,FRAG_000067.bin,sample_jpeg_008.jpeg,jpeg,jpeg,.jpeg,32768,4096,False,False,8,11,9d8b8917688e9256c1429b982ceffd24293ed3d28bcd5b3b489864108dd0585b
FRAG_000068,FRAG_000068.bin,sample_jpeg_008.jpeg,jpeg,jpeg,.jpeg,36864,4096,False,False,9,11,6faa2ca6e2b9bc8df0097e286e0de7d55e9b64368a3ec48a61ae26d530c2b26e
FRAG_000069,FRAG_000069.bin,sample_jpeg_008.jpeg,jpeg,jpeg,.jpeg,40960,2798,False,True,10,11,4bfc819b17363d8efc55cb064df195e8f45060fc64fb45100c93afddd5687716
FRAG_000070,FRAG_000070.bin,sample_jpeg_009.jpeg,jpeg,jpeg,.jpeg,0,4096,True,False,0,8,efea91c0e3cbe5b0100f8096a3448fd3ec186dda51800a1bf76f3d04c65bb4db
FRAG_000071,FRAG_000071.bin,sample_jpeg_009.jpeg,jpeg,jpeg,.jpeg,4096,4096,False,False,1,8,cc165afa017506f46d8544c4653ee1655df712a533494807e46eb14ca1c1efe9
FRAG_000072,FRAG_000072.bin,sample_jpeg_009.jpeg,jpeg,jpeg,.jpeg,8192,4096,False,False,2,8,4d3ea8cec42e75a86edb7896cc3c4f75dff1c3beb9b942baeaf28562e8efb4ef
FRAG_000073,FRAG_000073.bin,sample_jpeg_009.jpeg,jpeg,jpeg,.jpeg,12288,4096,False,False,3,8,e0fa703a877ec4bdd84b250d80b6c8a8aafd8ffd7bf9bf4aef60e52fa255acf6
FRAG_000074,FRAG_000074.bin,sample_jpeg_009.jpeg,jpeg,jpeg,.jpeg,16384,4096,False,False,4,8,3a2743e47a4ff6d18672ae3a3c649dad0b1ae5168dc89615106ad48119dbf851
FRAG_000075,FRAG_000075.bin,sample_jpeg_009.jpeg,jpeg,jpeg,.jpeg,20480,4096,False,False,5,8,82c3c5b256fef46b6fe40dce56d9d0df68fe9568fefee0eec240758cf1c14a5a
FRAG_000076,FRAG_000076.bin,sample_jpeg_009.jpeg,jpeg,jpeg,.jpeg,24576,4096,False,False,6,8,d16e7bfcbee0f35c1d74b5213d168eda95319d570a8e47eca37f8796aea6d16b
FRAG_000077,FRAG_000077.bin,sample_jpeg_009.jpeg,jpeg,jpeg,.jpeg,28672,2421,False,True,7,8,ff025b14b9538224cc7c21f58963e5b0b3c46f63efe4fe9d9f93023a9fb615ad
FRAG_000078,FRAG_000078.bin,sample_jpeg_010.jpg,jpeg,jpeg,.jpg,0,4096,True,False,0,14,c641333497b2610d0ebe569ff8342e88b937c49effa534d8dcfdc14edb6ff53d
FRAG_000079,FRAG_000079.bin,sample_jpeg_010.jpg,jpeg,jpeg,.jpg,4096,4096,False,False,1,14,589ce19c08c6596622f69214abdafaff5421d657f6eed4fa3c9498ce5e8580d9
FRAG_000080,FRAG_000080.bin,sample_jpeg_010.jpg,jpeg,jpeg,.jpg,8192,4096,False,False,2,14,3d58b7d4bfe75164a6ecc9da5cf2fcf4e96f69344a27636a24fb60e52f59fbbc
FRAG_000081,FRAG_000081.bin,sample_jpeg_010.jpg,jpeg,jpeg,.jpg,12288,4096,False,False,3,14,a32838b929dba9cc2494276efaa30923bc29b99a51d1c3219300c0ca2e71625c
FRAG_000082,FRAG_000082.bin,sample_jpeg_010.jpg,jpeg,jpeg,.jpg,16384,4096,False,False,4,14,e31f478ac38e60ae6e93f8ccbdae2c5df3333a575b84ed0d5106168deab325db
FRAG_000083,FRAG_000083.bin,sample_jpeg_010.jpg,jpeg,jpeg,.jpg,20480,4096,False,False,5,14,0d9d7eb7efc0e09726b2151e0f739cc5efc029e4c5a02d72c89ee415081c1b8f
FRAG_000084,FRAG_000084.bin,sample_jpeg_010.jpg,jpeg,jpeg,.jpg,24576,4096,False,False,6,14,0d0c6b856372f25865535ebaa53896367c797191b86a0e07a87e57921e64fc10
FRAG_000085,FRAG_000085.bin,sample_jpeg_010.jpg,jpeg,jpeg,.jpg,28672,4096,False,False,7,14,305bd06aefad8c3699ac1c23bd81ecf17a4f89ae1af8c3d0fe3b9ea2a2545b90
FRAG_000086,FRAG_000086.bin,sample_jpeg_010.jpg,jpeg,jpeg,.jpg,32768,4096,False,False,8,14,300881e857bc8fd383a3a49a0c17207c74d55d6b2a68bd8625ce63939eccc38c
FRAG_000087,FRAG_000087.bin,sample_jpeg_010.jpg,jpeg,jpeg,.jpg,36864,4096,False,False,9,14,37b1c8245127e309a04276589c6613902281873515df4ba01561ad8fbcb7c116
FRAG_000088,FRAG_000088.bin,sample_jpeg_010.jpg,jpeg,jpeg,.jpg,40960,4096,False,False,10,14,33338fb1ff7ae73a65851459783be2792f73992e2816ba2d23ad2908fb4d3ba4
FRAG_000089,FRAG_000089.bin,sample_jpeg_010.jpg,jpeg,jpeg,.jpg,45056,4096,False,False,11,14,cf04e224879cd4c4f1f8e149ff8b04af3150d622be853f52463105c66d42ac76
FRAG_000090,FRAG_000090.bin,sample_jpeg_010.jpg,jpeg,jpeg,.jpg,49152,4096,False,False,12,14,cc97fb26f4f05676ee35c82445ec5dd481f83e34bf461f58ab64dc631bf1fe14
FRAG_000091,FRAG_000091.bin,sample_jpeg_010.jpg,jpeg,jpeg,.jpg,53248,3565,False,True,13,14,77497aa4e5f2ecc3dfd754fefbff24da30b583eb759c69d64b63d6196b5294fd
FRAG_000092,FRAG_000092.bin,sample_jpeg_011.jpeg,jpeg,jpeg,.jpeg,0,4096,True,False,0,7,d3ef6ce8ca5a1fcad3c4f0fc2299f1005d1865953a96985d78e4684862c588be
FRAG_000093,FRAG_000093.bin,sample_jpeg_011.jpeg,jpeg,jpeg,.jpeg,4096,4096,False,False,1,7,56e2086b2c1a103ad086050509bfc02a3abc8b797f0aff32a3133e253d37adcb
FRAG_000094,FRAG_000094.bin,sample_jpeg_011.jpeg,jpeg,jpeg,.jpeg,8192,4096,False,False,2,7,f2a2a9022ab048d876905f4e8f3b538b1490df156c8ab632790964e3fd8b1a20
FRAG_000095,FRAG_000095.bin,sample_jpeg_011.jpeg,jpeg,jpeg,.jpeg,12288,4096,False,False,3,7,2ba92d3a72b3690c67f43f4d28ffd66eefbeaf3f653c84801b1ab30c8786a93b
FRAG_000096,FRAG_000096.bin,sample_jpeg_011.jpeg,jpeg,jpeg,.jpeg,16384,4096,False,False,4,7,bc90b29c810f16ccd9211cd113df45df200c596b3705a34a5f528932de049cea
FRAG_000097,FRAG_000097.bin,sample_jpeg_011.jpeg,jpeg,jpeg,.jpeg,20480,4096,False,False,5,7,897291986d8edd688f8777010ea14de7a528abc87ffc952916848829fadc0915
FRAG_000098,FRAG_000098.bin,sample_jpeg_011.jpeg,jpeg,jpeg,.jpeg,24576,1087,False,True,6,7,b01996767573cb4280a91217d87492098445c5952d8085bd7af4cf39e15dbf44
FRAG_000099,FRAG_000099.bin,sample_jpeg_012.jpg,jpeg,jpeg,.jpg,0,4096,True,False,0,13,f5d9dd3445b664d3231137f601364f453d876b011d0f8b8d1f93a04fd6d3b6eb
FRAG_000100,FRAG_000100.bin,sample_jpeg_012.jpg,jpeg,jpeg,.jpg,4096,4096,False,False,1,13,e52924a2f0c87a7095054c685e27374f96d9beed285caeba011b5fdc69a078ca
FRAG_000101,FRAG_000101.bin,sample_jpeg_012.jpg,jpeg,jpeg,.jpg,8192,4096,False,False,2,13,4b7cdc91a2817c13355d0aadc60489a6a70b20469f5df1acd28c9f9f9b090de4
FRAG_000102,FRAG_000102.bin,sample_jpeg_012.jpg,jpeg,jpeg,.jpg,12288,4096,False,False,3,13,d43e288ef4c828da1902324df5fa517db4375eb9b0cdf849c8975961d58424ae
FRAG_000103,FRAG_000103.bin,sample_jpeg_012.jpg,jpeg,jpeg,.jpg,16384,4096,False,False,4,13,d6063f2aa9ec6795e1dce3d8ea0f14084251c68d658ddc067fea3ca0bd790665
FRAG_000104,FRAG_000104.bin,sample_jpeg_012.jpg,jpeg,jpeg,.jpg,20480,4096,False,False,5,13,5cb8d28a2372775843f289067ba71cc1da34e5c35f953cd01eca79b4c50f0929
FRAG_000105,FRAG_000105.bin,sample_jpeg_012.jpg,jpeg,jpeg,.jpg,24576,4096,False,False,6,13,f0b2f2e0edd687e1fc6c6b4c7bd3986e5955fa355ba669a5bcf738ebcd4d73e1
FRAG_000106,FRAG_000106.bin,sample_jpeg_012.jpg,jpeg,jpeg,.jpg,28672,4096,False,False,7,13,4036029223a5156914edfbac4d2c6ee368cab779e0df5ec31653286d2e015e73
FRAG_000107,FRAG_000107.bin,sample_jpeg_012.jpg,jpeg,jpeg,.jpg,32768,4096,False,False,8,13,e352d0a27faf754ef36666329b85168eaa220e62110475d7cbafa77b43536961
FRAG_000108,FRAG_000108.bin,sample_jpeg_012.jpg,jpeg,jpeg,.jpg,36864,4096,False,False,9,13,c1c79bd3298f4d5881e5391d2b6b3e9438f4283dd53f1aa2f6ab779ac1447f22
FRAG_000109,FRAG_000109.bin,sample_jpeg_012.jpg,jpeg,jpeg,.jpg,40960,4096,False,False,10,13,5d9bc294cf6ec45d2eb304cfcd9c26580f3f1be15d21d90eb5a77f959a06927b
FRAG_000110,FRAG_000110.bin,sample_jpeg_012.jpg,jpeg,jpeg,.jpg,45056,4096,False,False,11,13,0a2fe4884d3792ab84b531a35ba3f9f93675893831e8e813ba0d8f93cb81d8dc
FRAG_000111,FRAG_000111.bin,sample_jpeg_012.jpg,jpeg,jpeg,.jpg,49152,458,False,True,12,13,2e5bbab3701e8da36873cc4f47e7dcb4085928860261092c5cbfd018f5323fda
FRAG_000112,FRAG_000112.bin,sample_jpeg_013.jpeg,jpeg,jpeg,.jpeg,0,4096,True,False,0,9,b5e873b97146e974d450e62a23206162c49a72feff8d7a8356cf66ebb8b8d0f0
FRAG_000113,FRAG_000113.bin,sample_jpeg_013.jpeg,jpeg,jpeg,.jpeg,4096,4096,False,False,1,9,f84add80554c934e6c7a230dbc7d0b5e0a156bcf07f129d5b5a792a6071c5c57
FRAG_000114,FRAG_000114.bin,sample_jpeg_013.jpeg,jpeg,jpeg,.jpeg,8192,4096,False,False,2,9,3d1e2ec0c6dcc154e1fc6961519eeb5a13922b28336c5c93b763e493d56ad59a
FRAG_000115,FRAG_000115.bin,sample_jpeg_013.jpeg,jpeg,jpeg,.jpeg,12288,4096,False,False,3,9,7a045bd6e29a4c7f8ec515fe4a6c862201b05f97a79f8628a4c4ba1334a539d5
FRAG_000116,FRAG_000116.bin,sample_jpeg_013.jpeg,jpeg,jpeg,.jpeg,16384,4096,False,False,4,9,58f01f7b93d5ae04f7a7b47cea1a600beb8665b4a3ad1d5397b515db2803374f
FRAG_000117,FRAG_000117.bin,sample_jpeg_013.jpeg,jpeg,jpeg,.jpeg,20480,4096,False,False,5,9,27330e5ba3d274e7573fdd141c20e1467fd2975b6577e7a2f1b5a8e38ea64081
FRAG_000118,FRAG_000118.bin,sample_jpeg_013.jpeg,jpeg,jpeg,.jpeg,24576,4096,False,False,6,9,23e778d29dfc3348f8eb184e19b0625085c7c42b95ec8d143d126d0d8b871a4f
FRAG_000119,FRAG_000119.bin,sample_jpeg_013.jpeg,jpeg,jpeg,.jpeg,28672,4096,False,False,7,9,d5ace5392926c3267686cea7b33526d58c5d54ff1890959140d905acdc026efe
FRAG_000120,FRAG_000120.bin,sample_jpeg_013.jpeg,jpeg,jpeg,.jpeg,32768,3282,False,True,8,9,f4966fa463abde329c12d2f6ffac024d4b13b8e601c16bb7e0cc17b3c6a2f62b
FRAG_000121,FRAG_000121.bin,sample_jpeg_014.jpeg,jpeg,jpeg,.jpeg,0,4096,True,False,0,4,db9b3c126af6a1426fca77b1562e0408db9781763469a977751a789f092604d1
FRAG_000122,FRAG_000122.bin,sample_jpeg_014.jpeg,jpeg,jpeg,.jpeg,4096,4096,False,False,1,4,64117ce55f7e8aed1f24daf74795bb1a0d61ecc8c1e86143958db0cf667461f6
FRAG_000123,FRAG_000123.bin,sample_jpeg_014.jpeg,jpeg,jpeg,.jpeg,8192,4096,False,False,2,4,44692c86f91272ae9daca1c253db6f26a14aef7f3213e376d6a8a45716b32d7b
FRAG_000124,FRAG_000124.bin,sample_jpeg_014.jpeg,jpeg,jpeg,.jpeg,12288,3491,False,True,3,4,8727138341e9caf7eb9203f2e4e1d07bec768b991f38a8ba6c40f0eb277f3075
FRAG_000125,FRAG_000125.bin,sample_jpeg_015.jpeg,jpeg,jpeg,.jpeg,0,4096,True,False,0,15,bab5bacc6352f7864d1d8e2747f8327a0111457eaabd249ffdbb7d4b8b6d2745
FRAG_000126,FRAG_000126.bin,sample_jpeg_015.jpeg,jpeg,jpeg,.jpeg,4096,4096,False,False,1,15,4ec2a0a2d237e5e6ea49073decf03a6cac2e49e995e1587905aaa09f0eb70ae5
FRAG_000127,FRAG_000127.bin,sample_jpeg_015.jpeg,jpeg,jpeg,.jpeg,8192,4096,False,False,2,15,114d87f64ac10df61b24442db6c02949656f8a310cbad796b30844da770a7e02
FRAG_000128,FRAG_000128.bin,sample_jpeg_015.jpeg,jpeg,jpeg,.jpeg,12288,4096,False,False,3,15,9c741c360831432cff4351a70aaa348e14ffb36caae84429288ec6d4ae4ca926
FRAG_000129,FRAG_000129.bin,sample_jpeg_015.jpeg,jpeg,jpeg,.jpeg,16384,4096,False,False,4,15,ed0cbd972d586527c76faa1d6336dbf9226c2b550d11023129256d9407293ca3
FRAG_000130,FRAG_000130.bin,sample_jpeg_015.jpeg,jpeg,jpeg,.jpeg,20480,4096,False,False,5,15,f1c389abad43bb430be11e1bdcbd6d0f1790913b06b8997c0542921bf781e63c
FRAG_000131,FRAG_000131.bin,sample_jpeg_015.jpeg,jpeg,jpeg,.jpeg,24576,4096,False,False,6,15,2dd9ba2fd5dfa17effcae5fbd658ea314fa2087b6e136cecf6ae66660d0b488e
FRAG_000132,FRAG_000132.bin,sample_jpeg_015.jpeg,jpeg,jpeg,.jpeg,28672,4096,False,False,7,15,fa3db435ff69a47d07f7c0ada232d28ec6bf55c05bc54b9fff74b4530c343326
FRAG_000133,FRAG_000133.bin,sample_jpeg_015.jpeg,jpeg,jpeg,.jpeg,32768,4096,False,False,8,15,28501499a0f402eba576a2fd2eb0617856553c6f2bf357cbf096c388b196dda5
FRAG_000134,FRAG_000134.bin,sample_jpeg_015.jpeg,jpeg,jpeg,.jpeg,36864,4096,False,False,9,15,83d14333e59929e9cf10a389bcdaff176f12c605c516934bbaaa35142de06c8b
FRAG_000135,FRAG_000135.bin,sample_jpeg_015.jpeg,jpeg,jpeg,.jpeg,40960,4096,False,False,10,15,ea98c096135c84563b6240d94005367e5530a9b0fc0c18befb002801154dc79b
FRAG_000136,FRAG_000136.bin,sample_jpeg_015.jpeg,jpeg,jpeg,.jpeg,45056,4096,False,False,11,15,0fd060ceb742ffde4ce44985aec25c5221eb4350a4954aead4084ccc541c481a
FRAG_000137,FRAG_000137.bin,sample_jpeg_015.jpeg,jpeg,jpeg,.jpeg,49152,4096,False,False,12,15,8b4357950f00a3b2055bc220f55f0da789566869c3ca64e5f6e540c90d2ab675
FRAG_000138,FRAG_000138.bin,sample_jpeg_015.jpeg,jpeg,jpeg,.jpeg,53248,4096,False,False,13,15,e1e53daac4262d3697aa915ac4d8e6f191116dc6553d56c034821a64846c276f
FRAG_000139,FRAG_000139.bin,sample_jpeg_015.jpeg,jpeg,jpeg,.jpeg,57344,1073,False,True,14,15,4ea42d35147ee98b247147cf7bdc8dfbf21b51d5248b1ae2948fca045119a9f5
FRAG_000140,FRAG_000140.bin,sample_jpeg_016.jpeg,jpeg,jpeg,.jpeg,0,4096,True,False,0,8,19554182a769e7a04b37fe09c874ff8a3eda34bee8010495f5518b18f0e9c82d
FRAG_000141,FRAG_000141.bin,sample_jpeg_016.jpeg,jpeg,jpeg,.jpeg,4096,4096,False,False,1,8,cb8991a8c6ee6337c0df513e1a67260090b1ed9455b3eafeffc2da6c986def30
FRAG_000142,FRAG_000142.bin,sample_jpeg_016.jpeg,jpeg,jpeg,.jpeg,8192,4096,False,False,2,8,63a3426bdce064a0fc86c01499555f8a25c612ce2b40097b43353b72ea0f2513
FRAG_000143,FRAG_000143.bin,sample_jpeg_016.jpeg,jpeg,jpeg,.jpeg,12288,4096,False,False,3,8,9bc12b0d45b0cc8c29847febff2f28db0ee096e57e152d2382fd0eba46ff1983
FRAG_000144,FRAG_000144.bin,sample_jpeg_016.jpeg,jpeg,jpeg,.jpeg,16384,4096,False,False,4,8,a7922403c063905544cf57227b3148f06fb71c3a23e2fe8313301a5051a30a42
FRAG_000145,FRAG_000145.bin,sample_jpeg_016.jpeg,jpeg,jpeg,.jpeg,20480,4096,False,False,5,8,7e7ad92fb22546e3c29783c677fb0e94fcd333a411a1c55bb4fea466e8b70a07
FRAG_000146,FRAG_000146.bin,sample_jpeg_016.jpeg,jpeg,jpeg,.jpeg,24576,4096,False,False,6,8,789c6433aff00016391a7776c5bf18789eeb8daa60b137e4b0564dc7932ec1b3
FRAG_000147,FRAG_000147.bin,sample_jpeg_016.jpeg,jpeg,jpeg,.jpeg,28672,3066,False,True,7,8,b88b097a2d336b384c5480e7c284fc2880a47ad5c90a0a879cdc1e34d9195145
FRAG_000148,FRAG_000148.bin,sample_jpeg_017.jpg,jpeg,jpeg,.jpg,0,4096,True,False,0,14,f23acaa002a0c6498f84ee28da2fd2a791c0c6f5e4481b40a1eadfcc828aec69
FRAG_000149,FRAG_000149.bin,sample_jpeg_017.jpg,jpeg,jpeg,.jpg,4096,4096,False,False,1,14,0a87923d61e6dd380edb304a7816d3e578a70f513f44bd2bc57adee1dc276aa9
FRAG_000150,FRAG_000150.bin,sample_jpeg_017.jpg,jpeg,jpeg,.jpg,8192,4096,False,False,2,14,d7db2a812be202604920626672ac9f05aaef1517b06a3e7a6d78bf2bee5a034f
FRAG_000151,FRAG_000151.bin,sample_jpeg_017.jpg,jpeg,jpeg,.jpg,12288,4096,False,False,3,14,33054b64216f32a525c8a2ffd5b60fe1b0798311ace0a153307acb290cac817e
FRAG_000152,FRAG_000152.bin,sample_jpeg_017.jpg,jpeg,jpeg,.jpg,16384,4096,False,False,4,14,04199bfc182f5a2ca8ea46d14ee8e70981f63ad8b0a1a436880e403822f88906
FRAG_000153,FRAG_000153.bin,sample_jpeg_017.jpg,jpeg,jpeg,.jpg,20480,4096,False,False,5,14,0f934c8d5301f6bc7ae5bea1e8a9a4cfb404ca461fc7b5a6bb6246a18bb28d64
FRAG_000154,FRAG_000154.bin,sample_jpeg_017.jpg,jpeg,jpeg,.jpg,24576,4096,False,False,6,14,6f84443932b46b8c807f47cc809e1b200a04056e06a0aaa7aa7809ec4c2dcbc2
FRAG_000155,FRAG_000155.bin,sample_jpeg_017.jpg,jpeg,jpeg,.jpg,28672,4096,False,False,7,14,65f5c371f6e301ab9e5bfbd7e1a8ccf050e90b41982482b62ae44da8c9f4deb6
FRAG_000156,FRAG_000156.bin,sample_jpeg_017.jpg,jpeg,jpeg,.jpg,32768,4096,False,False,8,14,88708fd66b89f0fd2298fcd921179605f67e8cbe74eed55d6807330de7fa559e
FRAG_000157,FRAG_000157.bin,sample_jpeg_017.jpg,jpeg,jpeg,.jpg,36864,4096,False,False,9,14,ad4191e76246a41defdd7d44acba15add14c5569910e5b650f8ae2a5324515a7
FRAG_000158,FRAG_000158.bin,sample_jpeg_017.jpg,jpeg,jpeg,.jpg,40960,4096,False,False,10,14,d8d97951fdd4bdbb998b63e6000451d5f165f87b79db262c62d6bac49fae2cce
FRAG_000159,FRAG_000159.bin,sample_jpeg_017.jpg,jpeg,jpeg,.jpg,45056,4096,False,False,11,14,9cb5d7ea1cc47382f2c61eadd9c71040cf410e681d8454a19753076e303d86a8
FRAG_000160,FRAG_000160.bin,sample_jpeg_017.jpg,jpeg,jpeg,.jpg,49152,4096,False,False,12,14,20323ac4b8ca6a5decbfe1fc47e42eb40304bb6d6df15fed9c1afef9b8ffd2bf
FRAG_000161,FRAG_000161.bin,sample_jpeg_017.jpg,jpeg,jpeg,.jpg,53248,1335,False,True,13,14,fc44e7fcea208e139b58a7ed92020a142c7dbb784fb345df4383244aa34a67fc
FRAG_000162,FRAG_000162.bin,sample_jpeg_018.jpeg,jpeg,jpeg,.jpeg,0,4096,True,False,0,8,554fe001375953b03446e02d2dc7d15f432301928248e31e21dcc575be53f548
FRAG_000163,FRAG_000163.bin,sample_jpeg_018.jpeg,jpeg,jpeg,.jpeg,4096,4096,False,False,1,8,b28d4e6eb8ef7798cc6e1144147189da0664c6ffd61d6ead4e8f2d20323f25d8
FRAG_000164,FRAG_000164.bin,sample_jpeg_018.jpeg,jpeg,jpeg,.jpeg,8192,4096,False,False,2,8,86ae8951a34c6841ee92213fb06e224aaf24bf62be54e0fe662918551aa456b7
FRAG_000165,FRAG_000165.bin,sample_jpeg_018.jpeg,jpeg,jpeg,.jpeg,12288,4096,False,False,3,8,fb4bb3b53c4a0c656f26d0cd84f606502cbe289be5cd6870a838caa2f7c3f5af
FRAG_000166,FRAG_000166.bin,sample_jpeg_018.jpeg,jpeg,jpeg,.jpeg,16384,4096,False,False,4,8,d08e7cf44bf70403a248c15e2419539a8eb507a5b6d845c0d6c090d30e673d7e
FRAG_000167,FRAG_000167.bin,sample_jpeg_018.jpeg,jpeg,jpeg,.jpeg,20480,4096,False,False,5,8,88123af0cdb78643913f4288b20d5793d5898a74d8553a03597c639920b3091e
FRAG_000168,FRAG_000168.bin,sample_jpeg_018.jpeg,jpeg,jpeg,.jpeg,24576,4096,False,False,6,8,3688b16e1c52f34c8e91c630e9c5cb3ae65e843acf248506cd62be3d7736971c
FRAG_000169,FRAG_000169.bin,sample_jpeg_018.jpeg,jpeg,jpeg,.jpeg,28672,939,False,True,7,8,97ac9681e4de8274834aec433433f5c4a7f01014ecea20794f5359f0ebd23308
FRAG_000170,FRAG_000170.bin,sample_jpeg_019.jpg,jpeg,jpeg,.jpg,0,4096,True,False,0,12,7c02e91e29812288964e7c50a1045f37d3359e278209a64f5cbad1071c69a5e4
FRAG_000171,FRAG_000171.bin,sample_jpeg_019.jpg,jpeg,jpeg,.jpg,4096,4096,False,False,1,12,9547fec391dd65ca666dd4877731c2580baadd55dc9817bfb3e8b1c80ab0ac82
FRAG_000172,FRAG_000172.bin,sample_jpeg_019.jpg,jpeg,jpeg,.jpg,8192,4096,False,False,2,12,977c3cc399cb0681eff76ebc848e7ce1cf1fcedd6bade44cc7a5fd6580daa3b7
FRAG_000173,FRAG_000173.bin,sample_jpeg_019.jpg,jpeg,jpeg,.jpg,12288,4096,False,False,3,12,c70d88e28769c974cb838b0cef94abc0a0aa1d7a5e3d5f0c48e96e46a5b9539b
FRAG_000174,FRAG_000174.bin,sample_jpeg_019.jpg,jpeg,jpeg,.jpg,16384,4096,False,False,4,12,37d6accd0f7837d684b5dc647c6cff7f62659008e7f16d63eb743a960e227acd
FRAG_000175,FRAG_000175.bin,sample_jpeg_019.jpg,jpeg,jpeg,.jpg,20480,4096,False,False,5,12,74de13d4ece941888d0a07692a8069ef3c3f734970b8cdeb7ed5098202eb5304
FRAG_000176,FRAG_000176.bin,sample_jpeg_019.jpg,jpeg,jpeg,.jpg,24576,4096,False,False,6,12,fbac8afcb21e5d27fec0e554c88767b4c5c1e19fa329ec57a7c9164c5ab8bcf0
FRAG_000177,FRAG_000177.bin,sample_jpeg_019.jpg,jpeg,jpeg,.jpg,28672,4096,False,False,7,12,44fccb192715b654b576ed4502b3570b0b44fba491a5bd9009e9edbf7ffa4366
FRAG_000178,FRAG_000178.bin,sample_jpeg_019.jpg,jpeg,jpeg,.jpg,32768,4096,False,False,8,12,b6d45379bdc39e7e6e9cf64854e5b8c996eb461d115916ee8b360af1b902799a
FRAG_000179,FRAG_000179.bin,sample_jpeg_019.jpg,jpeg,jpeg,.jpg,36864,4096,False,False,9,12,02c724fd5ab7d95c1647825066db9b1b3ce76607d3d9b7851e01540dccc1369c
FRAG_000180,FRAG_000180.bin,sample_jpeg_019.jpg,jpeg,jpeg,.jpg,40960,4096,False,False,10,12,063bb185bad82b9a5eb2c419fea55c64b627dcaeba7269c942cc0aedab85ad0e
FRAG_000181,FRAG_000181.bin,sample_jpeg_019.jpg,jpeg,jpeg,.jpg,45056,914,False,True,11,12,58370c241d009571d11a874e27f54861b4c0f517f4e2c6ff42498f866df88f03
FRAG_000182,FRAG_000182.bin,sample_jpeg_020.jpg,jpeg,jpeg,.jpg,0,4096,True,False,0,5,7bb7973fc531e2aa56116005e8f8ff6459d96f47cdbca782542176d2b29e0e3b
FRAG_000183,FRAG_000183.bin,sample_jpeg_020.jpg,jpeg,jpeg,.jpg,4096,4096,False,False,1,5,0eeb88e889400722c622ca15f5d0c668e5d33f0263e41f13cb4120303be61c7d
FRAG_000184,FRAG_000184.bin,sample_jpeg_020.jpg,jpeg,jpeg,.jpg,8192,4096,False,False,2,5,57035e0aa80ab184693ef3ed114e7d5d6e89f253b2c28b481f086c5964559ceb
FRAG_000185,FRAG_000185.bin,sample_jpeg_020.jpg,jpeg,jpeg,.jpg,12288,4096,False,False,3,5,50ae9013f224b24d271f279c8206d6982ddb54e38d16496bd0fbe5ed08aefabc
FRAG_000186,FRAG_000186.bin,sample_jpeg_020.jpg,jpeg,jpeg,.jpg,16384,3914,False,True,4,5,803aa07a8ab31bf16f655e8e75c36d656409112baf8e0e5181d8781f1beeff6c
FRAG_000187,FRAG_000187.bin,sample_jpeg_021.jpg,jpeg,jpeg,.jpg,0,4096,True,False,0,6,91540f5f87b09d28ecbb45ed0099b3fb4bccd34e6a95887b33072cb579c5180e
FRAG_000188,FRAG_000188.bin,sample_jpeg_021.jpg,jpeg,jpeg,.jpg,4096,4096,False,False,1,6,50036ed5b0b369d0a893ce2a143ff5fcf66f999bd962d41c597079b99c018772
FRAG_000189,FRAG_000189.bin,sample_jpeg_021.jpg,jpeg,jpeg,.jpg,8192,4096,False,False,2,6,6e1ebcf5d9a556833c69b64590a529d13f992713b2380568f213003499de010a
FRAG_000190,FRAG_000190.bin,sample_jpeg_021.jpg,jpeg,jpeg,.jpg,12288,4096,False,False,3,6,d55c3fa9c23483d0d3df08023b06e40dfaaf8bf21db999ed6f3aaf0da8bf0a63
FRAG_000191,FRAG_000191.bin,sample_jpeg_021.jpg,jpeg,jpeg,.jpg,16384,4096,False,False,4,6,43aafc25bea3191599cd2989c8e98c134c0825c8cbb10d1843e4ba5ec764d2e7
FRAG_000192,FRAG_000192.bin,sample_jpeg_021.jpg,jpeg,jpeg,.jpg,20480,3087,False,True,5,6,16b7b81cfd62544a35e9831d8618d93b2f1906f27e3a9c396d3cf981a31be2c7
FRAG_000193,FRAG_000193.bin,sample_jpeg_022.jpg,jpeg,jpeg,.jpg,0,4096,True,False,0,8,218d49ac7ae0fcd15bcef99e00b8202c9365638e48934a2bead14f2d6b1ed638
FRAG_000194,FRAG_000194.bin,sample_jpeg_022.jpg,jpeg,jpeg,.jpg,4096,4096,False,False,1,8,bb12c24d69240e27dfeb0ef81e49d962160d75fb9e55463bf4dbf949b328b234
FRAG_000195,FRAG_000195.bin,sample_jpeg_022.jpg,jpeg,jpeg,.jpg,8192,4096,False,False,2,8,1d2dd4e273e0cca795c9c8cf38c97aa88dbe8cb0ec34bda23fe602952a344353
FRAG_000196,FRAG_000196.bin,sample_jpeg_022.jpg,jpeg,jpeg,.jpg,12288,4096,False,False,3,8,442af637020bca58768497c71f0e40b496b0de838f5516e2d931ecd2453cddf5
FRAG_000197,FRAG_000197.bin,sample_jpeg_022.jpg,jpeg,jpeg,.jpg,16384,4096,False,False,4,8,c0fc5c1adb5e6504a9a1dc2357e8369b93895ff223731e04cdbce37c48cc7185
FRAG_000198,FRAG_000198.bin,sample_jpeg_022.jpg,jpeg,jpeg,.jpg,20480,4096,False,False,5,8,ff721110af1672bd915f040d26c8acc61f4972297dc49137b3a90a009e4e638e
FRAG_000199,FRAG_000199.bin,sample_jpeg_022.jpg,jpeg,jpeg,.jpg,24576,4096,False,False,6,8,f0dd50bb0111e873d21eaf2f37eb176a3ef70682af0d05f76dfcf5387fb85876
FRAG_000200,FRAG_000200.bin,sample_jpeg_022.jpg,jpeg,jpeg,.jpg,28672,3671,False,True,7,8,265935d370d1452943b47dc704182df6f6e95cb9c244590f1e728587fd88e42f
FRAG_000201,FRAG_000201.bin,sample_jpeg_023.jpeg,jpeg,jpeg,.jpeg,0,4096,True,False,0,4,560ac9246533c75fab97d3f02552eaa15685c820a4b6d8723b041fa1369e8e56
FRAG_000202,FRAG_000202.bin,sample_jpeg_023.jpeg,jpeg,jpeg,.jpeg,4096,4096,False,False,1,4,e2756eca854d3f7d3bc74b3a0e138a60dacea406542b6722e69ed79924c1da72
FRAG_000203,FRAG_000203.bin,sample_jpeg_023.jpeg,jpeg,jpeg,.jpeg,8192,4096,False,False,2,4,d62429187e5e711e3acf496830a73d059bfb1f966476074d34661d71849bdd61
FRAG_000204,FRAG_000204.bin,sample_jpeg_023.jpeg,jpeg,jpeg,.jpeg,12288,1819,False,True,3,4,a87e0cc971af1763e4e8bc2e282d2d117f6beaf83fc37e64bfdf35fc94007c6f
FRAG_000205,FRAG_000205.bin,sample_jpeg_024.jpeg,jpeg,jpeg,.jpeg,0,4096,True,False,0,9,c9ebe00387009beda1632cccd80d4cbf5758bf7e9731fc7bdb583af2c41f6482
FRAG_000206,FRAG_000206.bin,sample_jpeg_024.jpeg,jpeg,jpeg,.jpeg,4096,4096,False,False,1,9,15c5b59c46f02edd6b5086200f25594dd11030e09965c52c1b1d20e66431d498
FRAG_000207,FRAG_000207.bin,sample_jpeg_024.jpeg,jpeg,jpeg,.jpeg,8192,4096,False,False,2,9,ae2b7b8d719029e024bf9a9f0b89e2b1ab67f6dd25a72e806f509a506b372b42
FRAG_000208,FRAG_000208.bin,sample_jpeg_024.jpeg,jpeg,jpeg,.jpeg,12288,4096,False,False,3,9,ac32c10e5b932adc2b07d1e905976119211dd3f6a4c22f51b3f56b0378d12912
FRAG_000209,FRAG_000209.bin,sample_jpeg_024.jpeg,jpeg,jpeg,.jpeg,16384,4096,False,False,4,9,7674bb5e508a0b708db3dc9a2905444141180b992427c4d1642d5d0257799f30
FRAG_000210,FRAG_000210.bin,sample_jpeg_024.jpeg,jpeg,jpeg,.jpeg,20480,4096,False,False,5,9,96f7087253ce7f63b5663d91aabf03132cc57971fee4d918665d562ffeaf3b68
FRAG_000211,FRAG_000211.bin,sample_jpeg_024.jpeg,jpeg,jpeg,.jpeg,24576,4096,False,False,6,9,ee77903f706bc6ffe9cafb3fec93e1ed1afdf4a9eafb78c3aa410429706a0503
FRAG_000212,FRAG_000212.bin,sample_jpeg_024.jpeg,jpeg,jpeg,.jpeg,28672,4096,False,False,7,9,b4f488edc6c26e5e0edae972add202f49735c55bfe2130ec3012c59cf533d1e5
FRAG_000213,FRAG_000213.bin,sample_jpeg_024.jpeg,jpeg,jpeg,.jpeg,32768,3589,False,True,8,9,d38a569d3ed8c03ea633d8b8f05c52c9e1ba398e4d4f83e4485b65671deee6d8
FRAG_000214,FRAG_000214.bin,sample_jpeg_025.jpg,jpeg,jpeg,.jpg,0,4096,True,False,0,11,aa9f7a98e31692aedf9eb2c23cfbfd6c5fed3cc37abaed6f303f6cfbd807c473
FRAG_000215,FRAG_000215.bin,sample_jpeg_025.jpg,jpeg,jpeg,.jpg,4096,4096,False,False,1,11,3ad827c7e93a40ad9d57722b382cb4357266344e75dd77953117f6ad20f87de2
FRAG_000216,FRAG_000216.bin,sample_jpeg_025.jpg,jpeg,jpeg,.jpg,8192,4096,False,False,2,11,494fa9351724052acb6018f8faf6873e08ef1a4503a3db70d7e70211ba1d66a9
FRAG_000217,FRAG_000217.bin,sample_jpeg_025.jpg,jpeg,jpeg,.jpg,12288,4096,False,False,3,11,24c8a984dd60259aa4ef0fe8d8efd45fff13295a0c6a56a4a68ac2c0366a5217
FRAG_000218,FRAG_000218.bin,sample_jpeg_025.jpg,jpeg,jpeg,.jpg,16384,4096,False,False,4,11,5b10821e3dffef8f23615c4bd1488da10fc707bfd644330365c737b0d925889c
FRAG_000219,FRAG_000219.bin,sample_jpeg_025.jpg,jpeg,jpeg,.jpg,20480,4096,False,False,5,11,f7feb0e864f2d997e3e55760399f0dbb91f6bc309f15effeb153ce729e1caaf8
FRAG_000220,FRAG_000220.bin,sample_jpeg_025.jpg,jpeg,jpeg,.jpg,24576,4096,False,False,6,11,71402e175f6284943f59502b52b5d41d3c59c307748699494e59edc3614f6d45
FRAG_000221,FRAG_000221.bin,sample_jpeg_025.jpg,jpeg,jpeg,.jpg,28672,4096,False,False,7,11,8645cde6602003a211544fb67af9290d751b35191be75638e17f695033b23f19
FRAG_000222,FRAG_000222.bin,sample_jpeg_025.jpg,jpeg,jpeg,.jpg,32768,4096,False,False,8,11,51a0fa42218538394393b483ccc68bcf139889ec38eea04f2a0f3310c0cf8ffe
FRAG_000223,FRAG_000223.bin,sample_jpeg_025.jpg,jpeg,jpeg,.jpg,36864,4096,False,False,9,11,fe43c74798ba2afff89618cd9eeaf4f9d37eab47489abb2eff03ba9ccf407c29
FRAG_000224,FRAG_000224.bin,sample_jpeg_025.jpg,jpeg,jpeg,.jpg,40960,2225,False,True,10,11,cfb7057cde2a1f81a31b8aa629bcd4f3d71a8bd14cf7ac82c3602e9fc4e4d344
FRAG_000225,FRAG_000225.bin,sample_pdf_001.pdf,pdf,pdf,.pdf,0,4096,True,False,0,34,51986d6900e5df86d929eac87a9fe12bf5997ee0687868bf536f8c375d2d3245
FRAG_000226,FRAG_000226.bin,sample_pdf_001.pdf,pdf,pdf,.pdf,4096,4096,False,False,1,34,c66ae9b7bc073012ef006ebd1e6419dc6dc9687cd27d617c515f820b50d605c4
FRAG_000227,FRAG_000227.bin,sample_pdf_001.pdf,pdf,pdf,.pdf,8192,4096,False,False,2,34,8cd18f0726191db4dbe8dcfe0404d48da19241a8358bc05f3e71d12a6738c968
FRAG_000228,FRAG_000228.bin,sample_pdf_001.pdf,pdf,pdf,.pdf,12288,4096,False,False,3,34,56f5fa60bb477f0278dcc10445bc16185057d6cb943cad0ddb7e99d9b53cb86b
FRAG_000229,FRAG_000229.bin,sample_pdf_001.pdf,pdf,pdf,.pdf,16384,4096,False,False,4,34,529d26b3f8bf25d3fd503340a558d09f905e3f97f4634488f18069d4e37464e6
FRAG_000230,FRAG_000230.bin,sample_pdf_001.pdf,pdf,pdf,.pdf,20480,4096,False,False,5,34,4f961dac92c17f977b4a5f478ec40060213f15971aed2dce0994e72e0fa1909f
FRAG_000231,FRAG_000231.bin,sample_pdf_001.pdf,pdf,pdf,.pdf,24576,4096,False,False,6,34,9f07237250030772ec60341e6330654109aafc5bac7241b9d3dff0bc4456ed65
FRAG_000232,FRAG_000232.bin,sample_pdf_001.pdf,pdf,pdf,.pdf,28672,4096,False,False,7,34,64ca5003da1657ebeaf95c0f764aca101b95be96455f889b42c17b816a8554ac
FRAG_000233,FRAG_000233.bin,sample_pdf_001.pdf,pdf,pdf,.pdf,32768,4096,False,False,8,34,0fbc06c1f61e71e3e36b971f1bffca5d3b7b47af0c4334101a00517e7fac4b24
FRAG_000234,FRAG_000234.bin,sample_pdf_001.pdf,pdf,pdf,.pdf,36864,4096,False,False,9,34,4e409ac421771d866f583b2ac0ae75bd4c8a7b8b9cb37d3bb22d6beaee661304
FRAG_000235,FRAG_000235.bin,sample_pdf_001.pdf,pdf,pdf,.pdf,40960,4096,False,False,10,34,757880a6f71deff4fd00f60e2e5c09d67c7f2f9f46bd925d8667bf8ec13ce3ab
FRAG_000236,FRAG_000236.bin,sample_pdf_001.pdf,pdf,pdf,.pdf,45056,4096,False,False,11,34,6e3f0dbab013d1e39dd5c2c916334c8bb88dfcd94cb6bca53114c26d74718f2b
FRAG_000237,FRAG_000237.bin,sample_pdf_001.pdf,pdf,pdf,.pdf,49152,4096,False,False,12,34,badee50700273742d34ec56015856583af3a0972ff00a9b03aeaec9d75b7326b
FRAG_000238,FRAG_000238.bin,sample_pdf_001.pdf,pdf,pdf,.pdf,53248,4096,False,False,13,34,b064fba229816961c71b818fd67e18b81978169a132ad7f15231d56e7a57b8cc
FRAG_000239,FRAG_000239.bin,sample_pdf_001.pdf,pdf,pdf,.pdf,57344,4096,False,False,14,34,c310b0e57e3d5fe99c525995fbfeada6b9aa5cb6245968c5e1cfc074dd159560
FRAG_000240,FRAG_000240.bin,sample_pdf_001.pdf,pdf,pdf,.pdf,61440,4096,False,False,15,34,7b25ceed78abc97f20c92b26b3d745b2c867760d2a2195129a1d3b80ffe6bc45
FRAG_000241,FRAG_000241.bin,sample_pdf_001.pdf,pdf,pdf,.pdf,65536,4096,False,False,16,34,bcd7695a85a7000842694ede0b9dac12ca0b155c6d000109ca482077f81aaf66
FRAG_000242,FRAG_000242.bin,sample_pdf_001.pdf,pdf,pdf,.pdf,69632,4096,False,False,17,34,b69906c11d478239ec2df5d36a21e080ee4fe370eb30dcb0931984dc67d79296
FRAG_000243,FRAG_000243.bin,sample_pdf_001.pdf,pdf,pdf,.pdf,73728,4096,False,False,18,34,95c621744a204886bfc7d89dca1922c0b468f14a075b414d5aa34bc997a4f3de
FRAG_000244,FRAG_000244.bin,sample_pdf_001.pdf,pdf,pdf,.pdf,77824,4096,False,False,19,34,3c5b8f4a000c96593fc2c3b40ba3d490db9203823b45a37bc691a7a8a2626441
FRAG_000245,FRAG_000245.bin,sample_pdf_001.pdf,pdf,pdf,.pdf,81920,4096,False,False,20,34,c1547026e7dc00a8f2e52c35b96086b5e10d1cb15ead2cc39547efbf084df483
FRAG_000246,FRAG_000246.bin,sample_pdf_001.pdf,pdf,pdf,.pdf,86016,4096,False,False,21,34,398154b7907c64c66ed43341b4d7abddbcdc476ad79bc86f73fc17dc20d2fd7a
FRAG_000247,FRAG_000247.bin,sample_pdf_001.pdf,pdf,pdf,.pdf,90112,4096,False,False,22,34,d8195ee6156b459ea1fe0f09d3fc6f5186618be9ec8c73f50771bc23d559a109
FRAG_000248,FRAG_000248.bin,sample_pdf_001.pdf,pdf,pdf,.pdf,94208,4096,False,False,23,34,5c3f7df7141ae857c6d90413d8b5ef2c59d44a6ac18f46a1165bb7375bc74f7b
FRAG_000249,FRAG_000249.bin,sample_pdf_001.pdf,pdf,pdf,.pdf,98304,4096,False,False,24,34,5ed32136d0fa661082c557c5b610dc2d671752e8b1c8bd511200f965c6eac180
FRAG_000250,FRAG_000250.bin,sample_pdf_001.pdf,pdf,pdf,.pdf,102400,4096,False,False,25,34,74bc56f5063c4c4c2be6df64e5bda8f6455ef5bf7cbb6ce4c3aecd7d7db585c3
FRAG_000251,FRAG_000251.bin,sample_pdf_001.pdf,pdf,pdf,.pdf,106496,4096,False,False,26,34,d10b33d8671d9fd826fe034099cb2da19bfcbad08915108bf968d052431fef6c
FRAG_000252,FRAG_000252.bin,sample_pdf_001.pdf,pdf,pdf,.pdf,110592,4096,False,False,27,34,9d1317a1701c7a76f9a4b7f3a338284bfff47eb890e8a801a0c4da49e2b5c839
FRAG_000253,FRAG_000253.bin,sample_pdf_001.pdf,pdf,pdf,.pdf,114688,4096,False,False,28,34,ce35aaab628919a1a74a328387c3f19504a01a7810788708a6e885024125f5fa
FRAG_000254,FRAG_000254.bin,sample_pdf_001.pdf,pdf,pdf,.pdf,118784,4096,False,False,29,34,0642d373725249c023faa31e4c413e9eb102136af5465c451012e9c3e8cf116f
FRAG_000255,FRAG_000255.bin,sample_pdf_001.pdf,pdf,pdf,.pdf,122880,4096,False,False,30,34,097854fa989bc9c4b20dc7cb3320798c3adea5ffd16518322f4cff8337840b10
FRAG_000256,FRAG_000256.bin,sample_pdf_001.pdf,pdf,pdf,.pdf,126976,4096,False,False,31,34,83e40c9a84dfb7053ed267abbe22ab577db6e0a0d3e5cb83037760ff3b7f81e8
FRAG_000257,FRAG_000257.bin,sample_pdf_001.pdf,pdf,pdf,.pdf,131072,4096,False,False,32,34,986cad9feb8c4823c0a2a3f784d8609456a286bc2b0354daa3ddc400e6533421
FRAG_000258,FRAG_000258.bin,sample_pdf_001.pdf,pdf,pdf,.pdf,135168,3660,False,True,33,34,bc2b400cdb17dc3b027ad90a87f07665607480cffb4513d02dd864bef7912273
FRAG_000259,FRAG_000259.bin,sample_pdf_002.pdf,pdf,pdf,.pdf,0,4096,True,False,0,21,ebee9fecc6e0204176f5c82c2df4f3b2ccd244ac089c606762bcaf6e11820704
FRAG_000260,FRAG_000260.bin,sample_pdf_002.pdf,pdf,pdf,.pdf,4096,4096,False,False,1,21,57794664a08f30713101d633c978a5fa3bf0b90755ecc195276303406b5ddb26
FRAG_000261,FRAG_000261.bin,sample_pdf_002.pdf,pdf,pdf,.pdf,8192,4096,False,False,2,21,638294bc416ef2cf4ba0c51d2a0502b18c6f7749e39d7c0ae8666412489d5e25
FRAG_000262,FRAG_000262.bin,sample_pdf_002.pdf,pdf,pdf,.pdf,12288,4096,False,False,3,21,428e9d4d0a616ae309a5e2d3e28a83e9b8887a59ca6c46e24f42ba851cc86685
FRAG_000263,FRAG_000263.bin,sample_pdf_002.pdf,pdf,pdf,.pdf,16384,4096,False,False,4,21,e2ebc6c08b5736cdd53df891c3aadbaf2846ca7f84e6fcf05b8efbf83686dcca
FRAG_000264,FRAG_000264.bin,sample_pdf_002.pdf,pdf,pdf,.pdf,20480,4096,False,False,5,21,d8ddd76bb0043463a3d418106d9e686ab51dc306d62f020228cdef71ab1e7311
FRAG_000265,FRAG_000265.bin,sample_pdf_002.pdf,pdf,pdf,.pdf,24576,4096,False,False,6,21,30175c93b25e2327fa5440ad84a9a26feffc0ac7f65e1f74b09491fc6ab2e19c
FRAG_000266,FRAG_000266.bin,sample_pdf_002.pdf,pdf,pdf,.pdf,28672,4096,False,False,7,21,9fe512144dffa278c71b113bcd08f43623d26f20f7571cf1b3cedc3e6fb2ebdf
FRAG_000267,FRAG_000267.bin,sample_pdf_002.pdf,pdf,pdf,.pdf,32768,4096,False,False,8,21,cc940f5ff4c06c4cbed39a68674d2278f24b4731a51661dd72c450e7ddf3fc73
FRAG_000268,FRAG_000268.bin,sample_pdf_002.pdf,pdf,pdf,.pdf,36864,4096,False,False,9,21,5eb287d06583cbf2a473eb73e12d9734c6f98ac6f3fad194d33052aefce215c7
FRAG_000269,FRAG_000269.bin,sample_pdf_002.pdf,pdf,pdf,.pdf,40960,4096,False,False,10,21,5da93a759f1f4505478388ff434b547954b67e8a8007f27651c0d05f389da556
FRAG_000270,FRAG_000270.bin,sample_pdf_002.pdf,pdf,pdf,.pdf,45056,4096,False,False,11,21,8b01e43591c7389fbfcabc55da23467c12d5e7e280a1ce7fa818f4e19c1f8adb
FRAG_000271,FRAG_000271.bin,sample_pdf_002.pdf,pdf,pdf,.pdf,49152,4096,False,False,12,21,78fc5973d63e1d5765374e347e2fbe4cd9991314622d772aac6e1ddee9973cce
FRAG_000272,FRAG_000272.bin,sample_pdf_002.pdf,pdf,pdf,.pdf,53248,4096,False,False,13,21,9eb63fd946b579ab484bb330dce78c3ad400f4990140659b4a3fe1c5d08ff25b
FRAG_000273,FRAG_000273.bin,sample_pdf_002.pdf,pdf,pdf,.pdf,57344,4096,False,False,14,21,6ada75470a5491c64cf18ff964a008bbd050c45a7a88e1fbd9956ba3afd42689
FRAG_000274,FRAG_000274.bin,sample_pdf_002.pdf,pdf,pdf,.pdf,61440,4096,False,False,15,21,01407c5aa5323815880bc500f15b0858920bfd643fa201ed01a5d580e00e3bfc
FRAG_000275,FRAG_000275.bin,sample_pdf_002.pdf,pdf,pdf,.pdf,65536,4096,False,False,16,21,25eee5065dfc52ba99df4b5497ea84b4a166bb89a6ae7da86c8b968a01d2aae2
FRAG_000276,FRAG_000276.bin,sample_pdf_002.pdf,pdf,pdf,.pdf,69632,4096,False,False,17,21,94d5b8eac479f08c402f063fde0ae8fbfaab239120cbdc30cb6426784a254741
FRAG_000277,FRAG_000277.bin,sample_pdf_002.pdf,pdf,pdf,.pdf,73728,4096,False,False,18,21,f81a4af1514eec77e71421a483bc7f8bd1bbddf9766a98e02a6c6e80c9bbe2bd
FRAG_000278,FRAG_000278.bin,sample_pdf_002.pdf,pdf,pdf,.pdf,77824,4096,False,False,19,21,69a6819a46c8d057d203e3adba985c656846c07059582be229424be023f34efc
FRAG_000279,FRAG_000279.bin,sample_pdf_002.pdf,pdf,pdf,.pdf,81920,2815,False,True,20,21,32a0366c1506e7a238344c6f0cc9af619c7a577d8a945362ecd63f8d63edc60e
FRAG_000280,FRAG_000280.bin,sample_pdf_003.pdf,pdf,pdf,.pdf,0,4096,True,False,0,26,1a4074b40b99f6cfc7ae9164fa372facfd37455fe1df659f0d4291375cda2ab7
FRAG_000281,FRAG_000281.bin,sample_pdf_003.pdf,pdf,pdf,.pdf,4096,4096,False,False,1,26,ec9e045174ae38bb556e1b13202c46a2c3d21883907ab2f3399b6f8660020df5
FRAG_000282,FRAG_000282.bin,sample_pdf_003.pdf,pdf,pdf,.pdf,8192,4096,False,False,2,26,72fd23be910ef284b16f1c572e47aa01307fd27a049c7100c01486b15b4eafe9
FRAG_000283,FRAG_000283.bin,sample_pdf_003.pdf,pdf,pdf,.pdf,12288,4096,False,False,3,26,b207821e66c0d725ff3b408343c628518d8b73028fa7bc8fa3f51c49aae488c6
FRAG_000284,FRAG_000284.bin,sample_pdf_003.pdf,pdf,pdf,.pdf,16384,4096,False,False,4,26,7d8d25daf78f6104d5e375f9f4782be7328972d62d701d51d808c57a082622df
FRAG_000285,FRAG_000285.bin,sample_pdf_003.pdf,pdf,pdf,.pdf,20480,4096,False,False,5,26,26cfda170b0ad46183b359c713e42a230044b61ad60511b3e599fe3682126f9a
FRAG_000286,FRAG_000286.bin,sample_pdf_003.pdf,pdf,pdf,.pdf,24576,4096,False,False,6,26,c3787eebca2e385d582cc90f7de245d243d8eb225eb86ad2a29523e2d50e503f
FRAG_000287,FRAG_000287.bin,sample_pdf_003.pdf,pdf,pdf,.pdf,28672,4096,False,False,7,26,384cd8b05485bc8bce9a4fcb77265b4458fb5b6f73753270dc64960d6e281d4d
FRAG_000288,FRAG_000288.bin,sample_pdf_003.pdf,pdf,pdf,.pdf,32768,4096,False,False,8,26,964ee4bd4f0dba313b173b87c41ad795488d9ac3fa581b93d92d4bd165a90b7f
FRAG_000289,FRAG_000289.bin,sample_pdf_003.pdf,pdf,pdf,.pdf,36864,4096,False,False,9,26,952def9a76bc371ad6621f258a1cf7c20ad85287dcb88311b92a9bf1477d4d6e
FRAG_000290,FRAG_000290.bin,sample_pdf_003.pdf,pdf,pdf,.pdf,40960,4096,False,False,10,26,a3f88cd6b3b61d407bdf6b1f97c97fd7a26af6abdaeeb54fa42ead1c5d1f725e
FRAG_000291,FRAG_000291.bin,sample_pdf_003.pdf,pdf,pdf,.pdf,45056,4096,False,False,11,26,1a077eb1c8c1fb988adeff54cea218bce630b42c7f3c117f9be78568d528ed2f
FRAG_000292,FRAG_000292.bin,sample_pdf_003.pdf,pdf,pdf,.pdf,49152,4096,False,False,12,26,9333fd57ea4b74c4cda7d6180ce6d165669a7a7e44319f1d49860d20ac654b9e
FRAG_000293,FRAG_000293.bin,sample_pdf_003.pdf,pdf,pdf,.pdf,53248,4096,False,False,13,26,9572259d685b430ab97e6dd7d02f6fe6bd8705a5bef16afdc56f99802edff059
FRAG_000294,FRAG_000294.bin,sample_pdf_003.pdf,pdf,pdf,.pdf,57344,4096,False,False,14,26,9685f2b66ab96361e50fa3af348fd873c688691bc21eb104a41e0c3f1b6998ef
FRAG_000295,FRAG_000295.bin,sample_pdf_003.pdf,pdf,pdf,.pdf,61440,4096,False,False,15,26,6cba63299624f683f449141af66d2501ed4b6d9b9ff45bab0ec1c104613e02cc
FRAG_000296,FRAG_000296.bin,sample_pdf_003.pdf,pdf,pdf,.pdf,65536,4096,False,False,16,26,51dadd149303dcd67e9c053534bd3613b41b7d3f157dd0b1e8c6cd43f6146a40
FRAG_000297,FRAG_000297.bin,sample_pdf_003.pdf,pdf,pdf,.pdf,69632,4096,False,False,17,26,025c0868f0f20b4bfde9ca995c3338b137b4e02f9bcf1e38f764735d87f14a1a
FRAG_000298,FRAG_000298.bin,sample_pdf_003.pdf,pdf,pdf,.pdf,73728,4096,False,False,18,26,53a0e309a7131c9e602815348b7fcc01abe2bdc3b319c8e6416361d46933e692
FRAG_000299,FRAG_000299.bin,sample_pdf_003.pdf,pdf,pdf,.pdf,77824,4096,False,False,19,26,9e1ba7f328fd372f1f311616bf25cef46a3baedb317063c8954c7757f14bdf0b
FRAG_000300,FRAG_000300.bin,sample_pdf_003.pdf,pdf,pdf,.pdf,81920,4096,False,False,20,26,9881177c1223a9a9a345fc9062faff72f8b3b940c66cb0d19e00cd8a49a82872
FRAG_000301,FRAG_000301.bin,sample_pdf_003.pdf,pdf,pdf,.pdf,86016,4096,False,False,21,26,3b8e539d0dffe19f211186ac9687a5a9703c57cc312305d1cea083b11dc2b251
FRAG_000302,FRAG_000302.bin,sample_pdf_003.pdf,pdf,pdf,.pdf,90112,4096,False,False,22,26,8bd6e215f1cc066818703533fa8fc4c6967f6e67a6ab8e00ff55b9f031f21fc2
FRAG_000303,FRAG_000303.bin,sample_pdf_003.pdf,pdf,pdf,.pdf,94208,4096,False,False,23,26,dc03da2bfed513ca06bb0b27b1800de049537c1989ea9b6ba17096a46264cdbd
FRAG_000304,FRAG_000304.bin,sample_pdf_003.pdf,pdf,pdf,.pdf,98304,4096,False,False,24,26,5bb8f6b445ff8f2980538f527e7381fdc49bee172e1dd5b07ccb2a2d5d16c413
FRAG_000305,FRAG_000305.bin,sample_pdf_003.pdf,pdf,pdf,.pdf,102400,1764,False,True,25,26,9b8fb0a899628a5059d3439ea67086ea3bc7e6e9535cc0a37738066b2e5d834d
FRAG_000306,FRAG_000306.bin,sample_pdf_004.pdf,pdf,pdf,.pdf,0,4096,True,False,0,8,e82dbeb7a370576d605da9684c8420d4eb73761eb6dfd8613eb90a01367d6996
FRAG_000307,FRAG_000307.bin,sample_pdf_004.pdf,pdf,pdf,.pdf,4096,4096,False,False,1,8,c98d87d070b1d1da3f13e51bb27ef9c91dff87bd5779af30e54547377644d57d
FRAG_000308,FRAG_000308.bin,sample_pdf_004.pdf,pdf,pdf,.pdf,8192,4096,False,False,2,8,e94f0d62e6d9d5dbb26b70396f3abe226f580f2c4a9d2f3dd7a4c58f2423b948
FRAG_000309,FRAG_000309.bin,sample_pdf_004.pdf,pdf,pdf,.pdf,12288,4096,False,False,3,8,c272824410e1d25e448975042deaded7bec5c1043448ca095413f8f01ee52280
FRAG_000310,FRAG_000310.bin,sample_pdf_004.pdf,pdf,pdf,.pdf,16384,4096,False,False,4,8,61b2f403e5b03f1b2d193ff499811d833e8810eb460690e53528cc0bc78b3318
FRAG_000311,FRAG_000311.bin,sample_pdf_004.pdf,pdf,pdf,.pdf,20480,4096,False,False,5,8,e497a53152d6ae5a68e65aaae0043bc55234fcf5969989f5376dbcd6636cc44c
FRAG_000312,FRAG_000312.bin,sample_pdf_004.pdf,pdf,pdf,.pdf,24576,4096,False,False,6,8,1dd14403a7509e92a905b6b9b6321df1b0f0667c251d2300731dd2c25512e077
FRAG_000313,FRAG_000313.bin,sample_pdf_004.pdf,pdf,pdf,.pdf,28672,3924,False,True,7,8,9112cefb871a8dff2d0e6a1e702addc2f34bbd95362d8fe86be1040e93ea9366
FRAG_000314,FRAG_000314.bin,sample_pdf_005.pdf,pdf,pdf,.pdf,0,4096,True,False,0,34,fd39d0921d4eaaa2cd99eb3e614b51cf7434e6e294e8aad04bd698ed77797819
FRAG_000315,FRAG_000315.bin,sample_pdf_005.pdf,pdf,pdf,.pdf,4096,4096,False,False,1,34,f74cede6d967948ea4d04236bf7fac6870abbf5e5a31c3cd110da665ea1f638b
FRAG_000316,FRAG_000316.bin,sample_pdf_005.pdf,pdf,pdf,.pdf,8192,4096,False,False,2,34,a7f28b8eee27faa0ae80abf94ed065555751f6f1cfbe8bc90fd146df77053046
FRAG_000317,FRAG_000317.bin,sample_pdf_005.pdf,pdf,pdf,.pdf,12288,4096,False,False,3,34,6fcb9702a283a3a0d143ae1512f1bd896d340a6ae93e51873b95f651a8ccd0f9
FRAG_000318,FRAG_000318.bin,sample_pdf_005.pdf,pdf,pdf,.pdf,16384,4096,False,False,4,34,bf3c3fb961e4c5bea617ce622826055d1e3b1d9df61441c40002e20776422df1
FRAG_000319,FRAG_000319.bin,sample_pdf_005.pdf,pdf,pdf,.pdf,20480,4096,False,False,5,34,65b2c42c76505bc70b4199247019be615606d052aa27b5eaaf53b0edce74c8db
FRAG_000320,FRAG_000320.bin,sample_pdf_005.pdf,pdf,pdf,.pdf,24576,4096,False,False,6,34,4c5462405ae59c24d3c0a053896b7e7f326c823224c3326d39c170df97faef04
FRAG_000321,FRAG_000321.bin,sample_pdf_005.pdf,pdf,pdf,.pdf,28672,4096,False,False,7,34,3e47d33ede8d61f65ce765215751589728da6dd0ab9df2cddab3810c940587f5
FRAG_000322,FRAG_000322.bin,sample_pdf_005.pdf,pdf,pdf,.pdf,32768,4096,False,False,8,34,81b5fe2d03f3b433a8ac14a1090ee5b20413e02ad41ce2828348a9ede3f95a7e
FRAG_000323,FRAG_000323.bin,sample_pdf_005.pdf,pdf,pdf,.pdf,36864,4096,False,False,9,34,38ed434e4a87d3fb82d8adb4c966a9a24a7ee521e957aab80be810b14518076e
FRAG_000324,FRAG_000324.bin,sample_pdf_005.pdf,pdf,pdf,.pdf,40960,4096,False,False,10,34,1383fd6235430ee154eea21c978d56f475f4b7a5ea3c724a17c29aa1776b7a16
FRAG_000325,FRAG_000325.bin,sample_pdf_005.pdf,pdf,pdf,.pdf,45056,4096,False,False,11,34,7cbea8da84aa51e3a28c8bd3ee322bb0b03f1301b11d2a05576870c440087177
FRAG_000326,FRAG_000326.bin,sample_pdf_005.pdf,pdf,pdf,.pdf,49152,4096,False,False,12,34,ba5caf74b78745f5fe20b148a898c82a159475dc7dd18814540f67f9b10d09de
FRAG_000327,FRAG_000327.bin,sample_pdf_005.pdf,pdf,pdf,.pdf,53248,4096,False,False,13,34,acd510cf059e86e1a57853e7a58b1da2d4674d00cb99feb0e9105722d47e8daa
FRAG_000328,FRAG_000328.bin,sample_pdf_005.pdf,pdf,pdf,.pdf,57344,4096,False,False,14,34,b94283bab5b5cfb1eb3c856fc9dc7a58ade00785e65633570685791e8bb2a5f0
FRAG_000329,FRAG_000329.bin,sample_pdf_005.pdf,pdf,pdf,.pdf,61440,4096,False,False,15,34,33e1421640a4642d69220ad996279cfb43f7593ec559ca9ba55b352268a810a3
FRAG_000330,FRAG_000330.bin,sample_pdf_005.pdf,pdf,pdf,.pdf,65536,4096,False,False,16,34,537ced670fc3aac88648b81ee2f8bdebee192fcbd622e216d82389eb1e2ff957
FRAG_000331,FRAG_000331.bin,sample_pdf_005.pdf,pdf,pdf,.pdf,69632,4096,False,False,17,34,5037e33e9429c7526b251741a64f5f15406b70c52c0b63298038a43ba91c8d8f
FRAG_000332,FRAG_000332.bin,sample_pdf_005.pdf,pdf,pdf,.pdf,73728,4096,False,False,18,34,2f8923935f16cb07fce094363934a51a54e0002b6a9b092f17d7b52a94b30987
FRAG_000333,FRAG_000333.bin,sample_pdf_005.pdf,pdf,pdf,.pdf,77824,4096,False,False,19,34,096e63234f3f6c7a10e730f7b7aea3828b0d0dd0136becb764bde0be2fd5611a
FRAG_000334,FRAG_000334.bin,sample_pdf_005.pdf,pdf,pdf,.pdf,81920,4096,False,False,20,34,56f2c3bc448226dea7527dec63e509b37d724bfe002aa10ffa5a54a3c9e31f26
FRAG_000335,FRAG_000335.bin,sample_pdf_005.pdf,pdf,pdf,.pdf,86016,4096,False,False,21,34,81028f6e4646c0c7a3ece86c42906339fd156d69c056dc076c07683aed5b4f56
FRAG_000336,FRAG_000336.bin,sample_pdf_005.pdf,pdf,pdf,.pdf,90112,4096,False,False,22,34,f13d271fe94663c91fe042c2815d93dcb4e474154c9cd8af2676d4ac24bd0330
FRAG_000337,FRAG_000337.bin,sample_pdf_005.pdf,pdf,pdf,.pdf,94208,4096,False,False,23,34,b49e493623c97599dc69b05dd3cf2cbf556df08884fc262e707371cf7057d6cd
FRAG_000338,FRAG_000338.bin,sample_pdf_005.pdf,pdf,pdf,.pdf,98304,4096,False,False,24,34,674bf9597245c05c2732a0fd520562c9072485afabbfe8cf26362c9cf458422f
FRAG_000339,FRAG_000339.bin,sample_pdf_005.pdf,pdf,pdf,.pdf,102400,4096,False,False,25,34,76eb2d917de29194a7a78dd78c67ad1f15314f0665654edde32d4b7ea4fa603c
FRAG_000340,FRAG_000340.bin,sample_pdf_005.pdf,pdf,pdf,.pdf,106496,4096,False,False,26,34,ec30e01c44ae342e03dee6f1bdebf5acacbd0be6e0b1aae547e71ac62eeb2fef
FRAG_000341,FRAG_000341.bin,sample_pdf_005.pdf,pdf,pdf,.pdf,110592,4096,False,False,27,34,b528145004366f8247b58dfb11fdeef76be74230c90e67ec1ed4d1b837828b40
FRAG_000342,FRAG_000342.bin,sample_pdf_005.pdf,pdf,pdf,.pdf,114688,4096,False,False,28,34,9b2bddfd2b68cfdb669f0fc27827d397e81849d0df7cda065d2031bbed34c5e2
FRAG_000343,FRAG_000343.bin,sample_pdf_005.pdf,pdf,pdf,.pdf,118784,4096,False,False,29,34,32eff46ec26f039b177a9f1f7757467e5d45ef6995e81fa06f772158c52a821c
FRAG_000344,FRAG_000344.bin,sample_pdf_005.pdf,pdf,pdf,.pdf,122880,4096,False,False,30,34,e3d42e67779f56c8e9c055449d7e13962d29ad5ee2820cf1ac3ff14e6b0eefd9
FRAG_000345,FRAG_000345.bin,sample_pdf_005.pdf,pdf,pdf,.pdf,126976,4096,False,False,31,34,cb4a9e76c5e95546e4fa7c989fe96bfd3c6cd92b2d750336f116b6df6aeee038
FRAG_000346,FRAG_000346.bin,sample_pdf_005.pdf,pdf,pdf,.pdf,131072,4096,False,False,32,34,edc167fdc7d6cc106e96f5ef28def51c98958070977cca9fd558a35fd8fe3ada
FRAG_000347,FRAG_000347.bin,sample_pdf_005.pdf,pdf,pdf,.pdf,135168,3308,False,True,33,34,72c3f95405f0802ba94870a722fca44b5e66f1211bd40a2225b0f198ef464a56
FRAG_000348,FRAG_000348.bin,sample_pdf_006.pdf,pdf,pdf,.pdf,0,4096,True,False,0,22,89539701785bca9608b74509dbb2d5b199b79a4c99792968e3f07b587cf72a88
FRAG_000349,FRAG_000349.bin,sample_pdf_006.pdf,pdf,pdf,.pdf,4096,4096,False,False,1,22,e1de9b9d6dddb2067616c4f94f10efb9e48589ab5e0b1032c5f6823a659d5ad7
FRAG_000350,FRAG_000350.bin,sample_pdf_006.pdf,pdf,pdf,.pdf,8192,4096,False,False,2,22,42ff3c4fe95a1af78fc2224ec62609905b0231227de4c9d4e45676cccbee9e61
FRAG_000351,FRAG_000351.bin,sample_pdf_006.pdf,pdf,pdf,.pdf,12288,4096,False,False,3,22,615226a0bbea2d7deeb6353bc777819010b49c7b029c2db9d22abd6b756fe088
FRAG_000352,FRAG_000352.bin,sample_pdf_006.pdf,pdf,pdf,.pdf,16384,4096,False,False,4,22,35e5c12f05158b301138a7dc1414951d9de14dba4ce40109cd128ed3b4d5c124
FRAG_000353,FRAG_000353.bin,sample_pdf_006.pdf,pdf,pdf,.pdf,20480,4096,False,False,5,22,b166e8eef7bd29fd62659f12d20f1d5603f528b70dc0ec7afbe860a87da73ae5
FRAG_000354,FRAG_000354.bin,sample_pdf_006.pdf,pdf,pdf,.pdf,24576,4096,False,False,6,22,7859a10de5bfe0910524b64669e822970d7005f37ec93755cd298590443cb5f7
FRAG_000355,FRAG_000355.bin,sample_pdf_006.pdf,pdf,pdf,.pdf,28672,4096,False,False,7,22,cce20948b02b6dd75ec3cce8f8056fb28a0834098a1b892a9f9587d81f578fe9
FRAG_000356,FRAG_000356.bin,sample_pdf_006.pdf,pdf,pdf,.pdf,32768,4096,False,False,8,22,e7a4790f49b9cc6e28c17aefaf48814bfade3c8441a51586f182f55d3bd2da6c
FRAG_000357,FRAG_000357.bin,sample_pdf_006.pdf,pdf,pdf,.pdf,36864,4096,False,False,9,22,80deb678fe3ad6c21aede3da57afbeabd859d011627a973605dc02e5634eb391
FRAG_000358,FRAG_000358.bin,sample_pdf_006.pdf,pdf,pdf,.pdf,40960,4096,False,False,10,22,f8107a4e824623fb4e0c3753776291df93d52c3150f62a10623156f33f8e44c7
FRAG_000359,FRAG_000359.bin,sample_pdf_006.pdf,pdf,pdf,.pdf,45056,4096,False,False,11,22,4c1bb5c15c01d03bda6669d956bfe36b81306c8571f0f3f3fa1565b941007072
FRAG_000360,FRAG_000360.bin,sample_pdf_006.pdf,pdf,pdf,.pdf,49152,4096,False,False,12,22,3026c127e08d97501370118c2920a1904d291aed9a64ef0341fed89acdb1a174
FRAG_000361,FRAG_000361.bin,sample_pdf_006.pdf,pdf,pdf,.pdf,53248,4096,False,False,13,22,4cc2f97abfad6826c7a4388ca85c26189739ba01b3d88cdaf837856d607f6288
FRAG_000362,FRAG_000362.bin,sample_pdf_006.pdf,pdf,pdf,.pdf,57344,4096,False,False,14,22,da5369015a2c3752b527e077551ed4e3ec7037251b52bbec6119d73f00197386
FRAG_000363,FRAG_000363.bin,sample_pdf_006.pdf,pdf,pdf,.pdf,61440,4096,False,False,15,22,1e225afbc1fc65b8ea3fdeb172f3b231f5712a62a62a803288abda745c1bb368
FRAG_000364,FRAG_000364.bin,sample_pdf_006.pdf,pdf,pdf,.pdf,65536,4096,False,False,16,22,d8ebd46380cbb074793ed685699c7f8d9bc179ed0f9beabb592752122bb36950
FRAG_000365,FRAG_000365.bin,sample_pdf_006.pdf,pdf,pdf,.pdf,69632,4096,False,False,17,22,5f2722227953151183730a69a8484962f7d4c2d69151cc8998c3d34fd37f216b
FRAG_000366,FRAG_000366.bin,sample_pdf_006.pdf,pdf,pdf,.pdf,73728,4096,False,False,18,22,29cdbb15aaf28a158d5479e9c7d44801bba58bc93ac2fda952866ebd57fd7abe
FRAG_000367,FRAG_000367.bin,sample_pdf_006.pdf,pdf,pdf,.pdf,77824,4096,False,False,19,22,a48fe637ae54ee262b62a68ca49fa649ed9074e92e2a68406fe68903aa512445
FRAG_000368,FRAG_000368.bin,sample_pdf_006.pdf,pdf,pdf,.pdf,81920,4096,False,False,20,22,111e2f715127e8711c3b183b60e057104583f110b2ab2798ef0764f814277856
FRAG_000369,FRAG_000369.bin,sample_pdf_006.pdf,pdf,pdf,.pdf,86016,85,False,True,21,22,edabfba96f48d560156249e32af9811fe0b0a12b876c68cf187b9a67cd5e1beb
FRAG_000370,FRAG_000370.bin,sample_pdf_007.pdf,pdf,pdf,.pdf,0,4096,True,False,0,20,64ab0e0262b3750bb10e5d8f4d456ed8321dd327aef1223e712040857b8c0cde
FRAG_000371,FRAG_000371.bin,sample_pdf_007.pdf,pdf,pdf,.pdf,4096,4096,False,False,1,20,d0635a1a4e8736745ad5772e11afa69cef2c07c934fcffdd582e8cc43c368008
FRAG_000372,FRAG_000372.bin,sample_pdf_007.pdf,pdf,pdf,.pdf,8192,4096,False,False,2,20,2b5f14f347d449f327586b184b4686b05bb0dd4b756eb705706f68a0218f5516
FRAG_000373,FRAG_000373.bin,sample_pdf_007.pdf,pdf,pdf,.pdf,12288,4096,False,False,3,20,d59e480d4234d24f1cc16f09ebc3b89dfdfcf9a4c96ade5fba13840d390e84d8
FRAG_000374,FRAG_000374.bin,sample_pdf_007.pdf,pdf,pdf,.pdf,16384,4096,False,False,4,20,ae3ab621f536526bd40ab945157f7aa44f9d4ab67ea551b43d722e9fce2195aa
FRAG_000375,FRAG_000375.bin,sample_pdf_007.pdf,pdf,pdf,.pdf,20480,4096,False,False,5,20,f4fa433f1c334c8618a6009dd29b412cb55977f982382af2e879f39dbba78eb6
FRAG_000376,FRAG_000376.bin,sample_pdf_007.pdf,pdf,pdf,.pdf,24576,4096,False,False,6,20,10bf680c0af870699668d792643c56b38d02012af172e6d41c7c202c1b9a1f68
FRAG_000377,FRAG_000377.bin,sample_pdf_007.pdf,pdf,pdf,.pdf,28672,4096,False,False,7,20,5db80f5c83fe8f8bfa5d2494542d950a0619a445324b193332b7f7761dcdcd87
FRAG_000378,FRAG_000378.bin,sample_pdf_007.pdf,pdf,pdf,.pdf,32768,4096,False,False,8,20,01f20a79aacc493370bc0b15179246fdc970ce227390ba4a6c9d2d144ba6494c
FRAG_000379,FRAG_000379.bin,sample_pdf_007.pdf,pdf,pdf,.pdf,36864,4096,False,False,9,20,2031f07b54a857dc833802f1b3fc2f7e1434d469a0d4f907c79431ef938d5715
FRAG_000380,FRAG_000380.bin,sample_pdf_007.pdf,pdf,pdf,.pdf,40960,4096,False,False,10,20,fe91e1971613b147b845716cfda0f67913a2a366430832718d9f75a97e431655
FRAG_000381,FRAG_000381.bin,sample_pdf_007.pdf,pdf,pdf,.pdf,45056,4096,False,False,11,20,f0a7dc7ea89a6ca378c56ee4e894573b505c9343d2728f037dc078d497a21086
FRAG_000382,FRAG_000382.bin,sample_pdf_007.pdf,pdf,pdf,.pdf,49152,4096,False,False,12,20,6e400a75186e90be4f2b0776a33ba26b01c234a63710a0bb57111024d0087b0e
FRAG_000383,FRAG_000383.bin,sample_pdf_007.pdf,pdf,pdf,.pdf,53248,4096,False,False,13,20,e921faa750df1ccef80ebd483b79a5c5e404539a17a906805d957ffdc04156b6
FRAG_000384,FRAG_000384.bin,sample_pdf_007.pdf,pdf,pdf,.pdf,57344,4096,False,False,14,20,c00724eb5fd30acddbd159059492eee8fa5e8130376275be3c8a94bd2fc545c2
FRAG_000385,FRAG_000385.bin,sample_pdf_007.pdf,pdf,pdf,.pdf,61440,4096,False,False,15,20,8778ed380335f322c0f1f8382153139edec9c1765a2891994ca730fa4ffaaa3c
FRAG_000386,FRAG_000386.bin,sample_pdf_007.pdf,pdf,pdf,.pdf,65536,4096,False,False,16,20,f698a9ebbf189be5711614cffafce73ce8971575c34e02166d770e7750756152
FRAG_000387,FRAG_000387.bin,sample_pdf_007.pdf,pdf,pdf,.pdf,69632,4096,False,False,17,20,d4ebc3afe75ddae6ac5edf143839871c49f45ee8b6c8fae1e56a711acb952be4
FRAG_000388,FRAG_000388.bin,sample_pdf_007.pdf,pdf,pdf,.pdf,73728,4096,False,False,18,20,8fb32738d5f2aed113d853fad53a85e4dd2069883cd629dca9300356518e56c2
FRAG_000389,FRAG_000389.bin,sample_pdf_007.pdf,pdf,pdf,.pdf,77824,2398,False,True,19,20,cda8aa59188c166feb4594801a58ca5e8f452ee30a1caa9cac3337e6e2b3cf9d
FRAG_000390,FRAG_000390.bin,sample_pdf_008.pdf,pdf,pdf,.pdf,0,4096,True,False,0,20,3fac393c1da09dbb55f9e5e0f84eae8f0f4d6b812736f25bd0016ab91f74d8f2
FRAG_000391,FRAG_000391.bin,sample_pdf_008.pdf,pdf,pdf,.pdf,4096,4096,False,False,1,20,f9b267070ecd219cbeb4d4f517d71dcff790b09f0a0b8bf6478502ba2647aa1f
FRAG_000392,FRAG_000392.bin,sample_pdf_008.pdf,pdf,pdf,.pdf,8192,4096,False,False,2,20,c5eea3c09906f4c0d8190bd15e0a59a483b72c7ca3c277d09e42c04b8b4f8df9
FRAG_000393,FRAG_000393.bin,sample_pdf_008.pdf,pdf,pdf,.pdf,12288,4096,False,False,3,20,0e3b7a66abfe6c04818023e0216348355f8f84e01e43c4a3d9223f9695f36c8c
FRAG_000394,FRAG_000394.bin,sample_pdf_008.pdf,pdf,pdf,.pdf,16384,4096,False,False,4,20,6d0d427134006a919b790a1fa67dfe11a87a28274400cce58478a6d6023571c6
FRAG_000395,FRAG_000395.bin,sample_pdf_008.pdf,pdf,pdf,.pdf,20480,4096,False,False,5,20,550d05d2aa65b6071773ccfe12cba2ad99fce8858ecd9d8cd373dc0bdc98cecd
FRAG_000396,FRAG_000396.bin,sample_pdf_008.pdf,pdf,pdf,.pdf,24576,4096,False,False,6,20,b1d1fda96fdc6257aee388f179ccfcb734ea28870d593f7a5b4b2e3dd447e12c
FRAG_000397,FRAG_000397.bin,sample_pdf_008.pdf,pdf,pdf,.pdf,28672,4096,False,False,7,20,44deda3a13ca91aca5688c05736db61437440588edbf126a5a40a163ce578c82
FRAG_000398,FRAG_000398.bin,sample_pdf_008.pdf,pdf,pdf,.pdf,32768,4096,False,False,8,20,d492bda8b79236684eef155c72479e447fddcc63c5e810f6bcde66f94e1e4c97
FRAG_000399,FRAG_000399.bin,sample_pdf_008.pdf,pdf,pdf,.pdf,36864,4096,False,False,9,20,62e28de041413ca3f9235bc086f57a9bd9c64983bb751f319b24a46726eb9bc4
FRAG_000400,FRAG_000400.bin,sample_pdf_008.pdf,pdf,pdf,.pdf,40960,4096,False,False,10,20,63f95246102541f8a2d5c43bddc1327f53511a3f5653bd877b97e39c2fb1f5a3
FRAG_000401,FRAG_000401.bin,sample_pdf_008.pdf,pdf,pdf,.pdf,45056,4096,False,False,11,20,6a79b473e6980c845e401d16b9a090786738f556ebd36f404cef43c11b96216c
FRAG_000402,FRAG_000402.bin,sample_pdf_008.pdf,pdf,pdf,.pdf,49152,4096,False,False,12,20,8380fa5d95acb94c5dfbe23bf4b22546a72a1418956a15cd147b56355cc9361d
FRAG_000403,FRAG_000403.bin,sample_pdf_008.pdf,pdf,pdf,.pdf,53248,4096,False,False,13,20,cb1785a1821b7a6c4e90c2261fd981813a94164646628b36b62d340425bd1e57
FRAG_000404,FRAG_000404.bin,sample_pdf_008.pdf,pdf,pdf,.pdf,57344,4096,False,False,14,20,5e31dda74eb3788eae3a793422bd185deef34c25304c93090ebad4dcc1030115
FRAG_000405,FRAG_000405.bin,sample_pdf_008.pdf,pdf,pdf,.pdf,61440,4096,False,False,15,20,36976967541b2bb5bc4bac8d24517fbf7c24ae4fac6952abb97894ead64b4af1
FRAG_000406,FRAG_000406.bin,sample_pdf_008.pdf,pdf,pdf,.pdf,65536,4096,False,False,16,20,d6fa8d2abfbdd35bfcaccc97960ff48548cf6c5204cf9f9c027706c0e438a24a
FRAG_000407,FRAG_000407.bin,sample_pdf_008.pdf,pdf,pdf,.pdf,69632,4096,False,False,17,20,b4a3b220964d2a10f5f74308e438ba277ef11fd2e213171574b87f82ed19dbc0
FRAG_000408,FRAG_000408.bin,sample_pdf_008.pdf,pdf,pdf,.pdf,73728,4096,False,False,18,20,4815f1fd8e51504cbd1e218b9c04a078cc7e5db99aba5c0ba8a5ee5f061af2ff
FRAG_000409,FRAG_000409.bin,sample_pdf_008.pdf,pdf,pdf,.pdf,77824,426,False,True,19,20,dd6bca5d68db24a1d4c2d0b134a86d32f4a1def4dbb9e75b9dcd4f57994d9cde
FRAG_000410,FRAG_000410.bin,sample_pdf_009.pdf,pdf,pdf,.pdf,0,4096,True,False,0,35,a6a3609128c450bf6a13a45a5a9d27c449d04819a69a1f84ffeb229b5772e692
FRAG_000411,FRAG_000411.bin,sample_pdf_009.pdf,pdf,pdf,.pdf,4096,4096,False,False,1,35,b4343d9c5d1ef15aaf34e95b5415a554be62d2fe17583db98093468df589f405
FRAG_000412,FRAG_000412.bin,sample_pdf_009.pdf,pdf,pdf,.pdf,8192,4096,False,False,2,35,80ec0f7f2af320286588b780dfc0c6fc0eee1638c00d5495b346ce0ad13d8b38
FRAG_000413,FRAG_000413.bin,sample_pdf_009.pdf,pdf,pdf,.pdf,12288,4096,False,False,3,35,cbc3b32d3493f4bcf31b21d62113a5a56a8eb9dc1633f8bbaea7f66dd55a6ac5
FRAG_000414,FRAG_000414.bin,sample_pdf_009.pdf,pdf,pdf,.pdf,16384,4096,False,False,4,35,4ccdd6cdc023f3c6a17277fcf0cfdbe7643ab9a641884444d1ecab4be38d9862
FRAG_000415,FRAG_000415.bin,sample_pdf_009.pdf,pdf,pdf,.pdf,20480,4096,False,False,5,35,8eb013de3cc600c0c30981254fc8089be81a980ca238d0c2f37b433ceea85fc8
FRAG_000416,FRAG_000416.bin,sample_pdf_009.pdf,pdf,pdf,.pdf,24576,4096,False,False,6,35,70d3a7e926dce5fc179ad23590f2411d8ef45cef94dd3d93e2e65d1ae0c43d31
FRAG_000417,FRAG_000417.bin,sample_pdf_009.pdf,pdf,pdf,.pdf,28672,4096,False,False,7,35,b842c8b034a635f100076f04c6f6d6c13993f4eaef6b3681fc0ba85b366a7dae
FRAG_000418,FRAG_000418.bin,sample_pdf_009.pdf,pdf,pdf,.pdf,32768,4096,False,False,8,35,19d43a3ca03ef5400c3f200d70bda79328e931fceac8e532b208507dae1a7089
FRAG_000419,FRAG_000419.bin,sample_pdf_009.pdf,pdf,pdf,.pdf,36864,4096,False,False,9,35,e0c299cee5ae290f6c3d6f18551d9f0c78293cc459992658ff09cc2b2823b7f8
FRAG_000420,FRAG_000420.bin,sample_pdf_009.pdf,pdf,pdf,.pdf,40960,4096,False,False,10,35,7622e1b957307218be68e1386106c73085c8561ff7572c836ee23ab8679c643d
FRAG_000421,FRAG_000421.bin,sample_pdf_009.pdf,pdf,pdf,.pdf,45056,4096,False,False,11,35,1f7d88c72c8e60d27e94e699795d59604a256af0f30eec261d89801c90da5dcc
FRAG_000422,FRAG_000422.bin,sample_pdf_009.pdf,pdf,pdf,.pdf,49152,4096,False,False,12,35,c76f36ee8c160ddc001a182c8b31898ecbe2dfb0b39dcbbe581bb5ab6c5ea61f
FRAG_000423,FRAG_000423.bin,sample_pdf_009.pdf,pdf,pdf,.pdf,53248,4096,False,False,13,35,5dfd5d79ea0dd1d71b153c29c96251dca3691810e5954ee6b46328286b48c6e9
FRAG_000424,FRAG_000424.bin,sample_pdf_009.pdf,pdf,pdf,.pdf,57344,4096,False,False,14,35,4ae683b32a292608f2df45ea5ee43585485f41bdc4449ce2e00c15b50b5de0a6
FRAG_000425,FRAG_000425.bin,sample_pdf_009.pdf,pdf,pdf,.pdf,61440,4096,False,False,15,35,93f4891e9f4a6d9fd5062ddfe58e09be527d81ed98cb62548111da908031f391
FRAG_000426,FRAG_000426.bin,sample_pdf_009.pdf,pdf,pdf,.pdf,65536,4096,False,False,16,35,f69b8da558d418cc70ed0e2e5172e344012a522cdea958db19e3340e060a6b7d
FRAG_000427,FRAG_000427.bin,sample_pdf_009.pdf,pdf,pdf,.pdf,69632,4096,False,False,17,35,126c5e882c8477c02ff5db5748c6772ace09e9773115e1349743b832ccf8812d
FRAG_000428,FRAG_000428.bin,sample_pdf_009.pdf,pdf,pdf,.pdf,73728,4096,False,False,18,35,5e5d3b9278d8ae660d98bf16e8f787ce339e7e7fc757dd76a224fa8955829248
FRAG_000429,FRAG_000429.bin,sample_pdf_009.pdf,pdf,pdf,.pdf,77824,4096,False,False,19,35,c8fba8fba56a7382c325985ab6c772fefe60dc2d851f877a900eca33cf2b8190
FRAG_000430,FRAG_000430.bin,sample_pdf_009.pdf,pdf,pdf,.pdf,81920,4096,False,False,20,35,b7c3f7fea519896634b72166417c29cf21e53e151b3f40d5993d7f85d828d581
FRAG_000431,FRAG_000431.bin,sample_pdf_009.pdf,pdf,pdf,.pdf,86016,4096,False,False,21,35,e6844b334b0b496bcb2a19eea32a39028524b4048b77b1e05a4e048d2ae23cc8
FRAG_000432,FRAG_000432.bin,sample_pdf_009.pdf,pdf,pdf,.pdf,90112,4096,False,False,22,35,8e35c17609ec392b5ab7bda89b49c50502b8bda1dcad4aca38ad1f274a315bea
FRAG_000433,FRAG_000433.bin,sample_pdf_009.pdf,pdf,pdf,.pdf,94208,4096,False,False,23,35,ca692ed23f988014a120a311c57dba03db327ff84b8a7567bd374e2e88015756
FRAG_000434,FRAG_000434.bin,sample_pdf_009.pdf,pdf,pdf,.pdf,98304,4096,False,False,24,35,63d39a7bcce353ca0001c91e453b158ec2980384e6617701d8b23c193029f69e
FRAG_000435,FRAG_000435.bin,sample_pdf_009.pdf,pdf,pdf,.pdf,102400,4096,False,False,25,35,7a5c51cda66833bde89c0f0c5342da34d37c77118d618358616eb655c5f99521
FRAG_000436,FRAG_000436.bin,sample_pdf_009.pdf,pdf,pdf,.pdf,106496,4096,False,False,26,35,dd84b412b62543fba81611719044aa8863f492b5b7037a5e6f8123facb002dcd
FRAG_000437,FRAG_000437.bin,sample_pdf_009.pdf,pdf,pdf,.pdf,110592,4096,False,False,27,35,70f10a875381c58b8766df57e3919e11d15f945a7e3a10b75204691a6c2af7f0
FRAG_000438,FRAG_000438.bin,sample_pdf_009.pdf,pdf,pdf,.pdf,114688,4096,False,False,28,35,e65597c7a848a540d005b0ea7e9009399e8443888f88af11d6097a9d487bc066
FRAG_000439,FRAG_000439.bin,sample_pdf_009.pdf,pdf,pdf,.pdf,118784,4096,False,False,29,35,e36200ae08461200c63efd17c00a21ef3758034aff792b9de007b15783a47235
FRAG_000440,FRAG_000440.bin,sample_pdf_009.pdf,pdf,pdf,.pdf,122880,4096,False,False,30,35,d61c5705390a52b7c4b0e513a4b890574032e1cd6b75783b20f3fb0e28a08522
FRAG_000441,FRAG_000441.bin,sample_pdf_009.pdf,pdf,pdf,.pdf,126976,4096,False,False,31,35,b97b1730342ad37b5341f5c852cc6a66c4aa3cd2388d512e91495ef09fa9eab5
FRAG_000442,FRAG_000442.bin,sample_pdf_009.pdf,pdf,pdf,.pdf,131072,4096,False,False,32,35,46b8171593650df195a49560adc3b33597df38b973e97e82ef82ca25ed006366
FRAG_000443,FRAG_000443.bin,sample_pdf_009.pdf,pdf,pdf,.pdf,135168,4096,False,False,33,35,0d3233774588335b3798522ec88a0877a13793bfc0023ed5308a01db0c1aa08c
FRAG_000444,FRAG_000444.bin,sample_pdf_009.pdf,pdf,pdf,.pdf,139264,902,False,True,34,35,c4d1d9d5ba0e6ac42b592962c133b73ab57eb659dd9f483960d195675a3d023a
FRAG_000445,FRAG_000445.bin,sample_pdf_010.pdf,pdf,pdf,.pdf,0,4096,True,False,0,8,dd04c40ab2b4b0bb18f40728842f5f644a0dd734035939a3377b7d4bb13ec656
FRAG_000446,FRAG_000446.bin,sample_pdf_010.pdf,pdf,pdf,.pdf,4096,4096,False,False,1,8,e73b1a495c4f96be647fb0424229fb9a82f6731b4dc78d7bc2ef2d19304f2b21
FRAG_000447,FRAG_000447.bin,sample_pdf_010.pdf,pdf,pdf,.pdf,8192,4096,False,False,2,8,b5802150e82c1e79d2c8a224ffb517b570fb6c9f89101ac49963affe37e86ab1
FRAG_000448,FRAG_000448.bin,sample_pdf_010.pdf,pdf,pdf,.pdf,12288,4096,False,False,3,8,3389fffc8154382bd64f77f8514e27febf7d9aea768614695189bb65be7958a7
FRAG_000449,FRAG_000449.bin,sample_pdf_010.pdf,pdf,pdf,.pdf,16384,4096,False,False,4,8,275a6a668be6cc1257823814f7597afc5d4b742eb43acba6eac6821de3015b29
FRAG_000450,FRAG_000450.bin,sample_pdf_010.pdf,pdf,pdf,.pdf,20480,4096,False,False,5,8,2f39aff7cf2687b57b22ffd11938b3f6c058c79f6ab7bd1889be209b836d69ba
FRAG_000451,FRAG_000451.bin,sample_pdf_010.pdf,pdf,pdf,.pdf,24576,4096,False,False,6,8,2e3b0886c3bfef0c9cd5aca41a6f4f275aea4c5b1ad974142644cbe110f322a8
FRAG_000452,FRAG_000452.bin,sample_pdf_010.pdf,pdf,pdf,.pdf,28672,2824,False,True,7,8,9496888f5910882217cb8d2d32e0283eae8e7c2e046c9957b34c8071095b6585
FRAG_000453,FRAG_000453.bin,sample_pdf_011.pdf,pdf,pdf,.pdf,0,4096,True,False,0,30,5db6d5ae1a65e19b63b3ffca27653d1f6435cea5f2a0542ea33490f9394b26d8
FRAG_000454,FRAG_000454.bin,sample_pdf_011.pdf,pdf,pdf,.pdf,4096,4096,False,False,1,30,32f027666cd36e7e6a45406cd3ea43e7bb247192e41ece482a380469de11e0e1
FRAG_000455,FRAG_000455.bin,sample_pdf_011.pdf,pdf,pdf,.pdf,8192,4096,False,False,2,30,b2167826bb3b2496b7bc319a2f6b22040f987aa28f4c9ade9802b53b4fe8e1ba
FRAG_000456,FRAG_000456.bin,sample_pdf_011.pdf,pdf,pdf,.pdf,12288,4096,False,False,3,30,bb4b7fac1ae1bf73531b054269065885c113d4da5489b3129ca7e9b714155204
FRAG_000457,FRAG_000457.bin,sample_pdf_011.pdf,pdf,pdf,.pdf,16384,4096,False,False,4,30,bee14df731ad90a63aef65a5367d9db94d24c75c4c8bbde75dbd30397baa673a
FRAG_000458,FRAG_000458.bin,sample_pdf_011.pdf,pdf,pdf,.pdf,20480,4096,False,False,5,30,855c0cd63103970b9c39457ec6994328a4cefa8fcc9bf82021f6584a3023719f
FRAG_000459,FRAG_000459.bin,sample_pdf_011.pdf,pdf,pdf,.pdf,24576,4096,False,False,6,30,4fb112414da400ea47ac955923ea74b6afd6b113732a672bfc71b84f58102d1f
FRAG_000460,FRAG_000460.bin,sample_pdf_011.pdf,pdf,pdf,.pdf,28672,4096,False,False,7,30,0ec3394cd7804bcf55e51a755dd329d1d4012b1bab040646b5625f126550fb51
FRAG_000461,FRAG_000461.bin,sample_pdf_011.pdf,pdf,pdf,.pdf,32768,4096,False,False,8,30,fcb1031f04773800b38d3bd1d974419c14d6a720367a91d784e1d1de89144442
FRAG_000462,FRAG_000462.bin,sample_pdf_011.pdf,pdf,pdf,.pdf,36864,4096,False,False,9,30,082e8b456456b34e0f9354859bde65f5226eaaa6fd352362dbef06ddbcfb7ebc
FRAG_000463,FRAG_000463.bin,sample_pdf_011.pdf,pdf,pdf,.pdf,40960,4096,False,False,10,30,5264691aa25b096fef74e4047ea9cbd9bd5c600c3a20ad7395fa59c7a7110439
FRAG_000464,FRAG_000464.bin,sample_pdf_011.pdf,pdf,pdf,.pdf,45056,4096,False,False,11,30,b38f7372241c9d21f4b3c9558bb880d65a80167fb9a1e04094a11ccb2172a0f1
FRAG_000465,FRAG_000465.bin,sample_pdf_011.pdf,pdf,pdf,.pdf,49152,4096,False,False,12,30,1ef43d360eebd8b274fd5f5ecfc9fa00f662fef6de8d21594c776a1e12096c01
FRAG_000466,FRAG_000466.bin,sample_pdf_011.pdf,pdf,pdf,.pdf,53248,4096,False,False,13,30,502e01101ee9c45d3e172afc3a422fa17a8f15bd820060f1f98e4991a1011815
FRAG_000467,FRAG_000467.bin,sample_pdf_011.pdf,pdf,pdf,.pdf,57344,4096,False,False,14,30,5bd2cd664e6c3b173481c124ea86dc12b8efa2fc8a51174efe29082fe4a51f41
FRAG_000468,FRAG_000468.bin,sample_pdf_011.pdf,pdf,pdf,.pdf,61440,4096,False,False,15,30,57f885d3e7676afb0157a0bcf95854753ac3fb02a2d95a106b7de9c93a5a071a
FRAG_000469,FRAG_000469.bin,sample_pdf_011.pdf,pdf,pdf,.pdf,65536,4096,False,False,16,30,4cf5942136b4351a6c00fa1a833c513455b385bc8beaef21333671d60b3f437a
FRAG_000470,FRAG_000470.bin,sample_pdf_011.pdf,pdf,pdf,.pdf,69632,4096,False,False,17,30,cc91439928231fcd15455a0324f7ec834a50e9e4f74d1d131dae2cba9226a855
FRAG_000471,FRAG_000471.bin,sample_pdf_011.pdf,pdf,pdf,.pdf,73728,4096,False,False,18,30,8a065be57fc665e35a1f6c0c01f1c75f4a9d760e9e4783a8b42356f45b74cd52
FRAG_000472,FRAG_000472.bin,sample_pdf_011.pdf,pdf,pdf,.pdf,77824,4096,False,False,19,30,35673085fcdabd06d4930e92b4712301e7c225b1a1c81aae8b8b2b24c9e16fa5
FRAG_000473,FRAG_000473.bin,sample_pdf_011.pdf,pdf,pdf,.pdf,81920,4096,False,False,20,30,5bf8d84740fc9bd50f07ee602e666ecc46af97438e9ed2a5522e5b8905ab81b8
FRAG_000474,FRAG_000474.bin,sample_pdf_011.pdf,pdf,pdf,.pdf,86016,4096,False,False,21,30,47e0d0fff2bab7adc7976cdf032275c9a5b608fc9ca717f5b9326065b061c9e3
FRAG_000475,FRAG_000475.bin,sample_pdf_011.pdf,pdf,pdf,.pdf,90112,4096,False,False,22,30,7eb67ff5bf28bc0a8676793c0b0b01ca0ba0c121a7f6fdd8ca55632bbb29f62b
FRAG_000476,FRAG_000476.bin,sample_pdf_011.pdf,pdf,pdf,.pdf,94208,4096,False,False,23,30,3f5aac15457642cfbcfc31de8abf388c8901fb19677649044b9746b51199a376
FRAG_000477,FRAG_000477.bin,sample_pdf_011.pdf,pdf,pdf,.pdf,98304,4096,False,False,24,30,020b0c1bd8cce37d11584c93ec57c8f1f8735ea53f78e41092fa666d32725a33
FRAG_000478,FRAG_000478.bin,sample_pdf_011.pdf,pdf,pdf,.pdf,102400,4096,False,False,25,30,77a386d633b04a47097848b5667c78222022d5a2b00ecdc87c3f33b757572cdb
FRAG_000479,FRAG_000479.bin,sample_pdf_011.pdf,pdf,pdf,.pdf,106496,4096,False,False,26,30,2c120efc82efc050b5b0a6a9f63fad3075ea6e83bad6e23194d25f556fcd1e5c
FRAG_000480,FRAG_000480.bin,sample_pdf_011.pdf,pdf,pdf,.pdf,110592,4096,False,False,27,30,b76482b198463778cc5cbe71277bb9d0ca255da25dd9cabbd1156aede728678d
FRAG_000481,FRAG_000481.bin,sample_pdf_011.pdf,pdf,pdf,.pdf,114688,4096,False,False,28,30,24f0f81ab375b0ad715b74518b7095bcddc8d9bbdb30e3eb2b20a8037f26bf9c
FRAG_000482,FRAG_000482.bin,sample_pdf_011.pdf,pdf,pdf,.pdf,118784,3821,False,True,29,30,9ec5221718eb4d4ee9cd8c201730f43e5946678a83ee8f45d7fdf8cebb60adb6
FRAG_000483,FRAG_000483.bin,sample_pdf_012.pdf,pdf,pdf,.pdf,0,4096,True,False,0,35,b9071c7e5e84e2d14377a2dc82aae68dc1055838eb117bbb326a86394c8089c7
FRAG_000484,FRAG_000484.bin,sample_pdf_012.pdf,pdf,pdf,.pdf,4096,4096,False,False,1,35,211b5018de9bd20a41dc68257058db3ecc1e4df611080f2c18aaab596f344a57
FRAG_000485,FRAG_000485.bin,sample_pdf_012.pdf,pdf,pdf,.pdf,8192,4096,False,False,2,35,72819d633f2fa33ba24bf609a4c345f146823217b0be096fca358bac6105f3ca
FRAG_000486,FRAG_000486.bin,sample_pdf_012.pdf,pdf,pdf,.pdf,12288,4096,False,False,3,35,4dfc3c40d8232a5dbf249b1668413276cdce22ed81c26324f698a00616e72459
FRAG_000487,FRAG_000487.bin,sample_pdf_012.pdf,pdf,pdf,.pdf,16384,4096,False,False,4,35,319d29c606dba4ef7af7b9159a6c4c81fa9ba8d19dc281f0fd09d8992c3abdc4
FRAG_000488,FRAG_000488.bin,sample_pdf_012.pdf,pdf,pdf,.pdf,20480,4096,False,False,5,35,59630d9f45c63c403be0970304292784d4f24d9d0beec2e2783ede368cb43537
FRAG_000489,FRAG_000489.bin,sample_pdf_012.pdf,pdf,pdf,.pdf,24576,4096,False,False,6,35,e22e332163dc2de9137ad774ce68249e9a3d6373da504c25ab8a704327ef4b55
FRAG_000490,FRAG_000490.bin,sample_pdf_012.pdf,pdf,pdf,.pdf,28672,4096,False,False,7,35,631a39a9073272348e08ac9641e22d29af80bacc490e9a39a75028278f8dd6bd
FRAG_000491,FRAG_000491.bin,sample_pdf_012.pdf,pdf,pdf,.pdf,32768,4096,False,False,8,35,0718229c690a4ca7734d0f9317a49942800b3b02f40546d836f96a6a519bd1bc
FRAG_000492,FRAG_000492.bin,sample_pdf_012.pdf,pdf,pdf,.pdf,36864,4096,False,False,9,35,ac01e2b553319e4b88bed114ac41954c32fe916212b494f667fd32bdfb76d106
FRAG_000493,FRAG_000493.bin,sample_pdf_012.pdf,pdf,pdf,.pdf,40960,4096,False,False,10,35,3477e3cf15c17cdd3ce46b5ed56a9637ec3c5319abf816453c8925daef6622dd
FRAG_000494,FRAG_000494.bin,sample_pdf_012.pdf,pdf,pdf,.pdf,45056,4096,False,False,11,35,a6f415f5eede0cac2b62a3734719a146f189ebe92892d1a71979b022e244cb8c
FRAG_000495,FRAG_000495.bin,sample_pdf_012.pdf,pdf,pdf,.pdf,49152,4096,False,False,12,35,1a26ee246f02727f4a5e8326de0edfe06de6b66f7da63b585eb18ebacd8c9e67
FRAG_000496,FRAG_000496.bin,sample_pdf_012.pdf,pdf,pdf,.pdf,53248,4096,False,False,13,35,e1e12b2b8ded6b4b5370859a6c2b00ced7ab4f8b97f6dbed4d1a6d93de321264
FRAG_000497,FRAG_000497.bin,sample_pdf_012.pdf,pdf,pdf,.pdf,57344,4096,False,False,14,35,a77555613ec17d375c500218e391ff38659aac9afb37f01a10d8718567bb654f
FRAG_000498,FRAG_000498.bin,sample_pdf_012.pdf,pdf,pdf,.pdf,61440,4096,False,False,15,35,10f90465b64c9e9e0189e775712ff617f96b3ca1afd1644e450109813d30e0e4
FRAG_000499,FRAG_000499.bin,sample_pdf_012.pdf,pdf,pdf,.pdf,65536,4096,False,False,16,35,b6290b28f9750a3d6009aeb015c8861c3386dfe30e504bcdfe7debd8b201f346
FRAG_000500,FRAG_000500.bin,sample_pdf_012.pdf,pdf,pdf,.pdf,69632,4096,False,False,17,35,2a6c0769eb89014b2c39fe5d6b3657f11e19205768dd1fb28cacd0b94fbc66b8
FRAG_000501,FRAG_000501.bin,sample_pdf_012.pdf,pdf,pdf,.pdf,73728,4096,False,False,18,35,8f5185fc9ae409ac1d488bf071d5ed8a585219a6e6e853c12b51740613d3bd41
FRAG_000502,FRAG_000502.bin,sample_pdf_012.pdf,pdf,pdf,.pdf,77824,4096,False,False,19,35,c2fe672dea8f00c0481a591c17a1fd6ececf6d2908661fe18fff6382b12f8428
FRAG_000503,FRAG_000503.bin,sample_pdf_012.pdf,pdf,pdf,.pdf,81920,4096,False,False,20,35,11c0116e0876e3c9c7616a7b89303c5cfbeb09d50beda5c1875de1f6760379b7
FRAG_000504,FRAG_000504.bin,sample_pdf_012.pdf,pdf,pdf,.pdf,86016,4096,False,False,21,35,4da6933babd3566ffa6550613b5f2b2fca0e0c76ab368f2fe9d015ef3cdc4299
FRAG_000505,FRAG_000505.bin,sample_pdf_012.pdf,pdf,pdf,.pdf,90112,4096,False,False,22,35,5c1f06066163890a59b1669eca2513f40b2d063a63a9d1e4c928d11b4e6cf9d4
FRAG_000506,FRAG_000506.bin,sample_pdf_012.pdf,pdf,pdf,.pdf,94208,4096,False,False,23,35,4f56ae10aee6fa967b69e81e2eef4b666d00a1483148d06efeffe00e3ea9d29c
FRAG_000507,FRAG_000507.bin,sample_pdf_012.pdf,pdf,pdf,.pdf,98304,4096,False,False,24,35,a2c0453500a82acece440b99de297ac45407c980df9df94ac6efdd7d530521ca
FRAG_000508,FRAG_000508.bin,sample_pdf_012.pdf,pdf,pdf,.pdf,102400,4096,False,False,25,35,86d4670b0681b1d3319fdd0a21dd6b35d52be32ba5a83b6e3dc7f97cfc961259
FRAG_000509,FRAG_000509.bin,sample_pdf_012.pdf,pdf,pdf,.pdf,106496,4096,False,False,26,35,e50bc310420ff511ee2ab5cda31e36cb3a564a99f4cc7d3fdc435d3e6b46469b
FRAG_000510,FRAG_000510.bin,sample_pdf_012.pdf,pdf,pdf,.pdf,110592,4096,False,False,27,35,ec6bec65e2fc6c4adbb461c9f32b3841d8b47a562ec2564a58c83a12dc04afe8
FRAG_000511,FRAG_000511.bin,sample_pdf_012.pdf,pdf,pdf,.pdf,114688,4096,False,False,28,35,d527ca3d81de765390cf9f4957e842af7c29adeca4bc2bcdedf766408d6df049
FRAG_000512,FRAG_000512.bin,sample_pdf_012.pdf,pdf,pdf,.pdf,118784,4096,False,False,29,35,5c5b2cf93d78687877107a77d46ae74e7087290144230776b69024b922326a1d
FRAG_000513,FRAG_000513.bin,sample_pdf_012.pdf,pdf,pdf,.pdf,122880,4096,False,False,30,35,432202069eba92ff2f1f2374c7c0e77fdd35e6e206adcc52edee4d34e9351d57
FRAG_000514,FRAG_000514.bin,sample_pdf_012.pdf,pdf,pdf,.pdf,126976,4096,False,False,31,35,a4811bf47c6e0fefef46542b63cf8a47159e201e4c5868a0e5a62941c22a460d
FRAG_000515,FRAG_000515.bin,sample_pdf_012.pdf,pdf,pdf,.pdf,131072,4096,False,False,32,35,9f2da207b43f525568e546e2643ef11357674f60939c3042c42f3110d8d1fd48
FRAG_000516,FRAG_000516.bin,sample_pdf_012.pdf,pdf,pdf,.pdf,135168,4096,False,False,33,35,a508ffda0e326319de4ad19ed41fa3621fa58e468bb4049ac2e42b9e38054610
FRAG_000517,FRAG_000517.bin,sample_pdf_012.pdf,pdf,pdf,.pdf,139264,4070,False,True,34,35,1b98c4c255615738b8910f675423c16477a11d668fd979c4090e7d4faa41a954
FRAG_000518,FRAG_000518.bin,sample_pdf_013.pdf,pdf,pdf,.pdf,0,4096,True,False,0,9,8836640831e7e64160c5038772e365d2e23a25ecfba740f6f69dc00c1aa6da5d
FRAG_000519,FRAG_000519.bin,sample_pdf_013.pdf,pdf,pdf,.pdf,4096,4096,False,False,1,9,6675c2ca69964948aa1064ba9c9b00939971a85b79cea8d26c564df3458bab65
FRAG_000520,FRAG_000520.bin,sample_pdf_013.pdf,pdf,pdf,.pdf,8192,4096,False,False,2,9,0c6ceaa96ee973f10f9f4bcb02985edcb7d578f60538e98374755fa3e8fb1658
FRAG_000521,FRAG_000521.bin,sample_pdf_013.pdf,pdf,pdf,.pdf,12288,4096,False,False,3,9,b9065c2ea4733b7e13b9e4902d44bb8ee5f12bbb49b580d7b93e3987d234b0be
FRAG_000522,FRAG_000522.bin,sample_pdf_013.pdf,pdf,pdf,.pdf,16384,4096,False,False,4,9,382137766c67cdfaa63f3b72f90d57b731175bd3a3f15674af3d463bc6e31df8
FRAG_000523,FRAG_000523.bin,sample_pdf_013.pdf,pdf,pdf,.pdf,20480,4096,False,False,5,9,38b2b9e50c0840753072ac8dfe8b73200234cc42e2b9440054142d4c87b2fe44
FRAG_000524,FRAG_000524.bin,sample_pdf_013.pdf,pdf,pdf,.pdf,24576,4096,False,False,6,9,ecce692ee6f24ae5ec9ad521a5fb78bd5989435e16d77ad564b8b920b76fe966
FRAG_000525,FRAG_000525.bin,sample_pdf_013.pdf,pdf,pdf,.pdf,28672,4096,False,False,7,9,03a7882230af9493ce5701d3b5bca81c702de7a0f3ef92f474ce84a6e0927678
FRAG_000526,FRAG_000526.bin,sample_pdf_013.pdf,pdf,pdf,.pdf,32768,1138,False,True,8,9,7bd73c1d05a3f34ac70b315496bd93bc3da319f65622b0780409359f9461fb6a
FRAG_000527,FRAG_000527.bin,sample_pdf_014.pdf,pdf,pdf,.pdf,0,4096,True,False,0,22,7e0e07a59a4f48351f817531f9e5ded11e1a89e9bec6e42aa8f6a4244a2a3a59
FRAG_000528,FRAG_000528.bin,sample_pdf_014.pdf,pdf,pdf,.pdf,4096,4096,False,False,1,22,dc2045a9d8a91ea1c7092cfa97308eb5e8fdfc01359e97593cebc0daadad4f9e
FRAG_000529,FRAG_000529.bin,sample_pdf_014.pdf,pdf,pdf,.pdf,8192,4096,False,False,2,22,7bd18d82a083d06c0cb4d316cdea20873081c2027cc0309072f131eca04135ab
FRAG_000530,FRAG_000530.bin,sample_pdf_014.pdf,pdf,pdf,.pdf,12288,4096,False,False,3,22,e2504edb25404479b985c2126d8caa651b210c7e85a8344ec581ad3372b2c8a0
FRAG_000531,FRAG_000531.bin,sample_pdf_014.pdf,pdf,pdf,.pdf,16384,4096,False,False,4,22,59123f814532bad12c2a5c0d2a40c508f4d840df6dc3f829ad61b64a7b34de8d
FRAG_000532,FRAG_000532.bin,sample_pdf_014.pdf,pdf,pdf,.pdf,20480,4096,False,False,5,22,a144c4d9747602d8a24a02fe32acebe3be8a95ca78b6ea49cb32b8ab3dd20339
FRAG_000533,FRAG_000533.bin,sample_pdf_014.pdf,pdf,pdf,.pdf,24576,4096,False,False,6,22,cd842704c4d5dacc7352d297c3b681965ada29148bf5a7d00431f8acd778e88e
FRAG_000534,FRAG_000534.bin,sample_pdf_014.pdf,pdf,pdf,.pdf,28672,4096,False,False,7,22,a2ff787df6b5b853ea581c694a9f9efaad92e56d827e3d81af6c1f672dde8eba
FRAG_000535,FRAG_000535.bin,sample_pdf_014.pdf,pdf,pdf,.pdf,32768,4096,False,False,8,22,b4b7034e7674e47f5dc6abd9369f04645c57029ac2fc4c1eddd6cdbe1aac2df9
FRAG_000536,FRAG_000536.bin,sample_pdf_014.pdf,pdf,pdf,.pdf,36864,4096,False,False,9,22,c6a6f36f437a4971ed25ca81feba6ae7800fd2fec03acd5c04c0cb62be9025f1
FRAG_000537,FRAG_000537.bin,sample_pdf_014.pdf,pdf,pdf,.pdf,40960,4096,False,False,10,22,af0ff47714c565724b24e9ccd9be01075ef4d3964aa3a5e4c138399fdc15af1d
FRAG_000538,FRAG_000538.bin,sample_pdf_014.pdf,pdf,pdf,.pdf,45056,4096,False,False,11,22,92c877ba9f3552ac94d6c851e7f7ab4eb4c741381f40c2840a112a4ae969603b
FRAG_000539,FRAG_000539.bin,sample_pdf_014.pdf,pdf,pdf,.pdf,49152,4096,False,False,12,22,ee1b552656468ddc27d21d37de1c8dc3188dc7030a71b2b6eec60655c3d41810
FRAG_000540,FRAG_000540.bin,sample_pdf_014.pdf,pdf,pdf,.pdf,53248,4096,False,False,13,22,95854fa4dd0a057b645f7d9ae7d6b026bcf7ad4405ab673cc206835f0af980c7
FRAG_000541,FRAG_000541.bin,sample_pdf_014.pdf,pdf,pdf,.pdf,57344,4096,False,False,14,22,b88a201d199d3e84d5b46d8fef8dc6f2f1cd1794f59e1d7c5b010da5068e7274
FRAG_000542,FRAG_000542.bin,sample_pdf_014.pdf,pdf,pdf,.pdf,61440,4096,False,False,15,22,889df6d201ce8b9ee65c0d264778e801c1047d1514f3da01de83f796596cabe0
FRAG_000543,FRAG_000543.bin,sample_pdf_014.pdf,pdf,pdf,.pdf,65536,4096,False,False,16,22,2bc9ff64ecf68bd2be6f63356f52cc65f13dfb9b12673f9f1c39f79f08f21a89
FRAG_000544,FRAG_000544.bin,sample_pdf_014.pdf,pdf,pdf,.pdf,69632,4096,False,False,17,22,292f62321e210298a338421fced49a886120e8f9f13e3dd8dd04ce3fbebfbd8f
FRAG_000545,FRAG_000545.bin,sample_pdf_014.pdf,pdf,pdf,.pdf,73728,4096,False,False,18,22,3093160f097261f513744f9fa286db409d91c6f4e54a7a673a7b71264ed8a6c2
FRAG_000546,FRAG_000546.bin,sample_pdf_014.pdf,pdf,pdf,.pdf,77824,4096,False,False,19,22,6b0583aeb8448ca7b9662f6f190b64f5e1a9ca1c93419b965f13775cc632f1a7
FRAG_000547,FRAG_000547.bin,sample_pdf_014.pdf,pdf,pdf,.pdf,81920,4096,False,False,20,22,ff879ee590aa05b45d00e374cde07b1424fb7fe935844aa1fe5c7fd90851d691
FRAG_000548,FRAG_000548.bin,sample_pdf_014.pdf,pdf,pdf,.pdf,86016,3304,False,True,21,22,716ba8eed08ee503586418f78996b7e676462258f01b0e3b47effceadf69b225
FRAG_000549,FRAG_000549.bin,sample_pdf_015.pdf,pdf,pdf,.pdf,0,4096,True,False,0,12,94ca31257f4c44e0391a7cb3f93a6365eb2a4c4a096cc020c83902e1f54dcbab
FRAG_000550,FRAG_000550.bin,sample_pdf_015.pdf,pdf,pdf,.pdf,4096,4096,False,False,1,12,45178a347e6debfba5ad9310dc34e143f412ed81df59dc70199012d46b38822a
FRAG_000551,FRAG_000551.bin,sample_pdf_015.pdf,pdf,pdf,.pdf,8192,4096,False,False,2,12,e9e44a6235d321f964bcb9c9a580a8c2fd03c5ef64c6ec4de794cc4696a995dd
FRAG_000552,FRAG_000552.bin,sample_pdf_015.pdf,pdf,pdf,.pdf,12288,4096,False,False,3,12,97f44d3f20b249ec4636dea4e3ede6f50053fda207dacf0c09a5d3313fa7913f
FRAG_000553,FRAG_000553.bin,sample_pdf_015.pdf,pdf,pdf,.pdf,16384,4096,False,False,4,12,3309bf1ade520ac0a3d918c85ab7ea47c41337d94a1c001f7da1135832d5f443
FRAG_000554,FRAG_000554.bin,sample_pdf_015.pdf,pdf,pdf,.pdf,20480,4096,False,False,5,12,867d5e164c5697a8fca6c66f4d523ff11bd58bd20f56393233233dc964b658b3
FRAG_000555,FRAG_000555.bin,sample_pdf_015.pdf,pdf,pdf,.pdf,24576,4096,False,False,6,12,10155b3212d9fa0f687e743d45036950912803d5190c777c2034133eaed1da5b
FRAG_000556,FRAG_000556.bin,sample_pdf_015.pdf,pdf,pdf,.pdf,28672,4096,False,False,7,12,8704d89398fd5db476844863abd636d6a050a622d0344b13043e578a6450fad9
FRAG_000557,FRAG_000557.bin,sample_pdf_015.pdf,pdf,pdf,.pdf,32768,4096,False,False,8,12,1735ae4ea5938b430e50dc4f4b16f7d1b6213ef15de159adadab3c06ef6bde0c
FRAG_000558,FRAG_000558.bin,sample_pdf_015.pdf,pdf,pdf,.pdf,36864,4096,False,False,9,12,4ab45e57d6147eb2fc3ae48814a870c6227dbd276319549bd716c9484598c691
FRAG_000559,FRAG_000559.bin,sample_pdf_015.pdf,pdf,pdf,.pdf,40960,4096,False,False,10,12,421f422dc4b8e18e0132f5adb99ba98d1371f060aacf7ecf43f0d7b40ca6917f
FRAG_000560,FRAG_000560.bin,sample_pdf_015.pdf,pdf,pdf,.pdf,45056,1431,False,True,11,12,9b68efcd237bb8b10bde0e81f920924dfc4458aa77d11a5eca3545698178d853
FRAG_000561,FRAG_000561.bin,sample_pdf_016.pdf,pdf,pdf,.pdf,0,4096,True,False,0,22,554f55b8f350cc77157fb2cd31781e0e89cbfa3805806ff97941894725a4ec51
FRAG_000562,FRAG_000562.bin,sample_pdf_016.pdf,pdf,pdf,.pdf,4096,4096,False,False,1,22,e914cdec76fe92dd2024fc71efa114c99506a37f9714e3f802cc457359ca5f89
FRAG_000563,FRAG_000563.bin,sample_pdf_016.pdf,pdf,pdf,.pdf,8192,4096,False,False,2,22,de3fde06536c998c2cc99eb5a03745d417034cd4dabdeee21ee8153abb1621d7
FRAG_000564,FRAG_000564.bin,sample_pdf_016.pdf,pdf,pdf,.pdf,12288,4096,False,False,3,22,648853791b6aa013f6ac0ff3bf8f66b2eea516cd274a664ab29d8bff546b6f87
FRAG_000565,FRAG_000565.bin,sample_pdf_016.pdf,pdf,pdf,.pdf,16384,4096,False,False,4,22,56842aafa28422ec444dd80d80c9d6a06d959e0824ef56d3ba814458e9782d64
FRAG_000566,FRAG_000566.bin,sample_pdf_016.pdf,pdf,pdf,.pdf,20480,4096,False,False,5,22,7e99d2878b1c27cb5635786f4a9152b5a4ec0f648daac68ab5ca60520907f4a2
FRAG_000567,FRAG_000567.bin,sample_pdf_016.pdf,pdf,pdf,.pdf,24576,4096,False,False,6,22,e534bd189a0ff7ff680978a2c09462b01289d4d28383276bd61a113c828a058f
FRAG_000568,FRAG_000568.bin,sample_pdf_016.pdf,pdf,pdf,.pdf,28672,4096,False,False,7,22,fe0645de21627786d0b188ce0421a42bc0c38e9da533dabec2558cfb019f301b
FRAG_000569,FRAG_000569.bin,sample_pdf_016.pdf,pdf,pdf,.pdf,32768,4096,False,False,8,22,aa9491b9a9f6c870a2a3efab532e8cd6503336d519ccd57d0ca0e0a6b4572f8d
FRAG_000570,FRAG_000570.bin,sample_pdf_016.pdf,pdf,pdf,.pdf,36864,4096,False,False,9,22,ad3deec662cddcc4ab2e4b1b76c626757f6f31faab6e2016f48082e4279e0645
FRAG_000571,FRAG_000571.bin,sample_pdf_016.pdf,pdf,pdf,.pdf,40960,4096,False,False,10,22,97ad22e3b32d02cc1408659b708f7894d1e870eb4c6f1bbebbda1cfd5e973705
FRAG_000572,FRAG_000572.bin,sample_pdf_016.pdf,pdf,pdf,.pdf,45056,4096,False,False,11,22,2a5cec50696baab87d2ec622f398a4cf5ee79e524eb076d5f99535c71027e2b9
FRAG_000573,FRAG_000573.bin,sample_pdf_016.pdf,pdf,pdf,.pdf,49152,4096,False,False,12,22,2294b37613ec2c7106e7b89165088b3294287da91d78183202e054ed323b25a7
FRAG_000574,FRAG_000574.bin,sample_pdf_016.pdf,pdf,pdf,.pdf,53248,4096,False,False,13,22,d0c124e5ada2619e29ccd1b1a6df6c7a323f7b632cb6e944540855316a2baf7f
FRAG_000575,FRAG_000575.bin,sample_pdf_016.pdf,pdf,pdf,.pdf,57344,4096,False,False,14,22,ef6c3ab47859e84ce06330c3b5152170eb794bb281755a83067ab8ebf12fbd44
FRAG_000576,FRAG_000576.bin,sample_pdf_016.pdf,pdf,pdf,.pdf,61440,4096,False,False,15,22,5ddb0bd3050833ce8b4062ae45d268f66606600bd90136d4256c1eea4c12e0be
FRAG_000577,FRAG_000577.bin,sample_pdf_016.pdf,pdf,pdf,.pdf,65536,4096,False,False,16,22,528f57de65c77561e558a6804ddb58f4d4e0e50f39b487cbf6cbd9f15bece79c
FRAG_000578,FRAG_000578.bin,sample_pdf_016.pdf,pdf,pdf,.pdf,69632,4096,False,False,17,22,f3f3712efc32274b3e8cc5a88de7c7c7eca28d072f6325bc5cc3d3efac0cedfe
FRAG_000579,FRAG_000579.bin,sample_pdf_016.pdf,pdf,pdf,.pdf,73728,4096,False,False,18,22,ddea74e7bcf24a23edb29e9b47c5285997d322814cfe7ff4d238b0af222e2b23
FRAG_000580,FRAG_000580.bin,sample_pdf_016.pdf,pdf,pdf,.pdf,77824,4096,False,False,19,22,c9754208ccea4a01310975e1095464f17985b93dc3e9a07cb2d5575d657d768f
FRAG_000581,FRAG_000581.bin,sample_pdf_016.pdf,pdf,pdf,.pdf,81920,4096,False,False,20,22,a6ea177f1baf3b1955fa4658ce140a661a6c4739ed8a6738ea3668feb6f9bdb1
FRAG_000582,FRAG_000582.bin,sample_pdf_016.pdf,pdf,pdf,.pdf,86016,983,False,True,21,22,f49071dae6dc84f18684630a858ddabc03a79cb77fdfbd721659604c5b31ec94
FRAG_000583,FRAG_000583.bin,sample_pdf_017.pdf,pdf,pdf,.pdf,0,4096,True,False,0,20,88cbb9cd8d14fc22953d44e83b29b5768fc421abdc325563c8b34ad53599c16b
FRAG_000584,FRAG_000584.bin,sample_pdf_017.pdf,pdf,pdf,.pdf,4096,4096,False,False,1,20,15e8e10dfa8cdfae4d93788b7d6518bfe5d18054960c88fb98c764ed51b161e9
FRAG_000585,FRAG_000585.bin,sample_pdf_017.pdf,pdf,pdf,.pdf,8192,4096,False,False,2,20,99e8d3a5a38958ecfafa4743b08634e43d199eb4a2fe5276083b8543a6572161
FRAG_000586,FRAG_000586.bin,sample_pdf_017.pdf,pdf,pdf,.pdf,12288,4096,False,False,3,20,2636713d21d9549a18749a8b9f4b304c2dcba75cb3c27230877dda41dd34236d
FRAG_000587,FRAG_000587.bin,sample_pdf_017.pdf,pdf,pdf,.pdf,16384,4096,False,False,4,20,f6d39a3bdee4d2ff5298908d45cadabca1edd163e321816015f625f8928bd488
FRAG_000588,FRAG_000588.bin,sample_pdf_017.pdf,pdf,pdf,.pdf,20480,4096,False,False,5,20,4a0bd95fe5295499237d96f186dca51ece1bf843b5fb80f833cc61624446cf8f
FRAG_000589,FRAG_000589.bin,sample_pdf_017.pdf,pdf,pdf,.pdf,24576,4096,False,False,6,20,63fc8807a0b37959d216e5d4e1e429113bf2491ac9b3e39fde9e241510c72828
FRAG_000590,FRAG_000590.bin,sample_pdf_017.pdf,pdf,pdf,.pdf,28672,4096,False,False,7,20,2dba73b1a6c5a1c14a8ed3097914f7bc1ae7a33b959bc884d4fe5fc96743000d
FRAG_000591,FRAG_000591.bin,sample_pdf_017.pdf,pdf,pdf,.pdf,32768,4096,False,False,8,20,23c014d69bafccbead9489d4a8f19ee6e9c2627bfd3085fa642a610fdba3e77b
FRAG_000592,FRAG_000592.bin,sample_pdf_017.pdf,pdf,pdf,.pdf,36864,4096,False,False,9,20,5dcca5798d8aaa43df9052e24f11512955bb027e9401e5ce812c4035ab49e43d
FRAG_000593,FRAG_000593.bin,sample_pdf_017.pdf,pdf,pdf,.pdf,40960,4096,False,False,10,20,e0130ea4758b5904dee4f05476f46df697cb3c42510dc75e536de23db2dbff68
FRAG_000594,FRAG_000594.bin,sample_pdf_017.pdf,pdf,pdf,.pdf,45056,4096,False,False,11,20,7eecb30f08cf2c45914675ae5dc7c2891b3dbe992db14abfca9f7e6f95da2e5a
FRAG_000595,FRAG_000595.bin,sample_pdf_017.pdf,pdf,pdf,.pdf,49152,4096,False,False,12,20,1352c5e8a90b4e6319d521c19b259820acc7e5d92e8c45abcc1b313b3233bd02
FRAG_000596,FRAG_000596.bin,sample_pdf_017.pdf,pdf,pdf,.pdf,53248,4096,False,False,13,20,513c9ed4645ea7680ff4eb168d8e09524404ce33f8732139b7f459bfcdff5f32
FRAG_000597,FRAG_000597.bin,sample_pdf_017.pdf,pdf,pdf,.pdf,57344,4096,False,False,14,20,56ad42357d3c62af42fd6c345b2c62fcabc04da693d3dd0241e4239b9433b472
FRAG_000598,FRAG_000598.bin,sample_pdf_017.pdf,pdf,pdf,.pdf,61440,4096,False,False,15,20,42e7be79bb122335075759b01729e31b77f621c01306b52c0dd6c65a8d014708
FRAG_000599,FRAG_000599.bin,sample_pdf_017.pdf,pdf,pdf,.pdf,65536,4096,False,False,16,20,d2ee52a6d375503575f0f2851ac1f4c57cdebfde730c35f0a6fceae9e68c2257
FRAG_000600,FRAG_000600.bin,sample_pdf_017.pdf,pdf,pdf,.pdf,69632,4096,False,False,17,20,2c57b52fd2c17aa8867b0d7a32c13bd101b0c863716fd87bbeacbf9bb9237291
FRAG_000601,FRAG_000601.bin,sample_pdf_017.pdf,pdf,pdf,.pdf,73728,4096,False,False,18,20,9e29070970942a5c533833fb0abbaf7168e2c87e1e7abb158433235e9d993019
FRAG_000602,FRAG_000602.bin,sample_pdf_017.pdf,pdf,pdf,.pdf,77824,2161,False,True,19,20,19cb2b3bce71ae0cf66183821fbe1da17b9f3ce7633510ada85f5556020b7438
FRAG_000603,FRAG_000603.bin,sample_pdf_018.pdf,pdf,pdf,.pdf,0,4096,True,False,0,30,5d038b598eb2be5341c2654671ef22b8ab8010a28ff2aa6286bd80186aebab0b
FRAG_000604,FRAG_000604.bin,sample_pdf_018.pdf,pdf,pdf,.pdf,4096,4096,False,False,1,30,884e62ea3506bbf79f468834c9aeb6cb38e78e25c3b8578e13e882fda8b26d85
FRAG_000605,FRAG_000605.bin,sample_pdf_018.pdf,pdf,pdf,.pdf,8192,4096,False,False,2,30,ae67e882ddb2ce12d1312ac9180c408d2e421c88880f8e270eb5c3dd380f58fc
FRAG_000606,FRAG_000606.bin,sample_pdf_018.pdf,pdf,pdf,.pdf,12288,4096,False,False,3,30,216543cab6fcf13a3e259876621f387ed467ee329bcc04341b5315ee60d138f6
FRAG_000607,FRAG_000607.bin,sample_pdf_018.pdf,pdf,pdf,.pdf,16384,4096,False,False,4,30,2bd16663bb24fb8036940c300aef0b181935e61a714e2f11f4849d54e6aad0fc
FRAG_000608,FRAG_000608.bin,sample_pdf_018.pdf,pdf,pdf,.pdf,20480,4096,False,False,5,30,2a4b7f0e755e524245b482b4940840543d9dff8212e822e010e22ea5f1f16b66
FRAG_000609,FRAG_000609.bin,sample_pdf_018.pdf,pdf,pdf,.pdf,24576,4096,False,False,6,30,bf28b54db1f8d6b5f93845937d2491a1ffaf62445efd7b6bf923f0f398442c37
FRAG_000610,FRAG_000610.bin,sample_pdf_018.pdf,pdf,pdf,.pdf,28672,4096,False,False,7,30,632f2a1816fe9fd613d1606f21db26a6643636756fcc8133718ba2ef87f2aaa2
FRAG_000611,FRAG_000611.bin,sample_pdf_018.pdf,pdf,pdf,.pdf,32768,4096,False,False,8,30,4268a6c30cb0774e9ccde44445eda1bd58ba6cb94f21e6febffd13e32f6375e8
FRAG_000612,FRAG_000612.bin,sample_pdf_018.pdf,pdf,pdf,.pdf,36864,4096,False,False,9,30,2b78adb01ca7ca53256f12ee6f733e199db40e09152975c649a08f86870aa09a
FRAG_000613,FRAG_000613.bin,sample_pdf_018.pdf,pdf,pdf,.pdf,40960,4096,False,False,10,30,0a50580971c10c558518dcbc257736fdfec62a3ebba7064fbf51711f98e9f013
FRAG_000614,FRAG_000614.bin,sample_pdf_018.pdf,pdf,pdf,.pdf,45056,4096,False,False,11,30,5c33d3d7fea948fcb9f0e6a7a235177fcd1210e8a6497dcd1d24118bb63149e4
FRAG_000615,FRAG_000615.bin,sample_pdf_018.pdf,pdf,pdf,.pdf,49152,4096,False,False,12,30,1e7ac8356441f39f7b3d8a3254a41910b9244dbbe518e5f33ad18689ed229212
FRAG_000616,FRAG_000616.bin,sample_pdf_018.pdf,pdf,pdf,.pdf,53248,4096,False,False,13,30,efc81e1e4d88270b4185016c27b10aee9d49e39f9d018bc39f39fb59a355374a
FRAG_000617,FRAG_000617.bin,sample_pdf_018.pdf,pdf,pdf,.pdf,57344,4096,False,False,14,30,e2639423f7472700325f83fbefc5389c210dc981f9bfaad10b3b10e97041dffa
FRAG_000618,FRAG_000618.bin,sample_pdf_018.pdf,pdf,pdf,.pdf,61440,4096,False,False,15,30,c828dbe377ae76154cec20ccc7efdf08bdd6dd14537693bbbbc7551b4c90fd3d
FRAG_000619,FRAG_000619.bin,sample_pdf_018.pdf,pdf,pdf,.pdf,65536,4096,False,False,16,30,ce1976bdca8efe2597e6ceae06c4c817ce933fcff906b05d0bcfd5bc228eb693
FRAG_000620,FRAG_000620.bin,sample_pdf_018.pdf,pdf,pdf,.pdf,69632,4096,False,False,17,30,4de8b06b823b27f8ce01f882831b20f6a4b637bde5d8e662d347ba20be198c46
FRAG_000621,FRAG_000621.bin,sample_pdf_018.pdf,pdf,pdf,.pdf,73728,4096,False,False,18,30,0fe903293504c2f7953f451aefeefa00da4867e9b65e14e539981a276d23700b
FRAG_000622,FRAG_000622.bin,sample_pdf_018.pdf,pdf,pdf,.pdf,77824,4096,False,False,19,30,b13d45d7e2b7be3832780f4e9baa7bb329e1529720e800bf8fef895c41c2db5d
FRAG_000623,FRAG_000623.bin,sample_pdf_018.pdf,pdf,pdf,.pdf,81920,4096,False,False,20,30,b675e85421c54547b389b492968c4768578cba0a6f23ab80b56d5b067fedc9c1
FRAG_000624,FRAG_000624.bin,sample_pdf_018.pdf,pdf,pdf,.pdf,86016,4096,False,False,21,30,b135b9167f7ed1d6e03f956b9aa2e7edf0953d114a8243ac74b5774f50f369a0
FRAG_000625,FRAG_000625.bin,sample_pdf_018.pdf,pdf,pdf,.pdf,90112,4096,False,False,22,30,0e8c5ec8d5bc5edcbb316c43ab2e279f8496cb0c6bc56893d539bb846ad63cb9
FRAG_000626,FRAG_000626.bin,sample_pdf_018.pdf,pdf,pdf,.pdf,94208,4096,False,False,23,30,44ae14bb4bc8eeca7034fdd95d959dfd64755d6e60cad8121c1ad8810f0cd944
FRAG_000627,FRAG_000627.bin,sample_pdf_018.pdf,pdf,pdf,.pdf,98304,4096,False,False,24,30,d3bc1c95645fa4ab27972771f573878072c40418388d507a80242b74d9ddf3c6
FRAG_000628,FRAG_000628.bin,sample_pdf_018.pdf,pdf,pdf,.pdf,102400,4096,False,False,25,30,39ac1e11ac5d1102f8a8dd5ef5a378c78d41eae347a3f77c7d3ba8bdc46f4873
FRAG_000629,FRAG_000629.bin,sample_pdf_018.pdf,pdf,pdf,.pdf,106496,4096,False,False,26,30,3e3a0ff0671fa5c3c5aefa25f0116a35abf854c1135528f1fc0483d99c314e4d
FRAG_000630,FRAG_000630.bin,sample_pdf_018.pdf,pdf,pdf,.pdf,110592,4096,False,False,27,30,99e5b4ec6553be248b379911211255e155dc45d6706e07fe3e8a53169d2291c2
FRAG_000631,FRAG_000631.bin,sample_pdf_018.pdf,pdf,pdf,.pdf,114688,4096,False,False,28,30,9d2df4939f4db6bc6d76f1aa927bf2efc8bfa93dea43513abbd33c9536b6cfdd
FRAG_000632,FRAG_000632.bin,sample_pdf_018.pdf,pdf,pdf,.pdf,118784,3950,False,True,29,30,1bdb48d97f5409cf578be40fd6a64cc8033ab555b6e14724e7f6472816fe3f02
FRAG_000633,FRAG_000633.bin,sample_pdf_019.pdf,pdf,pdf,.pdf,0,4096,True,False,0,40,7c7e61ea2333a7386dcfe0e870be2b0b90a31030352073ae5251f57404b0897d
FRAG_000634,FRAG_000634.bin,sample_pdf_019.pdf,pdf,pdf,.pdf,4096,4096,False,False,1,40,d62015a3c52171d92e2b5107d42bc6cbc003937bfb77b4c55d50edc0b0132722
FRAG_000635,FRAG_000635.bin,sample_pdf_019.pdf,pdf,pdf,.pdf,8192,4096,False,False,2,40,b1db84ea4ff804bbe397142396d1ec8db20be10727167e3544cef05cf1f80b0c
FRAG_000636,FRAG_000636.bin,sample_pdf_019.pdf,pdf,pdf,.pdf,12288,4096,False,False,3,40,a0b45d0957c04b759183778d984492d41f08cdfb79780c394e2a70a7741b0089
FRAG_000637,FRAG_000637.bin,sample_pdf_019.pdf,pdf,pdf,.pdf,16384,4096,False,False,4,40,79924a71948c72d5ad348f911c2d62652fe72df4bdbac4cf6ae1a6efe1797de9
FRAG_000638,FRAG_000638.bin,sample_pdf_019.pdf,pdf,pdf,.pdf,20480,4096,False,False,5,40,683f6df47de921abe6cf8250245d594cedcff6338680a21a1bdea14922330d90
FRAG_000639,FRAG_000639.bin,sample_pdf_019.pdf,pdf,pdf,.pdf,24576,4096,False,False,6,40,a81481ed5d4717b6612aef05d8fe9c420214fc63205f670712a4ef854e4b89c0
FRAG_000640,FRAG_000640.bin,sample_pdf_019.pdf,pdf,pdf,.pdf,28672,4096,False,False,7,40,e42568e7a2afba578de2c41356633495a039995164e595603bbc66f24b2485a1
FRAG_000641,FRAG_000641.bin,sample_pdf_019.pdf,pdf,pdf,.pdf,32768,4096,False,False,8,40,9a21826094b4ea68e3d53df96f549327de1130b38f919eb4462fb5e87fd4711e
FRAG_000642,FRAG_000642.bin,sample_pdf_019.pdf,pdf,pdf,.pdf,36864,4096,False,False,9,40,ba56a154e6036e9950adaf9b73ae155ecbd842650ceb9922bde0dce1524f932f
FRAG_000643,FRAG_000643.bin,sample_pdf_019.pdf,pdf,pdf,.pdf,40960,4096,False,False,10,40,9a026357647815ba2feeed975b6de329ec4b98c8801d243ac0498147eec91b82
FRAG_000644,FRAG_000644.bin,sample_pdf_019.pdf,pdf,pdf,.pdf,45056,4096,False,False,11,40,789ec054b831bb4dab1954e98e45ebac7dc574b561520aa16b877c1ba4d43018
FRAG_000645,FRAG_000645.bin,sample_pdf_019.pdf,pdf,pdf,.pdf,49152,4096,False,False,12,40,2dc484f835b7ccf881bab8129138f7801a3de374e7218f5a329ef9b868b5ff0d
FRAG_000646,FRAG_000646.bin,sample_pdf_019.pdf,pdf,pdf,.pdf,53248,4096,False,False,13,40,76b8c13314e2a17081d4b943345f2488f56d4d0d46ae30ee53ff8c4542513ed1
FRAG_000647,FRAG_000647.bin,sample_pdf_019.pdf,pdf,pdf,.pdf,57344,4096,False,False,14,40,b10713f6dea675f3d92a443057d123d84da0774a5ab50bd0d2b0f532cb49770d
FRAG_000648,FRAG_000648.bin,sample_pdf_019.pdf,pdf,pdf,.pdf,61440,4096,False,False,15,40,b2d185e65520ade1dffbcc55831c5554ec7291854bf620d4f0b41c0e56eb13c6
FRAG_000649,FRAG_000649.bin,sample_pdf_019.pdf,pdf,pdf,.pdf,65536,4096,False,False,16,40,e4c004c17f8900515712f0c288feb8b1a46bb801623c77c3b800fa5630a9ae74
FRAG_000650,FRAG_000650.bin,sample_pdf_019.pdf,pdf,pdf,.pdf,69632,4096,False,False,17,40,d28d4583e0e6a82a3fada31a42d4236a08d1d88a60f8cf47422fbc75396fd6f0
FRAG_000651,FRAG_000651.bin,sample_pdf_019.pdf,pdf,pdf,.pdf,73728,4096,False,False,18,40,8efa2fc40b5c2248ef363013ea47f1cd220df75ad909fe00f654b3368c57d292
FRAG_000652,FRAG_000652.bin,sample_pdf_019.pdf,pdf,pdf,.pdf,77824,4096,False,False,19,40,ae3ad569c7174568b8ae52a17ac57b5972f977f0ebbe4148bb0c086298cbd469
FRAG_000653,FRAG_000653.bin,sample_pdf_019.pdf,pdf,pdf,.pdf,81920,4096,False,False,20,40,3627d7b5d98ff37f57c5f60f92684e8ab8720aee196ce5ae791f30e8762a8b41
FRAG_000654,FRAG_000654.bin,sample_pdf_019.pdf,pdf,pdf,.pdf,86016,4096,False,False,21,40,aa94d8b0aaa70b06ce956f285315d672f22fe1716479df12910a2cd5c3a8ef48
FRAG_000655,FRAG_000655.bin,sample_pdf_019.pdf,pdf,pdf,.pdf,90112,4096,False,False,22,40,84e972f50ed583dc3553353ac7cff305a314e298fdc6b75bc604ea294a80cb5f
FRAG_000656,FRAG_000656.bin,sample_pdf_019.pdf,pdf,pdf,.pdf,94208,4096,False,False,23,40,85534e415598ae56d142ea47745e73d80d66fc48cbd6c0d8b16abf5f73fa4cfb
FRAG_000657,FRAG_000657.bin,sample_pdf_019.pdf,pdf,pdf,.pdf,98304,4096,False,False,24,40,1e801fee5a064706af73346a37becebfe1f034d26f7bf9679f18c872c29ba1fb
FRAG_000658,FRAG_000658.bin,sample_pdf_019.pdf,pdf,pdf,.pdf,102400,4096,False,False,25,40,06ac46162c1c4b8e77de7bdff4cbf686234b17783f50172f5315cf7185e90f0f
FRAG_000659,FRAG_000659.bin,sample_pdf_019.pdf,pdf,pdf,.pdf,106496,4096,False,False,26,40,ce2588cefd05938e2ff856f7ae64f46b510bee0814309aa82e1e9ec3f3bdebbe
FRAG_000660,FRAG_000660.bin,sample_pdf_019.pdf,pdf,pdf,.pdf,110592,4096,False,False,27,40,17244595707a871fe8a9afb8c775503ac4796ca6f016f7f7d62f4c1b3510a942
FRAG_000661,FRAG_000661.bin,sample_pdf_019.pdf,pdf,pdf,.pdf,114688,4096,False,False,28,40,5ca438ba67a39f693dc2897ff1984edd594be23de0a499724949f8cbbe05a138
FRAG_000662,FRAG_000662.bin,sample_pdf_019.pdf,pdf,pdf,.pdf,118784,4096,False,False,29,40,73bc5e9fc32d62549ba805fe87178f0c9bb839eca1757ac5cbbed59ca4bb3eb6
FRAG_000663,FRAG_000663.bin,sample_pdf_019.pdf,pdf,pdf,.pdf,122880,4096,False,False,30,40,b565506fd078ebcce61eb58579fc575da4a89d71f3064fe18aac11ae6ee83945
FRAG_000664,FRAG_000664.bin,sample_pdf_019.pdf,pdf,pdf,.pdf,126976,4096,False,False,31,40,991d97a4b2dbbc156a34621fb107babb7bb208975d9ffd9ef5cdcb52b01805ee
FRAG_000665,FRAG_000665.bin,sample_pdf_019.pdf,pdf,pdf,.pdf,131072,4096,False,False,32,40,b2bd107d4f79573d04149186563a089fb179dae5af475e79c75418dba8e55a3e
FRAG_000666,FRAG_000666.bin,sample_pdf_019.pdf,pdf,pdf,.pdf,135168,4096,False,False,33,40,1995b2c6f79db2b1965e1bfe703a29018743a23421cfaa40289752e9688acf73
FRAG_000667,FRAG_000667.bin,sample_pdf_019.pdf,pdf,pdf,.pdf,139264,4096,False,False,34,40,88e791a1709c933330bca99d007bee49f09f00993d0fafe9f4e7925b46f13e82
FRAG_000668,FRAG_000668.bin,sample_pdf_019.pdf,pdf,pdf,.pdf,143360,4096,False,False,35,40,c79763e2f84a2cb8a37740d27857367035d27474a5d14ae691c3c8f44585fcc0
FRAG_000669,FRAG_000669.bin,sample_pdf_019.pdf,pdf,pdf,.pdf,147456,4096,False,False,36,40,e74e9eaec57fd3744c68555850cd1637765202e9d5a7f234ce0b0ce25508884d
FRAG_000670,FRAG_000670.bin,sample_pdf_019.pdf,pdf,pdf,.pdf,151552,4096,False,False,37,40,1c10bf07647a855b35e5bfb526cdb6ae424aa46a253e4ea074b27f84bb9c8dff
FRAG_000671,FRAG_000671.bin,sample_pdf_019.pdf,pdf,pdf,.pdf,155648,4096,False,False,38,40,852d2bc42a76998f74b72ba0c90cd7dab3bbbc18879a25e1add5fb7e64921357
FRAG_000672,FRAG_000672.bin,sample_pdf_019.pdf,pdf,pdf,.pdf,159744,2057,False,True,39,40,db5bd2e35a81e06ea4e8a1cb365c86a88c9c2731548b5a3606765974bc9ced92
FRAG_000673,FRAG_000673.bin,sample_pdf_020.pdf,pdf,pdf,.pdf,0,4096,True,False,0,35,8711394360e236af488e68b5f8cb8d906018c4492220a1a583c74ddf71541ee8
FRAG_000674,FRAG_000674.bin,sample_pdf_020.pdf,pdf,pdf,.pdf,4096,4096,False,False,1,35,993b62b156ad5921e9bdea0f08887100b621fe6d65996535da54adaf2b63dc01
FRAG_000675,FRAG_000675.bin,sample_pdf_020.pdf,pdf,pdf,.pdf,8192,4096,False,False,2,35,3254f22124229ab3898a8369de8dab58ce019ff871a28a9f095f1f8246f4811f
FRAG_000676,FRAG_000676.bin,sample_pdf_020.pdf,pdf,pdf,.pdf,12288,4096,False,False,3,35,2382659a35e18324334f158a2cb36e41abcc53086accc6af43ff9858afdcc4a3
FRAG_000677,FRAG_000677.bin,sample_pdf_020.pdf,pdf,pdf,.pdf,16384,4096,False,False,4,35,df66df49179fdf6397468c2ba9ed465404646215eeebd48e49e8dd00c59e2dc2
FRAG_000678,FRAG_000678.bin,sample_pdf_020.pdf,pdf,pdf,.pdf,20480,4096,False,False,5,35,b17f4b97771fa5db0b959f6ee322560f0f7dd21e9603c17c37d2f3ff3ead47e1
FRAG_000679,FRAG_000679.bin,sample_pdf_020.pdf,pdf,pdf,.pdf,24576,4096,False,False,6,35,df8ec2a674fdb7e3d948429321e8bec62ece271695c78297a4d70606c6070764
FRAG_000680,FRAG_000680.bin,sample_pdf_020.pdf,pdf,pdf,.pdf,28672,4096,False,False,7,35,b4baccbff8544e564bcdcc2e0c9dff69636c08e9ca8b5cea84d4fbc6f67b144b
FRAG_000681,FRAG_000681.bin,sample_pdf_020.pdf,pdf,pdf,.pdf,32768,4096,False,False,8,35,0b695ae2d058f1cf4796754195615039464932d0ca3b4d835b633858efae4118
FRAG_000682,FRAG_000682.bin,sample_pdf_020.pdf,pdf,pdf,.pdf,36864,4096,False,False,9,35,a5012e3527a84c92d2c0fc7a09b33d3ea7b32444c8660554f7e2275b86825b8e
FRAG_000683,FRAG_000683.bin,sample_pdf_020.pdf,pdf,pdf,.pdf,40960,4096,False,False,10,35,65722afbb9a75ba4d176df75eb0a74a93e62df3e6e88a2e75e6e4111f4954e0c
FRAG_000684,FRAG_000684.bin,sample_pdf_020.pdf,pdf,pdf,.pdf,45056,4096,False,False,11,35,928ee156f9ece9f09eaa4e8979a64cb580c43de7659cbd5ef0d78563f8a740c1
FRAG_000685,FRAG_000685.bin,sample_pdf_020.pdf,pdf,pdf,.pdf,49152,4096,False,False,12,35,5ba921de574e59faacf447380ef2e8ee927dcda7651853e61d7a7e2d3a5461f7
FRAG_000686,FRAG_000686.bin,sample_pdf_020.pdf,pdf,pdf,.pdf,53248,4096,False,False,13,35,221f42cd7e21aa1a64816ae0adf2d6f65b0b4bf8a705da3266f20d94f94f77ac
FRAG_000687,FRAG_000687.bin,sample_pdf_020.pdf,pdf,pdf,.pdf,57344,4096,False,False,14,35,23d197ed8011435ccb6f5a9b77ffa029b93b774bb97771901e0fbd5fa467679b
FRAG_000688,FRAG_000688.bin,sample_pdf_020.pdf,pdf,pdf,.pdf,61440,4096,False,False,15,35,5687e3a496afa2fe6e461c369d4a2846908001fe2a47ca41be9d69a9782cfe43
FRAG_000689,FRAG_000689.bin,sample_pdf_020.pdf,pdf,pdf,.pdf,65536,4096,False,False,16,35,0a36138ed2fe0ff1c1d5ff2689649fb7cfcf1476fd41dd2044328c1cde3852fc
FRAG_000690,FRAG_000690.bin,sample_pdf_020.pdf,pdf,pdf,.pdf,69632,4096,False,False,17,35,0dc4e103a35ea164345f5d286bb53edb0042f063252d8de6a0e00ae57af9afe5
FRAG_000691,FRAG_000691.bin,sample_pdf_020.pdf,pdf,pdf,.pdf,73728,4096,False,False,18,35,6b98cbeaf40e43592ddbe7b43b87bcc4e42171349e5fcdd99e28e4ca28423a57
FRAG_000692,FRAG_000692.bin,sample_pdf_020.pdf,pdf,pdf,.pdf,77824,4096,False,False,19,35,183d227698bb18446382635fe4b87cb0f4ef90d4ace5c6f285ae97b61cb7c292
FRAG_000693,FRAG_000693.bin,sample_pdf_020.pdf,pdf,pdf,.pdf,81920,4096,False,False,20,35,68e4626b92bc0524f54289ca7c4abecd41dca0d02d65f3cdab8cfb122159a5b9
FRAG_000694,FRAG_000694.bin,sample_pdf_020.pdf,pdf,pdf,.pdf,86016,4096,False,False,21,35,e8de87abebae61e1713fa1f22913e30e9d3a5e52cc0ac3daeb79e7a3f7ae7597
FRAG_000695,FRAG_000695.bin,sample_pdf_020.pdf,pdf,pdf,.pdf,90112,4096,False,False,22,35,2899747cc035b61315da41dca76aa609d1531cad6210ac1f385da59b8ee77398
FRAG_000696,FRAG_000696.bin,sample_pdf_020.pdf,pdf,pdf,.pdf,94208,4096,False,False,23,35,a3418c0a8686cf63d7b7c302094b76e988c3de3d9799471c2ffd50168938462f
FRAG_000697,FRAG_000697.bin,sample_pdf_020.pdf,pdf,pdf,.pdf,98304,4096,False,False,24,35,496e7a615db5daade697fd2ede1d76363498ad3567672e50dd2383dd7485b36d
FRAG_000698,FRAG_000698.bin,sample_pdf_020.pdf,pdf,pdf,.pdf,102400,4096,False,False,25,35,99979716904463b8c26410a38199bcbe1d6c555da79b406e6c2a1adcb9d1df03
FRAG_000699,FRAG_000699.bin,sample_pdf_020.pdf,pdf,pdf,.pdf,106496,4096,False,False,26,35,b1230d89d7edf27154936d39755fec501415cc6b08b0033e4d669273d1c75e82
FRAG_000700,FRAG_000700.bin,sample_pdf_020.pdf,pdf,pdf,.pdf,110592,4096,False,False,27,35,5097b1b9b7b24a467aa4af155705afc3ad725465b57acf14cbc29c2a1c83d3b6
FRAG_000701,FRAG_000701.bin,sample_pdf_020.pdf,pdf,pdf,.pdf,114688,4096,False,False,28,35,a96ac486d9423b289b860ac925d1f857cec4298f1945075d080c1731001f429d
FRAG_000702,FRAG_000702.bin,sample_pdf_020.pdf,pdf,pdf,.pdf,118784,4096,False,False,29,35,c3d00ebe3bd37ae876f9b708b8e33f82f5df7bc3a2da2aaf61e7b8867df65012
FRAG_000703,FRAG_000703.bin,sample_pdf_020.pdf,pdf,pdf,.pdf,122880,4096,False,False,30,35,b6544ed34a85e8bd0c568f1264ced45b3ea92ad70c46ec8e07301f94cdfc8311
FRAG_000704,FRAG_000704.bin,sample_pdf_020.pdf,pdf,pdf,.pdf,126976,4096,False,False,31,35,111d5f58bd289523c8145f69d387e1bd9ff8ba8c766c6394dee81995c40792b7
FRAG_000705,FRAG_000705.bin,sample_pdf_020.pdf,pdf,pdf,.pdf,131072,4096,False,False,32,35,8d4942ff8e304b36b4325c7bc484265d404b3a5c1ccdbc14c3128dc3aa880d4d
FRAG_000706,FRAG_000706.bin,sample_pdf_020.pdf,pdf,pdf,.pdf,135168,4096,False,False,33,35,10ec273a2988dc8ff84e94df69c8117166cf843c764c2a3d3a4d605811044181
FRAG_000707,FRAG_000707.bin,sample_pdf_020.pdf,pdf,pdf,.pdf,139264,245,False,True,34,35,fdc84fb7a60b02552136073b04ebbd68b48424001eaa0ff508989b32ad5dd065
FRAG_000708,FRAG_000708.bin,sample_pdf_021.pdf,pdf,pdf,.pdf,0,4096,True,False,0,12,cabc6fafd36463f57c8539ada9b8f242bc23fdb1439122800e81be848ad3dc70
FRAG_000709,FRAG_000709.bin,sample_pdf_021.pdf,pdf,pdf,.pdf,4096,4096,False,False,1,12,4fa63a44c3a081df2339e656d44758bee8bad5a224005e47a26c7f180481e726
FRAG_000710,FRAG_000710.bin,sample_pdf_021.pdf,pdf,pdf,.pdf,8192,4096,False,False,2,12,7250473bcd314880e87ca119ada12e550194e963f7868c87a386a3b55ad2bd3a
FRAG_000711,FRAG_000711.bin,sample_pdf_021.pdf,pdf,pdf,.pdf,12288,4096,False,False,3,12,8ecdcda8aabf11d4c444d100417a77aa4ab4c0885f9b128fdf7e1e9d65dcc880
FRAG_000712,FRAG_000712.bin,sample_pdf_021.pdf,pdf,pdf,.pdf,16384,4096,False,False,4,12,0cb2bdd4d0f8e3f9c4e6dcfbb13baf0eaec420717e8ff15b2130b38b481ba3cc
FRAG_000713,FRAG_000713.bin,sample_pdf_021.pdf,pdf,pdf,.pdf,20480,4096,False,False,5,12,62d134de64c53769d19828b5a23c62bc68d6aeb37b2a6fc3a91d998e2a33bee4
FRAG_000714,FRAG_000714.bin,sample_pdf_021.pdf,pdf,pdf,.pdf,24576,4096,False,False,6,12,0afd6813621be53933977a542f4f24a075cfd4c1d62480d45739960a98e4917e
FRAG_000715,FRAG_000715.bin,sample_pdf_021.pdf,pdf,pdf,.pdf,28672,4096,False,False,7,12,2021c16c801e72c41e58f1264893e53734188e8f99ce7a174c20535210e87e35
FRAG_000716,FRAG_000716.bin,sample_pdf_021.pdf,pdf,pdf,.pdf,32768,4096,False,False,8,12,5b9974b66f6362cff1096ff4e92f375da978983df4f51fd2b448673bda575941
FRAG_000717,FRAG_000717.bin,sample_pdf_021.pdf,pdf,pdf,.pdf,36864,4096,False,False,9,12,6802c1202a7f27d2eb5c6e4241827bd9aa0e4e9025cef9b0af4f0e65f3766352
FRAG_000718,FRAG_000718.bin,sample_pdf_021.pdf,pdf,pdf,.pdf,40960,4096,False,False,10,12,171368ffdf92914011ec4623d720280e4b889756369941db6e95ef269166874f
FRAG_000719,FRAG_000719.bin,sample_pdf_021.pdf,pdf,pdf,.pdf,45056,744,False,True,11,12,489a192ef2e1d86dca06fe806a47115819731c066dce287d1ffe91fd288f6591
FRAG_000720,FRAG_000720.bin,sample_pdf_022.pdf,pdf,pdf,.pdf,0,4096,True,False,0,22,68e1d71cab4c43e3518edad7552303789421792a5f0a9e1a8d608a2022de0d47
FRAG_000721,FRAG_000721.bin,sample_pdf_022.pdf,pdf,pdf,.pdf,4096,4096,False,False,1,22,b2dabc8b2006454905dfc49743144cd7776d0a0e4c66c8bb4503a9b1898c8dea
FRAG_000722,FRAG_000722.bin,sample_pdf_022.pdf,pdf,pdf,.pdf,8192,4096,False,False,2,22,db5c32b5022af70064d44a744e08ec3cf6935cddbf924f5b17fee04652fc4d4c
FRAG_000723,FRAG_000723.bin,sample_pdf_022.pdf,pdf,pdf,.pdf,12288,4096,False,False,3,22,b08ea3716182f396368fa8aa370781e9bfd376e51e2a270542d12802ef9d1d4c
FRAG_000724,FRAG_000724.bin,sample_pdf_022.pdf,pdf,pdf,.pdf,16384,4096,False,False,4,22,99dd33e1fa417335b31ff339c93867e147193e6f17266b4e463cacd8a0085756
FRAG_000725,FRAG_000725.bin,sample_pdf_022.pdf,pdf,pdf,.pdf,20480,4096,False,False,5,22,df23bb65fd4ce6ff2e4b725fcf0c024d966577ef3a8ed1ad7b12003437144b57
FRAG_000726,FRAG_000726.bin,sample_pdf_022.pdf,pdf,pdf,.pdf,24576,4096,False,False,6,22,3265e902c9b23a140923b175403fbe9f260a89fa60994be3e0cf8abd74e34d1e
FRAG_000727,FRAG_000727.bin,sample_pdf_022.pdf,pdf,pdf,.pdf,28672,4096,False,False,7,22,74276bab2bf4db14c5d0084d8b3fc54cb8715511ec2ddae05943be1f9c25a04f
FRAG_000728,FRAG_000728.bin,sample_pdf_022.pdf,pdf,pdf,.pdf,32768,4096,False,False,8,22,71b23777eb741ed1157b49f34fbb462a91a9adf92b361330f453f40bbb762539
FRAG_000729,FRAG_000729.bin,sample_pdf_022.pdf,pdf,pdf,.pdf,36864,4096,False,False,9,22,35082da0d8e192891b306db4bc38a88789c08fc1f182b9c46c089facd458bf80
FRAG_000730,FRAG_000730.bin,sample_pdf_022.pdf,pdf,pdf,.pdf,40960,4096,False,False,10,22,f968c1ae309802e35b1659ffed8bec2773867088595a10f689852cf870c10ed3
FRAG_000731,FRAG_000731.bin,sample_pdf_022.pdf,pdf,pdf,.pdf,45056,4096,False,False,11,22,d3345ee75d3ba97d41c312643d042cdfbb95aa412dba94e16e231dfce21a9625
FRAG_000732,FRAG_000732.bin,sample_pdf_022.pdf,pdf,pdf,.pdf,49152,4096,False,False,12,22,177ee1a76ef5ce74c2f097806ef34ad3f0350988ef01d70d95fe89b5d7bef826
FRAG_000733,FRAG_000733.bin,sample_pdf_022.pdf,pdf,pdf,.pdf,53248,4096,False,False,13,22,d25d4407dda63dac1ba6cd02acf0c3b03f13000beb9280014193311a6274b100
FRAG_000734,FRAG_000734.bin,sample_pdf_022.pdf,pdf,pdf,.pdf,57344,4096,False,False,14,22,2c5b895e414ec8d77b09be13d9d33289f4d17a2ffb3814cf7d03273f9d02b1b5
FRAG_000735,FRAG_000735.bin,sample_pdf_022.pdf,pdf,pdf,.pdf,61440,4096,False,False,15,22,301614b9eadcd499737674d9ee9e7bf76da98c13f76182a06d17a2cbde717952
FRAG_000736,FRAG_000736.bin,sample_pdf_022.pdf,pdf,pdf,.pdf,65536,4096,False,False,16,22,c9fb2f50df382563f0b9bbffc6aa33fcecefd26544fe2211c0dc55ba6afcc7f2
FRAG_000737,FRAG_000737.bin,sample_pdf_022.pdf,pdf,pdf,.pdf,69632,4096,False,False,17,22,ce07c2e8b7e4e897a5221f108180e07357811cefd84015922eea469d8b2d47b7
FRAG_000738,FRAG_000738.bin,sample_pdf_022.pdf,pdf,pdf,.pdf,73728,4096,False,False,18,22,ad43e6fa5b0f5d64e50f39f21095ffebafbaf176e71c61062aa974d8fbf1c510
FRAG_000739,FRAG_000739.bin,sample_pdf_022.pdf,pdf,pdf,.pdf,77824,4096,False,False,19,22,8a7b01f5cc7b0f371b5a5f26b4e4d7e7d87875d9c8bdb53ea46bb887d128055f
FRAG_000740,FRAG_000740.bin,sample_pdf_022.pdf,pdf,pdf,.pdf,81920,4096,False,False,20,22,0cf54b8918ddc4b43249a143ea7cfa3a887843d6ab513a48f626b3112f1a43e2
FRAG_000741,FRAG_000741.bin,sample_pdf_022.pdf,pdf,pdf,.pdf,86016,2646,False,True,21,22,b8581429a902b85429a3c00c4de79b147b9240a17824c60430635bd4090dac63
FRAG_000742,FRAG_000742.bin,sample_pdf_023.pdf,pdf,pdf,.pdf,0,4096,True,False,0,13,0815c81d473c8635b14856c1d60ab2c5de03446be19b6f6d455fc24b00cd5ef0
FRAG_000743,FRAG_000743.bin,sample_pdf_023.pdf,pdf,pdf,.pdf,4096,4096,False,False,1,13,df46df0676a696ed2f52c4e5b5f0a27a4a33993328eeb8ac4d5f1a991727dc43
FRAG_000744,FRAG_000744.bin,sample_pdf_023.pdf,pdf,pdf,.pdf,8192,4096,False,False,2,13,e4b88a973085efee1a06d0d05403609852fa5215a156d601d25b4a7024a42ab2
FRAG_000745,FRAG_000745.bin,sample_pdf_023.pdf,pdf,pdf,.pdf,12288,4096,False,False,3,13,b637d6aec7fb4db1af40def1ef44668b3efe7611856d17351bba0b9484f14a46
FRAG_000746,FRAG_000746.bin,sample_pdf_023.pdf,pdf,pdf,.pdf,16384,4096,False,False,4,13,bd43cba734fc4b94910bffa7492e5e462e5848a7b00aab6eb6c79405372293de
FRAG_000747,FRAG_000747.bin,sample_pdf_023.pdf,pdf,pdf,.pdf,20480,4096,False,False,5,13,d0e64a77621183f0fda68c62f91a428d89f24501e29ca8129403d3982918c8a1
FRAG_000748,FRAG_000748.bin,sample_pdf_023.pdf,pdf,pdf,.pdf,24576,4096,False,False,6,13,303607b97256c06c06136ca3eac8cfe5b55284071157247fff706684cfb0d275
FRAG_000749,FRAG_000749.bin,sample_pdf_023.pdf,pdf,pdf,.pdf,28672,4096,False,False,7,13,812f9b6da5293e75ea16f39abb0d7779d0d25bd832455980f98943db95f57226
FRAG_000750,FRAG_000750.bin,sample_pdf_023.pdf,pdf,pdf,.pdf,32768,4096,False,False,8,13,6cf632b0a6a5bfd08aa0875450c0a5f73136d0a56e77bd72644b9909ff33d78c
FRAG_000751,FRAG_000751.bin,sample_pdf_023.pdf,pdf,pdf,.pdf,36864,4096,False,False,9,13,4751cddfa8492dcf70b9dac2b4c64c8819e7beeb5737571945fc81122f1c89b2
FRAG_000752,FRAG_000752.bin,sample_pdf_023.pdf,pdf,pdf,.pdf,40960,4096,False,False,10,13,7b4bb1aa922207d87554d0e747136def2423e4115977f3f753ede3d025ccfd2f
FRAG_000753,FRAG_000753.bin,sample_pdf_023.pdf,pdf,pdf,.pdf,45056,4096,False,False,11,13,a4032ec9e035590c4ea76a5de35443bc40c77f598f9f2f3f1601e714aee66b30
FRAG_000754,FRAG_000754.bin,sample_pdf_023.pdf,pdf,pdf,.pdf,49152,647,False,True,12,13,2e6dbd14cad522556ab74cacfdc5695b5cc56a94a0a672ed60df8b26e7a7d13d
FRAG_000755,FRAG_000755.bin,sample_pdf_024.pdf,pdf,pdf,.pdf,0,4096,True,False,0,13,1cf0c2c1b6c7e43817fd564fcbffdccad20def898464397dec4e3c0a42f10307
FRAG_000756,FRAG_000756.bin,sample_pdf_024.pdf,pdf,pdf,.pdf,4096,4096,False,False,1,13,04c239daa644bc6b58774a259d6843bc6baedd9c8f9d7824be00e61443a25694
FRAG_000757,FRAG_000757.bin,sample_pdf_024.pdf,pdf,pdf,.pdf,8192,4096,False,False,2,13,369a5c41ddb81c6867313cfa2656457277089ae7cdd96bc07a9e1cb8a30d603b
FRAG_000758,FRAG_000758.bin,sample_pdf_024.pdf,pdf,pdf,.pdf,12288,4096,False,False,3,13,9b743aa7dd2b31dfa3568cef4bbf4fff852786d83c619f46b2c296fd408a1c43
FRAG_000759,FRAG_000759.bin,sample_pdf_024.pdf,pdf,pdf,.pdf,16384,4096,False,False,4,13,1f2e3654ed221c4a3bcaf5c7fc90d093f5022543f5ab199b49af1e8fd854065b
FRAG_000760,FRAG_000760.bin,sample_pdf_024.pdf,pdf,pdf,.pdf,20480,4096,False,False,5,13,51bf41ea2c23fda6b4957b73e89b4bb138accfd1ab8af7bacc05d6424cb1f298
FRAG_000761,FRAG_000761.bin,sample_pdf_024.pdf,pdf,pdf,.pdf,24576,4096,False,False,6,13,23aba12c6e0abce98d4fc1159b3e94bea4149a5e0cbec5b3b1a711a6668fdaf8
FRAG_000762,FRAG_000762.bin,sample_pdf_024.pdf,pdf,pdf,.pdf,28672,4096,False,False,7,13,2068df9d9e9f0168ce2388bdf7a32c14993def2374929f1d1542c44563cf44ee
FRAG_000763,FRAG_000763.bin,sample_pdf_024.pdf,pdf,pdf,.pdf,32768,4096,False,False,8,13,621ba51b4ad18f8f85d07410a16edd4d1e520d397db5a00a99eb092059d28002
FRAG_000764,FRAG_000764.bin,sample_pdf_024.pdf,pdf,pdf,.pdf,36864,4096,False,False,9,13,897a2e4f78117396622073d2b325779650ce640796b4c744c47839184657e402
FRAG_000765,FRAG_000765.bin,sample_pdf_024.pdf,pdf,pdf,.pdf,40960,4096,False,False,10,13,ae196a40cddf6e4f478a2f662740107571579fa98f68459677114e51a8df2687
FRAG_000766,FRAG_000766.bin,sample_pdf_024.pdf,pdf,pdf,.pdf,45056,4096,False,False,11,13,a49f06ee25e2ecf1d8db371611c25e75236ccd596f66c9b63482dddeed250fa4
FRAG_000767,FRAG_000767.bin,sample_pdf_024.pdf,pdf,pdf,.pdf,49152,2494,False,True,12,13,c42863822947fd14deb327d04134fb20fe5663fee69bd3d1b80f36c043fa14d0
FRAG_000768,FRAG_000768.bin,sample_pdf_025.pdf,pdf,pdf,.pdf,0,4096,True,False,0,28,ae6eddb64177ba3ae45df7e5c962ea160b990e27b54a9aea8966f137fcef1930
FRAG_000769,FRAG_000769.bin,sample_pdf_025.pdf,pdf,pdf,.pdf,4096,4096,False,False,1,28,bfa2ef074af2f1bbc43833a2c9a3d6901cca0fb9fb0d0f99d77f95fe802d62aa
FRAG_000770,FRAG_000770.bin,sample_pdf_025.pdf,pdf,pdf,.pdf,8192,4096,False,False,2,28,051a8d7ae029b5383b5c4ce8da5020ec550f7a812136c6cae61eacc0238501bc
FRAG_000771,FRAG_000771.bin,sample_pdf_025.pdf,pdf,pdf,.pdf,12288,4096,False,False,3,28,1ab6c7516d20355d7323c65819aa0f2215040abe42e87da6b5c38d0687fc9b2a
FRAG_000772,FRAG_000772.bin,sample_pdf_025.pdf,pdf,pdf,.pdf,16384,4096,False,False,4,28,6197ff12f7e11f34a91257bd45f9517d63e85ace51f73dcc2238f6d19703ab65
FRAG_000773,FRAG_000773.bin,sample_pdf_025.pdf,pdf,pdf,.pdf,20480,4096,False,False,5,28,99c1018a1d3433b8d9b62216046f76e7b46a218bc26ea073f164a655753040b0
FRAG_000774,FRAG_000774.bin,sample_pdf_025.pdf,pdf,pdf,.pdf,24576,4096,False,False,6,28,1964a55367a55432b4fbeec7b7f89ad133dcbea7f22ad77837f379de9a32d26d
FRAG_000775,FRAG_000775.bin,sample_pdf_025.pdf,pdf,pdf,.pdf,28672,4096,False,False,7,28,5ac74a83a687983b38179c6d07e32368c63f4a226440768a439d5184ce991e1e
FRAG_000776,FRAG_000776.bin,sample_pdf_025.pdf,pdf,pdf,.pdf,32768,4096,False,False,8,28,92733c8bdd289f18a4820cf2c5278b786188df8cc2ba9f0f1f89cc7b550b594f
FRAG_000777,FRAG_000777.bin,sample_pdf_025.pdf,pdf,pdf,.pdf,36864,4096,False,False,9,28,24ac951feaabf0755a0f3c21ef3bae8d99f39658f409235cfe98016b43164cfd
FRAG_000778,FRAG_000778.bin,sample_pdf_025.pdf,pdf,pdf,.pdf,40960,4096,False,False,10,28,98686ee719826586e78b9b0b2bcf24ad2444aaedaeacded1820c519e47c30cd5
FRAG_000779,FRAG_000779.bin,sample_pdf_025.pdf,pdf,pdf,.pdf,45056,4096,False,False,11,28,c739f03483cb5aeba226e4de81346577de1a4511af5083f487c099b00e455265
FRAG_000780,FRAG_000780.bin,sample_pdf_025.pdf,pdf,pdf,.pdf,49152,4096,False,False,12,28,f4924842658733c22cb6a3142c82e98b6cf179e948412f0a7769d3ac6a8d5042
FRAG_000781,FRAG_000781.bin,sample_pdf_025.pdf,pdf,pdf,.pdf,53248,4096,False,False,13,28,fc2429043db680ad8f725461883658e04704cc82bdfa33a7cc7983a9042dd63d
FRAG_000782,FRAG_000782.bin,sample_pdf_025.pdf,pdf,pdf,.pdf,57344,4096,False,False,14,28,0116423e0e42aa6468ca5a1b0fe2fe0387fe7417a3f7330e3f6c7a25969ff02b
FRAG_000783,FRAG_000783.bin,sample_pdf_025.pdf,pdf,pdf,.pdf,61440,4096,False,False,15,28,9ccc84d847203b5369595dd7998a6d5b4b79436d9024416e5024b4c633ab6b91
FRAG_000784,FRAG_000784.bin,sample_pdf_025.pdf,pdf,pdf,.pdf,65536,4096,False,False,16,28,15a78175c2e50574ecb1a65da1da57af2294bf0fca4e9cb54abce07ab5e406fd
FRAG_000785,FRAG_000785.bin,sample_pdf_025.pdf,pdf,pdf,.pdf,69632,4096,False,False,17,28,f0454caab2d8094b767d0cc7f9c453bf91ac7c739c8ec9dbd86fc047eb4ca6af
FRAG_000786,FRAG_000786.bin,sample_pdf_025.pdf,pdf,pdf,.pdf,73728,4096,False,False,18,28,f9dbb6da6ff640a2a81736439dc7f43311d86ea5210343f6ee9e44aab613bf5e
FRAG_000787,FRAG_000787.bin,sample_pdf_025.pdf,pdf,pdf,.pdf,77824,4096,False,False,19,28,c5cd97632c4dd970a37e10c7972b966f4cfdf536533770644b18e1658562cc72
FRAG_000788,FRAG_000788.bin,sample_pdf_025.pdf,pdf,pdf,.pdf,81920,4096,False,False,20,28,742d68380b7bd83ed2284fefe0e5ed9da6c24896d108d172d6f7522b5bfd587b
FRAG_000789,FRAG_000789.bin,sample_pdf_025.pdf,pdf,pdf,.pdf,86016,4096,False,False,21,28,6d1e063f6c44e4d9e2de72ce694af5c1e595bf669ae73894b3f6d42ae43cda09
FRAG_000790,FRAG_000790.bin,sample_pdf_025.pdf,pdf,pdf,.pdf,90112,4096,False,False,22,28,3a8886d5847683540c58529fbb3fe33f8fb22dfd867ccf06d39c0b073e76ea58
FRAG_000791,FRAG_000791.bin,sample_pdf_025.pdf,pdf,pdf,.pdf,94208,4096,False,False,23,28,979903ef32dca5489990efc4767eb48317df76e2f8da9d0d3bedcf7aa9afc5db
FRAG_000792,FRAG_000792.bin,sample_pdf_025.pdf,pdf,pdf,.pdf,98304,4096,False,False,24,28,dd06966743078e71c68999a9f2c31154306f96ae45e1ecb4b891c8b7e117c671
FRAG_000793,FRAG_000793.bin,sample_pdf_025.pdf,pdf,pdf,.pdf,102400,4096,False,False,25,28,866c498c08e21b8ca1da98445b273f78a0cebc365c695800d4fb805cf4ef52e7
FRAG_000794,FRAG_000794.bin,sample_pdf_025.pdf,pdf,pdf,.pdf,106496,4096,False,False,26,28,85b6a16841af2df57894575e358baf2e1afc478aefb475ebd56042fc4ecb24ae
FRAG_000795,FRAG_000795.bin,sample_pdf_025.pdf,pdf,pdf,.pdf,110592,1773,False,True,27,28,bf54920eba89501debba8df6d25230d05ed4099d1bd0c638c89a13e8cbe4d9a5
FRAG_000796,FRAG_000796.bin,sample_png_001.png,png,png,.png,0,4096,True,False,0,7,c58b5ae05652333b640f8c74a11e0b1e00910423455fc3e9d1988568f4162c2b
FRAG_000797,FRAG_000797.bin,sample_png_001.png,png,png,.png,4096,4096,False,False,1,7,1cee2fc523497d6aab18ff246bcbaf92bb7a4129db2813dfa6aeff7c91e45d07
FRAG_000798,FRAG_000798.bin,sample_png_001.png,png,png,.png,8192,4096,False,False,2,7,94d651ca04b70fb20b6cdbb3729e54a7c389608c685f3f98893cf1d18ae0117e
FRAG_000799,FRAG_000799.bin,sample_png_001.png,png,png,.png,12288,4096,False,False,3,7,c89d90d1108c6eddfe53ffbcb5220897a9172c63d0c9f42b0cc53e942374ba2e
FRAG_000800,FRAG_000800.bin,sample_png_001.png,png,png,.png,16384,4096,False,False,4,7,db0de5eb12dac6b6697fa671892013f77f57e516c69b771d81d324d7052a5cf1
FRAG_000801,FRAG_000801.bin,sample_png_001.png,png,png,.png,20480,4096,False,False,5,7,1ae323282c33131f043780d18a0a80c184c8d77efec0a5628e838b7c8661bd09
FRAG_000802,FRAG_000802.bin,sample_png_001.png,png,png,.png,24576,2955,False,True,6,7,aa5f98ed4c343cb6d10431da7e6f81d4886056870f935afb9a80e9fb476bd94d
FRAG_000803,FRAG_000803.bin,sample_png_002.png,png,png,.png,0,4096,True,False,0,6,c55ff73ad1982cc1c5966df2b03932d1a72a8a944d9f1f6806a922020c51b22d
FRAG_000804,FRAG_000804.bin,sample_png_002.png,png,png,.png,4096,4096,False,False,1,6,a5befcde9d8a7aedb18d3beb32627824a3ccdf6246c4835ab6759ca3bd2cd20f
FRAG_000805,FRAG_000805.bin,sample_png_002.png,png,png,.png,8192,4096,False,False,2,6,60c88ff7bd6caea341360dd00eacacc1b8a35be7c633dabd31bcbaf1c010c3f1
FRAG_000806,FRAG_000806.bin,sample_png_002.png,png,png,.png,12288,4096,False,False,3,6,67e0900fb0909aa60adba937073384875db9c99091b81261b318909e0e96c8b2
FRAG_000807,FRAG_000807.bin,sample_png_002.png,png,png,.png,16384,4096,False,False,4,6,d10684dbc8adda9d72895812502402171bf5f0de16aea28e63dd02c9c6706d58
FRAG_000808,FRAG_000808.bin,sample_png_002.png,png,png,.png,20480,1863,False,True,5,6,2ee4569c8cbc641ccf072375fc2a0e35aeed608f65f4e950be41dc436a907bfe
FRAG_000809,FRAG_000809.bin,sample_png_003.png,png,png,.png,0,4096,True,False,0,6,8e5b8b8f82de32a08b723649040f88f457e51b3c62003df4fc15f4761723e13a
FRAG_000810,FRAG_000810.bin,sample_png_003.png,png,png,.png,4096,4096,False,False,1,6,35ab164de05ed457ad3c42e2476ec164b70600cdf8d3c0173e988e8ca4de404c
FRAG_000811,FRAG_000811.bin,sample_png_003.png,png,png,.png,8192,4096,False,False,2,6,c63b300774c2786da44145b170a2e5a5ffdaa280600f998bd041cfbb64632b6d
FRAG_000812,FRAG_000812.bin,sample_png_003.png,png,png,.png,12288,4096,False,False,3,6,075b741cf84c46f38b56de8cd5d9f095d76613ea5e675cce2dce05d3ce067259
FRAG_000813,FRAG_000813.bin,sample_png_003.png,png,png,.png,16384,4096,False,False,4,6,8184946eb018715c8f7922e20734e56fd58b394b67c91667b9b2808451316884
FRAG_000814,FRAG_000814.bin,sample_png_003.png,png,png,.png,20480,3444,False,True,5,6,a31ea7d1f400276c88f874cfbcddfdb9fca3567960f20d7148ad33f2aae58c70
FRAG_000815,FRAG_000815.bin,sample_png_004.png,png,png,.png,0,4096,True,False,0,12,41ce4b98c50b6c55c78a47309c945415d54136cc3c6145c1bff4ac7dcd63e9e3
FRAG_000816,FRAG_000816.bin,sample_png_004.png,png,png,.png,4096,4096,False,False,1,12,b8b5be8bec0faf1ad7f53cdf5f7bfcad35cb8441c5c9ebd2769482a7fb66da5f
FRAG_000817,FRAG_000817.bin,sample_png_004.png,png,png,.png,8192,4096,False,False,2,12,ee3726dad412f793c642280464db37128c95a8ec28b5db9db9f07f5bbac2f9d1
FRAG_000818,FRAG_000818.bin,sample_png_004.png,png,png,.png,12288,4096,False,False,3,12,6d6609b5c8d772e9484746b39a100c06eafc6f8b022394640f56561020b9572b
FRAG_000819,FRAG_000819.bin,sample_png_004.png,png,png,.png,16384,4096,False,False,4,12,c4a6559da3cc027e069a1a64460e110686ddc34d415514141131f4d48eb7f60c
FRAG_000820,FRAG_000820.bin,sample_png_004.png,png,png,.png,20480,4096,False,False,5,12,8fbd33adba13857ef7fb5a050a3b24e503806654a7b0180414d77143602eb91f
FRAG_000821,FRAG_000821.bin,sample_png_004.png,png,png,.png,24576,4096,False,False,6,12,e3dd858e26a7177b37719010dd052e6a74a01d4f80dd6870a56554d8e31d6901
FRAG_000822,FRAG_000822.bin,sample_png_004.png,png,png,.png,28672,4096,False,False,7,12,17145c73788d97ef63e0b683e6a576a670c12de5b4bba694500f0cc9881a72aa
FRAG_000823,FRAG_000823.bin,sample_png_004.png,png,png,.png,32768,4096,False,False,8,12,a978fdc9e35549ab63840fe8f36d2693f1bb6aa0b4ec12b39f393371f5297522
FRAG_000824,FRAG_000824.bin,sample_png_004.png,png,png,.png,36864,4096,False,False,9,12,39762251260a6f112476e94b0fb0fbbeb65bf6cd19855ad977b4ef675ff6e8f3
FRAG_000825,FRAG_000825.bin,sample_png_004.png,png,png,.png,40960,4096,False,False,10,12,8c91c27457ffddece0e7b87e1630805e279341ba9aae038c91d9b5c30be6952e
FRAG_000826,FRAG_000826.bin,sample_png_004.png,png,png,.png,45056,3860,False,True,11,12,26bfd9b200f073fcdcc5665e03e6bc1431d830c69f8b55091728333883ea11fa
FRAG_000827,FRAG_000827.bin,sample_png_005.png,png,png,.png,0,4096,True,False,0,8,3b878fd3dcb725f7fd1e5f8655e735edef997803635b363aa5cdd1475294b2b4
FRAG_000828,FRAG_000828.bin,sample_png_005.png,png,png,.png,4096,4096,False,False,1,8,7035db190b767e0b82b7dbc973b11efdacfb71c6963276cfff12771ede4b48f0
FRAG_000829,FRAG_000829.bin,sample_png_005.png,png,png,.png,8192,4096,False,False,2,8,194929e1c2f037ed52a05c1bedd9607309401c212a2e397bdfad30309a28f2bd
FRAG_000830,FRAG_000830.bin,sample_png_005.png,png,png,.png,12288,4096,False,False,3,8,03ca4209410a082f4c6fa3d84908034b28c40ca50562d0ee4901d734306265f3
FRAG_000831,FRAG_000831.bin,sample_png_005.png,png,png,.png,16384,4096,False,False,4,8,59f4cefa9ba4b27d1d4c254534c9fb145458a289383b45dea7d5aae2e44611fc
FRAG_000832,FRAG_000832.bin,sample_png_005.png,png,png,.png,20480,4096,False,False,5,8,5e1124cdb85104772cee2b9178e8e62c55d8d84d8e57050a898d15e33d37dcbf
FRAG_000833,FRAG_000833.bin,sample_png_005.png,png,png,.png,24576,4096,False,False,6,8,5edd78e7e1a4f390bd1f56c558b592a6d38af4091b02bc74aac8954474d22288
FRAG_000834,FRAG_000834.bin,sample_png_005.png,png,png,.png,28672,1262,False,True,7,8,3b900cc3316f08d8ffc2f75aabd948632d6928711595a43f98fda4a6b350a82d
FRAG_000835,FRAG_000835.bin,sample_png_006.png,png,png,.png,0,4096,True,False,0,11,42dae407e75af96ed76c748ea6b72ce1f76f06a34717743f5aae4586ba6196f2
FRAG_000836,FRAG_000836.bin,sample_png_006.png,png,png,.png,4096,4096,False,False,1,11,2f854f9fa62c914abc97786cc53bdb000a8dc79ed66f0179e20a028775e60899
FRAG_000837,FRAG_000837.bin,sample_png_006.png,png,png,.png,8192,4096,False,False,2,11,0790dde238d25b45a76dbe6402473a41951b117c0f1e786e8e46e26c8bd5418a
FRAG_000838,FRAG_000838.bin,sample_png_006.png,png,png,.png,12288,4096,False,False,3,11,208d0ce90d6ae70fb8270c9aec9a057a671655b6a2df1d41d0a099195e3b9f55
FRAG_000839,FRAG_000839.bin,sample_png_006.png,png,png,.png,16384,4096,False,False,4,11,2fd35f41ff530421fdaacb3819e91adea93231c0225c0549ff481cef1dea75ef
FRAG_000840,FRAG_000840.bin,sample_png_006.png,png,png,.png,20480,4096,False,False,5,11,d2f8d276101c84281d9afaefccc4efcd985213fcceba78a51a90285e7704ce6d
FRAG_000841,FRAG_000841.bin,sample_png_006.png,png,png,.png,24576,4096,False,False,6,11,1c0388571d6a9b918ec3173e09c85c4b79b79a6ee54bb949316fd7704dd6897d
FRAG_000842,FRAG_000842.bin,sample_png_006.png,png,png,.png,28672,4096,False,False,7,11,2ce3d8adcb181e20e408548dafb389d0fde2e259115559ce0c4e56e82d57e2f4
FRAG_000843,FRAG_000843.bin,sample_png_006.png,png,png,.png,32768,4096,False,False,8,11,cbbadbd93f958382f8fb097331dbee1c207462550e72d4897d5b36350bc69e0b
FRAG_000844,FRAG_000844.bin,sample_png_006.png,png,png,.png,36864,4096,False,False,9,11,7de903d0c1df2e6914218bd5d760bee7dc05a392e983bc704b293390e4f577d2
FRAG_000845,FRAG_000845.bin,sample_png_006.png,png,png,.png,40960,450,False,True,10,11,81314a5e28a4085c3e9f92016983f3c0c36b9bfc97684eb53dce64148755faf2
FRAG_000846,FRAG_000846.bin,sample_png_007.png,png,png,.png,0,4096,True,False,0,9,66e38324023ff7a572afd0d612309938a38c6dec5eb43ae046777b5554e15a63
FRAG_000847,FRAG_000847.bin,sample_png_007.png,png,png,.png,4096,4096,False,False,1,9,538d7c78125f1d2d7741d1488e8f26c14bafc8379e1fc613e909ff4946c46903
FRAG_000848,FRAG_000848.bin,sample_png_007.png,png,png,.png,8192,4096,False,False,2,9,7d7f41c4d543507b7edbd81aaa48146d4ba8e3a7ce64de811fc2d49ca18d9932
FRAG_000849,FRAG_000849.bin,sample_png_007.png,png,png,.png,12288,4096,False,False,3,9,fb36399de64c8226b97c65ab807d0058a3dcf1d6bb84f2dbb871d54015959bd4
FRAG_000850,FRAG_000850.bin,sample_png_007.png,png,png,.png,16384,4096,False,False,4,9,6a89247f61ee5731f4ca9015c7b0c5416c3a7461fa42600385c4bfa028e8df3b
FRAG_000851,FRAG_000851.bin,sample_png_007.png,png,png,.png,20480,4096,False,False,5,9,f385c6fdc45ff8488029b6efdf22e09ebd5ac633d9e5d2aef733bc310408da85
FRAG_000852,FRAG_000852.bin,sample_png_007.png,png,png,.png,24576,4096,False,False,6,9,4198cfcfbd4d4f35d3dff5a134f7c7218eb7bc32911c61d16129b7336e7be878
FRAG_000853,FRAG_000853.bin,sample_png_007.png,png,png,.png,28672,4096,False,False,7,9,ba16d247f6d46f48a826674957a39e7617ded4199b31ddb5ff7a017a87a7ad83
FRAG_000854,FRAG_000854.bin,sample_png_007.png,png,png,.png,32768,829,False,True,8,9,e8a98fe8b771cebb761e1d2a5579ede6cb06b1d2e4dba9dab01a81a87f94d3e7
FRAG_000855,FRAG_000855.bin,sample_png_008.png,png,png,.png,0,4096,True,False,0,14,15fdccdc16ba548a66debc0d5dbb5b0641f98e4f601d2d4f246a0dd3814ec6be
FRAG_000856,FRAG_000856.bin,sample_png_008.png,png,png,.png,4096,4096,False,False,1,14,7f960f3b6247634e0ea5d6b9b0ec26bbaffa2242644bc5bf802bbfaa856fb3c3
FRAG_000857,FRAG_000857.bin,sample_png_008.png,png,png,.png,8192,4096,False,False,2,14,76a8b695e365bf09c55460b2df5117b4b475b76fd28f047836aebcbd01af3d0e
FRAG_000858,FRAG_000858.bin,sample_png_008.png,png,png,.png,12288,4096,False,False,3,14,634ad8748db49c1b9c1c0de09ec62695ed9bff737aef8db3e08ed17af648cbe3
FRAG_000859,FRAG_000859.bin,sample_png_008.png,png,png,.png,16384,4096,False,False,4,14,b1faed38ee4db38d06123d99927bce4bfa25bfc71eaf836b21f6cc528e3936be
FRAG_000860,FRAG_000860.bin,sample_png_008.png,png,png,.png,20480,4096,False,False,5,14,b3db3899f87e000a4bc00200bad7279e1e5b8fcaaf39ec0c9979a6f374692b7a
FRAG_000861,FRAG_000861.bin,sample_png_008.png,png,png,.png,24576,4096,False,False,6,14,7871a1fd70fc137ecacdc0edb6392f2ee4f674e02950050f02c235f5d13c9245
FRAG_000862,FRAG_000862.bin,sample_png_008.png,png,png,.png,28672,4096,False,False,7,14,ded740970403efc07a6d7be15325bd952c4b033b4c3cceb81cfbad94879b36a9
FRAG_000863,FRAG_000863.bin,sample_png_008.png,png,png,.png,32768,4096,False,False,8,14,ea5061e6cfdcf8e64665537461ea86b6224975a2022ba9a6f8741bea685bc2e5
FRAG_000864,FRAG_000864.bin,sample_png_008.png,png,png,.png,36864,4096,False,False,9,14,a5e08afcfe623c0eb809fd88ca93eed081cb52ef3836bd1ba7a72f59925c1e06
FRAG_000865,FRAG_000865.bin,sample_png_008.png,png,png,.png,40960,4096,False,False,10,14,dc6decf9ee021bcceb9a0bd34023a7a01343a70d6724d485921e857b5edd8a22
FRAG_000866,FRAG_000866.bin,sample_png_008.png,png,png,.png,45056,4096,False,False,11,14,d72e1e562d98b2596269493fda5087c32ceb784b6da85a1268b81a19204f097d
FRAG_000867,FRAG_000867.bin,sample_png_008.png,png,png,.png,49152,4096,False,False,12,14,474a70778c7b843fa1d757caf7d12d213dbe76a819bd551e4919591fdce0caac
FRAG_000868,FRAG_000868.bin,sample_png_008.png,png,png,.png,53248,401,False,True,13,14,1da9b9c3498923b19df9aba6a52e12ccfe99ae1e605f2510f4234c87664c264c
FRAG_000869,FRAG_000869.bin,sample_png_009.png,png,png,.png,0,4096,True,False,0,12,025d6f6dbc8437b4ec675e2d1a50650eabc3d56715dfe15a25c547576216a347
FRAG_000870,FRAG_000870.bin,sample_png_009.png,png,png,.png,4096,4096,False,False,1,12,553d09aed72b9f01a1771ac8b2dd7a458a5a3576a94d64507b4dfe2edeb3f1da
FRAG_000871,FRAG_000871.bin,sample_png_009.png,png,png,.png,8192,4096,False,False,2,12,d18ad01a3558110950a2625bd7f85a85daa310a99015375c4ec4385a618c71f1
FRAG_000872,FRAG_000872.bin,sample_png_009.png,png,png,.png,12288,4096,False,False,3,12,44da7b2395d7929f4bd65b205189ec1768dcc8be26fa705a1d1052a431fcaa08
FRAG_000873,FRAG_000873.bin,sample_png_009.png,png,png,.png,16384,4096,False,False,4,12,e660b32fa71967e77945773c6d88e27ec445203a6559d531ffcac195eac0b4a2
FRAG_000874,FRAG_000874.bin,sample_png_009.png,png,png,.png,20480,4096,False,False,5,12,6b76de8dda74b6c6b92020c3a5e11e24599532d6c780d85a682fe1b9ff2ceb21
FRAG_000875,FRAG_000875.bin,sample_png_009.png,png,png,.png,24576,4096,False,False,6,12,6e0b049d8423f317e609b95ac0448ea1d4765f8b124fa0d8f6d4e1baa8fad56b
FRAG_000876,FRAG_000876.bin,sample_png_009.png,png,png,.png,28672,4096,False,False,7,12,af6eb8d15082854f0e0ef55c796ccd6885353fa8ba87aa682c19210c2fa68c12
FRAG_000877,FRAG_000877.bin,sample_png_009.png,png,png,.png,32768,4096,False,False,8,12,642db92f1dc3730e5b5b353a55438756b1b30fd3af706fd4a13bb47d82ca15a8
FRAG_000878,FRAG_000878.bin,sample_png_009.png,png,png,.png,36864,4096,False,False,9,12,eff1b9f3eb07ce1a3ccd230ce90e1b401561f0ee9e5b9df747e6df54b781ed3b
FRAG_000879,FRAG_000879.bin,sample_png_009.png,png,png,.png,40960,4096,False,False,10,12,81bac12124aa090fa94ae1df1ec92d5a2e77c5f0b9aa7f588bbb508636367c46
FRAG_000880,FRAG_000880.bin,sample_png_009.png,png,png,.png,45056,2596,False,True,11,12,5ed4a990628afac424cb5fae164bb02cca8ccaea3429bf9c002d6a012b9ed844
FRAG_000881,FRAG_000881.bin,sample_png_010.png,png,png,.png,0,4096,True,False,0,7,e56f8542d1c987c379bf0b98caab954ee2bafb200f07e68c0dac3236bf06ae66
FRAG_000882,FRAG_000882.bin,sample_png_010.png,png,png,.png,4096,4096,False,False,1,7,760e5a3c4d4142320dd9b07cd5bd85481eb8a1dc64aa190a38e2d707f3f4b453
FRAG_000883,FRAG_000883.bin,sample_png_010.png,png,png,.png,8192,4096,False,False,2,7,21a9ba49ba436181cfc45d5db1db049f5bdf160a32ae02e9b5c736034818165e
FRAG_000884,FRAG_000884.bin,sample_png_010.png,png,png,.png,12288,4096,False,False,3,7,a6ed518df4f61a866231163fdd0f5a07d45c96c45c74f8f0e87501f454520c9e
FRAG_000885,FRAG_000885.bin,sample_png_010.png,png,png,.png,16384,4096,False,False,4,7,681e767effbc199c6a21f0f08d0ef1459e6e1a15d2b29e3dfb39d2070f3ba057
FRAG_000886,FRAG_000886.bin,sample_png_010.png,png,png,.png,20480,4096,False,False,5,7,058d80397d595603c98991321b413e22c1565f0fc95d00c3be3c419eaedb2f17
FRAG_000887,FRAG_000887.bin,sample_png_010.png,png,png,.png,24576,1533,False,True,6,7,5f8c853b0de3cdaccb0a90eb7c82297428ad379df2d551df8e6defc074ab4e30
FRAG_000888,FRAG_000888.bin,sample_png_011.png,png,png,.png,0,4096,True,False,0,9,3df92c98f8ce4c74077c8e5e4afee1016a53045dd07cbfece1790f0ffa04d464
FRAG_000889,FRAG_000889.bin,sample_png_011.png,png,png,.png,4096,4096,False,False,1,9,dff8b28db29f711c6eea8868dc6f02cf044be773dda8b61dd00afa410a39ae0c
FRAG_000890,FRAG_000890.bin,sample_png_011.png,png,png,.png,8192,4096,False,False,2,9,cd22ddc77f588248a8e87497d6d89d6b6b460bce750d3659065bc1971260ef60
FRAG_000891,FRAG_000891.bin,sample_png_011.png,png,png,.png,12288,4096,False,False,3,9,a0baf64ab98e849ef31a67e89f41b54189e8dc2734caf893806d490ac16a77af
FRAG_000892,FRAG_000892.bin,sample_png_011.png,png,png,.png,16384,4096,False,False,4,9,240f76b6ec2c638a7dc16c480b7d6ee2eba83037b6281d426b36104005c5666c
FRAG_000893,FRAG_000893.bin,sample_png_011.png,png,png,.png,20480,4096,False,False,5,9,bc272984e9de21aaf91413a88f6490f3804ac4383a660c5c2bb8528c67af6d00
FRAG_000894,FRAG_000894.bin,sample_png_011.png,png,png,.png,24576,4096,False,False,6,9,61f56dd8eb468255516f0c7d5886c9daf182f52b8ba8a1172f58625e89db2d1e
FRAG_000895,FRAG_000895.bin,sample_png_011.png,png,png,.png,28672,4096,False,False,7,9,9590f3dc3201e578d5a7b63f739568b6ab5e01aa42683b7e41765f6c305a5370
FRAG_000896,FRAG_000896.bin,sample_png_011.png,png,png,.png,32768,670,False,True,8,9,9edadd4cc9ef86a5140b8d1c92574f3c22916c29aa5805e9a17dcbaaa234edfc
FRAG_000897,FRAG_000897.bin,sample_png_012.png,png,png,.png,0,4096,True,False,0,6,a6504eaa4826d92314a2e4e227b4c3e12de63e85e4bf3c3c8ad37b2f650042f3
FRAG_000898,FRAG_000898.bin,sample_png_012.png,png,png,.png,4096,4096,False,False,1,6,cb3a053f1597197b3283225a5a57ca3de6a7b5ca3fe59f158560e1080f5e8de8
FRAG_000899,FRAG_000899.bin,sample_png_012.png,png,png,.png,8192,4096,False,False,2,6,65123e0e47a3e007e91575e2c04d7adfa518dfe7963ff5ba6b0345ebbd691231
FRAG_000900,FRAG_000900.bin,sample_png_012.png,png,png,.png,12288,4096,False,False,3,6,b25f962aba8ee4935bce46ac17e3ff6f639885bf587f85e8f93358a97438c68f
FRAG_000901,FRAG_000901.bin,sample_png_012.png,png,png,.png,16384,4096,False,False,4,6,1e2274336a55871d7287034f177003aa10573aaae23f176d3c92a64cd5f6ecbf
FRAG_000902,FRAG_000902.bin,sample_png_012.png,png,png,.png,20480,1939,False,True,5,6,b3cba4c7a67739fb504191c08a375f606b9d0e672230989de3f27339e25205df
FRAG_000903,FRAG_000903.bin,sample_png_013.png,png,png,.png,0,4096,True,False,0,8,455e8faec80b326bfd6f2a4f9b7081d5224d532a6d3267730074c2c27713f5a7
FRAG_000904,FRAG_000904.bin,sample_png_013.png,png,png,.png,4096,4096,False,False,1,8,6598ad85223d066263aa6e337b27f9ad566bfcdd2dc77bb252f4429e7a52313c
FRAG_000905,FRAG_000905.bin,sample_png_013.png,png,png,.png,8192,4096,False,False,2,8,6caeb2407496352aa97d0ac82139ed2b24912b7ea747dc5bb064ab1f3048069c
FRAG_000906,FRAG_000906.bin,sample_png_013.png,png,png,.png,12288,4096,False,False,3,8,4c136b11832b9b9ad6871321697217f7d20a4e22038997f9afbb05a058831305
FRAG_000907,FRAG_000907.bin,sample_png_013.png,png,png,.png,16384,4096,False,False,4,8,54dbf39db4b30843b4b8657103b677241d8a67404e8e616c9f095b41464cd88d
FRAG_000908,FRAG_000908.bin,sample_png_013.png,png,png,.png,20480,4096,False,False,5,8,a1c97e5a98503e1b36548bbe782c21e6ffa7367c9ecd33278f4aaa95011ce2a0
FRAG_000909,FRAG_000909.bin,sample_png_013.png,png,png,.png,24576,4096,False,False,6,8,bc73b4d14bebb4bdc29016073aa52efe06aa53ffb19be6b47d7b57612b8bcb36
FRAG_000910,FRAG_000910.bin,sample_png_013.png,png,png,.png,28672,1718,False,True,7,8,e816261db1bb35c81295f82d43eea43385633d127450d9ee75d9158d87ef9a90
FRAG_000911,FRAG_000911.bin,sample_png_014.png,png,png,.png,0,4096,True,False,0,11,c7a48668728c8ef2366ed40345ac9be634f35d46150f0349d54a8f360052c133
FRAG_000912,FRAG_000912.bin,sample_png_014.png,png,png,.png,4096,4096,False,False,1,11,3574ff44686dacf81671c2a9651d286fe312ca9800a10fd2bd2da1d87a040cc9
FRAG_000913,FRAG_000913.bin,sample_png_014.png,png,png,.png,8192,4096,False,False,2,11,9e796c20ae550caa0f58b8d794e4d3d02f68190e4d88fbdcdea85d3551c3592f
FRAG_000914,FRAG_000914.bin,sample_png_014.png,png,png,.png,12288,4096,False,False,3,11,fbefbca5c306fadc70d61b013239d20a6c30389aedb62da9b5358ebf5b41dcb9
FRAG_000915,FRAG_000915.bin,sample_png_014.png,png,png,.png,16384,4096,False,False,4,11,c8f84bff01caaf31ec9b539737934bd9f39710ee2f1208be4e0188c038d29a61
FRAG_000916,FRAG_000916.bin,sample_png_014.png,png,png,.png,20480,4096,False,False,5,11,2ffac3bb13728bcd23af8323a4d6e27c2d3ecb583758584479e3824047c17e5d
FRAG_000917,FRAG_000917.bin,sample_png_014.png,png,png,.png,24576,4096,False,False,6,11,641c44494778bbb4e596eb78bcf328abed76520fe179ad08ef848d5563fa3090
FRAG_000918,FRAG_000918.bin,sample_png_014.png,png,png,.png,28672,4096,False,False,7,11,b8a21b0c5de590420537d9a192b3a20d95b78bf966469aba3aeb11c2d9af9892
FRAG_000919,FRAG_000919.bin,sample_png_014.png,png,png,.png,32768,4096,False,False,8,11,cd739a6ea8d74f50a765e6d75c49c40aa97f5fa81fd9693cc8804cc39fcef2db
FRAG_000920,FRAG_000920.bin,sample_png_014.png,png,png,.png,36864,4096,False,False,9,11,f18932fee7652836a6d440945accd888e5dab190c70c763e4391819c481d91d8
FRAG_000921,FRAG_000921.bin,sample_png_014.png,png,png,.png,40960,40,False,True,10,11,c789c739159e4531efd0040b59df6da3173a10228921c6f69b48ff418dba2b9a
FRAG_000922,FRAG_000922.bin,sample_png_015.png,png,png,.png,0,4096,True,False,0,5,5c63b79fc7574fad4f27618549b8b267e862ed5a736e0b98f166729ceef5b269
FRAG_000923,FRAG_000923.bin,sample_png_015.png,png,png,.png,4096,4096,False,False,1,5,ec08d9837fae9ab42f691bd515fe7dd2283677aac3e080db3f32f2b6f3c9844a
FRAG_000924,FRAG_000924.bin,sample_png_015.png,png,png,.png,8192,4096,False,False,2,5,f284b3f32fa5f7665b180f66fcdd06e4ead3b7e8ba838b9e2563f4075c21d478
FRAG_000925,FRAG_000925.bin,sample_png_015.png,png,png,.png,12288,4096,False,False,3,5,1b2da8b6e26ddddbb7817489333b93b1607ab09846ed9a03a7b424a523113b3d
FRAG_000926,FRAG_000926.bin,sample_png_015.png,png,png,.png,16384,707,False,True,4,5,675118425cc59cad32b3d8b5da42c2c8083bec55925d7a43cce89048bf6e91cc
FRAG_000927,FRAG_000927.bin,sample_png_016.png,png,png,.png,0,4096,True,False,0,12,f5050938ef25fa177f95f908774d4898a5160211282253b95b7ff113e98f38ec
FRAG_000928,FRAG_000928.bin,sample_png_016.png,png,png,.png,4096,4096,False,False,1,12,6950574efc5ac5e6d1e0c8084cedee6f0a4a4499a1ac637b459808b50fd432c7
FRAG_000929,FRAG_000929.bin,sample_png_016.png,png,png,.png,8192,4096,False,False,2,12,46a85c16971caeaea15201d7e3691d51208cedce6471a2f0400c6be37a4a9a11
FRAG_000930,FRAG_000930.bin,sample_png_016.png,png,png,.png,12288,4096,False,False,3,12,332bf20247ac64aba984d765ff0cd8eed52626bca9331491e28774af99b704f2
FRAG_000931,FRAG_000931.bin,sample_png_016.png,png,png,.png,16384,4096,False,False,4,12,f38fc45e683aaecfaf1ca445750f6d05a0b7944b002cfb30be2c2fc7ead5aa72
FRAG_000932,FRAG_000932.bin,sample_png_016.png,png,png,.png,20480,4096,False,False,5,12,26681af1aa2b031503064dd874fa2612d62e4c6db2f2432e1d7c68c925c755a3
FRAG_000933,FRAG_000933.bin,sample_png_016.png,png,png,.png,24576,4096,False,False,6,12,6a79ded4e2b562a07bdb307111239133d128b8620a5b9d652f2d7a428510aba0
FRAG_000934,FRAG_000934.bin,sample_png_016.png,png,png,.png,28672,4096,False,False,7,12,6dfc64d19cefa5588fe7d77195e7823b23c4a669700f4e40e5fa5cce9c2e3401
FRAG_000935,FRAG_000935.bin,sample_png_016.png,png,png,.png,32768,4096,False,False,8,12,862b4b0011a3cc9bb4fb10a49b1704fcfbbc1c80af2900973bcb3be38346a848
FRAG_000936,FRAG_000936.bin,sample_png_016.png,png,png,.png,36864,4096,False,False,9,12,8158b9136e29af013d2879910b85aca5e017e6766636aa28cc9d8c9a32364dba
FRAG_000937,FRAG_000937.bin,sample_png_016.png,png,png,.png,40960,4096,False,False,10,12,b9c35527c94997c6477345ae9fa7c88502114b1d0f15c6b328f18a8cf50388ac
FRAG_000938,FRAG_000938.bin,sample_png_016.png,png,png,.png,45056,3669,False,True,11,12,d82d6ff00dde80a4d50643fd73329749e068d4efd385b2e5559be5cc8b1bae46
FRAG_000939,FRAG_000939.bin,sample_png_017.png,png,png,.png,0,4096,True,False,0,6,dca887896e323b75e3d62856cb11126f256b9ab926761c17d152e82fe2d7ebd0
FRAG_000940,FRAG_000940.bin,sample_png_017.png,png,png,.png,4096,4096,False,False,1,6,fa061d0db8f0f0cc7ca9723ccf984d344c66c9fb71ab18dfc917fd882915b6c8
FRAG_000941,FRAG_000941.bin,sample_png_017.png,png,png,.png,8192,4096,False,False,2,6,a3f761372b8a6b216d39c6c0198cbbac4a54e8e4f9abda625adb7739377d5b33
FRAG_000942,FRAG_000942.bin,sample_png_017.png,png,png,.png,12288,4096,False,False,3,6,858f4022c3904f20035615d6bc2afaa2c57a490773a0333b0aed1eb0ec333738
FRAG_000943,FRAG_000943.bin,sample_png_017.png,png,png,.png,16384,4096,False,False,4,6,a2bf6d6c68d287ee7fd0c6e17d5290ae182ad5feb0e4bf9adb0b17c24a2ac3a7
FRAG_000944,FRAG_000944.bin,sample_png_017.png,png,png,.png,20480,844,False,True,5,6,90a906d545d3d69714d0820b3964409c1823d6af2cc017ea77aab3032b7acb1d
FRAG_000945,FRAG_000945.bin,sample_png_018.png,png,png,.png,0,4096,True,False,0,12,0a83b8104fef0c3b4c8573a12f0f36ddd821b743854c0b946f6074b63700c3b0
FRAG_000946,FRAG_000946.bin,sample_png_018.png,png,png,.png,4096,4096,False,False,1,12,ca3c09ca06865140491646a3c2f1a007f65abbdf604bb6939f7d217dec1b737f
FRAG_000947,FRAG_000947.bin,sample_png_018.png,png,png,.png,8192,4096,False,False,2,12,677fef9d5506368568d6724a978f384a027ec804b8fe9d6db9bfa88154d0e97f
FRAG_000948,FRAG_000948.bin,sample_png_018.png,png,png,.png,12288,4096,False,False,3,12,d0f029a3b838a111b1b56e66a5c2227ce7941c1259006a9ef1ee22f30d57667c
FRAG_000949,FRAG_000949.bin,sample_png_018.png,png,png,.png,16384,4096,False,False,4,12,acbf00ef576552ce24a4c62bc6f7de426672203236f343d0e8d0ef14e49f56ba
FRAG_000950,FRAG_000950.bin,sample_png_018.png,png,png,.png,20480,4096,False,False,5,12,848ae402aa1da2ff087fb7d882b71e991f1dd77a16933aa8aed2d10bbfbc2a48
FRAG_000951,FRAG_000951.bin,sample_png_018.png,png,png,.png,24576,4096,False,False,6,12,8d8313599215cd759aa07bb61fd9d80c8576d937e21619f3e7653154240b22d2
FRAG_000952,FRAG_000952.bin,sample_png_018.png,png,png,.png,28672,4096,False,False,7,12,92157c5d2cb9789e9d462365195fbfc1a9eaac208e37cb2c37429ac0ec7eeb77
FRAG_000953,FRAG_000953.bin,sample_png_018.png,png,png,.png,32768,4096,False,False,8,12,87601c764d893065e4cc4268e3fbd5e69280facb6a8fecdec0b6b2a2d1701b5a
FRAG_000954,FRAG_000954.bin,sample_png_018.png,png,png,.png,36864,4096,False,False,9,12,ea42c13e45a219a774af358380dfecf6b5cdd80eb5f14bfd84f38d34315f7050
FRAG_000955,FRAG_000955.bin,sample_png_018.png,png,png,.png,40960,4096,False,False,10,12,22cdce720a3708ce854549814d02206bb405e5a9fa2009eab79efd77fa499f82
FRAG_000956,FRAG_000956.bin,sample_png_018.png,png,png,.png,45056,2002,False,True,11,12,59190b1e6184a5cc484c79284863680717222f792d99d93683e30b0470bebb42
FRAG_000957,FRAG_000957.bin,sample_png_019.png,png,png,.png,0,4096,True,False,0,12,1e4680923cc8f1785119a180709e8b53dfd76d3e3742cb4c65242cd72aed7a8a
FRAG_000958,FRAG_000958.bin,sample_png_019.png,png,png,.png,4096,4096,False,False,1,12,6de6f42f16d0cdc0cdb9ce1c4e26937055293e68843f07af5465d524d787560a
FRAG_000959,FRAG_000959.bin,sample_png_019.png,png,png,.png,8192,4096,False,False,2,12,b7cf42548ecf6d349f30e27dbab1338dc2ecc8c4988a9c7a0c352d155a9792ec
FRAG_000960,FRAG_000960.bin,sample_png_019.png,png,png,.png,12288,4096,False,False,3,12,2f0652d56def8480a5b8efab9584417fe5c0401d7a15dc43cea54d9d3bf1a269
FRAG_000961,FRAG_000961.bin,sample_png_019.png,png,png,.png,16384,4096,False,False,4,12,ae10c2053ceb0f57c5ae46b2f32277b87706b8611f3676608a10a447863c726d
FRAG_000962,FRAG_000962.bin,sample_png_019.png,png,png,.png,20480,4096,False,False,5,12,ca61e8e2223d7eb605d5f1da6c19809a63d6b390068b22671d6d6f0586891238
FRAG_000963,FRAG_000963.bin,sample_png_019.png,png,png,.png,24576,4096,False,False,6,12,685dfd7a23e3dfab012347e81164036cede23069200df1597b5eed2b9f2a0920
FRAG_000964,FRAG_000964.bin,sample_png_019.png,png,png,.png,28672,4096,False,False,7,12,40ccb460c29419e75e6f069b83d6ab26bf68cfed00a28a186dfe665d34b49bae
FRAG_000965,FRAG_000965.bin,sample_png_019.png,png,png,.png,32768,4096,False,False,8,12,49a9a09c2e2cae05e1ab7dfc09d566a272f41e3c7c7c23850dfa08f359504c26
FRAG_000966,FRAG_000966.bin,sample_png_019.png,png,png,.png,36864,4096,False,False,9,12,28875ee568103a6b784975909b8300829820377f3d222ce761ffd22d88d78f30
FRAG_000967,FRAG_000967.bin,sample_png_019.png,png,png,.png,40960,4096,False,False,10,12,efe7452c2b8096d246a291108af2ea8210ae87c5b36d0c356b4eb33926d0bd08
FRAG_000968,FRAG_000968.bin,sample_png_019.png,png,png,.png,45056,2650,False,True,11,12,f99665de6116da1b7e5d44e6b2cdc2660474a9cb1838c251ac06a7984b143cc6
FRAG_000969,FRAG_000969.bin,sample_png_020.png,png,png,.png,0,4096,True,False,0,5,712dc117bd55d3d8329069017922b05ce12d5902240f117a0e8808d292f42d72
FRAG_000970,FRAG_000970.bin,sample_png_020.png,png,png,.png,4096,4096,False,False,1,5,7c4f1e98b48b76f800d8f04d31b0c649a6d5d466f66ea25a25613dbfce0e2b0d
FRAG_000971,FRAG_000971.bin,sample_png_020.png,png,png,.png,8192,4096,False,False,2,5,85020b9df38e0077ded4604b45b98f6b2c9756fc93d4b8faff92bcb7af6cbb13
FRAG_000972,FRAG_000972.bin,sample_png_020.png,png,png,.png,12288,4096,False,False,3,5,2aa62a26ab04fed15ac78bb6c9f81385368e57aef9463a3acfbafc7e4ca4823d
FRAG_000973,FRAG_000973.bin,sample_png_020.png,png,png,.png,16384,3642,False,True,4,5,d328f048cbe87a8abd0b74a5a466e2f5d6097734c0db70b78e0e5628c5b8cf0e
FRAG_000974,FRAG_000974.bin,sample_png_021.png,png,png,.png,0,4096,True,False,0,14,6b32bb049109fe071d56cc58002eca15a4ead6842131948ef0ac3e1420097f82
FRAG_000975,FRAG_000975.bin,sample_png_021.png,png,png,.png,4096,4096,False,False,1,14,cdda50cefb9d429437fedac5d32569ea6db9253fc594702840e829cbd79693e3
FRAG_000976,FRAG_000976.bin,sample_png_021.png,png,png,.png,8192,4096,False,False,2,14,2c38c2ddd81ac585f35387ee597e6dc49755d79d0274b3969c12e3ed659a1c0b
FRAG_000977,FRAG_000977.bin,sample_png_021.png,png,png,.png,12288,4096,False,False,3,14,96e69b05b59abe40efb59dfd87edb89f34f3a9a27043f955abf66a685b702219
FRAG_000978,FRAG_000978.bin,sample_png_021.png,png,png,.png,16384,4096,False,False,4,14,1b3782b4cb479ebf534acd79193170ffd878796207285af03a2d1436d2f019a6
FRAG_000979,FRAG_000979.bin,sample_png_021.png,png,png,.png,20480,4096,False,False,5,14,7e3b71939b19b8a211f193daa06e4e08736ac69178d90b282db98fea55df939b
FRAG_000980,FRAG_000980.bin,sample_png_021.png,png,png,.png,24576,4096,False,False,6,14,c4718e0af93a2345341f08f2e12a9fa50a98076e28d575f6eaf884441b639f9e
FRAG_000981,FRAG_000981.bin,sample_png_021.png,png,png,.png,28672,4096,False,False,7,14,4669a93763f9cc50ab65057a7e5d707faeac4dffb0a515f8c05f02cce257e76e
FRAG_000982,FRAG_000982.bin,sample_png_021.png,png,png,.png,32768,4096,False,False,8,14,0a7ee773bdc4b6e10e5da7f0498ed4abdbf8ddd730449d500c18b4e2fb24eae4
FRAG_000983,FRAG_000983.bin,sample_png_021.png,png,png,.png,36864,4096,False,False,9,14,5f78d982a28e78102182bf72fff497d27016d7339f596060063d245672d4bd82
FRAG_000984,FRAG_000984.bin,sample_png_021.png,png,png,.png,40960,4096,False,False,10,14,2b5585b75c07d3068b310fb5302dc023f605fd2b74566bc3f0fb00e57ee81eee
FRAG_000985,FRAG_000985.bin,sample_png_021.png,png,png,.png,45056,4096,False,False,11,14,464c63d2fd5468c03c7544a669cdc9875df7e8664fbe4caf26463a7005899d56
FRAG_000986,FRAG_000986.bin,sample_png_021.png,png,png,.png,49152,4096,False,False,12,14,4be1662b4ae0fa295d3646d6d98c63e870ecb5acaa83917b8a55bd4f471034b4
FRAG_000987,FRAG_000987.bin,sample_png_021.png,png,png,.png,53248,869,False,True,13,14,1b1a395cf29634fe5c65438bcac0a754d5cd82a7e8689eea6451fc6be51a02e8
FRAG_000988,FRAG_000988.bin,sample_png_022.png,png,png,.png,0,4096,True,False,0,8,196a554822d82844c3f0843329c5670c585350ae58b5c567427f8ee9c08bc804
FRAG_000989,FRAG_000989.bin,sample_png_022.png,png,png,.png,4096,4096,False,False,1,8,96b3a3b505fdbe3cbe306401998fb553f9ded38a18f868fe3387206d6c521c3e
FRAG_000990,FRAG_000990.bin,sample_png_022.png,png,png,.png,8192,4096,False,False,2,8,ecbddfb3377cedc3a7763767d23a698fddcc3f10faa13674ac94e274726c31d1
FRAG_000991,FRAG_000991.bin,sample_png_022.png,png,png,.png,12288,4096,False,False,3,8,dbbe9966a4ee8617708407e9795127a2a92e732feef1a1eeec7a146df7a9064d
FRAG_000992,FRAG_000992.bin,sample_png_022.png,png,png,.png,16384,4096,False,False,4,8,766138f263a4873596ea24adf40a8a4d9417cf6cd5857aaf47db5a009e1f15f9
FRAG_000993,FRAG_000993.bin,sample_png_022.png,png,png,.png,20480,4096,False,False,5,8,e27a0d64da905be1598442c2f0d3e7003fdb11935ca017d72026a4604bdb1519
FRAG_000994,FRAG_000994.bin,sample_png_022.png,png,png,.png,24576,4096,False,False,6,8,0098d0c4044f78fc98be928152cbc60e058e189ecf022ff20283169ce31ac403
FRAG_000995,FRAG_000995.bin,sample_png_022.png,png,png,.png,28672,821,False,True,7,8,53e6e26736a83209bef6816a6e89701112de59b2bb17609acf44939dc7518bf1
FRAG_000996,FRAG_000996.bin,sample_png_023.png,png,png,.png,0,4096,True,False,0,10,e9bd2828130463bfe3fd340270b86086cefe937e62178da56706867664f0214c
FRAG_000997,FRAG_000997.bin,sample_png_023.png,png,png,.png,4096,4096,False,False,1,10,d6f41dd8bf9b289fea4fbb1728814729fc03d9fc6a8e0cb8cbf99c3e50c774ae
FRAG_000998,FRAG_000998.bin,sample_png_023.png,png,png,.png,8192,4096,False,False,2,10,25b702a2c1220afcac8b2fe482e031776f61f455f4d851c37311316be0e45404
FRAG_000999,FRAG_000999.bin,sample_png_023.png,png,png,.png,12288,4096,False,False,3,10,9f4c7b62c36ca0837ea28c7e01f33e142447dea3835706cf82a6ef10386858a7
FRAG_001000,FRAG_001000.bin,sample_png_023.png,png,png,.png,16384,4096,False,False,4,10,8eac25dae88f871ad949d230dfa7fecb44691b13e22a3253cbd86e44566be7d2
FRAG_001001,FRAG_001001.bin,sample_png_023.png,png,png,.png,20480,4096,False,False,5,10,b63e464709c36863047ce28a0961a52f0cdcf06e0ae6447eb0de5f3ff7a14964
FRAG_001002,FRAG_001002.bin,sample_png_023.png,png,png,.png,24576,4096,False,False,6,10,4da20f9bd94a6dfd8a3cfdbd17c7ea5d8c4b170c04c00d3abbd472a6e7ef92e2
FRAG_001003,FRAG_001003.bin,sample_png_023.png,png,png,.png,28672,4096,False,False,7,10,d17e1d4b9770bbdd879ef446d0646135b737a2b269205a632d3fb712f64de375
FRAG_001004,FRAG_001004.bin,sample_png_023.png,png,png,.png,32768,4096,False,False,8,10,81fb374cfdfadc1224cad3ac1b8f385edc6981fd86b762be112988ee7b39836b
FRAG_001005,FRAG_001005.bin,sample_png_023.png,png,png,.png,36864,1342,False,True,9,10,b675a12419d997c4534beb04dd6b21f339639ee2df99031ffeb11ea6d6d86d40
FRAG_001006,FRAG_001006.bin,sample_png_024.png,png,png,.png,0,4096,True,False,0,5,8884d876155db4007b0beefa119d430f8c9d3263d0f6fecba6325def7e91f7e7
FRAG_001007,FRAG_001007.bin,sample_png_024.png,png,png,.png,4096,4096,False,False,1,5,12a6e7c992f25bf8adb175d018bf105f1f0264ef91102201f6661f18abdca3cb
FRAG_001008,FRAG_001008.bin,sample_png_024.png,png,png,.png,8192,4096,False,False,2,5,e4acfd2167912210e773500c7d5b3de678d7e567a8278d9c131ff67fc79a753a
FRAG_001009,FRAG_001009.bin,sample_png_024.png,png,png,.png,12288,4096,False,False,3,5,4471737fa857cd3638046d8dd27081f22db84d7d0fe05c0797420eaef9452abe
FRAG_001010,FRAG_001010.bin,sample_png_024.png,png,png,.png,16384,2594,False,True,4,5,4d03d2686e9b92166b268f317fd992837fedd4c698481b5448ae574e9cac0b67
FRAG_001011,FRAG_001011.bin,sample_png_025.png,png,png,.png,0,4096,True,False,0,14,673b36402c4e86d054bd80c3f30596b85e3e10c5984ef300e94f36c8c2387731
FRAG_001012,FRAG_001012.bin,sample_png_025.png,png,png,.png,4096,4096,False,False,1,14,879923597b39872cc6a87bdeec8343c804d67b39b28acd42952decf23a3e7746
FRAG_001013,FRAG_001013.bin,sample_png_025.png,png,png,.png,8192,4096,False,False,2,14,f6ae4df0a63ce71ca1cff616d0c7903071c159eda514938839706ebcb7e41908
FRAG_001014,FRAG_001014.bin,sample_png_025.png,png,png,.png,12288,4096,False,False,3,14,af43cbebef1ab68332046ac896819543b4af8995a5b7e7290564d981a3a7ca4f
FRAG_001015,FRAG_001015.bin,sample_png_025.png,png,png,.png,16384,4096,False,False,4,14,257ee850ef47568c91da1ade55f6fa22d5acc8348d3bd8a07ee380c716336fcd
FRAG_001016,FRAG_001016.bin,sample_png_025.png,png,png,.png,20480,4096,False,False,5,14,7ba15dc0a705ecdf7a03b6f12205b9feee14aa413d628f8bc1c4ef566891479b
FRAG_001017,FRAG_001017.bin,sample_png_025.png,png,png,.png,24576,4096,False,False,6,14,1bef8fe08bec7079131757adc3f66f9abab7b542b03628eeb692c675c537288d
FRAG_001018,FRAG_001018.bin,sample_png_025.png,png,png,.png,28672,4096,False,False,7,14,5be4befe687e96356c4000682efbf4868bd9c96f65e66665c19980d29b0bc35c
FRAG_001019,FRAG_001019.bin,sample_png_025.png,png,png,.png,32768,4096,False,False,8,14,789498c2a559e8ab16991aae824c4cdaa7f6e25d8241377db677b8357bdaf84a
FRAG_001020,FRAG_001020.bin,sample_png_025.png,png,png,.png,36864,4096,False,False,9,14,0142d5560dd8fe3d838667f1f54d1853e4caf464bb889b8a2394925fa05c6da0
FRAG_001021,FRAG_001021.bin,sample_png_025.png,png,png,.png,40960,4096,False,False,10,14,731169a2c291eecaa06815ad4f6f2e2d7456258c5496f329b4ecc62fa8518445
FRAG_001022,FRAG_001022.bin,sample_png_025.png,png,png,.png,45056,4096,False,False,11,14,d2f045b7e7f2e461250747a5d0e31e0c8fdad7c8603cef94deab315079f130eb
FRAG_001023,FRAG_001023.bin,sample_png_025.png,png,png,.png,49152,4096,False,False,12,14,6888991afc8be03b786b385a74deaf5800939e9cb0e09199a623a54089688616
FRAG_001024,FRAG_001024.bin,sample_png_025.png,png,png,.png,53248,926,False,True,13,14,7d0847e6a7ed72bfcafb0b47dbcdc0a1d2bd8a094a07208c32454c7c31e80494
FRAG_001025,FRAG_001025.bin,sample_text_001.json,text,text,.json,0,4096,True,False,0,18,6647d47e8d81a0dbaace92da363d665653f383e9e1dfa50b9aca48beee0b4504
FRAG_001026,FRAG_001026.bin,sample_text_001.json,text,text,.json,4096,4096,False,False,1,18,d01b75ef5b88ca844cd0201de4cd21a51dda095e4ecff160a2c100ae8c4395f5
FRAG_001027,FRAG_001027.bin,sample_text_001.json,text,text,.json,8192,4096,False,False,2,18,14419d3067d955e5786397c4b724cc4c58385dd382b75e318b707b1fa19db586
FRAG_001028,FRAG_001028.bin,sample_text_001.json,text,text,.json,12288,4096,False,False,3,18,5c33604a342a924e08b699e4600b5f99a553b95c5d6c4cd161a8c651b169c4b4
FRAG_001029,FRAG_001029.bin,sample_text_001.json,text,text,.json,16384,4096,False,False,4,18,d6fe336a0ce29e90a78a9384777c775b25ed931d75f5e49fe4926da1ab44d15d
FRAG_001030,FRAG_001030.bin,sample_text_001.json,text,text,.json,20480,4096,False,False,5,18,f1653d5555df8de694face004aa6798c7a2ed41b2f39da3d6cae1f530f42fc51
FRAG_001031,FRAG_001031.bin,sample_text_001.json,text,text,.json,24576,4096,False,False,6,18,166ae9761f11089695908b4b4cc4436994aa2f35e18735ba5b63e5c1a661d12f
FRAG_001032,FRAG_001032.bin,sample_text_001.json,text,text,.json,28672,4096,False,False,7,18,9553ef47f689f3311d2c8707c31020eeada51845677d46481cb7f29277b5247e
FRAG_001033,FRAG_001033.bin,sample_text_001.json,text,text,.json,32768,4096,False,False,8,18,a53b6f1b2df1e5228bb9fb5e90c721da6cd222e164ec27c369cf2c54b6a8e363
FRAG_001034,FRAG_001034.bin,sample_text_001.json,text,text,.json,36864,4096,False,False,9,18,5c82f8c70be0fb25f7005cd55dec4314c21b5ea2f6a7fed23773ed429cd4a523
FRAG_001035,FRAG_001035.bin,sample_text_001.json,text,text,.json,40960,4096,False,False,10,18,d6991d9baa0786ec4eb8b53d0a413059e3bc13394854b5799852921a1c0a60dd
FRAG_001036,FRAG_001036.bin,sample_text_001.json,text,text,.json,45056,4096,False,False,11,18,6e488310448a7526c5eef79b99b639030d9cd5fa4c6445da01c4048f70963d82
FRAG_001037,FRAG_001037.bin,sample_text_001.json,text,text,.json,49152,4096,False,False,12,18,a86fb5670777cd4a44eb3df680e1a9d8a001c1a92879122b9a5b45e6af29d9fb
FRAG_001038,FRAG_001038.bin,sample_text_001.json,text,text,.json,53248,4096,False,False,13,18,a84cc56d2c1236061e0815c953024b08f54b9d4599f6b1f49d1df309e014ce91
FRAG_001039,FRAG_001039.bin,sample_text_001.json,text,text,.json,57344,4096,False,False,14,18,b06ce84cede8214c513a3e1be107d0c4fc92d19202865d1837b82a585455bbaa
FRAG_001040,FRAG_001040.bin,sample_text_001.json,text,text,.json,61440,4096,False,False,15,18,e20c05a3f718f6d4535e5b66e1751dde7ef5177086a71b915410a23a5d9c25c0
FRAG_001041,FRAG_001041.bin,sample_text_001.json,text,text,.json,65536,4096,False,False,16,18,ce974485dd2da082c3d2ecda91399fe5e676e8162c5344052367d1361319f2f6
FRAG_001042,FRAG_001042.bin,sample_text_001.json,text,text,.json,69632,3986,False,True,17,18,6f2a5e25aaaa0d3d7401bbf9907e0b47332c43b8fc7ebd63d32e2e75cb21261b
FRAG_001043,FRAG_001043.bin,sample_text_002.txt,text,text,.txt,0,4096,True,False,0,16,bed1227e8058903a7654e100460727ff63a416ea38c75600619a7ec2a09cccfa
FRAG_001044,FRAG_001044.bin,sample_text_002.txt,text,text,.txt,4096,4096,False,False,1,16,dc40baf019dac9c16f5d4b3c74dbd740437d20378fa7ef31c8192a2cf6742dd3
FRAG_001045,FRAG_001045.bin,sample_text_002.txt,text,text,.txt,8192,4096,False,False,2,16,57dd5f6211032772cffa635ed4d5db2d26b11499d65dd0533f56488f3811dd93
FRAG_001046,FRAG_001046.bin,sample_text_002.txt,text,text,.txt,12288,4096,False,False,3,16,8b6be5b83e23767032cddfa952a2d3294cda45413d518893773ab9bea683aec3
FRAG_001047,FRAG_001047.bin,sample_text_002.txt,text,text,.txt,16384,4096,False,False,4,16,ace66d8eaf1622c852d0db966c92093c89fa6a6c3ece3adcfb55221a8a813dd8
FRAG_001048,FRAG_001048.bin,sample_text_002.txt,text,text,.txt,20480,4096,False,False,5,16,287bbcb23402c9a01422cf072ff4b939f5e30cdaa4dcb9184c16d62b7b4adcfb
FRAG_001049,FRAG_001049.bin,sample_text_002.txt,text,text,.txt,24576,4096,False,False,6,16,cce56621f8aa5c9e4b7e68c9472421b31ce3d362826a6b2076c647df00f46d04
FRAG_001050,FRAG_001050.bin,sample_text_002.txt,text,text,.txt,28672,4096,False,False,7,16,7d5c69d856439b167456e0df1ee6a883c7415c2e9fe5548de2e37310808dd0c0
FRAG_001051,FRAG_001051.bin,sample_text_002.txt,text,text,.txt,32768,4096,False,False,8,16,f2bfb7d313b17336c6bee1032daf03aff01d1aaef2f99f90aeb6580a7bc55fe5
FRAG_001052,FRAG_001052.bin,sample_text_002.txt,text,text,.txt,36864,4096,False,False,9,16,72e8ecd315d3b128f04a2c51da3bbdea470fc4b839fc1916b9d04da321aa2a05
FRAG_001053,FRAG_001053.bin,sample_text_002.txt,text,text,.txt,40960,4096,False,False,10,16,8faee000786881266b516c0e72d51eb656368e21c4a9012481cd7ac9d2fc6fb9
FRAG_001054,FRAG_001054.bin,sample_text_002.txt,text,text,.txt,45056,4096,False,False,11,16,def49a5a26f87bc725229e1f0f0c616f2911ff867bed619218cff7988a254b5a
FRAG_001055,FRAG_001055.bin,sample_text_002.txt,text,text,.txt,49152,4096,False,False,12,16,1f09749a16a918a36f8f6336f7ee7d599ddd7c962ee866796cdad3b5e5954382
FRAG_001056,FRAG_001056.bin,sample_text_002.txt,text,text,.txt,53248,4096,False,False,13,16,50af4a8e6f53453dad8c569944fe799310bceed17bc1135c64b8c6d6cf5f71c4
FRAG_001057,FRAG_001057.bin,sample_text_002.txt,text,text,.txt,57344,4096,False,False,14,16,0f5aa891f8a0a101ebee60c8295c5bb2a895af99ee59ce6274342de85705c295
FRAG_001058,FRAG_001058.bin,sample_text_002.txt,text,text,.txt,61440,733,False,True,15,16,518398093a81ea4734fadc273764a7f2139326d7d9ba4895a061653cc2b86b6c
FRAG_001059,FRAG_001059.bin,sample_text_003.log,text,text,.log,0,4096,True,False,0,8,c19cccece76292532d76db499d4f5e469624d318f682c6b9a37af8154436bc76
FRAG_001060,FRAG_001060.bin,sample_text_003.log,text,text,.log,4096,4096,False,False,1,8,eebc01d4c2474e97a1de5f7de4b2d047a25c47627251e211c4e5edfcbac15daa
FRAG_001061,FRAG_001061.bin,sample_text_003.log,text,text,.log,8192,4096,False,False,2,8,34f05fc35b902ebcc73ec1642cdd3b4b94a5c331e86e035c65614e18b92fcd57
FRAG_001062,FRAG_001062.bin,sample_text_003.log,text,text,.log,12288,4096,False,False,3,8,059b3bcb53a1e549f4d7ed2de098bc2571cf6c7d68b27260ad4a0fb13278e3b5
FRAG_001063,FRAG_001063.bin,sample_text_003.log,text,text,.log,16384,4096,False,False,4,8,c2fac50ffcb7432790552abcab09513c110841ef663359623de11bdfe50a3b48
FRAG_001064,FRAG_001064.bin,sample_text_003.log,text,text,.log,20480,4096,False,False,5,8,df5b56b7387a8a4b079c3e414e2cde5efca2344c97e953cea78bfeb5d826c5b3
FRAG_001065,FRAG_001065.bin,sample_text_003.log,text,text,.log,24576,4096,False,False,6,8,439cadb1a0892da64ab7df1eb743b3d92be7224d6579a1781a58bcf0f1852210
FRAG_001066,FRAG_001066.bin,sample_text_003.log,text,text,.log,28672,938,False,True,7,8,c1efcb71233a257393f05e0c413e4ea2302edbfcadd5562fa0db3577d31606d7
FRAG_001067,FRAG_001067.bin,sample_text_004.json,text,text,.json,0,4096,True,False,0,18,2575e6660e82f227fd7dd51da2400cd21045d69eecf4b7bb61ed71f61bc956aa
FRAG_001068,FRAG_001068.bin,sample_text_004.json,text,text,.json,4096,4096,False,False,1,18,da621347bcad78bc1b537f972286065ee17cd48d914f803a3ff9a1cf3d47fafe
FRAG_001069,FRAG_001069.bin,sample_text_004.json,text,text,.json,8192,4096,False,False,2,18,bcc2f52afd4300aa89b5efa9ff6aa9faf4935344b68240b54178f642fadc4dde
FRAG_001070,FRAG_001070.bin,sample_text_004.json,text,text,.json,12288,4096,False,False,3,18,e262aa8b5daa050ebd61975e45b3df7f6b3b0c254db692d6af93657d67e12a83
FRAG_001071,FRAG_001071.bin,sample_text_004.json,text,text,.json,16384,4096,False,False,4,18,a0989b059f7604aea8edc785e9bb030f2300b6bd995d27a78462abfb1a16ccda
FRAG_001072,FRAG_001072.bin,sample_text_004.json,text,text,.json,20480,4096,False,False,5,18,73201e8ad8dd3e37b82b730fa89829cd68b0eb7c942658d3d82a338a702ecb17
FRAG_001073,FRAG_001073.bin,sample_text_004.json,text,text,.json,24576,4096,False,False,6,18,0c42921cce2ce33d07e18082dd830ab0814c0e7dfc93af281b6dd297ac6187bf
FRAG_001074,FRAG_001074.bin,sample_text_004.json,text,text,.json,28672,4096,False,False,7,18,04b73303f135bef62351f74a22beacdb1e2df028d2c78e6955e3483a0f9bb342
FRAG_001075,FRAG_001075.bin,sample_text_004.json,text,text,.json,32768,4096,False,False,8,18,2e0360195dba38d338a6ce742debaf1fe22f91358755079cae87f8eb9f954532
FRAG_001076,FRAG_001076.bin,sample_text_004.json,text,text,.json,36864,4096,False,False,9,18,27c23eaaf8e464ebe953c265b4a608cb0fe581a1d16d8b9b5972c7969db396eb
FRAG_001077,FRAG_001077.bin,sample_text_004.json,text,text,.json,40960,4096,False,False,10,18,a179841fe832a2a36234db7b18e2808864881c1b323fc025f8ac64b9b6dcec6e
FRAG_001078,FRAG_001078.bin,sample_text_004.json,text,text,.json,45056,4096,False,False,11,18,44de0a36e03c2ee6608e31c8caac46e167141a9f9e84493b3abcc94fd5fc89f2
FRAG_001079,FRAG_001079.bin,sample_text_004.json,text,text,.json,49152,4096,False,False,12,18,53038b0c31940a24906d0047c2a8ccdaa15a5b4a2bfed3e8da0e7a4d35488aee
FRAG_001080,FRAG_001080.bin,sample_text_004.json,text,text,.json,53248,4096,False,False,13,18,7537e91919df347954c082d5dd030cc909709c8e683c9c0798b494afe2d3203d
FRAG_001081,FRAG_001081.bin,sample_text_004.json,text,text,.json,57344,4096,False,False,14,18,5baf94409cd84805051bd1425b3deca4dc44e02a3ce6a3639e674b0289e14e11
FRAG_001082,FRAG_001082.bin,sample_text_004.json,text,text,.json,61440,4096,False,False,15,18,060f9f28296332a2525a869b3f27cb6e73bec0775e07f6153c9d2f9226d4407d
FRAG_001083,FRAG_001083.bin,sample_text_004.json,text,text,.json,65536,4096,False,False,16,18,1509a9272d38d42e45ea2421c07f772af4320f3e54ea4236616a347176ea70ab
FRAG_001084,FRAG_001084.bin,sample_text_004.json,text,text,.json,69632,2541,False,True,17,18,8e431992478e176fd8b1e416a84b650a6736223ab77bbb4b785de9dfc4d0fa31
FRAG_001085,FRAG_001085.bin,sample_text_005.csv,text,text,.csv,0,4096,True,False,0,5,18df7b3f396c7925e19aa53eab3961f2afd337530b11a0b025ef22939e08a3c2
FRAG_001086,FRAG_001086.bin,sample_text_005.csv,text,text,.csv,4096,4096,False,False,1,5,0a014cc89993cbd3800bb26ab7623660daadeb8dabc8bacc4369a52762a4a248
FRAG_001087,FRAG_001087.bin,sample_text_005.csv,text,text,.csv,8192,4096,False,False,2,5,7c1f8d0bc9adad3b05dfbf9d654add0da5bcef2d423ddd47560a069281cf328d
FRAG_001088,FRAG_001088.bin,sample_text_005.csv,text,text,.csv,12288,4096,False,False,3,5,92c79bff5a5a9a518211338fb995943e66987020512ce2b65f8b0a7989ae4bbd
FRAG_001089,FRAG_001089.bin,sample_text_005.csv,text,text,.csv,16384,1083,False,True,4,5,db109629b95ed111a82a0cbe32a5783f7600f83e044cb7a52c2b02f42526654c
FRAG_001090,FRAG_001090.bin,sample_text_006.log,text,text,.log,0,4096,True,False,0,8,8b1fe9801374b0099e36542b602893f9a520dc6eb0fb38b49413e1b12c267cb0
FRAG_001091,FRAG_001091.bin,sample_text_006.log,text,text,.log,4096,4096,False,False,1,8,5fb9d256efc585c649a7818458c514fa41536561d940d3004d410d1f5029714d
FRAG_001092,FRAG_001092.bin,sample_text_006.log,text,text,.log,8192,4096,False,False,2,8,7eaf43a5e194418b110754875e728925e2b896d09af1a82ebdf009cd9b5ae085
FRAG_001093,FRAG_001093.bin,sample_text_006.log,text,text,.log,12288,4096,False,False,3,8,2a16d88e849da8cd6c01653415a5b8a19e35fe3ef82d23420fecec62f158facd
FRAG_001094,FRAG_001094.bin,sample_text_006.log,text,text,.log,16384,4096,False,False,4,8,6415b3c96c3753c9ab9e5c6e46405146dbeb49121d656adef6f79f4cd5c18c07
FRAG_001095,FRAG_001095.bin,sample_text_006.log,text,text,.log,20480,4096,False,False,5,8,79a5b370110b14ba5d9515052505504e187a5f0cec714d0d281431529800b305
FRAG_001096,FRAG_001096.bin,sample_text_006.log,text,text,.log,24576,4096,False,False,6,8,466d1cb6418c537ad72d6587576295ba845b27e70555bb54dd24fefdfb9ca739
FRAG_001097,FRAG_001097.bin,sample_text_006.log,text,text,.log,28672,45,False,True,7,8,ac7f89adcff2a47afdeb6f7437d72b67bc402311c86e60b3df09103a6289c9dd
FRAG_001098,FRAG_001098.bin,sample_text_007.csv,text,text,.csv,0,4096,True,False,0,10,282bc0b3fe69b4d97cb4b645ba813586d195114a34b37582de6ca084c21f88d9
FRAG_001099,FRAG_001099.bin,sample_text_007.csv,text,text,.csv,4096,4096,False,False,1,10,c21f4c79615947ac8b6426caa6ea9a57383ca36a7ed076fb2ac3e50091176eef
FRAG_001100,FRAG_001100.bin,sample_text_007.csv,text,text,.csv,8192,4096,False,False,2,10,1c333e310aba8cc7f29c5eec54d68fede453d98725c9bc37aafe30a77de1418d
FRAG_001101,FRAG_001101.bin,sample_text_007.csv,text,text,.csv,12288,4096,False,False,3,10,065c8b75ffb195e5a88468cccf25632784d88ee8e6adfaec59577e6f3ad2ba70
FRAG_001102,FRAG_001102.bin,sample_text_007.csv,text,text,.csv,16384,4096,False,False,4,10,f4420872b7cb00d9e07f856bda36ffb1d415d765f8b1f871c8ed436f64933382
FRAG_001103,FRAG_001103.bin,sample_text_007.csv,text,text,.csv,20480,4096,False,False,5,10,7f5434f703fd7b8617c1dcde32d973b4d151b9aad021bbdfd765794a9e9f5037
FRAG_001104,FRAG_001104.bin,sample_text_007.csv,text,text,.csv,24576,4096,False,False,6,10,9ead99fef9f25929d4b7c4af9cb6d3990e4502179e6224690b9f5dd8a9ab1d03
FRAG_001105,FRAG_001105.bin,sample_text_007.csv,text,text,.csv,28672,4096,False,False,7,10,b4e71915f37a673d4fd9de3e258cd2c1271bba0c0d0a66d2f410b16668316906
FRAG_001106,FRAG_001106.bin,sample_text_007.csv,text,text,.csv,32768,4096,False,False,8,10,2ed4b614aab6140f2e68c80fd4fc9c72e9a5a5fc70bfa99b86e5bc17b9c76813
FRAG_001107,FRAG_001107.bin,sample_text_007.csv,text,text,.csv,36864,89,False,True,9,10,a33784e7b292364f1402e379fb56e761554f0da33f19dcaeda125aad726b9ed8
FRAG_001108,FRAG_001108.bin,sample_text_008.json,text,text,.json,0,4096,True,False,0,20,ee7598027e03e2e22add170931f33de3a025a85a4be6778a830f33a541201978
FRAG_001109,FRAG_001109.bin,sample_text_008.json,text,text,.json,4096,4096,False,False,1,20,024e5730d7231d31e294424f7d80a85f3a3c9a6af72710ff298f9cfd02783a9b
FRAG_001110,FRAG_001110.bin,sample_text_008.json,text,text,.json,8192,4096,False,False,2,20,17eb83fb4d8cddd81b4f19e159d415db5586d01016aab428c9f08ba5e8978d43
FRAG_001111,FRAG_001111.bin,sample_text_008.json,text,text,.json,12288,4096,False,False,3,20,7f08efd52757250a97c130552d670fd145386861f11d53966372ea481da0a1d9
FRAG_001112,FRAG_001112.bin,sample_text_008.json,text,text,.json,16384,4096,False,False,4,20,de593dfcb80d6d31ae10d28d8b766785eddb88e32a3f72dd76c928ae41aedda0
FRAG_001113,FRAG_001113.bin,sample_text_008.json,text,text,.json,20480,4096,False,False,5,20,fa7acb0004b50e9b08291346042b4ad9e3079955aaf52aa9d41f86422e18409b
FRAG_001114,FRAG_001114.bin,sample_text_008.json,text,text,.json,24576,4096,False,False,6,20,935aab58903c628f94f1ea74ebf8ced2c8b4b962b04f5d400de25b049727db7c
FRAG_001115,FRAG_001115.bin,sample_text_008.json,text,text,.json,28672,4096,False,False,7,20,084738986b8cdeb643e20e2ad4f9331f2ed677cae261850536be636a200bafa1
FRAG_001116,FRAG_001116.bin,sample_text_008.json,text,text,.json,32768,4096,False,False,8,20,78e23d5c0b895aa88a6057abab7090953410bde26a6dc9f11e0cc6fd26f860e7
FRAG_001117,FRAG_001117.bin,sample_text_008.json,text,text,.json,36864,4096,False,False,9,20,1e249e03588f64c01f0d74840a07474ff72b9898bfa9c0c0ea12032f4ed69ca8
FRAG_001118,FRAG_001118.bin,sample_text_008.json,text,text,.json,40960,4096,False,False,10,20,bc4bcfacde79efdc98cfe0ec9f8b77fc7a41edc13883cf01dcbb5c916a11e7ab
FRAG_001119,FRAG_001119.bin,sample_text_008.json,text,text,.json,45056,4096,False,False,11,20,2e9d556717e72be439729542e33682c1bee7096eb7e0448f1233ceda373f63dc
FRAG_001120,FRAG_001120.bin,sample_text_008.json,text,text,.json,49152,4096,False,False,12,20,2454c34b435b70a9278137ab10539ca4430ecab9a53b3a4a8c34a3e436d23ec4
FRAG_001121,FRAG_001121.bin,sample_text_008.json,text,text,.json,53248,4096,False,False,13,20,0619480da029b5dda9aa5c28c25c2e6772a6b31e3d4a160d0b70aac65923c0ef
FRAG_001122,FRAG_001122.bin,sample_text_008.json,text,text,.json,57344,4096,False,False,14,20,bf7f96de6cd0a6e50be68aaeec5cab9579fc628a717a58ab589d6cbe177095d6
FRAG_001123,FRAG_001123.bin,sample_text_008.json,text,text,.json,61440,4096,False,False,15,20,f77098e32865e32c22c0ca3de2dc82eee2d56fbfc2471fd9ad6362afa0895f59
FRAG_001124,FRAG_001124.bin,sample_text_008.json,text,text,.json,65536,4096,False,False,16,20,a9eda565c860a4efb6e8b933afc6d2faaac84db948b8c3e32419aaf15ab496b8
FRAG_001125,FRAG_001125.bin,sample_text_008.json,text,text,.json,69632,4096,False,False,17,20,8cf6ecb516396ac3d3ccde9f19c80571721d9f99c0d72a96985efae0ac042a5e
FRAG_001126,FRAG_001126.bin,sample_text_008.json,text,text,.json,73728,4096,False,False,18,20,075931b490c910e898acf477b395b9d3f587d8730f16e515a1a45c38a0a9fcae
FRAG_001127,FRAG_001127.bin,sample_text_008.json,text,text,.json,77824,956,False,True,19,20,b2a5afe1a5d8a6118c2ca21299fe02c2ffae4feed8db32e079ea1f5dae7ecb10
FRAG_001128,FRAG_001128.bin,sample_text_009.txt,text,text,.txt,0,4096,True,False,0,11,8be32944351c509ecf6928b930d7577552d57913bf992e7098a631cf301a71fa
FRAG_001129,FRAG_001129.bin,sample_text_009.txt,text,text,.txt,4096,4096,False,False,1,11,5933dda77c9b0c980cb64f3b20a5d90d5e0afa5dfa8a72ce4854b6bec6765466
FRAG_001130,FRAG_001130.bin,sample_text_009.txt,text,text,.txt,8192,4096,False,False,2,11,37422175cfa39ac926dba2dfea30d7206123f012aec9e9d5be2a5cee7b6395f6
FRAG_001131,FRAG_001131.bin,sample_text_009.txt,text,text,.txt,12288,4096,False,False,3,11,3d33b0511de5f0ef6c7246b0833d97e7c463b1f6f52860ffb09b0846444b9a9a
FRAG_001132,FRAG_001132.bin,sample_text_009.txt,text,text,.txt,16384,4096,False,False,4,11,46a7251c90a3dee6dcf06030da47af588797140ce452521f7e7f7bdf9ed4ca4a
FRAG_001133,FRAG_001133.bin,sample_text_009.txt,text,text,.txt,20480,4096,False,False,5,11,9705f469b4e1a2aece89ddfeab0a05d8b9a7ffeb25ef4330674244b4656d768d
FRAG_001134,FRAG_001134.bin,sample_text_009.txt,text,text,.txt,24576,4096,False,False,6,11,663d01d7b7e1227d875f6b2a1bea776c0ae7ef5d5695f58408642196604e7011
FRAG_001135,FRAG_001135.bin,sample_text_009.txt,text,text,.txt,28672,4096,False,False,7,11,6d6ac8342b02ed5859cf32fc5db46ec8ac8f3011a594e7d2b7861fc9d458274a
FRAG_001136,FRAG_001136.bin,sample_text_009.txt,text,text,.txt,32768,4096,False,False,8,11,0f7efaab20a6c86e3d785e93cf8e79319f6679884b13c07b9d4cd1922423ecaf
FRAG_001137,FRAG_001137.bin,sample_text_009.txt,text,text,.txt,36864,4096,False,False,9,11,f56049c7f2e6ff9055ab1492622363d0b562977d2d2bfdc2fd52a79870f34aae
FRAG_001138,FRAG_001138.bin,sample_text_009.txt,text,text,.txt,40960,1876,False,True,10,11,acef5f4d791d8202b023ef3ff7a9ae760424c83a12c806ee043c2035ffb4eb75
FRAG_001139,FRAG_001139.bin,sample_text_010.log,text,text,.log,0,4096,True,False,0,8,534cabc20d4539e35f00b216defd5b6baa9c2c6c62e4a7a914374d6abd6dd78b
FRAG_001140,FRAG_001140.bin,sample_text_010.log,text,text,.log,4096,4096,False,False,1,8,a135246c9ddc74754cc1879bc786e975412fe4906b30496825503f4eeba82218
FRAG_001141,FRAG_001141.bin,sample_text_010.log,text,text,.log,8192,4096,False,False,2,8,1c6a658db12ab9cb17f16a22c647ad60bce35b3e45aed7c1c9ea071e953be0ed
FRAG_001142,FRAG_001142.bin,sample_text_010.log,text,text,.log,12288,4096,False,False,3,8,19b0886ba0a845f385d897ab1adf38cdf2c0e31cb550935ac96e83607e0adca3
FRAG_001143,FRAG_001143.bin,sample_text_010.log,text,text,.log,16384,4096,False,False,4,8,0ed07a189eb7b30a2b6a061a41e958bbfb3497e4313342facc6c62182c5b01ac
FRAG_001144,FRAG_001144.bin,sample_text_010.log,text,text,.log,20480,4096,False,False,5,8,a1f9d31e9fb7f5e5385a63edd41124b8955e908ef649e813293cc891f49a7b44
FRAG_001145,FRAG_001145.bin,sample_text_010.log,text,text,.log,24576,4096,False,False,6,8,6cc565c3000e616a3bd01cdf766b73a79028c025ae6c477f231c7c7fe4e02dcd
FRAG_001146,FRAG_001146.bin,sample_text_010.log,text,text,.log,28672,3594,False,True,7,8,41195ce0c60e000139731559453cf48978076c7655623de194df661b42a082e4
FRAG_001147,FRAG_001147.bin,sample_text_011.json,text,text,.json,0,4096,True,False,0,27,b27b3ad8b7b9014dbd605994ec2741e57225fc7716c9a72ae5671c648ba0280b
FRAG_001148,FRAG_001148.bin,sample_text_011.json,text,text,.json,4096,4096,False,False,1,27,b9ee3c99974bfef518f45c6439d479d5b3b7d139a40917d85cc07db91c761e46
FRAG_001149,FRAG_001149.bin,sample_text_011.json,text,text,.json,8192,4096,False,False,2,27,822c4ea642807e8a3ed0ece6f2406b87b97b42bbb439efc3de87764f73189928
FRAG_001150,FRAG_001150.bin,sample_text_011.json,text,text,.json,12288,4096,False,False,3,27,7588fe51ec477ac20ede01fb5dcb99503b1c0fa67a5e7318f1788e02f2eaa914
FRAG_001151,FRAG_001151.bin,sample_text_011.json,text,text,.json,16384,4096,False,False,4,27,abe904da5fa9ca200cd2b73decd91ea301fe9cfa7a683f8dd21f9abad680089f
FRAG_001152,FRAG_001152.bin,sample_text_011.json,text,text,.json,20480,4096,False,False,5,27,c246384f93e1646b286a3b7614ad3281e17360d1145bc5315f46bda01002133d
FRAG_001153,FRAG_001153.bin,sample_text_011.json,text,text,.json,24576,4096,False,False,6,27,84b73c6c4d522c6e0230de98c66d8a656d8555e247269280e2a03b5d93be6ad9
FRAG_001154,FRAG_001154.bin,sample_text_011.json,text,text,.json,28672,4096,False,False,7,27,957950ca048fb01f2ddc55f2d824efb66831da82d200a59935d1daa65a0e6c95
FRAG_001155,FRAG_001155.bin,sample_text_011.json,text,text,.json,32768,4096,False,False,8,27,b4df9663867b62c29a6cce55e43d4675ef8ef1ce00f5b5730b6b5c332d61567b
FRAG_001156,FRAG_001156.bin,sample_text_011.json,text,text,.json,36864,4096,False,False,9,27,9ec20b1a013bc6b1020f4c421443816ed8d209a384776291f63aba52bf308e3d
FRAG_001157,FRAG_001157.bin,sample_text_011.json,text,text,.json,40960,4096,False,False,10,27,9550a9aa1cd5acd3a0f762e72ab537c5f09b4c1fe40f4c817aa6024588aa6cc4
FRAG_001158,FRAG_001158.bin,sample_text_011.json,text,text,.json,45056,4096,False,False,11,27,b7d61cab011dec8a646d4cc3f228b1752ffedde908d6bf6a18213d81f399336f
FRAG_001159,FRAG_001159.bin,sample_text_011.json,text,text,.json,49152,4096,False,False,12,27,e44781ad4598ec2bc154f8d192af1aa57ce2e1530d26883dd644dbb7bd977c13
FRAG_001160,FRAG_001160.bin,sample_text_011.json,text,text,.json,53248,4096,False,False,13,27,21b8eabf5a206478a633345198ac315b423286d9194c39623f4312f631329291
FRAG_001161,FRAG_001161.bin,sample_text_011.json,text,text,.json,57344,4096,False,False,14,27,f717c79a40839b5b6551a569ae6c42d757a284b4658e198202ce60214ea2484e
FRAG_001162,FRAG_001162.bin,sample_text_011.json,text,text,.json,61440,4096,False,False,15,27,d3227094ba49fe87955e1305a2e3dc63ff555b765f691652b3ac54f19bd88ca9
FRAG_001163,FRAG_001163.bin,sample_text_011.json,text,text,.json,65536,4096,False,False,16,27,87102f701d6c914600c8ce7761c03d4ef69f9ea1e28ad21095ead59aa43e6f37
FRAG_001164,FRAG_001164.bin,sample_text_011.json,text,text,.json,69632,4096,False,False,17,27,ac90d45e9aeca5cfe1256f9bedd1ea1154b2984b0c9cf23198a617a1cdde8218
FRAG_001165,FRAG_001165.bin,sample_text_011.json,text,text,.json,73728,4096,False,False,18,27,73079722b57a77a43f3bc7d777ecda8b48095e8ecb4e835bb1fdee85057bdff8
FRAG_001166,FRAG_001166.bin,sample_text_011.json,text,text,.json,77824,4096,False,False,19,27,ed452df7dabcb218efbce2de588071030031c6b98090a9812460b4ca5584503d
FRAG_001167,FRAG_001167.bin,sample_text_011.json,text,text,.json,81920,4096,False,False,20,27,52e843fa0094614691fab5654789774da7bf6e41796f57882b84a2c5e1152ac0
FRAG_001168,FRAG_001168.bin,sample_text_011.json,text,text,.json,86016,4096,False,False,21,27,80eed426f0fecb4541e68abdc4c92bb7c9526ab2dfebab2c3dd94b1fe01fedf5
FRAG_001169,FRAG_001169.bin,sample_text_011.json,text,text,.json,90112,4096,False,False,22,27,72ab756bca7fd1562ddeccafd1bd2d56229ae78a06f14e5fadfdbecd84c7aed3
FRAG_001170,FRAG_001170.bin,sample_text_011.json,text,text,.json,94208,4096,False,False,23,27,a788ac07476794346358bb60467e8433ba4fd9c48e8ac1edb3ab5224e5c931da
FRAG_001171,FRAG_001171.bin,sample_text_011.json,text,text,.json,98304,4096,False,False,24,27,9cc72451514b3d55338fea4820fe5af21d50654559058f6ec0b8c8cba2ebf2fb
FRAG_001172,FRAG_001172.bin,sample_text_011.json,text,text,.json,102400,4096,False,False,25,27,81d4ee303b4b99180d23bf8fcef76fcb7de61d35f08e695d1a800c49a3de66e3
FRAG_001173,FRAG_001173.bin,sample_text_011.json,text,text,.json,106496,4078,False,True,26,27,18f07d42c967dbed9229d83cdbe0a123641df919b075dc02be791b273f428385
FRAG_001174,FRAG_001174.bin,sample_text_012.log,text,text,.log,0,4096,True,False,0,14,bd7d32390290568c98140980b781c1be3ff7f55eca1ad58d173b4bd67229af3a
FRAG_001175,FRAG_001175.bin,sample_text_012.log,text,text,.log,4096,4096,False,False,1,14,3ea7eece295c01ee16b430cfabb724319c9e0139b03620de31a0e1a0ad9d83f2
FRAG_001176,FRAG_001176.bin,sample_text_012.log,text,text,.log,8192,4096,False,False,2,14,62724e95b4996f3bd1e5b47d334da7c09320a14962ed56bb8b5b358b3fc0dc69
FRAG_001177,FRAG_001177.bin,sample_text_012.log,text,text,.log,12288,4096,False,False,3,14,f05dda97ae0aa055a0c1673b14d22945c2376663584f49b24354aba5b5b7a00c
FRAG_001178,FRAG_001178.bin,sample_text_012.log,text,text,.log,16384,4096,False,False,4,14,fc6169306e19caab203b7a431e1f8e81730b8cd1f7ff545927124340414b1383
FRAG_001179,FRAG_001179.bin,sample_text_012.log,text,text,.log,20480,4096,False,False,5,14,e025c52838640359c621d22350d3ef534d554002151d9cd97141f298c702a6b5
FRAG_001180,FRAG_001180.bin,sample_text_012.log,text,text,.log,24576,4096,False,False,6,14,0d3329de44044411a99e33a29ee31d73aef3ed9bd1afe1651809c4d32f76aa32
FRAG_001181,FRAG_001181.bin,sample_text_012.log,text,text,.log,28672,4096,False,False,7,14,0f980942b6615d188020046cbcbc9b1f3dad39a847c6f41064e17c7f77c12eb8
FRAG_001182,FRAG_001182.bin,sample_text_012.log,text,text,.log,32768,4096,False,False,8,14,a60d95c4b2cd8ccc3b634ba949f3330afe9c60a2619bc9c1a65b8de06cd1bff7
FRAG_001183,FRAG_001183.bin,sample_text_012.log,text,text,.log,36864,4096,False,False,9,14,8355cdffcab195962881a806eac78e5458737dde3945fac768a1632b83d8415d
FRAG_001184,FRAG_001184.bin,sample_text_012.log,text,text,.log,40960,4096,False,False,10,14,564b48fdc922bd2f341bc3d21d5689c25bfdc617821b1fdce7a57f874f03c748
FRAG_001185,FRAG_001185.bin,sample_text_012.log,text,text,.log,45056,4096,False,False,11,14,4753684e7f772e119353d4922c89453435f9bf77b5672b073127cb713313e3dd
FRAG_001186,FRAG_001186.bin,sample_text_012.log,text,text,.log,49152,4096,False,False,12,14,bac7453186532e7022e5dd37c51c6df69f25c12bccc45bb2b292f735ce611637
FRAG_001187,FRAG_001187.bin,sample_text_012.log,text,text,.log,53248,2414,False,True,13,14,e54394c989b450fdd43dc3e991669ad313db8b05c77528fe51dc516dda06f71c
FRAG_001188,FRAG_001188.bin,sample_text_013.csv,text,text,.csv,0,4096,True,False,0,9,13c9cba04ce6fc1043ca8c16c50fbe1978c134c58d35f6b170c3d50965de236e
FRAG_001189,FRAG_001189.bin,sample_text_013.csv,text,text,.csv,4096,4096,False,False,1,9,872dc3c54570c99bf6a25fe52640d1d46710a9302004140770b9e75468bd789c
FRAG_001190,FRAG_001190.bin,sample_text_013.csv,text,text,.csv,8192,4096,False,False,2,9,c76e12de5b7da7c22abdb2bd40fa30fd1eb63db054a6951279bf25b5b946798a
FRAG_001191,FRAG_001191.bin,sample_text_013.csv,text,text,.csv,12288,4096,False,False,3,9,a7a4c3585114e0cf73ed0151cd75915f9e894572d5ce80a2ef6cf097aaae552d
FRAG_001192,FRAG_001192.bin,sample_text_013.csv,text,text,.csv,16384,4096,False,False,4,9,1238853dbc453e2a4100e4f510dba5fe01285fca4a3604dddeb12f73fc21cff3
FRAG_001193,FRAG_001193.bin,sample_text_013.csv,text,text,.csv,20480,4096,False,False,5,9,f72bd0d06b015bdd5ba01f8fddbae56bcaa435b4eff101942c86a5687d56f230
FRAG_001194,FRAG_001194.bin,sample_text_013.csv,text,text,.csv,24576,4096,False,False,6,9,ea7a0795da1ecfb0484ebb05dd2726529fce89a68b9204551567bab3f4d75563
FRAG_001195,FRAG_001195.bin,sample_text_013.csv,text,text,.csv,28672,4096,False,False,7,9,df657e5ebe195696ce4c60f125d9cd9327e17c4a3e292e94fd57ea398af1526a
FRAG_001196,FRAG_001196.bin,sample_text_013.csv,text,text,.csv,32768,2793,False,True,8,9,951d76026f5ebdd2da73620d26d056e6ef574feedda8af0b917c32b1e3f5c8bc
FRAG_001197,FRAG_001197.bin,sample_text_014.txt,text,text,.txt,0,4096,True,False,0,8,1a8bbb087f7bf6d6c233576497cb6b8514432b98dc696f52814b05b45cd6157f
FRAG_001198,FRAG_001198.bin,sample_text_014.txt,text,text,.txt,4096,4096,False,False,1,8,780b7f6037263cb050fc3ea2c6cef8e7f96cfb452ffd062cb69249e6c959cd2a
FRAG_001199,FRAG_001199.bin,sample_text_014.txt,text,text,.txt,8192,4096,False,False,2,8,445e544a6e89a75578a992237e3b2aae032ab6481b15ed0c3f747de6685e9652
FRAG_001200,FRAG_001200.bin,sample_text_014.txt,text,text,.txt,12288,4096,False,False,3,8,9b34a0cd0494b28b49b025fc8fe774423584658008cf7fbcdc947db3e136f396
FRAG_001201,FRAG_001201.bin,sample_text_014.txt,text,text,.txt,16384,4096,False,False,4,8,f0d593173bbc1f3c2daa28addbb800beb8f7ba4abc922252a4869f5e0d450356
FRAG_001202,FRAG_001202.bin,sample_text_014.txt,text,text,.txt,20480,4096,False,False,5,8,7f9938b3fc04f7bd5c3d32391bfad55a07207d8bf4a012765b1071232fb2dfd2
FRAG_001203,FRAG_001203.bin,sample_text_014.txt,text,text,.txt,24576,4096,False,False,6,8,7a8787424163a628449b031997b27446af6a517c4c397cb9c1a9f562e87a1ae4
FRAG_001204,FRAG_001204.bin,sample_text_014.txt,text,text,.txt,28672,4059,False,True,7,8,cf9183193e70981da92bb191a332f0ff6fa9e3bfb539473a0d6c49dabc2ef5df
FRAG_001205,FRAG_001205.bin,sample_text_015.json,text,text,.json,0,4096,True,False,0,33,5d0cd853249d042f2befae22762a38bc6ffd9ee773aa98f049000085f94a51d4
FRAG_001206,FRAG_001206.bin,sample_text_015.json,text,text,.json,4096,4096,False,False,1,33,025a6e5aec9cc4605a0c0ba46be13cf933c9e9ccc415a1172308985ced2bb500
FRAG_001207,FRAG_001207.bin,sample_text_015.json,text,text,.json,8192,4096,False,False,2,33,da2c5cb77226f7b96755e1cacc060e39c45dc1d54bb642844ec8cb7131eb07b2
FRAG_001208,FRAG_001208.bin,sample_text_015.json,text,text,.json,12288,4096,False,False,3,33,ba73184723c4bf3801a516fcfe93ba901caa720c2c09c9820897e677bd509b41
FRAG_001209,FRAG_001209.bin,sample_text_015.json,text,text,.json,16384,4096,False,False,4,33,b28a98e0d33fda9fb1ee33dd22ffdaf8965841c8ec39f034b76a5c4777661bc9
FRAG_001210,FRAG_001210.bin,sample_text_015.json,text,text,.json,20480,4096,False,False,5,33,e9003cc263b04274a1962d80ea81f5396195d5b8d09bf7b8ba7779aa94ded16f
FRAG_001211,FRAG_001211.bin,sample_text_015.json,text,text,.json,24576,4096,False,False,6,33,3344837b3d5a3035700d49d609bb198156c681edd1728088e3a6e055161c728f
FRAG_001212,FRAG_001212.bin,sample_text_015.json,text,text,.json,28672,4096,False,False,7,33,6128c51a9fd378bb952c07f5f180e79448f0d3ada95ccf239a738d051f5fea57
FRAG_001213,FRAG_001213.bin,sample_text_015.json,text,text,.json,32768,4096,False,False,8,33,66b3cdfd5b8f53be85142dca2a525cc4363d748890fa19856f1fc3614c8db6e7
FRAG_001214,FRAG_001214.bin,sample_text_015.json,text,text,.json,36864,4096,False,False,9,33,0eaf40c93521d65e711a0cd8ddaedfefca6e8dde9d057b0ea3fdbe23a01f0de9
FRAG_001215,FRAG_001215.bin,sample_text_015.json,text,text,.json,40960,4096,False,False,10,33,2f790c92539f45f14c70177825ea5e1702af0ac1fc4af77cb45b8fa95da7ef23
FRAG_001216,FRAG_001216.bin,sample_text_015.json,text,text,.json,45056,4096,False,False,11,33,6bcda62868219ed556513bf25ea105c4f1060be40b91951838f66fb47f784383
FRAG_001217,FRAG_001217.bin,sample_text_015.json,text,text,.json,49152,4096,False,False,12,33,dab4107275756b85b34b05678200c32fbd0a98fc5e2af49b26e0447d2bca6af9
FRAG_001218,FRAG_001218.bin,sample_text_015.json,text,text,.json,53248,4096,False,False,13,33,239dd9f1693473f0266320f3dc3aacd502498e5daceed5b183256ba041c7ed6f
FRAG_001219,FRAG_001219.bin,sample_text_015.json,text,text,.json,57344,4096,False,False,14,33,7f270dc0705c04a6f4dc8143b0aef58e3a2d42c050b11539c0a47e647e0c3b16
FRAG_001220,FRAG_001220.bin,sample_text_015.json,text,text,.json,61440,4096,False,False,15,33,38b1aef202d022cd03f776679ac3f631881e355d4de0b1725dcac575b0f288b6
FRAG_001221,FRAG_001221.bin,sample_text_015.json,text,text,.json,65536,4096,False,False,16,33,0f21d372c7395248eb3774836f6bfc28e3de68ccd7c85482c4ea76c5e715f22b
FRAG_001222,FRAG_001222.bin,sample_text_015.json,text,text,.json,69632,4096,False,False,17,33,5cdee0afdf4be15dcd228820760eaf69eaa6d178549de8ef54bf285b1a1245e2
FRAG_001223,FRAG_001223.bin,sample_text_015.json,text,text,.json,73728,4096,False,False,18,33,e9a6ebfc349399698f02e04e572f6e97e888017026d91e2ffb0f8c1d0ff9c125
FRAG_001224,FRAG_001224.bin,sample_text_015.json,text,text,.json,77824,4096,False,False,19,33,a1f9bf098442e37c4ba0dfd1d1ad1527b82f44303867084b82b84a2c07304aaa
FRAG_001225,FRAG_001225.bin,sample_text_015.json,text,text,.json,81920,4096,False,False,20,33,6ce77bc80b31645d564ecb1c676ca00d157da8499dfeebe2f4a138924ccc5611
FRAG_001226,FRAG_001226.bin,sample_text_015.json,text,text,.json,86016,4096,False,False,21,33,50053aca6f9e4dbef79760a99a710de3965935e4f5a6564d5c1e9b779d0990b5
FRAG_001227,FRAG_001227.bin,sample_text_015.json,text,text,.json,90112,4096,False,False,22,33,426774cf67d3784204dbda9d75a8bce4f78c515c6efa3235a2855b6025c8eadb
FRAG_001228,FRAG_001228.bin,sample_text_015.json,text,text,.json,94208,4096,False,False,23,33,d86a206e956c8f93f91071ccd46157cc9e0c7791c5b808c1e7c5884120d2f52c
FRAG_001229,FRAG_001229.bin,sample_text_015.json,text,text,.json,98304,4096,False,False,24,33,8bda1208f7b3045a18264b15353a4b185f3619b764e970122003368846b81ba9
FRAG_001230,FRAG_001230.bin,sample_text_015.json,text,text,.json,102400,4096,False,False,25,33,71db0831ad71cda51ce96c441654c77924a76369f23c2cf23a63be26b4a927b6
FRAG_001231,FRAG_001231.bin,sample_text_015.json,text,text,.json,106496,4096,False,False,26,33,f9d7d086ff7e6e2e1188bd7690728f39a3f04e04dc2e0c747e14714b6239ba2d
FRAG_001232,FRAG_001232.bin,sample_text_015.json,text,text,.json,110592,4096,False,False,27,33,14a05d6005022a083bb2b6c8949afbfd559058b7d42ab343a97ea6382b5a0a9b
FRAG_001233,FRAG_001233.bin,sample_text_015.json,text,text,.json,114688,4096,False,False,28,33,368fc043ecc2f6c947abdc0760bd9c4e52332d4d63dc4ec730cf12dfca569c95
FRAG_001234,FRAG_001234.bin,sample_text_015.json,text,text,.json,118784,4096,False,False,29,33,042053a6c3fa763f7a67eb117c2764f613e72eca01b1a2895a7338d2a62c3459
FRAG_001235,FRAG_001235.bin,sample_text_015.json,text,text,.json,122880,4096,False,False,30,33,ca6190a1db46b40deffbe730ad7851c1dbaee6dad546a19ea18978333584dc14
FRAG_001236,FRAG_001236.bin,sample_text_015.json,text,text,.json,126976,4096,False,False,31,33,35b08eaf87d0c03b47381652063e32f0e3cef830a97edf48b467a5d87bbb9299
FRAG_001237,FRAG_001237.bin,sample_text_015.json,text,text,.json,131072,271,False,True,32,33,a6328dbaeebb3538fec3e085c74bbbb385ac1e51f86e0256e3b93a5283c9d7c8
FRAG_001238,FRAG_001238.bin,sample_text_016.json,text,text,.json,0,4096,True,False,0,28,dd4e6cdc950eca0a6dc106917e543180807cd34fca3dcfe3eef40196c2532504
FRAG_001239,FRAG_001239.bin,sample_text_016.json,text,text,.json,4096,4096,False,False,1,28,b515e320bbf35bfd78cafed4f25b7680d51fcf7b63fdecd02d7f3dc947029574
FRAG_001240,FRAG_001240.bin,sample_text_016.json,text,text,.json,8192,4096,False,False,2,28,42029caf2de5debbdc7c8eaa6ff455b8210485b73f79719d76ebcc264a2e5397
FRAG_001241,FRAG_001241.bin,sample_text_016.json,text,text,.json,12288,4096,False,False,3,28,53f9e33591a3bc9f71b2510d0b8da58eb49d60bbc9847b1ff3e8149fa93ddd78
FRAG_001242,FRAG_001242.bin,sample_text_016.json,text,text,.json,16384,4096,False,False,4,28,ade491d83bb81957e9911cdda402bb2a01bda123d3e9c7e4d62fc5322053c87c
FRAG_001243,FRAG_001243.bin,sample_text_016.json,text,text,.json,20480,4096,False,False,5,28,bfc18580c925e1d229e12abd0c67031e58485d693bb5ada19085d921a75b52b9
FRAG_001244,FRAG_001244.bin,sample_text_016.json,text,text,.json,24576,4096,False,False,6,28,30615ec0059703baa691886befc56aacd9aa370d0b1c434d8982bac36abd9951
FRAG_001245,FRAG_001245.bin,sample_text_016.json,text,text,.json,28672,4096,False,False,7,28,65e6c34a08dae7f7dedc797e1c9c887eb3de6e309ae01df43c6cd0e1c8d3f8e2
FRAG_001246,FRAG_001246.bin,sample_text_016.json,text,text,.json,32768,4096,False,False,8,28,09f21f033e6a41add67276150f4ce72ef6bb95dbeeadf8c3025a6b2138b3a43b
FRAG_001247,FRAG_001247.bin,sample_text_016.json,text,text,.json,36864,4096,False,False,9,28,b55bd6465cb73861dcbfc2bfe9d67173d0e965b11a020ef43099026976cc583d
FRAG_001248,FRAG_001248.bin,sample_text_016.json,text,text,.json,40960,4096,False,False,10,28,1cb7d9d1da550e855bd2a1ff0296f5f9dc78e481617e620a773cbc4ec4f56e1b
FRAG_001249,FRAG_001249.bin,sample_text_016.json,text,text,.json,45056,4096,False,False,11,28,30ad4b1ea9bdfbfba6afa374d06f695fab2a264810acb02e49d720c55ca2a726
FRAG_001250,FRAG_001250.bin,sample_text_016.json,text,text,.json,49152,4096,False,False,12,28,b910767784e5f6e00980ca6dbcb7794f9cd1ed2a65d6ad121ca22683ecae0543
FRAG_001251,FRAG_001251.bin,sample_text_016.json,text,text,.json,53248,4096,False,False,13,28,13eb8ed98fff4fbc192d9de1a575a3459b6a267a73f728db8ab4548cf333c76c
FRAG_001252,FRAG_001252.bin,sample_text_016.json,text,text,.json,57344,4096,False,False,14,28,af9aae46388aeed21da46ca439a75bcc477024489a2adfa8c1c233da1f4d8d6f
FRAG_001253,FRAG_001253.bin,sample_text_016.json,text,text,.json,61440,4096,False,False,15,28,19b9cece22adc7bfc69db66cc5ac3d83a987bfeb62b923d4a383baf17c06a294
FRAG_001254,FRAG_001254.bin,sample_text_016.json,text,text,.json,65536,4096,False,False,16,28,62a3c5a9bd0cef91c395c8442394de6380626969a32de73c88d234ff59932d74
FRAG_001255,FRAG_001255.bin,sample_text_016.json,text,text,.json,69632,4096,False,False,17,28,848e8f2c7e7cfefe51ca6f932ac9dc868428815fecb36c08e283631cdcf2cd77
FRAG_001256,FRAG_001256.bin,sample_text_016.json,text,text,.json,73728,4096,False,False,18,28,a9281a407a02e75f98f2c41adbb1907aa086a98e534f664517bd1a879b906230
FRAG_001257,FRAG_001257.bin,sample_text_016.json,text,text,.json,77824,4096,False,False,19,28,41b6f5cd746751efe4aec81a243ed13d20f7645bea67d671d4cbe74ab86e8b78
FRAG_001258,FRAG_001258.bin,sample_text_016.json,text,text,.json,81920,4096,False,False,20,28,792274823a6466e85e16906e4d62c9e976a430ab30d2ce9014b3429b3e1fa1cb
FRAG_001259,FRAG_001259.bin,sample_text_016.json,text,text,.json,86016,4096,False,False,21,28,679d68fb79ce7721abb00a04ade322a7132189bf659bcbdc2f58acf4ce223a8f
FRAG_001260,FRAG_001260.bin,sample_text_016.json,text,text,.json,90112,4096,False,False,22,28,dc3db06ef47be519b969bb4b459a6da8c4c8ec24ac0ce772fe676235a0002791
FRAG_001261,FRAG_001261.bin,sample_text_016.json,text,text,.json,94208,4096,False,False,23,28,90210c338a4e5f65da5f71a4fa35757b8d5e4065f0df3e165b01ac8124c3a0f0
FRAG_001262,FRAG_001262.bin,sample_text_016.json,text,text,.json,98304,4096,False,False,24,28,6d3d9a78f7334fbabc5407aa7d6f961ce10d3d1912c249c7f07d06e977010251
FRAG_001263,FRAG_001263.bin,sample_text_016.json,text,text,.json,102400,4096,False,False,25,28,3bab126cfd2d3fb0c7f48afa7a2cc42af412019e9b572fdb9f7a12cd2fc935d7
FRAG_001264,FRAG_001264.bin,sample_text_016.json,text,text,.json,106496,4096,False,False,26,28,f0e14c9293fa464b9076d8153e71ff76978cd37bb0b8bfd6f50f831bc624b548
FRAG_001265,FRAG_001265.bin,sample_text_016.json,text,text,.json,110592,3204,False,True,27,28,f97e361d596b911a550a0eacf9a7a9292148f3e9e2a86e8410a2b753bee6fa68
FRAG_001266,FRAG_001266.bin,sample_text_017.txt,text,text,.txt,0,4096,True,False,0,11,aa3ee89f84d723c86fe7b0b81877c057a79bd590005416fdd17dd5ab85c10e95
FRAG_001267,FRAG_001267.bin,sample_text_017.txt,text,text,.txt,4096,4096,False,False,1,11,3ed1bf486e2b3f0acf33c88439eb2a0c37ed34994371c14ad88b762ea0fdc6e1
FRAG_001268,FRAG_001268.bin,sample_text_017.txt,text,text,.txt,8192,4096,False,False,2,11,fff5a5000d826b82404d6600f843436a621425d4ce30abea1cba950fda92aa5a
FRAG_001269,FRAG_001269.bin,sample_text_017.txt,text,text,.txt,12288,4096,False,False,3,11,4e0704904face55ef5bf11e74f54b081343034519e59e279f206cc33001b9c76
FRAG_001270,FRAG_001270.bin,sample_text_017.txt,text,text,.txt,16384,4096,False,False,4,11,eae26b4f33a9e34b809cfe6892c3f0a832c989d4abe154c365f10925ba5d8835
FRAG_001271,FRAG_001271.bin,sample_text_017.txt,text,text,.txt,20480,4096,False,False,5,11,ab8e06d7a7f6eb2770afe5b8e5e5cfba39990719e664ce749f324663a5942d31
FRAG_001272,FRAG_001272.bin,sample_text_017.txt,text,text,.txt,24576,4096,False,False,6,11,3894cc15a2bb9abfe5da1e419cbc4fc558d27deccf950e02604fe392e4ddf028
FRAG_001273,FRAG_001273.bin,sample_text_017.txt,text,text,.txt,28672,4096,False,False,7,11,628ff0ea0097c956b61d2fb649982f36c6327b27d71b534273f0b1b1a7959321
FRAG_001274,FRAG_001274.bin,sample_text_017.txt,text,text,.txt,32768,4096,False,False,8,11,737576700e04b1a6ea2e990a8f8b7029b77c853b1d1ddcda9df5234a6a50883f
FRAG_001275,FRAG_001275.bin,sample_text_017.txt,text,text,.txt,36864,4096,False,False,9,11,861268af10b9eb84bbad025533284280af0d5feb307c11a0779a840f9ad79ea7
FRAG_001276,FRAG_001276.bin,sample_text_017.txt,text,text,.txt,40960,1561,False,True,10,11,4fc51ce18191fe55490814e2ccaad60147cf0c22025a9c2f64dea05dcee4145c
FRAG_001277,FRAG_001277.bin,sample_text_018.csv,text,text,.csv,0,4096,True,False,0,10,e72d90d0dc8cd92148d7a085a2fecb027936e47350637b8ee9d8d95bc511d2dc
FRAG_001278,FRAG_001278.bin,sample_text_018.csv,text,text,.csv,4096,4096,False,False,1,10,f61ec55228f723946ad4679e07b615816bc413a61244b09cc3f291f09b941831
FRAG_001279,FRAG_001279.bin,sample_text_018.csv,text,text,.csv,8192,4096,False,False,2,10,781ba08534816803951a98c729929b95d914b31f35672340be276ad5f1752171
FRAG_001280,FRAG_001280.bin,sample_text_018.csv,text,text,.csv,12288,4096,False,False,3,10,f8f8d08b3d2beeea0ed9d7b4d0376a884cc656f2554c5aa20116ac01dffcabd8
FRAG_001281,FRAG_001281.bin,sample_text_018.csv,text,text,.csv,16384,4096,False,False,4,10,bc47d071d37b5f364b3b57443d94f11b1649e5541d7d86db63332ae92a50e19d
FRAG_001282,FRAG_001282.bin,sample_text_018.csv,text,text,.csv,20480,4096,False,False,5,10,f94e6774f35ba6ba2e174e9154615e85a425988ca2165c74ff2ab98d0eddbdfe
FRAG_001283,FRAG_001283.bin,sample_text_018.csv,text,text,.csv,24576,4096,False,False,6,10,5fba21010846cb306ae8b281d15bc5e4dcc53431198329cc4969ac4c1c8f8379
FRAG_001284,FRAG_001284.bin,sample_text_018.csv,text,text,.csv,28672,4096,False,False,7,10,3dbf6770bf2e16ceb5810ddfa8432e0b4bc17dbf4e4d6e9d43779d05c944b23e
FRAG_001285,FRAG_001285.bin,sample_text_018.csv,text,text,.csv,32768,4096,False,False,8,10,feeb53201d00a144b829a7321aef2e51f474946d4d05a400dd536d2138a66934
FRAG_001286,FRAG_001286.bin,sample_text_018.csv,text,text,.csv,36864,1269,False,True,9,10,ffe2206f4b392a4f6fa0698708e56ef16066e6ade0c8f646227c435bd4c6b5a3
FRAG_001287,FRAG_001287.bin,sample_text_019.txt,text,text,.txt,0,4096,True,False,0,15,1208c0f7fa61d292598dcb5d6f6bfcd08d02f6774df8b5f1ca0b4ff0c9ad3549
FRAG_001288,FRAG_001288.bin,sample_text_019.txt,text,text,.txt,4096,4096,False,False,1,15,219ff84921327a3cd18daa390ec536dec965b76b067283b6f4f18fb5868e3bea
FRAG_001289,FRAG_001289.bin,sample_text_019.txt,text,text,.txt,8192,4096,False,False,2,15,c4a548fd082293f644ee7f4dca660d772ccdc552e466d07238739e7c4348deb5
FRAG_001290,FRAG_001290.bin,sample_text_019.txt,text,text,.txt,12288,4096,False,False,3,15,e76c8e075bb3b9cb4614aeed1060fb66f5ef317d075f3bb5f1ce207daed2ece6
FRAG_001291,FRAG_001291.bin,sample_text_019.txt,text,text,.txt,16384,4096,False,False,4,15,6c9f18a145bc291d7c3e73e00416f72bdcda6710b260f1d5d667b9b4b511fa87
FRAG_001292,FRAG_001292.bin,sample_text_019.txt,text,text,.txt,20480,4096,False,False,5,15,5504a4c6c9213b311974d2fa200148782037374555e8f915c757c18d4d3dd4d3
FRAG_001293,FRAG_001293.bin,sample_text_019.txt,text,text,.txt,24576,4096,False,False,6,15,801b9f3421704ab01380093e6da3640bd953f314c76b11ebacabd5c3702adc85
FRAG_001294,FRAG_001294.bin,sample_text_019.txt,text,text,.txt,28672,4096,False,False,7,15,4826185e2aa2a46b2372ffe814796b2a24236bf058387a995fe420c2025f1e31
FRAG_001295,FRAG_001295.bin,sample_text_019.txt,text,text,.txt,32768,4096,False,False,8,15,825d2b1b265ea0b4b65bb2a3f52a916a4b27e153647cc76949c669c7477fe47f
FRAG_001296,FRAG_001296.bin,sample_text_019.txt,text,text,.txt,36864,4096,False,False,9,15,e21a489627a4eef51ccd6ac34ee630a23936e2279b0eeb8ac47d28f785705c22
FRAG_001297,FRAG_001297.bin,sample_text_019.txt,text,text,.txt,40960,4096,False,False,10,15,aa7e4792844a515fd9f22257b37d9565688c0df4842f231d41bea3900e7c456b
FRAG_001298,FRAG_001298.bin,sample_text_019.txt,text,text,.txt,45056,4096,False,False,11,15,cb9d7ffd498798c00aa4ce6c74026f14a461c3c094f1e1908205c344b620948f
FRAG_001299,FRAG_001299.bin,sample_text_019.txt,text,text,.txt,49152,4096,False,False,12,15,1669a9999663f46b41fcbef8d0d19ff66346bab0ad3ab6f6849cad82a6e0197f
FRAG_001300,FRAG_001300.bin,sample_text_019.txt,text,text,.txt,53248,4096,False,False,13,15,6b55887f9699c43b882c579fe6513fd8db5958df54515a2213ef2cf07606bd94
FRAG_001301,FRAG_001301.bin,sample_text_019.txt,text,text,.txt,57344,2403,False,True,14,15,6a6421601f8bca0dfdc6d7e9e2d84dc72deedef818a2c700df9c7e081fc4580b
FRAG_001302,FRAG_001302.bin,sample_text_020.txt,text,text,.txt,0,4096,True,False,0,16,1951b4c658dedbb0ef81de3b6b19aa44f32695ff85cdd15776e82ca019d56e83
FRAG_001303,FRAG_001303.bin,sample_text_020.txt,text,text,.txt,4096,4096,False,False,1,16,9b5db46b1887ab2f76565b9118e2c59ae7eb275eb48b838a49380884aa22d10a
FRAG_001304,FRAG_001304.bin,sample_text_020.txt,text,text,.txt,8192,4096,False,False,2,16,a7c51af85fe69f3e09fc3c4da06b8703597079db8357237f17ec466ea48b1908
FRAG_001305,FRAG_001305.bin,sample_text_020.txt,text,text,.txt,12288,4096,False,False,3,16,2be0a557ba1b98015ff5c4e8afbe19991b8fcd54f06188636c8239a83ae65cf6
FRAG_001306,FRAG_001306.bin,sample_text_020.txt,text,text,.txt,16384,4096,False,False,4,16,dc154bce26d3ec92b232be30ef6d6e7e7e906404e0f91dbec3c5806f34059f8d
FRAG_001307,FRAG_001307.bin,sample_text_020.txt,text,text,.txt,20480,4096,False,False,5,16,e9a2a915e8bc3b3a745e0f5301dc59c01d9444888107c6c0f07b98729482e1b5
FRAG_001308,FRAG_001308.bin,sample_text_020.txt,text,text,.txt,24576,4096,False,False,6,16,ab4e745aee273336285b100ae5aa8ab913b6c521afae35205cf80b5ee581b2b6
FRAG_001309,FRAG_001309.bin,sample_text_020.txt,text,text,.txt,28672,4096,False,False,7,16,77389f04c1bb68c1366881ea0dcc2095cb5efa579df53d02e03dac57a0b8a8b1
FRAG_001310,FRAG_001310.bin,sample_text_020.txt,text,text,.txt,32768,4096,False,False,8,16,3578788056e0d1c5ea9982f07b78f5a6343de3e63d3e6ef52dbb5640bc03806f
FRAG_001311,FRAG_001311.bin,sample_text_020.txt,text,text,.txt,36864,4096,False,False,9,16,f5af7dc416371d27436d74d8cfb23113bd8e87fb394d2fab810babc63b53c002
FRAG_001312,FRAG_001312.bin,sample_text_020.txt,text,text,.txt,40960,4096,False,False,10,16,31714ca5ffefe985f11e567eeccbadbc7a9cf17a0d57495891d46ed8a5101e3b
FRAG_001313,FRAG_001313.bin,sample_text_020.txt,text,text,.txt,45056,4096,False,False,11,16,82aea759d942816233edcd890fc817bda247680a0241c29caf57679b52fda86b
FRAG_001314,FRAG_001314.bin,sample_text_020.txt,text,text,.txt,49152,4096,False,False,12,16,9c42c60f236c74646966e392ff3efb0d677fe04b80693a7dabba66c69d1ca4af
FRAG_001315,FRAG_001315.bin,sample_text_020.txt,text,text,.txt,53248,4096,False,False,13,16,712c4389852b7b224c8b303eaa89a370cbd042861c95b9c8f8146c0f2418c220
FRAG_001316,FRAG_001316.bin,sample_text_020.txt,text,text,.txt,57344,4096,False,False,14,16,99c0f3579e825ec4d58274c2d207ecb453a7a8e5c4a184744f395a72e4f20ce4
FRAG_001317,FRAG_001317.bin,sample_text_020.txt,text,text,.txt,61440,808,False,True,15,16,c551f179d33f5c03034dee35687e301ceb896b004f9633994818fb2b6dd74859
FRAG_001318,FRAG_001318.bin,sample_text_021.csv,text,text,.csv,0,4096,True,False,0,7,1bd6c1e174516cf861bdfecbba08cc90c4acab0f5462e41de9fb445b5ab2f883
FRAG_001319,FRAG_001319.bin,sample_text_021.csv,text,text,.csv,4096,4096,False,False,1,7,953584176c82905bbb48877be6058c99ad9c4a215b6ce935e031b83fae7552bf
FRAG_001320,FRAG_001320.bin,sample_text_021.csv,text,text,.csv,8192,4096,False,False,2,7,c5b893dfdb5e9e8e856e8dd81667d52b7e8f9ddf5d06ee13234db01928f58e0e
FRAG_001321,FRAG_001321.bin,sample_text_021.csv,text,text,.csv,12288,4096,False,False,3,7,1231625adb73d298c45aea6a5199980dfd8485941e30c841b8d3148c1436cc33
FRAG_001322,FRAG_001322.bin,sample_text_021.csv,text,text,.csv,16384,4096,False,False,4,7,a5bb0e4a335732671ab07b108a5d29b7076076745f0b631f0d7483cf03cd9b28
FRAG_001323,FRAG_001323.bin,sample_text_021.csv,text,text,.csv,20480,4096,False,False,5,7,a9280b7f5e3ab908c26df3395e5a72d010a93c9ae5129af50f4aaf7e54c9ac5b
FRAG_001324,FRAG_001324.bin,sample_text_021.csv,text,text,.csv,24576,2735,False,True,6,7,1eee3aa45e5e654f3c449d985e17f1c8b38075a3163c45e26688631d3716a57a
FRAG_001325,FRAG_001325.bin,sample_text_022.log,text,text,.log,0,4096,True,False,0,12,4e4ddf7fb744dc770ba3a7d8de368060d8d2e968f979f656adad2ba3eef5da4d
FRAG_001326,FRAG_001326.bin,sample_text_022.log,text,text,.log,4096,4096,False,False,1,12,5f2123cbf269e12dfaaa3bd142cf1d18aaeb86eeaad4589c3a31ce0bde78e956
FRAG_001327,FRAG_001327.bin,sample_text_022.log,text,text,.log,8192,4096,False,False,2,12,d64cf7c4cfc8602791e0b8693c000de37ea6c47dfc70a3b408ede4724241103e
FRAG_001328,FRAG_001328.bin,sample_text_022.log,text,text,.log,12288,4096,False,False,3,12,0ef9891ed081903b44dff82153a107e90def9e48e4f051a33ab7145f6dde6751
FRAG_001329,FRAG_001329.bin,sample_text_022.log,text,text,.log,16384,4096,False,False,4,12,09e49c1c7d7028256be44f07cca7a80b08dcb21372bba264c4bc5dce6819a9e8
FRAG_001330,FRAG_001330.bin,sample_text_022.log,text,text,.log,20480,4096,False,False,5,12,4391bd0b7a2ea5e29e9cf74938e1eab19032127c982f1319a57fb2c4d0461430
FRAG_001331,FRAG_001331.bin,sample_text_022.log,text,text,.log,24576,4096,False,False,6,12,577b7bd038e92b18c4cc6e4c245c12678d424b9a5b15c2c68db4fcbb86ab13ad
FRAG_001332,FRAG_001332.bin,sample_text_022.log,text,text,.log,28672,4096,False,False,7,12,47d7ee4676e4b3e75d3a2d455033d7eaa263bd351ff5ead6c5a69ac2b79fe66b
FRAG_001333,FRAG_001333.bin,sample_text_022.log,text,text,.log,32768,4096,False,False,8,12,48e0a2fe272ce3e50cd5ccd75effbd190a7fd0731c83047c41d284828f6ebe4c
FRAG_001334,FRAG_001334.bin,sample_text_022.log,text,text,.log,36864,4096,False,False,9,12,42abf6df36f22f202f032f6fe77f9f13003ed8876ca4eb7a228ed1d4bae70641
FRAG_001335,FRAG_001335.bin,sample_text_022.log,text,text,.log,40960,4096,False,False,10,12,9c45bceb241d3593e5f009f1dfd23d553090328c6f3bca0ec5a0e6fef275bced
FRAG_001336,FRAG_001336.bin,sample_text_022.log,text,text,.log,45056,621,False,True,11,12,e94e77095b337e528c8ac494955bffccf7e56fce329c91be05d102beb67079fe
FRAG_001337,FRAG_001337.bin,sample_text_023.csv,text,text,.csv,0,4096,True,False,0,4,3555b05debc19b40e273d7316c06396afa517aa4ee20eb97999dd699842616a6
FRAG_001338,FRAG_001338.bin,sample_text_023.csv,text,text,.csv,4096,4096,False,False,1,4,ea443c50bdceb11ca0b7c667091c7f3c140c8189c1525450f34cb3a9fb969dd9
FRAG_001339,FRAG_001339.bin,sample_text_023.csv,text,text,.csv,8192,4096,False,False,2,4,2114161f865c424258772fcf7929d9aa7460efa6c7bcc06a5d28c521996420a6
FRAG_001340,FRAG_001340.bin,sample_text_023.csv,text,text,.csv,12288,3887,False,True,3,4,cb45dc93c3c763370ec19597ebae57928bb425e39c5e5eb8f77e50010f0a1e70
FRAG_001341,FRAG_001341.bin,sample_text_024.txt,text,text,.txt,0,4096,True,False,0,17,8eb8c13214d526d28c80669b9cfb950c696bc97b61e012fd29a103c76eea2485
FRAG_001342,FRAG_001342.bin,sample_text_024.txt,text,text,.txt,4096,4096,False,False,1,17,c49a1958a13b5cb09865e26f44fb911344eca11186331934d063b8023e627ee2
FRAG_001343,FRAG_001343.bin,sample_text_024.txt,text,text,.txt,8192,4096,False,False,2,17,db5e06ffa3d70bd2817fa0a8ee6fe6b268eeb4407cfc7efa151b74af1747c2b3
FRAG_001344,FRAG_001344.bin,sample_text_024.txt,text,text,.txt,12288,4096,False,False,3,17,09c9c83b74323ec7eaeeeb21f62598a678402aa54496e9f3bc81b53390d261b3
FRAG_001345,FRAG_001345.bin,sample_text_024.txt,text,text,.txt,16384,4096,False,False,4,17,d5f6dabec4d1c06df6173a9b43d73fa1e98b483572b912237c990e9c6a7d107d
FRAG_001346,FRAG_001346.bin,sample_text_024.txt,text,text,.txt,20480,4096,False,False,5,17,a30edbbf41f863e83d933f68db33fe97f3056f82a632b4b4dfe790e1200b13ef
FRAG_001347,FRAG_001347.bin,sample_text_024.txt,text,text,.txt,24576,4096,False,False,6,17,942c53271d58cd37cd343d80673fbe3f6156f0602e7e6de864f1de3ae51a8433
FRAG_001348,FRAG_001348.bin,sample_text_024.txt,text,text,.txt,28672,4096,False,False,7,17,e9ace656adcd8724cff003758913e88509a1f47e482c3053630c9ee23c5a53ed
FRAG_001349,FRAG_001349.bin,sample_text_024.txt,text,text,.txt,32768,4096,False,False,8,17,53ba99fdbad052ec77802637a7feeeab9c8c5830b9d3c8184af218fa33e6b0bf
FRAG_001350,FRAG_001350.bin,sample_text_024.txt,text,text,.txt,36864,4096,False,False,9,17,fb117c4f1964d94d4defec45b0ee2c198d32c20e992ed79496ef7c8f6b17670b
FRAG_001351,FRAG_001351.bin,sample_text_024.txt,text,text,.txt,40960,4096,False,False,10,17,0f3f447f72797bbb3b1a8d4b0efab9c361547aa7f51a0b2444422b055ec6f3fe
FRAG_001352,FRAG_001352.bin,sample_text_024.txt,text,text,.txt,45056,4096,False,False,11,17,6834312b691ded66bc277ee62aa627c7ca1a38bb6e66065ef523aa0ea63550b0
FRAG_001353,FRAG_001353.bin,sample_text_024.txt,text,text,.txt,49152,4096,False,False,12,17,7c62257f52c89211163e8c769cb05eaf3a5433efd76c10435d0b385a0f5e9cfc
FRAG_001354,FRAG_001354.bin,sample_text_024.txt,text,text,.txt,53248,4096,False,False,13,17,22c88e2f28522d983d52c81bb28e83653a562032211823633ed57156eab1dd4e
FRAG_001355,FRAG_001355.bin,sample_text_024.txt,text,text,.txt,57344,4096,False,False,14,17,c0e4faba0aa3b0552a82e7052cb1c287b5e3d5683d1029874672620f19d791cb
FRAG_001356,FRAG_001356.bin,sample_text_024.txt,text,text,.txt,61440,4096,False,False,15,17,3801faed6cd27dcfc0496285709006ef8d7ea68a52ac7c85837c6d713ff41694
FRAG_001357,FRAG_001357.bin,sample_text_024.txt,text,text,.txt,65536,2428,False,True,16,17,ba764c304caeefb4621ca76214e0db236890e804cbc84cd2528e28bbc2e9595a
FRAG_001358,FRAG_001358.bin,sample_text_025.log,text,text,.log,0,4096,True,False,0,12,11fc0be4aa053e526d2d1dc08af58e3b373c1e809eaccde86e763ffe3a99b0a2
FRAG_001359,FRAG_001359.bin,sample_text_025.log,text,text,.log,4096,4096,False,False,1,12,980689e7b81ed1b8907da84b37e17136a400b3702d2f88fdeb66fbad5689029f
FRAG_001360,FRAG_001360.bin,sample_text_025.log,text,text,.log,8192,4096,False,False,2,12,db6d3474425529c56e74aa3063ee771a9aed4bb1efe91db474fbc77c5796045e
FRAG_001361,FRAG_001361.bin,sample_text_025.log,text,text,.log,12288,4096,False,False,3,12,572aa9bfdba718a808f01efe5314b4ff9c0c7793dfe8fb2d04980edb2cd34ec2
FRAG_001362,FRAG_001362.bin,sample_text_025.log,text,text,.log,16384,4096,False,False,4,12,8b96733a13140efd040cb1cb631deb739bbea4aaf4523cbaafb7a6a8afc969dc
FRAG_001363,FRAG_001363.bin,sample_text_025.log,text,text,.log,20480,4096,False,False,5,12,1988e0b7f8cae57f36de73e5f939de0236dcb08216b8253a5de0140bc82921bc
FRAG_001364,FRAG_001364.bin,sample_text_025.log,text,text,.log,24576,4096,False,False,6,12,f84536ed2a98c71f095daaf54660a5377623fa673bad4b34fb530a0cd4a05915
FRAG_001365,FRAG_001365.bin,sample_text_025.log,text,text,.log,28672,4096,False,False,7,12,ffea5308b5b4dd8b7c9adb0732d6b3310583c38dd938f6303e58c0247d9e3f05
FRAG_001366,FRAG_001366.bin,sample_text_025.log,text,text,.log,32768,4096,False,False,8,12,9a8d12812111db512e1041da61a107dfbd403a3b74ec1c3436f3b341d71335a3
FRAG_001367,FRAG_001367.bin,sample_text_025.log,text,text,.log,36864,4096,False,False,9,12,9489d0df1049121009e0c226c085fffaefc7f0b412dd612d62426a7da6c144ca
FRAG_001368,FRAG_001368.bin,sample_text_025.log,text,text,.log,40960,4096,False,False,10,12,cc596c2205604aed915de69461e29ed0d45934c6d80bcf90182ac20f4326a005
FRAG_001369,FRAG_001369.bin,sample_text_025.log,text,text,.log,45056,1878,False,True,11,12,9a8558f75c146faab7ab737508ade44ad242a87e0e41b41d5f44b3b3d6ec0d25
FRAG_001370,FRAG_001370.bin,sample_zip_001.zip,zip,zip,.zip,0,4096,True,False,0,10,20378f8eadd710bd383899a046a185f861ec927aa8a57d643700871f87f0491b
FRAG_001371,FRAG_001371.bin,sample_zip_001.zip,zip,zip,.zip,4096,4096,False,False,1,10,26cc349d6b15bc0ed9fb13b85ac714f46b4bd3d23cfbf3ac0ecac53d58ea3465
FRAG_001372,FRAG_001372.bin,sample_zip_001.zip,zip,zip,.zip,8192,4096,False,False,2,10,d3c375fb05905ee33d54fd41d0f84ac7bc79c95354704335ba46c558e26a2528
FRAG_001373,FRAG_001373.bin,sample_zip_001.zip,zip,zip,.zip,12288,4096,False,False,3,10,f464f31bf7a795e4cd23dd3d2d044f85332197c7ad434d745d8282d3e3f0b375
FRAG_001374,FRAG_001374.bin,sample_zip_001.zip,zip,zip,.zip,16384,4096,False,False,4,10,38459af53086dbb6d3d3d0b75803f79bd3255183f746f81591cec08aeb545d04
FRAG_001375,FRAG_001375.bin,sample_zip_001.zip,zip,zip,.zip,20480,4096,False,False,5,10,2631649c72be2aee142c3febade00d886f60be2fa29a8cfc5f804c7a948a19ee
FRAG_001376,FRAG_001376.bin,sample_zip_001.zip,zip,zip,.zip,24576,4096,False,False,6,10,79e9bcb0c8298c53b5335d5a77a8d2ee68000daf6b720dfa56cdd8ce142acd72
FRAG_001377,FRAG_001377.bin,sample_zip_001.zip,zip,zip,.zip,28672,4096,False,False,7,10,dbdbca46fd6f3965e52ed3555264a5792c017d00456f377cc5160e2c69162370
FRAG_001378,FRAG_001378.bin,sample_zip_001.zip,zip,zip,.zip,32768,4096,False,False,8,10,ad0c4d667e1f8d4e97f79f5a97f4fb6e97ffba41448edc4d867a132ae7d184f8
FRAG_001379,FRAG_001379.bin,sample_zip_001.zip,zip,zip,.zip,36864,3441,False,True,9,10,569c582d4e8ac91a98bf7660a6e7f516bd4cd9b4b311a1f90708ce504d9a37d9
FRAG_001380,FRAG_001380.bin,sample_zip_002.zip,zip,zip,.zip,0,4096,True,False,0,5,d941ce5c35068eadfb49f8a766286be1a8949405c95bdfba4ac6e1e3c59e72d9
FRAG_001381,FRAG_001381.bin,sample_zip_002.zip,zip,zip,.zip,4096,4096,False,False,1,5,b8ca43b10e8cf1b194d46fe58db59b07edd1f346b3ce0269662c50727598961c
FRAG_001382,FRAG_001382.bin,sample_zip_002.zip,zip,zip,.zip,8192,4096,False,False,2,5,87fed19b44f30329c24ff786b09abd11c4cfc9d85e2fe714443f7205eedab7db
FRAG_001383,FRAG_001383.bin,sample_zip_002.zip,zip,zip,.zip,12288,4096,False,False,3,5,672a51d8433a470707782682fea9e899f833404c4594bcf7b6cc133e7206ae35
FRAG_001384,FRAG_001384.bin,sample_zip_002.zip,zip,zip,.zip,16384,3710,False,True,4,5,0c509b3959eac351f4e62cdc4f6d07cb2555aeed3289e11f731f49d6576d06bc
FRAG_001385,FRAG_001385.bin,sample_zip_003.zip,zip,zip,.zip,0,4096,True,False,0,10,c00f56b14572016f2b02eb91999f5451881f3609532def5ff98928626456ab73
FRAG_001386,FRAG_001386.bin,sample_zip_003.zip,zip,zip,.zip,4096,4096,False,False,1,10,8c76850c28001158b7d4e9f262f5cb6958795f0237bf8ecbdefb54fd83d9d102
FRAG_001387,FRAG_001387.bin,sample_zip_003.zip,zip,zip,.zip,8192,4096,False,False,2,10,51466c46b61bc4d0905e2938f46f8aaa1223e33d46a8c99b411faab05de883fa
FRAG_001388,FRAG_001388.bin,sample_zip_003.zip,zip,zip,.zip,12288,4096,False,False,3,10,ce081ccfb8d2160590100bb42801a1c7cee64f1de99c310b7e6b24898a008288
FRAG_001389,FRAG_001389.bin,sample_zip_003.zip,zip,zip,.zip,16384,4096,False,False,4,10,cc1b88bdcac1a38752ef6430947510dad3dddabb90f042ef07e6fd95ba7c529c
FRAG_001390,FRAG_001390.bin,sample_zip_003.zip,zip,zip,.zip,20480,4096,False,False,5,10,bce59810d446adf3e1255cdc2f8ad7e4967b076a96deed9345b23ba7a1c2aa06
FRAG_001391,FRAG_001391.bin,sample_zip_003.zip,zip,zip,.zip,24576,4096,False,False,6,10,d77415231ac84a44e307059e58f2de5f03fd7290c7039c73e0c4f9f70d2ada85
FRAG_001392,FRAG_001392.bin,sample_zip_003.zip,zip,zip,.zip,28672,4096,False,False,7,10,3f298788832c13604aef1d1707aac2ff55328bdc49fb5c4e9f7ab9cf4a928da8
FRAG_001393,FRAG_001393.bin,sample_zip_003.zip,zip,zip,.zip,32768,4096,False,False,8,10,9ccee13e16d491e921bb76cd5103ff4d93e197203f0762b3bc264bbe140f783b
FRAG_001394,FRAG_001394.bin,sample_zip_003.zip,zip,zip,.zip,36864,2712,False,True,9,10,3798520c64d64e75d641dc846bb42be6954ebd1c8d0385cd66f193285ebcde87
FRAG_001395,FRAG_001395.bin,sample_zip_004.zip,zip,zip,.zip,0,4096,True,False,0,6,a6749d1b3ef9679e43c71b338986334e5a0170a2c1277addb486b0e68cbc99ef
FRAG_001396,FRAG_001396.bin,sample_zip_004.zip,zip,zip,.zip,4096,4096,False,False,1,6,186fca2d3925215c887f91baba3e8a31de0075c5f9033386c788914103f75c9e
FRAG_001397,FRAG_001397.bin,sample_zip_004.zip,zip,zip,.zip,8192,4096,False,False,2,6,8513bfdc3bd3e18852022b59fc10129a9fc82872d6ee2b33efc932b1c0e10e62
FRAG_001398,FRAG_001398.bin,sample_zip_004.zip,zip,zip,.zip,12288,4096,False,False,3,6,5fd69c3f6af3c7814bc9b5a5d69b6212a92f8c060804af7aff1fadb2bfd96597
FRAG_001399,FRAG_001399.bin,sample_zip_004.zip,zip,zip,.zip,16384,4096,False,False,4,6,4b3e997fda18ea4d078a16e31340c49e4100323b93aafb71ecbfc5b180f0d393
FRAG_001400,FRAG_001400.bin,sample_zip_004.zip,zip,zip,.zip,20480,740,False,True,5,6,3475ec8dd6a283529c285452134bbf831bf1b75aba919a33aa201b68e71c6d29
FRAG_001401,FRAG_001401.bin,sample_zip_005.zip,zip,zip,.zip,0,4096,True,False,0,9,63df4ea2c9b666888e6ff44b146891e871448f1d9ab1b85b423d9a623fcd54ef
FRAG_001402,FRAG_001402.bin,sample_zip_005.zip,zip,zip,.zip,4096,4096,False,False,1,9,7458fd9eecb8bac0e458bc6261a9830e4f32955f28d0f5b8716aa7b518ec1dc9
FRAG_001403,FRAG_001403.bin,sample_zip_005.zip,zip,zip,.zip,8192,4096,False,False,2,9,f021bbab9e1438e1d18528bd979f9cedd0638d635fc0d41769a1e7018a11c9cc
FRAG_001404,FRAG_001404.bin,sample_zip_005.zip,zip,zip,.zip,12288,4096,False,False,3,9,11325a3eaf76772f25d629b9f949f51027725aeb7728640b6519076bfbb9d94e
FRAG_001405,FRAG_001405.bin,sample_zip_005.zip,zip,zip,.zip,16384,4096,False,False,4,9,76ff83c039bac6847502d03aeefc2683c020aa77f04f4d789742da86bcb7b7c4
FRAG_001406,FRAG_001406.bin,sample_zip_005.zip,zip,zip,.zip,20480,4096,False,False,5,9,5b480d92278e9d7644d0c284a2bc9e1f114c0bb1f3a12b75c1727647482ab324
FRAG_001407,FRAG_001407.bin,sample_zip_005.zip,zip,zip,.zip,24576,4096,False,False,6,9,d30064e1563f43116a743d38ddee85803eb4478e363182488b528b40aeafc89e
FRAG_001408,FRAG_001408.bin,sample_zip_005.zip,zip,zip,.zip,28672,4096,False,False,7,9,3e88d3c8c83f6e9086f2a8c7016e64d74706477a8b0c9d49c6199f9ce4818ecf
FRAG_001409,FRAG_001409.bin,sample_zip_005.zip,zip,zip,.zip,32768,2806,False,True,8,9,d5a1bfcb00d8eefc5667f55ecdccc8aca43152c82cbfe3f7bb7dc119fee01fe9
FRAG_001410,FRAG_001410.bin,sample_zip_006.zip,zip,zip,.zip,0,4096,True,False,0,14,29db68bbba1569eec21e3f28fd2c697243549411698f0c760ffbfb6777fea692
FRAG_001411,FRAG_001411.bin,sample_zip_006.zip,zip,zip,.zip,4096,4096,False,False,1,14,12257c1cddcbadc501df253d4c0ecc29304f4782d209b128fb561e58bcbdc069
FRAG_001412,FRAG_001412.bin,sample_zip_006.zip,zip,zip,.zip,8192,4096,False,False,2,14,a7665fde3be886a0b2b6994643ef9879c72325d6d7f6c9a1e2191bb0e07091e5
FRAG_001413,FRAG_001413.bin,sample_zip_006.zip,zip,zip,.zip,12288,4096,False,False,3,14,89fd8e2ab202310a853b42f6e8e6d26b360722b8e5621cef13f192b8c2896e0d
FRAG_001414,FRAG_001414.bin,sample_zip_006.zip,zip,zip,.zip,16384,4096,False,False,4,14,fbb7bfca614fada9a1657e825773c21a81f3e4b39f5b57cf05ed7f1dbaf787ad
FRAG_001415,FRAG_001415.bin,sample_zip_006.zip,zip,zip,.zip,20480,4096,False,False,5,14,d6aa5ee40823b8215ad1c50c162d4c487b8e61ab7c99efac7599da73b98becac
FRAG_001416,FRAG_001416.bin,sample_zip_006.zip,zip,zip,.zip,24576,4096,False,False,6,14,89c75d1decbe3923ef6dae7ce3457bb5a1271bd1462f70f681cd1d5636418bf8
FRAG_001417,FRAG_001417.bin,sample_zip_006.zip,zip,zip,.zip,28672,4096,False,False,7,14,8983d7c7b20f8b6af6fb97f892dcc2460fecd0a41c42b6c9989666a56bbb646d
FRAG_001418,FRAG_001418.bin,sample_zip_006.zip,zip,zip,.zip,32768,4096,False,False,8,14,75892e9e299c67f0574acd637f5d91a166ea40e036a55b705c951da3be4b46b2
FRAG_001419,FRAG_001419.bin,sample_zip_006.zip,zip,zip,.zip,36864,4096,False,False,9,14,fda883dcd3944cb956dff9be201abcb2c85f56f3df59694d9bd657052746523b
FRAG_001420,FRAG_001420.bin,sample_zip_006.zip,zip,zip,.zip,40960,4096,False,False,10,14,7d6d63caf8f03169db94de014c779d42dee420a191f3ba5b5ee10358954789e8
FRAG_001421,FRAG_001421.bin,sample_zip_006.zip,zip,zip,.zip,45056,4096,False,False,11,14,66fbc89c1c4d3585570b91f25979200be5c4f5c210152dd1c767753015c92c96
FRAG_001422,FRAG_001422.bin,sample_zip_006.zip,zip,zip,.zip,49152,4096,False,False,12,14,73ae54f38d702f94cbfe0ce987da48eb744c660e3617208f1803c11b2dd96c88
FRAG_001423,FRAG_001423.bin,sample_zip_006.zip,zip,zip,.zip,53248,180,False,True,13,14,58cfc7302b19efbdf10b2417b29e4de5eae94f0e6defdc3c25c6bf96188146a7
FRAG_001424,FRAG_001424.bin,sample_zip_007.zip,zip,zip,.zip,0,4096,True,False,0,8,159a25d350715ea9e75b91f906558e943579cf62d9f12271e4ea055c060a424f
FRAG_001425,FRAG_001425.bin,sample_zip_007.zip,zip,zip,.zip,4096,4096,False,False,1,8,3f29510cbdc30e5b14e94fac043ebe6f4f09186da6d72ad48061232dab639c77
FRAG_001426,FRAG_001426.bin,sample_zip_007.zip,zip,zip,.zip,8192,4096,False,False,2,8,6a6f090b5b0d5ff5db3390c0a3454ab9c5b923fed7d05b18d39dc0de654ecbc8
FRAG_001427,FRAG_001427.bin,sample_zip_007.zip,zip,zip,.zip,12288,4096,False,False,3,8,1c99c1117242f79d59906896053858df3b2bd0917a5f46c5ace58545ad968440
FRAG_001428,FRAG_001428.bin,sample_zip_007.zip,zip,zip,.zip,16384,4096,False,False,4,8,746d1156899ad777b80b41eae8735d792c6c25835ad0cb0bbf25ddc701a2eb7d
FRAG_001429,FRAG_001429.bin,sample_zip_007.zip,zip,zip,.zip,20480,4096,False,False,5,8,8642a439f560e12b9a722cee35cdf21d71994ed097c7c369cbecfe53e732d6c7
FRAG_001430,FRAG_001430.bin,sample_zip_007.zip,zip,zip,.zip,24576,4096,False,False,6,8,50cbfc4e033c96f34c4be7e1fff583f69a643d66657c2301bb2bbf4cb15d0b12
FRAG_001431,FRAG_001431.bin,sample_zip_007.zip,zip,zip,.zip,28672,3937,False,True,7,8,caf8309a78295cd12cb2a17ddb01d2476f75d9c2bf5a9fd1ec79c220b9da9374
FRAG_001432,FRAG_001432.bin,sample_zip_008.zip,zip,zip,.zip,0,4096,True,False,0,12,545bcbf9d744ac6d994c441867f3a3c3f6bd333870e46a020431f8768a1f606e
FRAG_001433,FRAG_001433.bin,sample_zip_008.zip,zip,zip,.zip,4096,4096,False,False,1,12,faac604a06f5cb13e625f26cdce83879cea3685ce515b1d05e0a3fd0efddbcad
FRAG_001434,FRAG_001434.bin,sample_zip_008.zip,zip,zip,.zip,8192,4096,False,False,2,12,57b2ba392fd720f2fd841111612970757295bc0d435b8e7a7433d204ce309e73
FRAG_001435,FRAG_001435.bin,sample_zip_008.zip,zip,zip,.zip,12288,4096,False,False,3,12,93e2b0963963d7749f6b0e938aaca0635590f4df87dc1e71bc941a326c955153
FRAG_001436,FRAG_001436.bin,sample_zip_008.zip,zip,zip,.zip,16384,4096,False,False,4,12,071e255dcc9fd62a3bdde541c7b948072e96fce211dc4972004097a82ee7bbfb
FRAG_001437,FRAG_001437.bin,sample_zip_008.zip,zip,zip,.zip,20480,4096,False,False,5,12,48f37a2a90ababde2cf0a3cbd72e4422a5776fb1d02f609b72b2cfa4e80baa75
FRAG_001438,FRAG_001438.bin,sample_zip_008.zip,zip,zip,.zip,24576,4096,False,False,6,12,4d0b7aa6fe9c0aa43bb64e77ca5a3c392395ab3545e253a7a9cb0ab461c3b384
FRAG_001439,FRAG_001439.bin,sample_zip_008.zip,zip,zip,.zip,28672,4096,False,False,7,12,be265ce95051ec88b3750def0fe9b22f6a9b330e0ad68893e36c1ce167747e15
FRAG_001440,FRAG_001440.bin,sample_zip_008.zip,zip,zip,.zip,32768,4096,False,False,8,12,aa4359938961fa63bc9217751c130318ecd00799059fb8c0ee1dc4344f5d35ae
FRAG_001441,FRAG_001441.bin,sample_zip_008.zip,zip,zip,.zip,36864,4096,False,False,9,12,9bc3590b03675e762c5ffdf6ba8a8f22421de4f05afa4845abcf3cf2e8bc9f93
FRAG_001442,FRAG_001442.bin,sample_zip_008.zip,zip,zip,.zip,40960,4096,False,False,10,12,53d42b6cf73a67703e4fc157f8fba92c10ddcda6bb935dafd57dda61f2e31a5c
FRAG_001443,FRAG_001443.bin,sample_zip_008.zip,zip,zip,.zip,45056,945,False,True,11,12,e8834f8d95e7fd29fd66f8cabd1ea71d8f25fece95c382906e9392ce6fc97d55
FRAG_001444,FRAG_001444.bin,sample_zip_009.zip,zip,zip,.zip,0,4096,True,False,0,11,7ad7bf4b1dfbb2a371f078216c0df3a8ffaa7178ee208ab91d95bfb9aba6579f
FRAG_001445,FRAG_001445.bin,sample_zip_009.zip,zip,zip,.zip,4096,4096,False,False,1,11,1d2409ebf71fbdd3d3f3a73d82d4af7facaa38ac824c802a7e8bc0c4a96f92ae
FRAG_001446,FRAG_001446.bin,sample_zip_009.zip,zip,zip,.zip,8192,4096,False,False,2,11,ae9b853ec6d3db50ded8c4f613e6988a3d749dc40ee83b9ff0190508bf9a142d
FRAG_001447,FRAG_001447.bin,sample_zip_009.zip,zip,zip,.zip,12288,4096,False,False,3,11,35763ab2b6241b2c30f03a734c64959af75b9c0269053193faae155ee9008c27
FRAG_001448,FRAG_001448.bin,sample_zip_009.zip,zip,zip,.zip,16384,4096,False,False,4,11,7805a45fff9341a3033d307a030b7ffc8900b6ba3dcd652a37d11ee51a33377e
FRAG_001449,FRAG_001449.bin,sample_zip_009.zip,zip,zip,.zip,20480,4096,False,False,5,11,5483d4ec32d448a411b49efef8e7372a28220aa011764637c1dc96e0ec8ffe41
FRAG_001450,FRAG_001450.bin,sample_zip_009.zip,zip,zip,.zip,24576,4096,False,False,6,11,b0309d1e648f62426fe3e4f79722336ef4e0f5c76f4d86a209a11e0c229215af
FRAG_001451,FRAG_001451.bin,sample_zip_009.zip,zip,zip,.zip,28672,4096,False,False,7,11,4e0ddd3d5578d053dd9a3d8c9512dac20c792bc9b92b3c366e0eb8f265c5d08f
FRAG_001452,FRAG_001452.bin,sample_zip_009.zip,zip,zip,.zip,32768,4096,False,False,8,11,1ca386a46ce8f44155cdb01a39181f1b74805a43a3625b25262773c91b0d8921
FRAG_001453,FRAG_001453.bin,sample_zip_009.zip,zip,zip,.zip,36864,4096,False,False,9,11,44144a12bdc156177d6d304769444d01140163026f226751ce74763d0bf442b7
FRAG_001454,FRAG_001454.bin,sample_zip_009.zip,zip,zip,.zip,40960,2916,False,True,10,11,c281814dd923d88de1316bfde94fcddb05cafde7d9f25a77f1c1ff031bc609e2
FRAG_001455,FRAG_001455.bin,sample_zip_010.zip,zip,zip,.zip,0,4096,True,False,0,8,58031195eb6d8b00ed099d3a69c64297fd2a81d916dcc9a6f524c98a35e888aa
FRAG_001456,FRAG_001456.bin,sample_zip_010.zip,zip,zip,.zip,4096,4096,False,False,1,8,75d25c722c1e68c16c2837df0957ada6e22e86dd96d8a671a4bc14f472c4766a
FRAG_001457,FRAG_001457.bin,sample_zip_010.zip,zip,zip,.zip,8192,4096,False,False,2,8,d116404484b82356351fad4965c130a09a37d94a6077246dd1d6812e674de895
FRAG_001458,FRAG_001458.bin,sample_zip_010.zip,zip,zip,.zip,12288,4096,False,False,3,8,03f6bb3ebd2c9e7272daab4e834f3140871847b40002e7649bf0c34ddd5e6f2f
FRAG_001459,FRAG_001459.bin,sample_zip_010.zip,zip,zip,.zip,16384,4096,False,False,4,8,b9059cea5b6a274eee92fb72561a0b84409b074900400fbe4445c4cc588d1e2b
FRAG_001460,FRAG_001460.bin,sample_zip_010.zip,zip,zip,.zip,20480,4096,False,False,5,8,eb87aa9e55b7ea8efabd562961899ba680cb97b59d6f142d0c9e630e54fc96e0
FRAG_001461,FRAG_001461.bin,sample_zip_010.zip,zip,zip,.zip,24576,4096,False,False,6,8,d0c93fc254c0474dbb82df05c927c0f6444c8ccfd43e2c49b118d937bfd09f4c
FRAG_001462,FRAG_001462.bin,sample_zip_010.zip,zip,zip,.zip,28672,2290,False,True,7,8,db7e996efeb5e46b7899d62c8fe94344ac9fbe8677f2bfabfb3b3d7e33874ac0
FRAG_001463,FRAG_001463.bin,sample_zip_011.zip,zip,zip,.zip,0,4096,True,False,0,19,33704c39c8633dd0945be286198d84b8b3cc9d8800a50038790c822e5939f31b
FRAG_001464,FRAG_001464.bin,sample_zip_011.zip,zip,zip,.zip,4096,4096,False,False,1,19,5753b2cc50be836659909f6442c56399e282d954e2f5bc099888942c0f11badc
FRAG_001465,FRAG_001465.bin,sample_zip_011.zip,zip,zip,.zip,8192,4096,False,False,2,19,5fc4e7d87103345dd55aa4c01d9f4f2f86b67929919ade4e74218f51967b2c62
FRAG_001466,FRAG_001466.bin,sample_zip_011.zip,zip,zip,.zip,12288,4096,False,False,3,19,177f97c1ea23b71242c188d69b182827fe5913cde59dd62b7dad9e867a4c4f3a
FRAG_001467,FRAG_001467.bin,sample_zip_011.zip,zip,zip,.zip,16384,4096,False,False,4,19,5c2a253c672f5d47895b6fa207db1fa2823b9747305f8089fa6f778411742f30
FRAG_001468,FRAG_001468.bin,sample_zip_011.zip,zip,zip,.zip,20480,4096,False,False,5,19,b9499100ec936760bc78661781fc261b8ab817db0f275fbcc6269a854be45e0d
FRAG_001469,FRAG_001469.bin,sample_zip_011.zip,zip,zip,.zip,24576,4096,False,False,6,19,a86dc83bd2f4b16378841a118f1f9d73cb99d2a358c6df665d622af5e1d8ca7a
FRAG_001470,FRAG_001470.bin,sample_zip_011.zip,zip,zip,.zip,28672,4096,False,False,7,19,12b3a20f06b4089c84feb41729bd6b88312177415a378e68e914c1fe4c968fa7
FRAG_001471,FRAG_001471.bin,sample_zip_011.zip,zip,zip,.zip,32768,4096,False,False,8,19,8a96cff2c4a7e5b7096e6e1a1d65b62c5b23abb7bb00b160a2e0c76e44a31b66
FRAG_001472,FRAG_001472.bin,sample_zip_011.zip,zip,zip,.zip,36864,4096,False,False,9,19,3ca02ef9ced082a14d184ee79248762e59fde6ba210d020be1fa69a7fb350282
FRAG_001473,FRAG_001473.bin,sample_zip_011.zip,zip,zip,.zip,40960,4096,False,False,10,19,4bdb2c06098916f4a25f902898b8e2916c0a3ca04bd7854312f1f02373279729
FRAG_001474,FRAG_001474.bin,sample_zip_011.zip,zip,zip,.zip,45056,4096,False,False,11,19,ddafae3e5260d7ae3642507cb8f08d51655513474254725d3cbe87216404039d
FRAG_001475,FRAG_001475.bin,sample_zip_011.zip,zip,zip,.zip,49152,4096,False,False,12,19,2ff44dd3c79d120cc76c40b86d46f953a09c4d1bf3f7f68f6111dc8faa358140
FRAG_001476,FRAG_001476.bin,sample_zip_011.zip,zip,zip,.zip,53248,4096,False,False,13,19,e427b0bfef04740fde3a35b88864da09c3148d8778bb9ae329b6012506acd74a
FRAG_001477,FRAG_001477.bin,sample_zip_011.zip,zip,zip,.zip,57344,4096,False,False,14,19,7eb6c43b4c4a5b92976675b91908d0f261946c1b29b6108b26b7ddaa5303ce17
FRAG_001478,FRAG_001478.bin,sample_zip_011.zip,zip,zip,.zip,61440,4096,False,False,15,19,444bd966eac30b5b2134397ca64cad23664f963446d8369c758a46b5c6134a69
FRAG_001479,FRAG_001479.bin,sample_zip_011.zip,zip,zip,.zip,65536,4096,False,False,16,19,8d2833b0e9b651eb22a1169c9988a9b50d8d0cda9e5df7da7fd770388848f965
FRAG_001480,FRAG_001480.bin,sample_zip_011.zip,zip,zip,.zip,69632,4096,False,False,17,19,746232e1a629cd9040a5892cd91f3715e1024823e569dfa3913b3a93cbc89ed0
FRAG_001481,FRAG_001481.bin,sample_zip_011.zip,zip,zip,.zip,73728,397,False,True,18,19,adfd7527f16f5085159a3218ea7558597821963ab6ba00cf33b51cce2d067a85
FRAG_001482,FRAG_001482.bin,sample_zip_012.zip,zip,zip,.zip,0,4096,True,False,0,8,cae4e3cc00e2d1113606f65081331cccb6ea9eb6cbf3813d3410ca55540fe67d
FRAG_001483,FRAG_001483.bin,sample_zip_012.zip,zip,zip,.zip,4096,4096,False,False,1,8,1072daa2e76eecd606dba8a46f02179652b61727cc6835c9d85c5b5351f4f7e9
FRAG_001484,FRAG_001484.bin,sample_zip_012.zip,zip,zip,.zip,8192,4096,False,False,2,8,c67235ef4f546a4c50805bb9ac0b34c3bb1b32ce358c2abe62fb6a74d2dc8c54
FRAG_001485,FRAG_001485.bin,sample_zip_012.zip,zip,zip,.zip,12288,4096,False,False,3,8,cf8b72e638b2ce13c4ea0bc61e1cdb5fc261ddd9e34e287c10feef66ca46af18
FRAG_001486,FRAG_001486.bin,sample_zip_012.zip,zip,zip,.zip,16384,4096,False,False,4,8,ca97c32f9de84695e96cc2c1984820e77a579deb4201bb482acf09de0deedac8
FRAG_001487,FRAG_001487.bin,sample_zip_012.zip,zip,zip,.zip,20480,4096,False,False,5,8,6efb0d818004377036c864bb321ea23dda935ca6de3bda19a7aa81b95e0744f8
FRAG_001488,FRAG_001488.bin,sample_zip_012.zip,zip,zip,.zip,24576,4096,False,False,6,8,61d291690eb9b3459c8f11f7dc5b96ba81d80765afcbdbe69bf0783a64c74c22
FRAG_001489,FRAG_001489.bin,sample_zip_012.zip,zip,zip,.zip,28672,733,False,True,7,8,f4181d9afc7956b6752b7d0a3e731020b1c6fb5dece2e15012d2058ef68a8b76
FRAG_001490,FRAG_001490.bin,sample_zip_013.zip,zip,zip,.zip,0,4096,True,False,0,13,82f1d52dca76ba3b17d77ad4013fdff16df0bd4b975cd022f4de223d906e966f
FRAG_001491,FRAG_001491.bin,sample_zip_013.zip,zip,zip,.zip,4096,4096,False,False,1,13,d8094122fc498fc6798b18dc724677ba6ffb8bc9e583b034cd7983a6eeb88b3b
FRAG_001492,FRAG_001492.bin,sample_zip_013.zip,zip,zip,.zip,8192,4096,False,False,2,13,66860554402de62ab6d1718c688884a450fd7880862bc51886fce917f9d62963
FRAG_001493,FRAG_001493.bin,sample_zip_013.zip,zip,zip,.zip,12288,4096,False,False,3,13,0bdb55fea345dbbdea6dc7f2bc2cd311a1264fcddd516b7b0d8d8f33297d9486
FRAG_001494,FRAG_001494.bin,sample_zip_013.zip,zip,zip,.zip,16384,4096,False,False,4,13,919c56ee72170feebbbcf96934b7373d0df3eb211173e172aae3ee17432f451b
FRAG_001495,FRAG_001495.bin,sample_zip_013.zip,zip,zip,.zip,20480,4096,False,False,5,13,bc0f72abd5bbb4f09c35be5b82ad3e65aa58cc4689e160d6dab29b28b72390cb
FRAG_001496,FRAG_001496.bin,sample_zip_013.zip,zip,zip,.zip,24576,4096,False,False,6,13,f77270cd86b9f0528bf66ebc023beca30337c6811e3944b6cc239b59d14d44f9
FRAG_001497,FRAG_001497.bin,sample_zip_013.zip,zip,zip,.zip,28672,4096,False,False,7,13,0d3201773349a2131bb315c54b151d73700b69ba0671a6896632ce1e885ee9a2
FRAG_001498,FRAG_001498.bin,sample_zip_013.zip,zip,zip,.zip,32768,4096,False,False,8,13,5fd0d9fb609c52ac31d42e0ae8770a30f59c6021d73fec85b31700a72c8779ca
FRAG_001499,FRAG_001499.bin,sample_zip_013.zip,zip,zip,.zip,36864,4096,False,False,9,13,76f0ad1fc286adc32b30e0d4ad5e5a5b9103029864e289086ad4589a1548d6fe
FRAG_001500,FRAG_001500.bin,sample_zip_013.zip,zip,zip,.zip,40960,4096,False,False,10,13,a50fe62257273f2d88f5158e70fd0ee79980ea097c1bd7840c9863b0b8913e6a
FRAG_001501,FRAG_001501.bin,sample_zip_013.zip,zip,zip,.zip,45056,4096,False,False,11,13,c93ac31b244090a46b2737f40c225f14fe960ca44d6cd3f2799052975db9c9bd
FRAG_001502,FRAG_001502.bin,sample_zip_013.zip,zip,zip,.zip,49152,2431,False,True,12,13,619d43c2c177241a3c231ccc6f37b07f708e11da922130de918182f02984d37f
FRAG_001503,FRAG_001503.bin,sample_zip_014.zip,zip,zip,.zip,0,4096,True,False,0,17,283026272d4c4034e12e517e882fa69e62b15a6fe008cbff38466b1280011987
FRAG_001504,FRAG_001504.bin,sample_zip_014.zip,zip,zip,.zip,4096,4096,False,False,1,17,22bedad351e1a4380e68bf6c06395eb6cdac3c0e13c69f50ca1dcdefa45f121c
FRAG_001505,FRAG_001505.bin,sample_zip_014.zip,zip,zip,.zip,8192,4096,False,False,2,17,99d8d89b192977540f7625e827e56a6124ce568beace671bda1b725835122fba
FRAG_001506,FRAG_001506.bin,sample_zip_014.zip,zip,zip,.zip,12288,4096,False,False,3,17,4cc9f26ab243ac2b9b60d955546ef22339e8b005a16be7651bd05ba0c0275d8e
FRAG_001507,FRAG_001507.bin,sample_zip_014.zip,zip,zip,.zip,16384,4096,False,False,4,17,d7cf4e0114acf57fbfda31b7e0994095bf9dcb72ac7cc72b43c33545006c0c1c
FRAG_001508,FRAG_001508.bin,sample_zip_014.zip,zip,zip,.zip,20480,4096,False,False,5,17,98d421e1ac9901b414e6d5f5b419411cf3019aeb9db81638fa2df0161dda3e9b
FRAG_001509,FRAG_001509.bin,sample_zip_014.zip,zip,zip,.zip,24576,4096,False,False,6,17,4b5cbf285491434eebe7b62fb5593d95aee0b9fa10d4a9617b35abfe9a17ab68
FRAG_001510,FRAG_001510.bin,sample_zip_014.zip,zip,zip,.zip,28672,4096,False,False,7,17,bd1a9e407e5a5a5142c965844ba8c8a76bf739689fea602f3c4ee0fdea25056d
FRAG_001511,FRAG_001511.bin,sample_zip_014.zip,zip,zip,.zip,32768,4096,False,False,8,17,33bb1cbb546757916b0b65f1ef769f833a4801b7324a9d0d1029b3afcbc60bd2
FRAG_001512,FRAG_001512.bin,sample_zip_014.zip,zip,zip,.zip,36864,4096,False,False,9,17,abcd84aa7542578bfae355c58a1158d81b3684abbf2cf71966b62b833bfc9626
FRAG_001513,FRAG_001513.bin,sample_zip_014.zip,zip,zip,.zip,40960,4096,False,False,10,17,cfdc246858868d899001af7af0df23f81a76e3cf2e6db7eda0b02da5002c96ba
FRAG_001514,FRAG_001514.bin,sample_zip_014.zip,zip,zip,.zip,45056,4096,False,False,11,17,5bcdcb3ca665eaa68b0c663d737b30f33337d417742af526bffe7e71b5b55720
FRAG_001515,FRAG_001515.bin,sample_zip_014.zip,zip,zip,.zip,49152,4096,False,False,12,17,4572bf9058c03e82a09ccdc7fcccdd1248cad7b8a34a48495b464287d86249bb
FRAG_001516,FRAG_001516.bin,sample_zip_014.zip,zip,zip,.zip,53248,4096,False,False,13,17,1444a25c95ad34a2c02f55a3b56045b7a4bbd38645df9dd23705c7b57db6c7dd
FRAG_001517,FRAG_001517.bin,sample_zip_014.zip,zip,zip,.zip,57344,4096,False,False,14,17,3b1f0eae0e07f21ed1d5345a4b42e7e020e218741dfe3efb1d64d3dcaf33fd1b
FRAG_001518,FRAG_001518.bin,sample_zip_014.zip,zip,zip,.zip,61440,4096,False,False,15,17,e782c566dd09f09fac37fe24390fa297f510c7d39f7bd7722ba1d723b0117cfb
FRAG_001519,FRAG_001519.bin,sample_zip_014.zip,zip,zip,.zip,65536,696,False,True,16,17,7e65b68121a9b3ce3838cf6971ff481b3814ca8f5fafadae53d7872577bd6f09
FRAG_001520,FRAG_001520.bin,sample_zip_015.zip,zip,zip,.zip,0,4096,True,False,0,10,96616183f3c252f0e78dbfa2ec3f760601ae5ef7fd61c0e79d399792b370ba8a
FRAG_001521,FRAG_001521.bin,sample_zip_015.zip,zip,zip,.zip,4096,4096,False,False,1,10,d7814d303d5899a43e16289f4f3fd65e5c31619e2c1ea079c12d56f2c05fd4ba
FRAG_001522,FRAG_001522.bin,sample_zip_015.zip,zip,zip,.zip,8192,4096,False,False,2,10,af46474544cd11d23f1a57c0b6e1fee1b4f55a33013142130e63ea9638aa6051
FRAG_001523,FRAG_001523.bin,sample_zip_015.zip,zip,zip,.zip,12288,4096,False,False,3,10,8aba4b12bff40eddaa00e728af9ab4d550c484bf768d58845b40dc6a058d7b1f
FRAG_001524,FRAG_001524.bin,sample_zip_015.zip,zip,zip,.zip,16384,4096,False,False,4,10,279e53aa725329e679059bdc4813640de224237d9ff9229d86889944827c1555
FRAG_001525,FRAG_001525.bin,sample_zip_015.zip,zip,zip,.zip,20480,4096,False,False,5,10,2a31d888d89d20be36d105a58ec65a68ab592e6621c4d17df765f0612e786fd2
FRAG_001526,FRAG_001526.bin,sample_zip_015.zip,zip,zip,.zip,24576,4096,False,False,6,10,9e37912ed68f781c84c71f584c98d6941fd37e48e0790e847e1bd5c1c5c5c9ad
FRAG_001527,FRAG_001527.bin,sample_zip_015.zip,zip,zip,.zip,28672,4096,False,False,7,10,7bfc69c69de2d83c9575c147b7b672f4a070f4bd74fdaad58590a5237cfeb3a4
FRAG_001528,FRAG_001528.bin,sample_zip_015.zip,zip,zip,.zip,32768,4096,False,False,8,10,faa53b84909bb020066bcaf724cfc0d1453301b57ffbd1da567a6baf08f2e5cb
FRAG_001529,FRAG_001529.bin,sample_zip_015.zip,zip,zip,.zip,36864,1116,False,True,9,10,8b69486d94070e19ad70253d63fd5fe591c778f8000f7136765dfbc25c7cbdb6
FRAG_001530,FRAG_001530.bin,sample_zip_016.zip,zip,zip,.zip,0,4096,True,False,0,14,b6a37171c9bfd13836627ea533d1e9d85099d3e3a6d590d0d1937ff1341ec537
FRAG_001531,FRAG_001531.bin,sample_zip_016.zip,zip,zip,.zip,4096,4096,False,False,1,14,776f50be9b5e613bda8eb32ad96a00df439ac11217e79069ecf9a1d0a9b68e0b
FRAG_001532,FRAG_001532.bin,sample_zip_016.zip,zip,zip,.zip,8192,4096,False,False,2,14,72b0d4438ce82a065b8654ede4b2845b4186cb34741dc7901a501e1309fbd17f
FRAG_001533,FRAG_001533.bin,sample_zip_016.zip,zip,zip,.zip,12288,4096,False,False,3,14,9df23ae611b9962a33f08d5bb189c5559a144136beb025cd753632fb70903ae7
FRAG_001534,FRAG_001534.bin,sample_zip_016.zip,zip,zip,.zip,16384,4096,False,False,4,14,3f45c6736de97d669a996a98159058aa0501e6fbdc24af0e2a310b0724c698d8
FRAG_001535,FRAG_001535.bin,sample_zip_016.zip,zip,zip,.zip,20480,4096,False,False,5,14,faad0f9c320f896b5349747d0eb8ee5cea3d8556daf613f71a035622b35d714a
FRAG_001536,FRAG_001536.bin,sample_zip_016.zip,zip,zip,.zip,24576,4096,False,False,6,14,7403dc2b95bcc64cc0114ee0d197b81e36d81be831efb0cb1b7451ae78420685
FRAG_001537,FRAG_001537.bin,sample_zip_016.zip,zip,zip,.zip,28672,4096,False,False,7,14,7a9bd52b6eacd3bdf867dc7ca1975b341403746363c5fa06694b983608a29ce7
FRAG_001538,FRAG_001538.bin,sample_zip_016.zip,zip,zip,.zip,32768,4096,False,False,8,14,bfd90685d7966d4b4874d47b711781a61f2262f40f8797862b7fc9925d256f58
FRAG_001539,FRAG_001539.bin,sample_zip_016.zip,zip,zip,.zip,36864,4096,False,False,9,14,a52494a93a3f38665e148b1419b8a2b275bdbe79979d2a5579accc6138df43dc
FRAG_001540,FRAG_001540.bin,sample_zip_016.zip,zip,zip,.zip,40960,4096,False,False,10,14,b16e90e7afbd1d360bc2c1c663646a23c1f719ad20eba3a06254a74af3fad599
FRAG_001541,FRAG_001541.bin,sample_zip_016.zip,zip,zip,.zip,45056,4096,False,False,11,14,fe527ff60ec977521e186c2222ed70686d13d433474728801ca4dc164839c4e3
FRAG_001542,FRAG_001542.bin,sample_zip_016.zip,zip,zip,.zip,49152,4096,False,False,12,14,ee6a4a26cadb65a25242d794a387179775dd32c1d2656043c240c3bcc5680a52
FRAG_001543,FRAG_001543.bin,sample_zip_016.zip,zip,zip,.zip,53248,1151,False,True,13,14,114b36423b3c3c6865992641758534db4469b52921c2dafce1ed67dfd52371b0
FRAG_001544,FRAG_001544.bin,sample_zip_017.zip,zip,zip,.zip,0,4096,True,False,0,14,928a1d7f63f371a04b7a7fcecd365c3385fc5e292aaeb2f1a87b28a0fc314c36
FRAG_001545,FRAG_001545.bin,sample_zip_017.zip,zip,zip,.zip,4096,4096,False,False,1,14,f832b4b85fad224fdc3006dfd97e46d86e8fd893c8eee0886c7b944041662743
FRAG_001546,FRAG_001546.bin,sample_zip_017.zip,zip,zip,.zip,8192,4096,False,False,2,14,7d51de59fa9d48370403ea0b50967012862061eddee1301c994dd3560bdeb091
FRAG_001547,FRAG_001547.bin,sample_zip_017.zip,zip,zip,.zip,12288,4096,False,False,3,14,55c796856fea11d4e2c5bfbceb307b5e403cd7da444e67b78d94953b0f6cc5d4
FRAG_001548,FRAG_001548.bin,sample_zip_017.zip,zip,zip,.zip,16384,4096,False,False,4,14,3f4f59da2257fe753ecc731336731b12634c49153c83c78b65db28efa730b75b
FRAG_001549,FRAG_001549.bin,sample_zip_017.zip,zip,zip,.zip,20480,4096,False,False,5,14,12c32b82bfae046a6bf5d01211126f93d9b6e664724938adf4d02f9e56e59b33
FRAG_001550,FRAG_001550.bin,sample_zip_017.zip,zip,zip,.zip,24576,4096,False,False,6,14,d59230e71b0b7ffde0ef3b9546fc6d282f1f5671011a474be6f3cc45a3dc9111
FRAG_001551,FRAG_001551.bin,sample_zip_017.zip,zip,zip,.zip,28672,4096,False,False,7,14,4ec3114ea1b23c9a8c6c42284bb3fa9326d1a6edcf8db9f64fdd9d5350bd1bf2
FRAG_001552,FRAG_001552.bin,sample_zip_017.zip,zip,zip,.zip,32768,4096,False,False,8,14,4bd90be2dc390d113d8b2393e4d11ef368f3fd2e01a2cab5c4fdcdef089ee0ef
FRAG_001553,FRAG_001553.bin,sample_zip_017.zip,zip,zip,.zip,36864,4096,False,False,9,14,43c1a72dff011e7f853651ac0e595bc37ce4a50af007fabf8506e6f9c2772745
FRAG_001554,FRAG_001554.bin,sample_zip_017.zip,zip,zip,.zip,40960,4096,False,False,10,14,1c753f20d9de6bd5bb7ba5df1892898b1b7e0d62d384a2c926ce8e78c075ca61
FRAG_001555,FRAG_001555.bin,sample_zip_017.zip,zip,zip,.zip,45056,4096,False,False,11,14,e399b095f8b00c990d7daa1a7f2b0dcbf58a5a2dff6cff6f09435c5c1f773565
FRAG_001556,FRAG_001556.bin,sample_zip_017.zip,zip,zip,.zip,49152,4096,False,False,12,14,29027c1fd258fac2720bb502ef2baa1c6cc592eba04078c080b579498297cce7
FRAG_001557,FRAG_001557.bin,sample_zip_017.zip,zip,zip,.zip,53248,3224,False,True,13,14,1b7d597d75ca5a2bfdff436119cddb0de31a766b4ed10628231fb5135d8e6901
FRAG_001558,FRAG_001558.bin,sample_zip_018.zip,zip,zip,.zip,0,4096,True,False,0,10,52a68e6445a96323758379f5853517ebc76a79df9ff0a219f8a52e274af540fc
FRAG_001559,FRAG_001559.bin,sample_zip_018.zip,zip,zip,.zip,4096,4096,False,False,1,10,e19a80593c0976061995605b67ea048d8c62cd4b50db31277d27e94e3b14c234
FRAG_001560,FRAG_001560.bin,sample_zip_018.zip,zip,zip,.zip,8192,4096,False,False,2,10,d9752cc6dac63f5942f139ab54d9e90a00a8dc68795d991559a116ccfbc68d48
FRAG_001561,FRAG_001561.bin,sample_zip_018.zip,zip,zip,.zip,12288,4096,False,False,3,10,0d58d8b8afa56383a920577e12631e2454ec23faaea37d234a2c4c948d8528ce
FRAG_001562,FRAG_001562.bin,sample_zip_018.zip,zip,zip,.zip,16384,4096,False,False,4,10,f577293c76b11a5927cfe2cc4ed0015af33b4d9b4472c45244584ed9bf1a161b
FRAG_001563,FRAG_001563.bin,sample_zip_018.zip,zip,zip,.zip,20480,4096,False,False,5,10,43fb430deaf4a2848f7a358c8da0089e32d9775db6dcb79332cd6a1b0c668ead
FRAG_001564,FRAG_001564.bin,sample_zip_018.zip,zip,zip,.zip,24576,4096,False,False,6,10,ff663a65af116248ae543f8ff230651ba1eef260de1860776092fc10f51fadff
FRAG_001565,FRAG_001565.bin,sample_zip_018.zip,zip,zip,.zip,28672,4096,False,False,7,10,c4946e0d22a706cc1c09014cbebc0b984065e48a0acd5e938d40e75f4e1747ae
FRAG_001566,FRAG_001566.bin,sample_zip_018.zip,zip,zip,.zip,32768,4096,False,False,8,10,38bfa762b0bcc4c3a6b28dfe3d0f1da889a73ae1bcebaacb671ad2a83f6c807e
FRAG_001567,FRAG_001567.bin,sample_zip_018.zip,zip,zip,.zip,36864,773,False,True,9,10,a3230c7052cc00950b7b254685da799a2b314b1a448945044c267dbc5813d990
FRAG_001568,FRAG_001568.bin,sample_zip_019.zip,zip,zip,.zip,0,4096,True,False,0,8,9832cff234aa08463a8596ff37ef8483530978a651535623f35f3d7cbeb0bd33
FRAG_001569,FRAG_001569.bin,sample_zip_019.zip,zip,zip,.zip,4096,4096,False,False,1,8,03a3aca52f36c3099305d19a22b71160fa40932fcfd67703b657199f2935ab6c
FRAG_001570,FRAG_001570.bin,sample_zip_019.zip,zip,zip,.zip,8192,4096,False,False,2,8,d5b1768fe1ecae950f513828bf6af90de62fcf0823aa1ca870c8adebab3972a3
FRAG_001571,FRAG_001571.bin,sample_zip_019.zip,zip,zip,.zip,12288,4096,False,False,3,8,e54ae1dda5864f2a9ac27d4605ced52a79bcbb62f9e13fe00da53b64029fc406
FRAG_001572,FRAG_001572.bin,sample_zip_019.zip,zip,zip,.zip,16384,4096,False,False,4,8,2c46edf48cf938eecabcca3b14dc4c7d1a9bb3d54e06b9f2e9ee3a44f738b8cc
FRAG_001573,FRAG_001573.bin,sample_zip_019.zip,zip,zip,.zip,20480,4096,False,False,5,8,e5c5314a5941f4d5f4029b2275d475251247545ab408213d0e8e13fb92529fe4
FRAG_001574,FRAG_001574.bin,sample_zip_019.zip,zip,zip,.zip,24576,4096,False,False,6,8,ef1d7de2915a380290477b7828f3d99dc52f252d23887193ef316da8470252e6
FRAG_001575,FRAG_001575.bin,sample_zip_019.zip,zip,zip,.zip,28672,4008,False,True,7,8,86941a5968f51e028d9ee8718ffecd417ab24448e026c937fef4bcec80d56686
FRAG_001576,FRAG_001576.bin,sample_zip_020.zip,zip,zip,.zip,0,4096,True,False,0,13,c8368bf4c272064ebba730e97fd7230834f700cee4b5c9d821f087625d1966eb
FRAG_001577,FRAG_001577.bin,sample_zip_020.zip,zip,zip,.zip,4096,4096,False,False,1,13,63cccb717c79ee67a14ae830dd9f12856affd58cb3f51c89e94f772870a350e5
FRAG_001578,FRAG_001578.bin,sample_zip_020.zip,zip,zip,.zip,8192,4096,False,False,2,13,88aad9cda9a17287c06ddf5538b365f32f1187b1ac03112f42bc4d5df8e81708
FRAG_001579,FRAG_001579.bin,sample_zip_020.zip,zip,zip,.zip,12288,4096,False,False,3,13,8adb96c72c22bd2a68e8e6a7e9ff9c4d5cd3f5522b2c80babd506fe6753d8b0a
FRAG_001580,FRAG_001580.bin,sample_zip_020.zip,zip,zip,.zip,16384,4096,False,False,4,13,3c8fa6eaa584b9ef46e21325d7ebd5c593c18dc07ca7be48a777695d7c279cd8
FRAG_001581,FRAG_001581.bin,sample_zip_020.zip,zip,zip,.zip,20480,4096,False,False,5,13,22ba858d76cda7f025f829978172b4e3325fb62b0e75754e08ced4de3d8b2751
FRAG_001582,FRAG_001582.bin,sample_zip_020.zip,zip,zip,.zip,24576,4096,False,False,6,13,cf61b59ec2d26164e4ae48067fc69c3132b4773d124d71dc00902379df3e4b46
FRAG_001583,FRAG_001583.bin,sample_zip_020.zip,zip,zip,.zip,28672,4096,False,False,7,13,ad933fd3b99d37532f8fdf946b125c7b798667260f943653391bf8f05b90c270
FRAG_001584,FRAG_001584.bin,sample_zip_020.zip,zip,zip,.zip,32768,4096,False,False,8,13,33fc282dd1137c78139dbf5f61645f524115332237bfb7a51123731099651cc0
FRAG_001585,FRAG_001585.bin,sample_zip_020.zip,zip,zip,.zip,36864,4096,False,False,9,13,14b4099bc5b2929f95d98f2b31e018571b5d8305bfb279a75939897cef3db988
FRAG_001586,FRAG_001586.bin,sample_zip_020.zip,zip,zip,.zip,40960,4096,False,False,10,13,1c12f35d9745b865f2fed48b85e50e40cd5c2c71713c168fc1cf5168f220b978
FRAG_001587,FRAG_001587.bin,sample_zip_020.zip,zip,zip,.zip,45056,4096,False,False,11,13,978e10990b856be5c9fedc42b265d321e4946ba5144f64b416729e966bb8da94
FRAG_001588,FRAG_001588.bin,sample_zip_020.zip,zip,zip,.zip,49152,3921,False,True,12,13,d1808e9546e76b4532c4eaae3da6f0a1f513dce3313c8ec2cb98d83adcdb75c8
FRAG_001589,FRAG_001589.bin,sample_zip_021.zip,zip,zip,.zip,0,4096,True,False,0,14,1836b485e2f9fafe3726081f384e885bdfc6c9465fe2eab931e640423aadd80f
FRAG_001590,FRAG_001590.bin,sample_zip_021.zip,zip,zip,.zip,4096,4096,False,False,1,14,d47fc51d2b7faceaadfe0c5e0ee480184ec83b1d0e152afbcc40d60537441122
FRAG_001591,FRAG_001591.bin,sample_zip_021.zip,zip,zip,.zip,8192,4096,False,False,2,14,cb06adc41254dcd250741f5dddfb8349e287912d72e6411912d3c08ff8705a7b
FRAG_001592,FRAG_001592.bin,sample_zip_021.zip,zip,zip,.zip,12288,4096,False,False,3,14,5d122aeb7920d3c460d124bf489be58e99eb7ba8b58675fee1905ec29f20076d
FRAG_001593,FRAG_001593.bin,sample_zip_021.zip,zip,zip,.zip,16384,4096,False,False,4,14,a09d648b5c68fab294d4f84ffcb1d04b7d2fd79edb9e0bd0db9d4d830541fbe7
FRAG_001594,FRAG_001594.bin,sample_zip_021.zip,zip,zip,.zip,20480,4096,False,False,5,14,849e2c23d1c3943d04ae25444e34db7792f3613484016a45a59bb5ed9827b09a
FRAG_001595,FRAG_001595.bin,sample_zip_021.zip,zip,zip,.zip,24576,4096,False,False,6,14,6f96f8dea8e331d4c31180a85e28a3bfdccca23f6eef20cac306094dc5812a5a
FRAG_001596,FRAG_001596.bin,sample_zip_021.zip,zip,zip,.zip,28672,4096,False,False,7,14,b0aed64c78dca648a66ef144256a59ed3dacefbb320463a76cf8d2756e31152a
FRAG_001597,FRAG_001597.bin,sample_zip_021.zip,zip,zip,.zip,32768,4096,False,False,8,14,787ee34d997951b4df89cce75f5fea8a76abbbeecf79df312376238660fc9807
FRAG_001598,FRAG_001598.bin,sample_zip_021.zip,zip,zip,.zip,36864,4096,False,False,9,14,30f4f8e3e068928fe1fdbb2728a42da34550cd5b2f2c4737c948487e7271f206
FRAG_001599,FRAG_001599.bin,sample_zip_021.zip,zip,zip,.zip,40960,4096,False,False,10,14,a5b05be7364a0d8316cd0f10f0bad7ba5824de604fc7420b6368f4c2c500a66a
FRAG_001600,FRAG_001600.bin,sample_zip_021.zip,zip,zip,.zip,45056,4096,False,False,11,14,e0a1de74262b439748701ac8e1ccf5214f06e7439318c747c46cb974bb529719
FRAG_001601,FRAG_001601.bin,sample_zip_021.zip,zip,zip,.zip,49152,4096,False,False,12,14,a04571df0bc5f26253c5d0aa8cf1cc778cd448d2d821077ccee0514377a5d2fa
FRAG_001602,FRAG_001602.bin,sample_zip_021.zip,zip,zip,.zip,53248,2529,False,True,13,14,ed72ecc8def0df4d2483f1e3010c72b6063ada05f402e0101010f7ac0f0e478f
FRAG_001603,FRAG_001603.bin,sample_zip_022.zip,zip,zip,.zip,0,4096,True,False,0,7,df812fa1c353d9af68045675dadab395abe37f246ca8bc6c4e2b7c5e618bfb33
FRAG_001604,FRAG_001604.bin,sample_zip_022.zip,zip,zip,.zip,4096,4096,False,False,1,7,a009e57b5dcbf24f994e8d3b0c87aaabdce6f53b45c6eabbf30cdbd9b0ffb1e6
FRAG_001605,FRAG_001605.bin,sample_zip_022.zip,zip,zip,.zip,8192,4096,False,False,2,7,aa9fc532100805628e097379bda357d921deebaca1230897cc676cd10553e8eb
FRAG_001606,FRAG_001606.bin,sample_zip_022.zip,zip,zip,.zip,12288,4096,False,False,3,7,a2b69eeb3f4d1b6adbc6ba565ad615c3e18116afc2d9fbda3ad47a34be13470c
FRAG_001607,FRAG_001607.bin,sample_zip_022.zip,zip,zip,.zip,16384,4096,False,False,4,7,0b539ab06d6a14385e53e7ae63211d02bce0dfe159b13333e8bc669f7ab6cea0
FRAG_001608,FRAG_001608.bin,sample_zip_022.zip,zip,zip,.zip,20480,4096,False,False,5,7,d9181183182728bcd5bcb48f16b2f251f2dd9074e8bc722b314ea22f601d2443
FRAG_001609,FRAG_001609.bin,sample_zip_022.zip,zip,zip,.zip,24576,2425,False,True,6,7,7753acf8c4ce2568f0666c7fc8128f9f765ed94fe1b16bd9b907ee6ad1d56e3c
FRAG_001610,FRAG_001610.bin,sample_zip_023.zip,zip,zip,.zip,0,4096,True,False,0,7,2029fd31654f844a988b3499d92b4c0337ea5872efdce69f46cfa36c543e1d82
FRAG_001611,FRAG_001611.bin,sample_zip_023.zip,zip,zip,.zip,4096,4096,False,False,1,7,e2bea167178d51b258bd4945a67f773f14699277b429c0856d8ebadda2aeff3c
FRAG_001612,FRAG_001612.bin,sample_zip_023.zip,zip,zip,.zip,8192,4096,False,False,2,7,1e25cbb8e196e0fc3a50ee86a0053ea2e570d6c1b020b32adb501af8d1ed1410
FRAG_001613,FRAG_001613.bin,sample_zip_023.zip,zip,zip,.zip,12288,4096,False,False,3,7,fad3cf5187e751e85e65f3d6bb0946653fc13a8b6e7217017e74eef41770274d
FRAG_001614,FRAG_001614.bin,sample_zip_023.zip,zip,zip,.zip,16384,4096,False,False,4,7,06a4e874a9e22ffde6d84d8815ce643a3df00a84c08ef75fccd9a54c240e61b3
FRAG_001615,FRAG_001615.bin,sample_zip_023.zip,zip,zip,.zip,20480,4096,False,False,5,7,c70533b829ad1c110fff049aa71462bbf513d9992958c50fac1b3caadbdf7f5f
FRAG_001616,FRAG_001616.bin,sample_zip_023.zip,zip,zip,.zip,24576,3003,False,True,6,7,03c0322592a49b434bedd0bd71c43cf753eca428dac1227d51ae090fd073a604
FRAG_001617,FRAG_001617.bin,sample_zip_024.zip,zip,zip,.zip,0,4096,True,False,0,6,8e10a1538f31e719a92330701fbf766ef299e8e3974fcc986a7674992e9838dd
FRAG_001618,FRAG_001618.bin,sample_zip_024.zip,zip,zip,.zip,4096,4096,False,False,1,6,2d45a74c5606379e37745e40530faad961bb4905c6a36429a1b358c4fb4a3bd3
FRAG_001619,FRAG_001619.bin,sample_zip_024.zip,zip,zip,.zip,8192,4096,False,False,2,6,432a9420588ea5d2045c361acde7051588a511d111946e5a781c7a28402aa274
FRAG_001620,FRAG_001620.bin,sample_zip_024.zip,zip,zip,.zip,12288,4096,False,False,3,6,c23aacd65206263dabf87168d30e26c8f7888377a772b1ab71129e51c05a3907
FRAG_001621,FRAG_001621.bin,sample_zip_024.zip,zip,zip,.zip,16384,4096,False,False,4,6,ccc4d546c7dd6906ebca7a0a30810dca2bdc20f8dab34c013df07214f02f19e5
FRAG_001622,FRAG_001622.bin,sample_zip_024.zip,zip,zip,.zip,20480,1052,False,True,5,6,aca6518be2c138e23e96fda0cd4d4ceda5926e058d5284b8037b9aeb19684064
FRAG_001623,FRAG_001623.bin,sample_zip_025.zip,zip,zip,.zip,0,4096,True,False,0,15,c236abe609a72d72c018a89deca3a56422b1dc0fa8531ec70b7031a59c409ba3
FRAG_001624,FRAG_001624.bin,sample_zip_025.zip,zip,zip,.zip,4096,4096,False,False,1,15,fbe62e1de14f93452ef778cb41d102b4e57004d7fbdbe671ab6393f242cae91c
FRAG_001625,FRAG_001625.bin,sample_zip_025.zip,zip,zip,.zip,8192,4096,False,False,2,15,42b54f1fd7e3603fc8bc7bae6769545b7c561f9f476356be47dcd462c9a451c2
FRAG_001626,FRAG_001626.bin,sample_zip_025.zip,zip,zip,.zip,12288,4096,False,False,3,15,eb248d2a841c585712a67af8b851c703ad8d8e43ff517141f21c03f16c69a972
FRAG_001627,FRAG_001627.bin,sample_zip_025.zip,zip,zip,.zip,16384,4096,False,False,4,15,8978328b6077368f06b8278b404f0774bc3d5c8182f8bf860e7723f0774dd56d
FRAG_001628,FRAG_001628.bin,sample_zip_025.zip,zip,zip,.zip,20480,4096,False,False,5,15,7ced7c5e00e00170320c24b4cb6a1c2665d087aa2f1a10751762dd93c81c2515
FRAG_001629,FRAG_001629.bin,sample_zip_025.zip,zip,zip,.zip,24576,4096,False,False,6,15,b9860f18c3a1aa20ffd38be70ebbc1624606bac0ccdf7920b446e3f9b85bac2e
FRAG_001630,FRAG_001630.bin,sample_zip_025.zip,zip,zip,.zip,28672,4096,False,False,7,15,fc6647b79d80abdff1da22f778fbbc9267c4ac428ad0fc0e421e543a974e4744
FRAG_001631,FRAG_001631.bin,sample_zip_025.zip,zip,zip,.zip,32768,4096,False,False,8,15,82bc6ecea0d6feb421231e3d7c927ccc731c1235a25eba081d75d07b6765587a
FRAG_001632,FRAG_001632.bin,sample_zip_025.zip,zip,zip,.zip,36864,4096,False,False,9,15,d77fc5ce7611815763c924f737a5346aff522bfb182e896e267e4aa06b4e9ec7
FRAG_001633,FRAG_001633.bin,sample_zip_025.zip,zip,zip,.zip,40960,4096,False,False,10,15,cadd817942a2a8a5df7a93258016b16db4c19be6c3798439203f45bf982cdfbb
FRAG_001634,FRAG_001634.bin,sample_zip_025.zip,zip,zip,.zip,45056,4096,False,False,11,15,6a34cb98407aa3475e793440720ab9742d523f325a95471ed43dcdf8f3303ec7
FRAG_001635,FRAG_001635.bin,sample_zip_025.zip,zip,zip,.zip,49152,4096,False,False,12,15,4edac95226051aecb1a225fd98f659dea302d649fd745c84876a4f11eca50d36
FRAG_001636,FRAG_001636.bin,sample_zip_025.zip,zip,zip,.zip,53248,4096,False,False,13,15,21426793770a5f6fc6a173e34797af942a2eb0879978fd872d94d89579c8bcea
FRAG_001637,FRAG_001637.bin,sample_zip_025.zip,zip,zip,.zip,57344,865,False,True,14,15,688715fff14e683fc55a796bed10e8a387621d7a7fef87116960ce7376532e64
