pair_id,frag_a_id,frag_b_id,frag_a_file,frag_b_file,source_a,source_b,type_a,type_b,index_a,index_b,is_header_a,is_footer_b,label,pair_type
PAIR_NEG_000793,FRAG_000934,FRAG_000016,FRAG_000934.bin,FRAG_000016.bin,sample_png_016.png,sample_jpeg_002.jpeg,png,jpeg,7,2,0,0,0,negative_diff_type
PAIR_NEG_000006,FRAG_000463,FRAG_000742,FRAG_000463.bin,FRAG_000742.bin,sample_pdf_011.pdf,sample_pdf_023.pdf,pdf,pdf,10,0,0,0,0,negative_same_type
PAIR_NEG_000710,FRAG_001001,FRAG_000917,FRAG_001001.bin,FRAG_000917.bin,sample_png_023.png,sample_png_014.png,png,png,5,6,0,0,0,negative_same_type
PAIR_NEG_001448,FRAG_000900,FRAG_000743,FRAG_000900.bin,FRAG_000743.bin,sample_png_012.png,sample_pdf_023.pdf,png,pdf,3,1,0,0,0,negative_diff_type
PAIR_POS_000118,FRAG_000132,FRAG_000133,FRAG_000132.bin,FRAG_000133.bin,sample_jpeg_015.jpeg,sample_jpeg_015.jpeg,jpeg,jpeg,7,8,0,0,1,consecutive_neighbor
PAIR_NEG_000669,FRAG_001505,FRAG_001477,FRAG_001505.bin,FRAG_001477.bin,sample_zip_014.zip,sample_zip_011.zip,zip,zip,2,14,0,0,0,negative_same_type
PAIR_POS_001344,FRAG_001452,FRAG_001453,FRAG_001452.bin,FRAG_001453.bin,sample_zip_009.zip,sample_zip_009.zip,zip,zip,8,9,0,0,1,consecutive_neighbor
PAIR_NEG_001355,FRAG_000787,FRAG_000119,FRAG_000787.bin,FRAG_000119.bin,sample_pdf_025.pdf,sample_jpeg_013.jpeg,pdf,jpeg,19,7,0,0,0,negative_diff_type
PAIR_NEG_001321,FRAG_000107,FRAG_000781,FRAG_000107.bin,FRAG_000781.bin,sample_jpeg_012.jpg,sample_pdf_025.pdf,jpeg,pdf,8,13,0,0,0,negative_diff_type
PAIR_NEG_000193,FRAG_001255,FRAG_001157,FRAG_001255.bin,FRAG_001157.bin,sample_text_016.json,sample_text_011.json,text,text,17,10,0,0,0,negative_same_type
PAIR_NEG_000721,FRAG_000963,FRAG_000996,FRAG_000963.bin,FRAG_000996.bin,sample_png_019.png,sample_png_023.png,png,png,6,0,0,0,0,negative_same_type
PAIR_NEG_000625,FRAG_000959,FRAG_000998,FRAG_000959.bin,FRAG_000998.bin,sample_png_019.png,sample_png_023.png,png,png,2,2,0,0,0,negative_same_type
PAIR_POS_001132,FRAG_001221,FRAG_001222,FRAG_001221.bin,FRAG_001222.bin,sample_text_015.json,sample_text_015.json,text,text,16,17,0,0,1,consecutive_neighbor
PAIR_POS_001435,FRAG_001551,FRAG_001552,FRAG_001551.bin,FRAG_001552.bin,sample_zip_017.zip,sample_zip_017.zip,zip,zip,7,8,0,0,1,consecutive_neighbor
PAIR_NEG_001013,FRAG_000475,FRAG_000023,FRAG_000475.bin,FRAG_000023.bin,sample_pdf_011.pdf,sample_jpeg_002.jpeg,pdf,jpeg,22,9,0,0,0,negative_diff_type
PAIR_POS_000992,FRAG_001070,FRAG_001071,FRAG_001070.bin,FRAG_001071.bin,sample_text_004.json,sample_text_004.json,text,text,3,4,0,0,1,consecutive_neighbor
PAIR_NEG_000815,FRAG_001394,FRAG_001201,FRAG_001394.bin,FRAG_001201.bin,sample_zip_003.zip,sample_text_014.txt,zip,text,9,4,0,0,0,negative_diff_type
PAIR_NEG_001201,FRAG_000655,FRAG_000997,FRAG_000655.bin,FRAG_000997.bin,sample_pdf_019.pdf,sample_png_023.png,pdf,png,22,1,0,0,0,negative_diff_type
PAIR_POS_000956,FRAG_001031,FRAG_001032,FRAG_001031.bin,FRAG_001032.bin,sample_text_001.json,sample_text_001.json,text,text,6,7,0,0,1,consecutive_neighbor
PAIR_NEG_000744,FRAG_000522,FRAG_000268,FRAG_000522.bin,FRAG_000268.bin,sample_pdf_013.pdf,sample_pdf_002.pdf,pdf,pdf,4,9,0,0,0,negative_same_type
PAIR_NEG_000568,FRAG_001433,FRAG_001515,FRAG_001433.bin,FRAG_001515.bin,sample_zip_008.zip,sample_zip_014.zip,zip,zip,1,12,0,0,0,negative_same_type
PAIR_POS_000263,FRAG_000290,FRAG_000291,FRAG_000290.bin,FRAG_000291.bin,sample_pdf_003.pdf,sample_pdf_003.pdf,pdf,pdf,10,11,0,0,1,consecutive_neighbor
PAIR_NEG_001390,FRAG_001626,FRAG_000036,FRAG_001626.bin,FRAG_000036.bin,sample_zip_025.zip,sample_jpeg_004.jpeg,zip,jpeg,3,2,0,0,0,negative_diff_type
PAIR_NEG_000627,FRAG_001211,FRAG_001287,FRAG_001211.bin,FRAG_001287.bin,sample_text_015.json,sample_text_019.txt,text,text,6,0,0,0,0,negative_same_type
PAIR_POS_001481,FRAG_001601,FRAG_001602,FRAG_001601.bin,FRAG_001602.bin,sample_zip_021.zip,sample_zip_021.zip,zip,zip,12,13,0,1,1,consecutive_neighbor
PAIR_NEG_000081,FRAG_001206,FRAG_001241,FRAG_001206.bin,FRAG_001241.bin,sample_text_015.json,sample_text_016.json,text,text,1,3,0,0,0,negative_same_type
PAIR_POS_000465,FRAG_000501,FRAG_000502,FRAG_000501.bin,FRAG_000502.bin,sample_pdf_012.pdf,sample_pdf_012.pdf,pdf,pdf,18,19,0,0,1,consecutive_neighbor
PAIR_NEG_000244,FRAG_001103,FRAG_001247,FRAG_001103.bin,FRAG_001247.bin,sample_text_007.csv,sample_text_016.json,text,text,5,9,0,0,0,negative_same_type
PAIR_NEG_001250,FRAG_001072,FRAG_000891,FRAG_001072.bin,FRAG_000891.bin,sample_text_004.json,sample_png_011.png,text,png,5,3,0,0,0,negative_diff_type
PAIR_NEG_001035,FRAG_000879,FRAG_001414,FRAG_000879.bin,FRAG_001414.bin,sample_png_009.png,sample_zip_006.zip,png,zip,10,4,0,0,0,negative_diff_type
PAIR_POS_000327,FRAG_000357,FRAG_000358,FRAG_000357.bin,FRAG_000358.bin,sample_pdf_006.pdf,sample_pdf_006.pdf,pdf,pdf,9,10,0,0,1,consecutive_neighbor
PAIR_POS_001146,FRAG_001235,FRAG_001236,FRAG_001235.bin,FRAG_001236.bin,sample_text_015.json,sample_text_015.json,text,text,30,31,0,0,1,consecutive_neighbor
PAIR_NEG_000151,FRAG_001574,FRAG_001539,FRAG_001574.bin,FRAG_001539.bin,sample_zip_019.zip,sample_zip_016.zip,zip,zip,6,9,0,0,0,negative_same_type
PAIR_NEG_001051,FRAG_000492,FRAG_001013,FRAG_000492.bin,FRAG_001013.bin,sample_pdf_012.pdf,sample_png_025.png,pdf,png,9,2,0,0,0,negative_diff_type
PAIR_NEG_000575,FRAG_000620,FRAG_000308,FRAG_000620.bin,FRAG_000308.bin,sample_pdf_018.pdf,sample_pdf_004.pdf,pdf,pdf,17,2,0,0,0,negative_same_type
PAIR_NEG_001166,FRAG_000721,FRAG_001289,FRAG_000721.bin,FRAG_001289.bin,sample_pdf_022.pdf,sample_text_019.txt,pdf,text,1,2,0,0,0,negative_diff_type
PAIR_POS_000574,FRAG_000616,FRAG_000617,FRAG_000616.bin,FRAG_000617.bin,sample_pdf_018.pdf,sample_pdf_018.pdf,pdf,pdf,13,14,0,0,1,consecutive_neighbor
PAIR_NEG_000385,FRAG_001165,FRAG_001029,FRAG_001165.bin,FRAG_001029.bin,sample_text_011.json,sample_text_001.json,text,text,18,4,0,0,0,negative_same_type
PAIR_NEG_000991,FRAG_000768,FRAG_000145,FRAG_000768.bin,FRAG_000145.bin,sample_pdf_025.pdf,sample_jpeg_016.jpeg,pdf,jpeg,0,5,1,0,0,negative_diff_type
PAIR_POS_001254,FRAG_001352,FRAG_001353,FRAG_001352.bin,FRAG_001353.bin,sample_text_024.txt,sample_text_024.txt,text,text,11,12,0,0,1,consecutive_neighbor
PAIR_NEG_000652,FRAG_001294,FRAG_001235,FRAG_001294.bin,FRAG_001235.bin,sample_text_019.txt,sample_text_015.json,text,text,7,30,0,0,0,negative_same_type
PAIR_NEG_000317,FRAG_000901,FRAG_000973,FRAG_000901.bin,FRAG_000973.bin,sample_png_012.png,sample_png_020.png,png,png,4,4,0,1,0,negative_same_type
PAIR_POS_000407,FRAG_000440,FRAG_000441,FRAG_000440.bin,FRAG_000441.bin,sample_pdf_009.pdf,sample_pdf_009.pdf,pdf,pdf,30,31,0,0,1,consecutive_neighbor
PAIR_NEG_000572,FRAG_000686,FRAG_000582,FRAG_000686.bin,FRAG_000582.bin,sample_pdf_020.pdf,sample_pdf_016.pdf,pdf,pdf,13,21,0,1,0,negative_same_type
PAIR_NEG_000160,FRAG_000134,FRAG_000207,FRAG_000134.bin,FRAG_000207.bin,sample_jpeg_015.jpeg,sample_jpeg_024.jpeg,jpeg,jpeg,9,2,0,0,0,negative_same_type
PAIR_NEG_000725,FRAG_000257,FRAG_000337,FRAG_000257.bin,FRAG_000337.bin,sample_pdf_001.pdf,sample_pdf_005.pdf,pdf,pdf,32,23,0,0,0,negative_same_type
PAIR_NEG_000967,FRAG_000132,FRAG_001167,FRAG_000132.bin,FRAG_001167.bin,sample_jpeg_015.jpeg,sample_text_011.json,jpeg,text,7,20,0,0,0,negative_diff_type
PAIR_NEG_000732,FRAG_001562,FRAG_001530,FRAG_001562.bin,FRAG_001530.bin,sample_zip_018.zip,sample_zip_016.zip,zip,zip,4,0,0,0,0,negative_same_type
PAIR_POS_001018,FRAG_001099,FRAG_001100,FRAG_001099.bin,FRAG_001100.bin,sample_text_007.csv,sample_text_007.csv,text,text,1,2,0,0,1,consecutive_neighbor
PAIR_NEG_001194,FRAG_001157,FRAG_000903,FRAG_001157.bin,FRAG_000903.bin,sample_text_011.json,sample_png_013.png,text,png,10,0,0,0,0,negative_diff_type
PAIR_POS_001270,FRAG_001370,FRAG_001371,FRAG_001370.bin,FRAG_001371.bin,sample_zip_001.zip,sample_zip_001.zip,zip,zip,0,1,1,0,1,consecutive_neighbor
PAIR_NEG_000832,FRAG_000915,FRAG_001075,FRAG_000915.bin,FRAG_001075.bin,sample_png_014.png,sample_text_004.json,png,text,4,8,0,0,0,negative_diff_type
PAIR_POS_001465,FRAG_001584,FRAG_001585,FRAG_001584.bin,FRAG_001585.bin,sample_zip_020.zip,sample_zip_020.zip,zip,zip,8,9,0,0,1,consecutive_neighbor
PAIR_POS_000242,FRAG_000268,FRAG_000269,FRAG_000268.bin,FRAG_000269.bin,sample_pdf_002.pdf,sample_pdf_002.pdf,pdf,pdf,9,10,0,0,1,consecutive_neighbor
PAIR_POS_000075,FRAG_000084,FRAG_000085,FRAG_000084.bin,FRAG_000085.bin,sample_jpeg_010.jpg,sample_jpeg_010.jpg,jpeg,jpeg,6,7,0,0,1,consecutive_neighbor
PAIR_NEG_000943,FRAG_000742,FRAG_001359,FRAG_000742.bin,FRAG_001359.bin,sample_pdf_023.pdf,sample_text_025.log,pdf,text,0,1,1,0,0,negative_diff_type
PAIR_NEG_000397,FRAG_000488,FRAG_000718,FRAG_000488.bin,FRAG_000718.bin,sample_pdf_012.pdf,sample_pdf_021.pdf,pdf,pdf,5,10,0,0,0,negative_same_type
PAIR_NEG_000588,FRAG_001330,FRAG_001299,FRAG_001330.bin,FRAG_001299.bin,sample_text_022.log,sample_text_019.txt,text,text,5,12,0,0,0,negative_same_type
PAIR_POS_000341,FRAG_000372,FRAG_000373,FRAG_000372.bin,FRAG_000373.bin,sample_pdf_007.pdf,sample_pdf_007.pdf,pdf,pdf,2,3,0,0,1,consecutive_neighbor
PAIR_NEG_001119,FRAG_000076,FRAG_001380,FRAG_000076.bin,FRAG_001380.bin,sample_jpeg_009.jpeg,sample_zip_002.zip,jpeg,zip,6,0,0,0,0,negative_diff_type
PAIR_POS_000334,FRAG_000364,FRAG_000365,FRAG_000364.bin,FRAG_000365.bin,sample_pdf_006.pdf,sample_pdf_006.pdf,pdf,pdf,16,17,0,0,1,consecutive_neighbor
PAIR_NEG_000434,FRAG_000170,FRAG_000222,FRAG_000170.bin,FRAG_000222.bin,sample_jpeg_019.jpg,sample_jpeg_025.jpg,jpeg,jpeg,0,8,1,0,0,negative_same_type
PAIR_POS_001202,FRAG_001295,FRAG_001296,FRAG_001295.bin,FRAG_001296.bin,sample_text_019.txt,sample_text_019.txt,text,text,8,9,0,0,1,consecutive_neighbor
PAIR_POS_001483,FRAG_001604,FRAG_001605,FRAG_001604.bin,FRAG_001605.bin,sample_zip_022.zip,sample_zip_022.zip,zip,zip,1,2,0,0,1,consecutive_neighbor
PAIR_POS_001048,FRAG_001131,FRAG_001132,FRAG_001131.bin,FRAG_001132.bin,sample_text_009.txt,sample_text_009.txt,text,text,3,4,0,0,1,consecutive_neighbor
PAIR_NEG_000525,FRAG_001566,FRAG_001606,FRAG_001566.bin,FRAG_001606.bin,sample_zip_018.zip,sample_zip_022.zip,zip,zip,8,3,0,0,0,negative_same_type
PAIR_NEG_001382,FRAG_000436,FRAG_000133,FRAG_000436.bin,FRAG_000133.bin,sample_pdf_009.pdf,sample_jpeg_015.jpeg,pdf,jpeg,26,8,0,0,0,negative_diff_type
PAIR_POS_001127,FRAG_001216,FRAG_001217,FRAG_001216.bin,FRAG_001217.bin,sample_text_015.json,sample_text_015.json,text,text,11,12,0,0,1,consecutive_neighbor
PAIR_NEG_000901,FRAG_001096,FRAG_001525,FRAG_001096.bin,FRAG_001525.bin,sample_text_006.log,sample_zip_015.zip,text,zip,6,5,0,0,0,negative_diff_type
PAIR_POS_000170,FRAG_000190,FRAG_000191,FRAG_000190.bin,FRAG_000191.bin,sample_jpeg_021.jpg,sample_jpeg_021.jpg,jpeg,jpeg,3,4,0,0,1,consecutive_neighbor
PAIR_POS_000558,FRAG_000599,FRAG_000600,FRAG_000599.bin,FRAG_000600.bin,sample_pdf_017.pdf,sample_pdf_017.pdf,pdf,pdf,16,17,0,0,1,consecutive_neighbor
PAIR_POS_000936,FRAG_001009,FRAG_001010,FRAG_001009.bin,FRAG_001010.bin,sample_png_024.png,sample_png_024.png,png,png,3,4,0,1,1,consecutive_neighbor
PAIR_POS_001241,FRAG_001338,FRAG_001339,FRAG_001338.bin,FRAG_001339.bin,sample_text_023.csv,sample_text_023.csv,text,text,1,2,0,0,1,consecutive_neighbor
PAIR_POS_000627,FRAG_000670,FRAG_000671,FRAG_000670.bin,FRAG_000671.bin,sample_pdf_019.pdf,sample_pdf_019.pdf,pdf,pdf,37,38,0,0,1,consecutive_neighbor
PAIR_POS_001061,FRAG_001145,FRAG_001146,FRAG_001145.bin,FRAG_001146.bin,sample_text_010.log,sample_text_010.log,text,text,6,7,0,1,1,consecutive_neighbor
PAIR_POS_000330,FRAG_000360,FRAG_000361,FRAG_000360.bin,FRAG_000361.bin,sample_pdf_006.pdf,sample_pdf_006.pdf,pdf,pdf,12,13,0,0,1,consecutive_neighbor
PAIR_NEG_000777,FRAG_000739,FRAG_001184,FRAG_000739.bin,FRAG_001184.bin,sample_pdf_022.pdf,sample_text_012.log,pdf,text,19,10,0,0,0,negative_diff_type
PAIR_NEG_000264,FRAG_001539,FRAG_001550,FRAG_001539.bin,FRAG_001550.bin,sample_zip_016.zip,sample_zip_017.zip,zip,zip,9,6,0,0,0,negative_same_type
PAIR_NEG_001025,FRAG_001024,FRAG_000147,FRAG_001024.bin,FRAG_000147.bin,sample_png_025.png,sample_jpeg_016.jpeg,png,jpeg,13,7,0,1,0,negative_diff_type
PAIR_NEG_000643,FRAG_000977,FRAG_000812,FRAG_000977.bin,FRAG_000812.bin,sample_png_021.png,sample_png_003.png,png,png,3,3,0,0,0,negative_same_type
PAIR_NEG_000158,FRAG_001467,FRAG_001500,FRAG_001467.bin,FRAG_001500.bin,sample_zip_011.zip,sample_zip_013.zip,zip,zip,4,10,0,0,0,negative_same_type
PAIR_NEG_000535,FRAG_001234,FRAG_001198,FRAG_001234.bin,FRAG_001198.bin,sample_text_015.json,sample_text_014.txt,text,text,29,1,0,0,0,negative_same_type
PAIR_NEG_000464,FRAG_000106,FRAG_000091,FRAG_000106.bin,FRAG_000091.bin,sample_jpeg_012.jpg,sample_jpeg_010.jpg,jpeg,jpeg,7,13,0,1,0,negative_same_type
PAIR_NEG_001115,FRAG_000113,FRAG_001239,FRAG_000113.bin,FRAG_001239.bin,sample_jpeg_013.jpeg,sample_text_016.json,jpeg,text,1,1,0,0,0,negative_diff_type
PAIR_NEG_000855,FRAG_000024,FRAG_001577,FRAG_000024.bin,FRAG_001577.bin,sample_jpeg_002.jpeg,sample_zip_020.zip,jpeg,zip,10,1,0,0,0,negative_diff_type
PAIR_NEG_001375,FRAG_000738,FRAG_001286,FRAG_000738.bin,FRAG_001286.bin,sample_pdf_022.pdf,sample_text_018.csv,pdf,text,18,9,0,1,0,negative_diff_type
PAIR_POS_001334,FRAG_001441,FRAG_001442,FRAG_001441.bin,FRAG_001442.bin,sample_zip_008.zip,sample_zip_008.zip,zip,zip,9,10,0,0,1,consecutive_neighbor
PAIR_POS_000363,FRAG_000395,FRAG_000396,FRAG_000395.bin,FRAG_000396.bin,sample_pdf_008.pdf,sample_pdf_008.pdf,pdf,pdf,5,6,0,0,1,consecutive_neighbor
PAIR_POS_000053,FRAG_000060,FRAG_000061,FRAG_000060.bin,FRAG_000061.bin,sample_jpeg_008.jpeg,sample_jpeg_008.jpeg,jpeg,jpeg,1,2,0,0,1,consecutive_neighbor
PAIR_NEG_000349,FRAG_001018,FRAG_000844,FRAG_001018.bin,FRAG_000844.bin,sample_png_025.png,sample_png_006.png,png,png,7,9,0,0,0,negative_same_type
PAIR_POS_001343,FRAG_001451,FRAG_001452,FRAG_001451.bin,FRAG_001452.bin,sample_zip_009.zip,sample_zip_009.zip,zip,zip,7,8,0,0,1,consecutive_neighbor
PAIR_POS_001029,FRAG_001111,FRAG_001112,FRAG_001111.bin,FRAG_001112.bin,sample_text_008.json,sample_text_008.json,text,text,3,4,0,0,1,consecutive_neighbor
PAIR_POS_001080,FRAG_001165,FRAG_001166,FRAG_001165.bin,FRAG_001166.bin,sample_text_011.json,sample_text_011.json,text,text,18,19,0,0,1,consecutive_neighbor
PAIR_NEG_001435,FRAG_001339,FRAG_001636,FRAG_001339.bin,FRAG_001636.bin,sample_text_023.csv,sample_zip_025.zip,text,zip,2,13,0,0,0,negative_diff_type
PAIR_NEG_001354,FRAG_001469,FRAG_000825,FRAG_001469.bin,FRAG_000825.bin,sample_zip_011.zip,sample_png_004.png,zip,png,6,10,0,0,0,negative_diff_type
PAIR_POS_001494,FRAG_001617,FRAG_001618,FRAG_001617.bin,FRAG_001618.bin,sample_zip_024.zip,sample_zip_024.zip,zip,zip,0,1,1,0,1,consecutive_neighbor
PAIR_NEG_000910,FRAG_000057,FRAG_000926,FRAG_000057.bin,FRAG_000926.bin,sample_jpeg_007.jpg,sample_png_015.png,jpeg,png,4,4,0,1,0,negative_diff_type
PAIR_POS_001375,FRAG_001486,FRAG_001487,FRAG_001486.bin,FRAG_001487.bin,sample_zip_012.zip,sample_zip_012.zip,zip,zip,4,5,0,0,1,consecutive_neighbor
PAIR_NEG_000276,FRAG_000147,FRAG_000073,FRAG_000147.bin,FRAG_000073.bin,sample_jpeg_016.jpeg,sample_jpeg_009.jpeg,jpeg,jpeg,7,3,0,0,0,negative_same_type
PAIR_POS_001369,FRAG_001479,FRAG_001480,FRAG_001479.bin,FRAG_001480.bin,sample_zip_011.zip,sample_zip_011.zip,zip,zip,16,17,0,0,1,consecutive_neighbor
PAIR_POS_000041,FRAG_000045,FRAG_000046,FRAG_000045.bin,FRAG_000046.bin,sample_jpeg_005.jpg,sample_jpeg_005.jpg,jpeg,jpeg,3,4,0,0,1,consecutive_neighbor
PAIR_NEG_001427,FRAG_001573,FRAG_000984,FRAG_001573.bin,FRAG_000984.bin,sample_zip_019.zip,sample_png_021.png,zip,png,5,10,0,0,0,negative_diff_type
PAIR_NEG_000090,FRAG_001420,FRAG_001395,FRAG_001420.bin,FRAG_001395.bin,sample_zip_006.zip,sample_zip_004.zip,zip,zip,10,0,0,0,0,negative_same_type
PAIR_NEG_000179,FRAG_000063,FRAG_000122,FRAG_000063.bin,FRAG_000122.bin,sample_jpeg_008.jpeg,sample_jpeg_014.jpeg,jpeg,jpeg,4,1,0,0,0,negative_same_type
PAIR_NEG_000203,FRAG_000053,FRAG_000214,FRAG_000053.bin,FRAG_000214.bin,sample_jpeg_007.jpg,sample_jpeg_025.jpg,jpeg,jpeg,0,0,1,0,0,negative_same_type
PAIR_NEG_000986,FRAG_001016,FRAG_000109,FRAG_001016.bin,FRAG_000109.bin,sample_png_025.png,sample_jpeg_012.jpg,png,jpeg,5,10,0,0,0,negative_diff_type
PAIR_NEG_001047,FRAG_001259,FRAG_000987,FRAG_001259.bin,FRAG_000987.bin,sample_text_016.json,sample_png_021.png,text,png,21,13,0,1,0,negative_diff_type
PAIR_POS_001379,FRAG_001491,FRAG_001492,FRAG_001491.bin,FRAG_001492.bin,sample_zip_013.zip,sample_zip_013.zip,zip,zip,1,2,0,0,1,consecutive_neighbor
PAIR_NEG_001030,FRAG_001484,FRAG_001189,FRAG_001484.bin,FRAG_001189.bin,sample_zip_012.zip,sample_text_013.csv,zip,text,2,1,0,0,0,negative_diff_type
PAIR_NEG_001142,FRAG_000210,FRAG_001292,FRAG_000210.bin,FRAG_001292.bin,sample_jpeg_024.jpeg,sample_text_019.txt,jpeg,text,5,5,0,0,0,negative_diff_type
PAIR_NEG_000046,FRAG_001498,FRAG_001375,FRAG_001498.bin,FRAG_001375.bin,sample_zip_013.zip,sample_zip_001.zip,zip,zip,8,5,0,0,0,negative_same_type
PAIR_POS_001317,FRAG_001422,FRAG_001423,FRAG_001422.bin,FRAG_001423.bin,sample_zip_006.zip,sample_zip_006.zip,zip,zip,12,13,0,1,1,consecutive_neighbor
PAIR_POS_000888,FRAG_000955,FRAG_000956,FRAG_000955.bin,FRAG_000956.bin,sample_png_018.png,sample_png_018.png,png,png,10,11,0,1,1,consecutive_neighbor
PAIR_NEG_000820,FRAG_000107,FRAG_001310,FRAG_000107.bin,FRAG_001310.bin,sample_jpeg_012.jpg,sample_text_020.txt,jpeg,text,8,8,0,0,0,negative_diff_type
PAIR_POS_000813,FRAG_000871,FRAG_000872,FRAG_000871.bin,FRAG_000872.bin,sample_png_009.png,sample_png_009.png,png,png,2,3,0,0,1,consecutive_neighbor
PAIR_POS_000098,FRAG_000109,FRAG_000110,FRAG_000109.bin,FRAG_000110.bin,sample_jpeg_012.jpg,sample_jpeg_012.jpg,jpeg,jpeg,10,11,0,0,1,consecutive_neighbor
PAIR_POS_000004,FRAG_000004,FRAG_000005,FRAG_000004.bin,FRAG_000005.bin,sample_jpeg_001.jpeg,sample_jpeg_001.jpeg,jpeg,jpeg,3,4,0,0,1,consecutive_neighbor
PAIR_NEG_001223,FRAG_000726,FRAG_000887,FRAG_000726.bin,FRAG_000887.bin,sample_pdf_022.pdf,sample_png_010.png,pdf,png,6,6,0,1,0,negative_diff_type
PAIR_NEG_000949,FRAG_001631,FRAG_001082,FRAG_001631.bin,FRAG_001082.bin,sample_zip_025.zip,sample_text_004.json,zip,text,8,15,0,0,0,negative_diff_type
PAIR_NEG_001175,FRAG_000096,FRAG_000725,FRAG_000096.bin,FRAG_000725.bin,sample_jpeg_011.jpeg,sample_pdf_022.pdf,jpeg,pdf,4,5,0,0,0,negative_diff_type
PAIR_NEG_000784,FRAG_000147,FRAG_000774,FRAG_000147.bin,FRAG_000774.bin,sample_jpeg_016.jpeg,sample_pdf_025.pdf,jpeg,pdf,7,6,0,0,0,negative_diff_type
PAIR_NEG_001371,FRAG_000197,FRAG_001327,FRAG_000197.bin,FRAG_001327.bin,sample_jpeg_022.jpg,sample_text_022.log,jpeg,text,4,2,0,0,0,negative_diff_type
PAIR_NEG_000320,FRAG_001070,FRAG_001186,FRAG_001070.bin,FRAG_001186.bin,sample_text_004.json,sample_text_012.log,text,text,3,12,0,0,0,negative_same_type
PAIR_NEG_000114,FRAG_001421,FRAG_001407,FRAG_001421.bin,FRAG_001407.bin,sample_zip_006.zip,sample_zip_005.zip,zip,zip,11,6,0,0,0,negative_same_type
PAIR_NEG_001505,FRAG_000141,FRAG_001052,FRAG_000141.bin,FRAG_001052.bin,sample_jpeg_016.jpeg,sample_text_002.txt,jpeg,text,1,9,0,0,0,negative_diff_type
PAIR_NEG_001010,FRAG_000926,FRAG_000053,FRAG_000926.bin,FRAG_000053.bin,sample_png_015.png,sample_jpeg_007.jpg,png,jpeg,4,0,0,0,0,negative_diff_type
PAIR_NEG_000965,FRAG_001320,FRAG_000500,FRAG_001320.bin,FRAG_000500.bin,sample_text_021.csv,sample_pdf_012.pdf,text,pdf,2,17,0,0,0,negative_diff_type
PAIR_POS_000569,FRAG_000611,FRAG_000612,FRAG_000611.bin,FRAG_000612.bin,sample_pdf_018.pdf,sample_pdf_018.pdf,pdf,pdf,8,9,0,0,1,consecutive_neighbor
PAIR_NEG_001059,FRAG_000207,FRAG_000536,FRAG_000207.bin,FRAG_000536.bin,sample_jpeg_024.jpeg,sample_pdf_014.pdf,jpeg,pdf,2,9,0,0,0,negative_diff_type
PAIR_NEG_001436,FRAG_000994,FRAG_000210,FRAG_000994.bin,FRAG_000210.bin,sample_png_022.png,sample_jpeg_024.jpeg,png,jpeg,6,5,0,0,0,negative_diff_type
PAIR_POS_000896,FRAG_000964,FRAG_000965,FRAG_000964.bin,FRAG_000965.bin,sample_png_019.png,sample_png_019.png,png,png,7,8,0,0,1,consecutive_neighbor
PAIR_POS_000641,FRAG_000685,FRAG_000686,FRAG_000685.bin,FRAG_000686.bin,sample_pdf_020.pdf,sample_pdf_020.pdf,pdf,pdf,12,13,0,0,1,consecutive_neighbor
PAIR_POS_000696,FRAG_000743,FRAG_000744,FRAG_000743.bin,FRAG_000744.bin,sample_pdf_023.pdf,sample_pdf_023.pdf,pdf,pdf,1,2,0,0,1,consecutive_neighbor
PAIR_NEG_001370,FRAG_000218,FRAG_001629,FRAG_000218.bin,FRAG_001629.bin,sample_jpeg_025.jpg,sample_zip_025.zip,jpeg,zip,4,6,0,0,0,negative_diff_type
PAIR_POS_000586,FRAG_000628,FRAG_000629,FRAG_000628.bin,FRAG_000629.bin,sample_pdf_018.pdf,sample_pdf_018.pdf,pdf,pdf,25,26,0,0,1,consecutive_neighbor
PAIR_NEG_000595,FRAG_000135,FRAG_000140,FRAG_000135.bin,FRAG_000140.bin,sample_jpeg_015.jpeg,sample_jpeg_016.jpeg,jpeg,jpeg,10,0,0,0,0,negative_same_type
PAIR_POS_000021,FRAG_000022,FRAG_000023,FRAG_000022.bin,FRAG_000023.bin,sample_jpeg_002.jpeg,sample_jpeg_002.jpeg,jpeg,jpeg,8,9,0,0,1,consecutive_neighbor
PAIR_NEG_000245,FRAG_000759,FRAG_000501,FRAG_000759.bin,FRAG_000501.bin,sample_pdf_024.pdf,sample_pdf_012.pdf,pdf,pdf,4,18,0,0,0,negative_same_type
PAIR_POS_000477,FRAG_000513,FRAG_000514,FRAG_000513.bin,FRAG_000514.bin,sample_pdf_012.pdf,sample_pdf_012.pdf,pdf,pdf,30,31,0,0,1,consecutive_neighbor
PAIR_POS_001302,FRAG_001406,FRAG_001407,FRAG_001406.bin,FRAG_001407.bin,sample_zip_005.zip,sample_zip_005.zip,zip,zip,5,6,0,0,1,consecutive_neighbor
PAIR_POS_000318,FRAG_000348,FRAG_000349,FRAG_000348.bin,FRAG_000349.bin,sample_pdf_006.pdf,sample_pdf_006.pdf,pdf,pdf,0,1,1,0,1,consecutive_neighbor
PAIR_NEG_000957,FRAG_001475,FRAG_000436,FRAG_001475.bin,FRAG_000436.bin,sample_zip_011.zip,sample_pdf_009.pdf,zip,pdf,12,26,0,0,0,negative_diff_type
PAIR_NEG_001393,FRAG_000595,FRAG_001430,FRAG_000595.bin,FRAG_001430.bin,sample_pdf_017.pdf,sample_zip_007.zip,pdf,zip,12,6,0,0,0,negative_diff_type
PAIR_NEG_001212,FRAG_000726,FRAG_001415,FRAG_000726.bin,FRAG_001415.bin,sample_pdf_022.pdf,sample_zip_006.zip,pdf,zip,6,5,0,0,0,negative_diff_type
PAIR_NEG_001384,FRAG_000167,FRAG_001535,FRAG_000167.bin,FRAG_001535.bin,sample_jpeg_018.jpeg,sample_zip_016.zip,jpeg,zip,5,5,0,0,0,negative_diff_type
PAIR_NEG_000034,FRAG_000547,FRAG_000442,FRAG_000547.bin,FRAG_000442.bin,sample_pdf_014.pdf,sample_pdf_009.pdf,pdf,pdf,20,32,0,0,0,negative_same_type
PAIR_NEG_001062,FRAG_000927,FRAG_001050,FRAG_000927.bin,FRAG_001050.bin,sample_png_016.png,sample_text_002.txt,png,text,0,7,1,0,0,negative_diff_type
PAIR_POS_001030,FRAG_001112,FRAG_001113,FRAG_001112.bin,FRAG_001113.bin,sample_text_008.json,sample_text_008.json,text,text,4,5,0,0,1,consecutive_neighbor
PAIR_NEG_000246,FRAG_001617,FRAG_001608,FRAG_001617.bin,FRAG_001608.bin,sample_zip_024.zip,sample_zip_022.zip,zip,zip,0,5,1,0,0,negative_same_type
PAIR_POS_000101,FRAG_000113,FRAG_000114,FRAG_000113.bin,FRAG_000114.bin,sample_jpeg_013.jpeg,sample_jpeg_013.jpeg,jpeg,jpeg,1,2,0,0,1,consecutive_neighbor
PAIR_POS_001083,FRAG_001168,FRAG_001169,FRAG_001168.bin,FRAG_001169.bin,sample_text_011.json,sample_text_011.json,text,text,21,22,0,0,1,consecutive_neighbor
PAIR_NEG_001309,FRAG_000052,FRAG_000954,FRAG_000052.bin,FRAG_000954.bin,sample_jpeg_006.jpg,sample_png_018.png,jpeg,png,4,9,0,0,0,negative_diff_type
PAIR_POS_001398,FRAG_001511,FRAG_001512,FRAG_001511.bin,FRAG_001512.bin,sample_zip_014.zip,sample_zip_014.zip,zip,zip,8,9,0,0,1,consecutive_neighbor
PAIR_POS_001063,FRAG_001148,FRAG_001149,FRAG_001148.bin,FRAG_001149.bin,sample_text_011.json,sample_text_011.json,text,text,1,2,0,0,1,consecutive_neighbor
PAIR_POS_000421,FRAG_000456,FRAG_000457,FRAG_000456.bin,FRAG_000457.bin,sample_pdf_011.pdf,sample_pdf_011.pdf,pdf,pdf,3,4,0,0,1,consecutive_neighbor
PAIR_POS_000610,FRAG_000653,FRAG_000654,FRAG_000653.bin,FRAG_000654.bin,sample_pdf_019.pdf,sample_pdf_019.pdf,pdf,pdf,20,21,0,0,1,consecutive_neighbor
PAIR_NEG_001353,FRAG_000413,FRAG_001483,FRAG_000413.bin,FRAG_001483.bin,sample_pdf_009.pdf,sample_zip_012.zip,pdf,zip,3,1,0,0,0,negative_diff_type
PAIR_NEG_001234,FRAG_000903,FRAG_000332,FRAG_000903.bin,FRAG_000332.bin,sample_png_013.png,sample_pdf_005.pdf,png,pdf,0,18,1,0,0,negative_diff_type
PAIR_NEG_001079,FRAG_000072,FRAG_001566,FRAG_000072.bin,FRAG_001566.bin,sample_jpeg_009.jpeg,sample_zip_018.zip,jpeg,zip,2,8,0,0,0,negative_diff_type
PAIR_NEG_001135,FRAG_000960,FRAG_000140,FRAG_000960.bin,FRAG_000140.bin,sample_png_019.png,sample_jpeg_016.jpeg,png,jpeg,3,0,0,0,0,negative_diff_type
PAIR_POS_000209,FRAG_000234,FRAG_000235,FRAG_000234.bin,FRAG_000235.bin,sample_pdf_001.pdf,sample_pdf_001.pdf,pdf,pdf,9,10,0,0,1,consecutive_neighbor
PAIR_NEG_000431,FRAG_001371,FRAG_001511,FRAG_001371.bin,FRAG_001511.bin,sample_zip_001.zip,sample_zip_014.zip,zip,zip,1,8,0,0,0,negative_same_type
PAIR_POS_001405,FRAG_001518,FRAG_001519,FRAG_001518.bin,FRAG_001519.bin,sample_zip_014.zip,sample_zip_014.zip,zip,zip,15,16,0,1,1,consecutive_neighbor
PAIR_POS_000009,FRAG_000009,FRAG_000010,FRAG_000009.bin,FRAG_000010.bin,sample_jpeg_001.jpeg,sample_jpeg_001.jpeg,jpeg,jpeg,8,9,0,0,1,consecutive_neighbor
PAIR_POS_001235,FRAG_001331,FRAG_001332,FRAG_001331.bin,FRAG_001332.bin,sample_text_022.log,sample_text_022.log,text,text,6,7,0,0,1,consecutive_neighbor
PAIR_POS_000836,FRAG_000897,FRAG_000898,FRAG_000897.bin,FRAG_000898.bin,sample_png_012.png,sample_png_012.png,png,png,0,1,1,0,1,consecutive_neighbor
PAIR_POS_000409,FRAG_000442,FRAG_000443,FRAG_000442.bin,FRAG_000443.bin,sample_pdf_009.pdf,sample_pdf_009.pdf,pdf,pdf,32,33,0,0,1,consecutive_neighbor
PAIR_POS_001464,FRAG_001583,FRAG_001584,FRAG_001583.bin,FRAG_001584.bin,sample_zip_020.zip,sample_zip_020.zip,zip,zip,7,8,0,0,1,consecutive_neighbor
PAIR_NEG_000782,FRAG_001598,FRAG_000136,FRAG_001598.bin,FRAG_000136.bin,sample_zip_021.zip,sample_jpeg_015.jpeg,zip,jpeg,9,11,0,0,0,negative_diff_type
PAIR_NEG_000077,FRAG_000777,FRAG_000360,FRAG_000777.bin,FRAG_000360.bin,sample_pdf_025.pdf,sample_pdf_006.pdf,pdf,pdf,9,12,0,0,0,negative_same_type
PAIR_POS_000480,FRAG_000516,FRAG_000517,FRAG_000516.bin,FRAG_000517.bin,sample_pdf_012.pdf,sample_pdf_012.pdf,pdf,pdf,33,34,0,1,1,consecutive_neighbor
PAIR_NEG_001468,FRAG_001573,FRAG_000852,FRAG_001573.bin,FRAG_000852.bin,sample_zip_019.zip,sample_png_007.png,zip,png,5,6,0,0,0,negative_diff_type
PAIR_NEG_001486,FRAG_000897,FRAG_000026,FRAG_000897.bin,FRAG_000026.bin,sample_png_012.png,sample_jpeg_003.jpg,png,jpeg,0,0,1,0,0,negative_diff_type
PAIR_NEG_001407,FRAG_001080,FRAG_000241,FRAG_001080.bin,FRAG_000241.bin,sample_text_004.json,sample_pdf_001.pdf,text,pdf,13,16,0,0,0,negative_diff_type
PAIR_NEG_000171,FRAG_000849,FRAG_000906,FRAG_000849.bin,FRAG_000906.bin,sample_png_007.png,sample_png_013.png,png,png,3,3,0,0,0,negative_same_type
PAIR_NEG_000380,FRAG_001153,FRAG_001258,FRAG_001153.bin,FRAG_001258.bin,sample_text_011.json,sample_text_016.json,text,text,6,20,0,0,0,negative_same_type
PAIR_NEG_000118,FRAG_000836,FRAG_000908,FRAG_000836.bin,FRAG_000908.bin,sample_png_006.png,sample_png_013.png,png,png,1,5,0,0,0,negative_same_type
PAIR_POS_000521,FRAG_000561,FRAG_000562,FRAG_000561.bin,FRAG_000562.bin,sample_pdf_016.pdf,sample_pdf_016.pdf,pdf,pdf,0,1,1,0,1,consecutive_neighbor
PAIR_NEG_001314,FRAG_001309,FRAG_000863,FRAG_001309.bin,FRAG_000863.bin,sample_text_020.txt,sample_png_008.png,text,png,7,8,0,0,0,negative_diff_type
PAIR_POS_000300,FRAG_000329,FRAG_000330,FRAG_000329.bin,FRAG_000330.bin,sample_pdf_005.pdf,sample_pdf_005.pdf,pdf,pdf,15,16,0,0,1,consecutive_neighbor
PAIR_POS_000984,FRAG_001061,FRAG_001062,FRAG_001061.bin,FRAG_001062.bin,sample_text_003.log,sample_text_003.log,text,text,2,3,0,0,1,consecutive_neighbor
PAIR_NEG_000330,FRAG_000162,FRAG_000156,FRAG_000162.bin,FRAG_000156.bin,sample_jpeg_018.jpeg,sample_jpeg_017.jpg,jpeg,jpeg,0,8,1,0,0,negative_same_type
PAIR_NEG_001423,FRAG_001557,FRAG_001338,FRAG_001557.bin,FRAG_001338.bin,sample_zip_017.zip,sample_text_023.csv,zip,text,13,1,0,0,0,negative_diff_type
PAIR_POS_000530,FRAG_000570,FRAG_000571,FRAG_000570.bin,FRAG_000571.bin,sample_pdf_016.pdf,sample_pdf_016.pdf,pdf,pdf,9,10,0,0,1,consecutive_neighbor
PAIR_POS_000413,FRAG_000447,FRAG_000448,FRAG_000447.bin,FRAG_000448.bin,sample_pdf_010.pdf,sample_pdf_010.pdf,pdf,pdf,2,3,0,0,1,consecutive_neighbor
PAIR_NEG_000178,FRAG_000375,FRAG_000250,FRAG_000375.bin,FRAG_000250.bin,sample_pdf_007.pdf,sample_pdf_001.pdf,pdf,pdf,5,25,0,0,0,negative_same_type
PAIR_NEG_000789,FRAG_001603,FRAG_001313,FRAG_001603.bin,FRAG_001313.bin,sample_zip_022.zip,sample_text_020.txt,zip,text,0,11,1,0,0,negative_diff_type
PAIR_POS_000071,FRAG_000080,FRAG_000081,FRAG_000080.bin,FRAG_000081.bin,sample_jpeg_010.jpg,sample_jpeg_010.jpg,jpeg,jpeg,2,3,0,0,1,consecutive_neighbor
PAIR_POS_001434,FRAG_001550,FRAG_001551,FRAG_001550.bin,FRAG_001551.bin,sample_zip_017.zip,sample_zip_017.zip,zip,zip,6,7,0,0,1,consecutive_neighbor
PAIR_NEG_000515,FRAG_000730,FRAG_000700,FRAG_000730.bin,FRAG_000700.bin,sample_pdf_022.pdf,sample_pdf_020.pdf,pdf,pdf,10,27,0,0,0,negative_same_type
PAIR_POS_000879,FRAG_000946,FRAG_000947,FRAG_000946.bin,FRAG_000947.bin,sample_png_018.png,sample_png_018.png,png,png,1,2,0,0,1,consecutive_neighbor
PAIR_NEG_001333,FRAG_000172,FRAG_000443,FRAG_000172.bin,FRAG_000443.bin,sample_jpeg_019.jpg,sample_pdf_009.pdf,jpeg,pdf,2,33,0,0,0,negative_diff_type
PAIR_NEG_000131,FRAG_001374,FRAG_001427,FRAG_001374.bin,FRAG_001427.bin,sample_zip_001.zip,sample_zip_007.zip,zip,zip,4,3,0,0,0,negative_same_type
PAIR_POS_001234,FRAG_001330,FRAG_001331,FRAG_001330.bin,FRAG_001331.bin,sample_text_022.log,sample_text_022.log,text,text,5,6,0,0,1,consecutive_neighbor
PAIR_POS_001077,FRAG_001162,FRAG_001163,FRAG_001162.bin,FRAG_001163.bin,sample_text_011.json,sample_text_011.json,text,text,15,16,0,0,1,consecutive_neighbor
PAIR_NEG_000150,FRAG_000885,FRAG_000960,FRAG_000885.bin,FRAG_000960.bin,sample_png_010.png,sample_png_019.png,png,png,4,3,0,0,0,negative_same_type
PAIR_POS_000192,FRAG_000216,FRAG_000217,FRAG_000216.bin,FRAG_000217.bin,sample_jpeg_025.jpg,sample_jpeg_025.jpg,jpeg,jpeg,2,3,0,0,1,consecutive_neighbor
PAIR_NEG_001008,FRAG_001586,FRAG_001230,FRAG_001586.bin,FRAG_001230.bin,sample_zip_020.zip,sample_text_015.json,zip,text,10,25,0,0,0,negative_diff_type
PAIR_NEG_000748,FRAG_000431,FRAG_000776,FRAG_000431.bin,FRAG_000776.bin,sample_pdf_009.pdf,sample_pdf_025.pdf,pdf,pdf,21,8,0,0,0,negative_same_type
PAIR_NEG_001510,FRAG_000764,FRAG_001457,FRAG_000764.bin,FRAG_001457.bin,sample_pdf_024.pdf,sample_zip_010.zip,pdf,zip,9,2,0,0,0,negative_diff_type
PAIR_NEG_000857,FRAG_000180,FRAG_001457,FRAG_000180.bin,FRAG_001457.bin,sample_jpeg_019.jpg,sample_zip_010.zip,jpeg,zip,10,2,0,0,0,negative_diff_type
PAIR_NEG_000440,FRAG_001254,FRAG_001210,FRAG_001254.bin,FRAG_001210.bin,sample_text_016.json,sample_text_015.json,text,text,16,5,0,0,0,negative_same_type
PAIR_POS_000198,FRAG_000222,FRAG_000223,FRAG_000222.bin,FRAG_000223.bin,sample_jpeg_025.jpg,sample_jpeg_025.jpg,jpeg,jpeg,8,9,0,0,1,consecutive_neighbor
PAIR_POS_000417,FRAG_000451,FRAG_000452,FRAG_000451.bin,FRAG_000452.bin,sample_pdf_010.pdf,sample_pdf_010.pdf,pdf,pdf,6,7,0,1,1,consecutive_neighbor
PAIR_NEG_001276,FRAG_000979,FRAG_001361,FRAG_000979.bin,FRAG_001361.bin,sample_png_021.png,sample_text_025.log,png,text,5,3,0,0,0,negative_diff_type
PAIR_POS_000402,FRAG_000435,FRAG_000436,FRAG_000435.bin,FRAG_000436.bin,sample_pdf_009.pdf,sample_pdf_009.pdf,pdf,pdf,25,26,0,0,1,consecutive_neighbor
PAIR_NEG_000272,FRAG_000182,FRAG_000137,FRAG_000182.bin,FRAG_000137.bin,sample_jpeg_020.jpg,sample_jpeg_015.jpeg,jpeg,jpeg,0,12,1,0,0,negative_same_type
PAIR_NEG_000060,FRAG_000305,FRAG_000312,FRAG_000305.bin,FRAG_000312.bin,sample_pdf_003.pdf,sample_pdf_004.pdf,pdf,pdf,25,6,0,0,0,negative_same_type
PAIR_NEG_000217,FRAG_001094,FRAG_001261,FRAG_001094.bin,FRAG_001261.bin,sample_text_006.log,sample_text_016.json,text,text,4,23,0,0,0,negative_same_type
PAIR_POS_001236,FRAG_001332,FRAG_001333,FRAG_001332.bin,FRAG_001333.bin,sample_text_022.log,sample_text_022.log,text,text,7,8,0,0,1,consecutive_neighbor
PAIR_POS_000919,FRAG_000990,FRAG_000991,FRAG_000990.bin,FRAG_000991.bin,sample_png_022.png,sample_png_022.png,png,png,2,3,0,0,1,consecutive_neighbor
PAIR_POS_001218,FRAG_001312,FRAG_001313,FRAG_001312.bin,FRAG_001313.bin,sample_text_020.txt,sample_text_020.txt,text,text,10,11,0,0,1,consecutive_neighbor
PAIR_POS_001333,FRAG_001440,FRAG_001441,FRAG_001440.bin,FRAG_001441.bin,sample_zip_008.zip,sample_zip_008.zip,zip,zip,8,9,0,0,1,consecutive_neighbor
PAIR_POS_001246,FRAG_001344,FRAG_001345,FRAG_001344.bin,FRAG_001345.bin,sample_text_024.txt,sample_text_024.txt,text,text,3,4,0,0,1,consecutive_neighbor
PAIR_POS_000323,FRAG_000353,FRAG_000354,FRAG_000353.bin,FRAG_000354.bin,sample_pdf_006.pdf,sample_pdf_006.pdf,pdf,pdf,5,6,0,0,1,consecutive_neighbor
PAIR_POS_000307,FRAG_000336,FRAG_000337,FRAG_000336.bin,FRAG_000337.bin,sample_pdf_005.pdf,sample_pdf_005.pdf,pdf,pdf,22,23,0,0,1,consecutive_neighbor
PAIR_NEG_000938,FRAG_001586,FRAG_001120,FRAG_001586.bin,FRAG_001120.bin,sample_zip_020.zip,sample_text_008.json,zip,text,10,12,0,0,0,negative_diff_type
PAIR_POS_001356,FRAG_001466,FRAG_001467,FRAG_001466.bin,FRAG_001467.bin,sample_zip_011.zip,sample_zip_011.zip,zip,zip,3,4,0,0,1,consecutive_neighbor
PAIR_POS_001233,FRAG_001329,FRAG_001330,FRAG_001329.bin,FRAG_001330.bin,sample_text_022.log,sample_text_022.log,text,text,4,5,0,0,1,consecutive_neighbor
PAIR_NEG_000327,FRAG_000053,FRAG_000069,FRAG_000053.bin,FRAG_000069.bin,sample_jpeg_007.jpg,sample_jpeg_008.jpeg,jpeg,jpeg,0,10,1,1,0,negative_same_type
PAIR_NEG_001202,FRAG_000862,FRAG_001520,FRAG_000862.bin,FRAG_001520.bin,sample_png_008.png,sample_zip_015.zip,png,zip,7,0,0,0,0,negative_diff_type
PAIR_NEG_001069,FRAG_000209,FRAG_000815,FRAG_000209.bin,FRAG_000815.bin,sample_jpeg_024.jpeg,sample_png_004.png,jpeg,png,4,0,0,0,0,negative_diff_type
PAIR_NEG_000884,FRAG_001096,FRAG_000500,FRAG_001096.bin,FRAG_000500.bin,sample_text_006.log,sample_pdf_012.pdf,text,pdf,6,17,0,0,0,negative_diff_type
PAIR_NEG_001450,FRAG_001001,FRAG_000132,FRAG_001001.bin,FRAG_000132.bin,sample_png_023.png,sample_jpeg_015.jpeg,png,jpeg,5,7,0,0,0,negative_diff_type
PAIR_NEG_000093,FRAG_001271,FRAG_001134,FRAG_001271.bin,FRAG_001134.bin,sample_text_017.txt,sample_text_009.txt,text,text,5,6,0,0,0,negative_same_type
PAIR_POS_001073,FRAG_001158,FRAG_001159,FRAG_001158.bin,FRAG_001159.bin,sample_text_011.json,sample_text_011.json,text,text,11,12,0,0,1,consecutive_neighbor
PAIR_NEG_001004,FRAG_001611,FRAG_000299,FRAG_001611.bin,FRAG_000299.bin,sample_zip_023.zip,sample_pdf_003.pdf,zip,pdf,1,19,0,0,0,negative_diff_type
PAIR_NEG_000528,FRAG_001613,FRAG_001626,FRAG_001613.bin,FRAG_001626.bin,sample_zip_023.zip,sample_zip_025.zip,zip,zip,3,3,0,0,0,negative_same_type
PAIR_POS_001299,FRAG_001403,FRAG_001404,FRAG_001403.bin,FRAG_001404.bin,sample_zip_005.zip,sample_zip_005.zip,zip,zip,2,3,0,0,1,consecutive_neighbor
PAIR_NEG_001425,FRAG_001116,FRAG_001559,FRAG_001116.bin,FRAG_001559.bin,sample_text_008.json,sample_zip_018.zip,text,zip,8,1,0,0,0,negative_diff_type
PAIR_NEG_000995,FRAG_000090,FRAG_001244,FRAG_000090.bin,FRAG_001244.bin,sample_jpeg_010.jpg,sample_text_016.json,jpeg,text,12,6,0,0,0,negative_diff_type
PAIR_POS_000313,FRAG_000342,FRAG_000343,FRAG_000342.bin,FRAG_000343.bin,sample_pdf_005.pdf,sample_pdf_005.pdf,pdf,pdf,28,29,0,0,1,consecutive_neighbor
PAIR_NEG_000513,FRAG_000487,FRAG_000427,FRAG_000487.bin,FRAG_000427.bin,sample_pdf_012.pdf,sample_pdf_009.pdf,pdf,pdf,4,17,0,0,0,negative_same_type
PAIR_POS_001265,FRAG_001364,FRAG_001365,FRAG_001364.bin,FRAG_001365.bin,sample_text_025.log,sample_text_025.log,text,text,6,7,0,0,1,consecutive_neighbor
PAIR_POS_000431,FRAG_000466,FRAG_000467,FRAG_000466.bin,FRAG_000467.bin,sample_pdf_011.pdf,sample_pdf_011.pdf,pdf,pdf,13,14,0,0,1,consecutive_neighbor
PAIR_NEG_000591,FRAG_000905,FRAG_000796,FRAG_000905.bin,FRAG_000796.bin,sample_png_013.png,sample_png_001.png,png,png,2,0,0,0,0,negative_same_type
PAIR_NEG_000413,FRAG_000010,FRAG_000078,FRAG_000010.bin,FRAG_000078.bin,sample_jpeg_001.jpeg,sample_jpeg_010.jpg,jpeg,jpeg,9,0,0,0,0,negative_same_type
PAIR_NEG_000900,FRAG_001060,FRAG_001005,FRAG_001060.bin,FRAG_001005.bin,sample_text_003.log,sample_png_023.png,text,png,1,9,0,1,0,negative_diff_type
PAIR_POS_000830,FRAG_000890,FRAG_000891,FRAG_000890.bin,FRAG_000891.bin,sample_png_011.png,sample_png_011.png,png,png,2,3,0,0,1,consecutive_neighbor
PAIR_POS_000006,FRAG_000006,FRAG_000007,FRAG_000006.bin,FRAG_000007.bin,sample_jpeg_001.jpeg,sample_jpeg_001.jpeg,jpeg,jpeg,5,6,0,0,1,consecutive_neighbor
PAIR_POS_000776,FRAG_000830,FRAG_000831,FRAG_000830.bin,FRAG_000831.bin,sample_png_005.png,sample_png_005.png,png,png,3,4,0,0,1,consecutive_neighbor
PAIR_NEG_000671,FRAG_001346,FRAG_001304,FRAG_001346.bin,FRAG_001304.bin,sample_text_024.txt,sample_text_020.txt,text,text,5,2,0,0,0,negative_same_type
PAIR_POS_000185,FRAG_000208,FRAG_000209,FRAG_000208.bin,FRAG_000209.bin,sample_jpeg_024.jpeg,sample_jpeg_024.jpeg,jpeg,jpeg,3,4,0,0,1,consecutive_neighbor
PAIR_NEG_001412,FRAG_001047,FRAG_000974,FRAG_001047.bin,FRAG_000974.bin,sample_text_002.txt,sample_png_021.png,text,png,4,0,0,0,0,negative_diff_type
PAIR_POS_000716,FRAG_000764,FRAG_000765,FRAG_000764.bin,FRAG_000765.bin,sample_pdf_024.pdf,sample_pdf_024.pdf,pdf,pdf,9,10,0,0,1,consecutive_neighbor
PAIR_NEG_001167,FRAG_000927,FRAG_000203,FRAG_000927.bin,FRAG_000203.bin,sample_png_016.png,sample_jpeg_023.jpeg,png,jpeg,0,2,1,0,0,negative_diff_type
PAIR_POS_000046,FRAG_000051,FRAG_000052,FRAG_000051.bin,FRAG_000052.bin,sample_jpeg_006.jpg,sample_jpeg_006.jpg,jpeg,jpeg,3,4,0,1,1,consecutive_neighbor
PAIR_POS_000753,FRAG_000804,FRAG_000805,FRAG_000804.bin,FRAG_000805.bin,sample_png_002.png,sample_png_002.png,png,png,1,2,0,0,1,consecutive_neighbor
PAIR_NEG_000128,FRAG_000993,FRAG_000829,FRAG_000993.bin,FRAG_000829.bin,sample_png_022.png,sample_png_005.png,png,png,5,2,0,0,0,negative_same_type
PAIR_NEG_000614,FRAG_001250,FRAG_001222,FRAG_001250.bin,FRAG_001222.bin,sample_text_016.json,sample_text_015.json,text,text,12,17,0,0,0,negative_same_type
PAIR_NEG_000273,FRAG_000505,FRAG_000271,FRAG_000505.bin,FRAG_000271.bin,sample_pdf_012.pdf,sample_pdf_002.pdf,pdf,pdf,22,12,0,0,0,negative_same_type
PAIR_POS_000203,FRAG_000228,FRAG_000229,FRAG_000228.bin,FRAG_000229.bin,sample_pdf_001.pdf,sample_pdf_001.pdf,pdf,pdf,3,4,0,0,1,consecutive_neighbor
PAIR_NEG_000567,FRAG_000937,FRAG_000822,FRAG_000937.bin,FRAG_000822.bin,sample_png_016.png,sample_png_004.png,png,png,10,7,0,0,0,negative_same_type
PAIR_POS_001473,FRAG_001593,FRAG_001594,FRAG_001593.bin,FRAG_001594.bin,sample_zip_021.zip,sample_zip_021.zip,zip,zip,4,5,0,0,1,consecutive_neighbor
PAIR_POS_000715,FRAG_000763,FRAG_000764,FRAG_000763.bin,FRAG_000764.bin,sample_pdf_024.pdf,sample_pdf_024.pdf,pdf,pdf,8,9,0,0,1,consecutive_neighbor
PAIR_POS_000943,FRAG_001017,FRAG_001018,FRAG_001017.bin,FRAG_001018.bin,sample_png_025.png,sample_png_025.png,png,png,6,7,0,0,1,consecutive_neighbor
PAIR_POS_000082,FRAG_000092,FRAG_000093,FRAG_000092.bin,FRAG_000093.bin,sample_jpeg_011.jpeg,sample_jpeg_011.jpeg,jpeg,jpeg,0,1,1,0,1,consecutive_neighbor
PAIR_POS_001205,FRAG_001298,FRAG_001299,FRAG_001298.bin,FRAG_001299.bin,sample_text_019.txt,sample_text_019.txt,text,text,11,12,0,0,1,consecutive_neighbor
PAIR_POS_001068,FRAG_001153,FRAG_001154,FRAG_001153.bin,FRAG_001154.bin,sample_text_011.json,sample_text_011.json,text,text,6,7,0,0,1,consecutive_neighbor
PAIR_POS_001052,FRAG_001135,FRAG_001136,FRAG_001135.bin,FRAG_001136.bin,sample_text_009.txt,sample_text_009.txt,text,text,7,8,0,0,1,consecutive_neighbor
PAIR_NEG_000491,FRAG_001398,FRAG_001373,FRAG_001398.bin,FRAG_001373.bin,sample_zip_004.zip,sample_zip_001.zip,zip,zip,3,3,0,0,0,negative_same_type
PAIR_POS_001406,FRAG_001520,FRAG_001521,FRAG_001520.bin,FRAG_001521.bin,sample_zip_015.zip,sample_zip_015.zip,zip,zip,0,1,1,0,1,consecutive_neighbor
PAIR_POS_001035,FRAG_001117,FRAG_001118,FRAG_001117.bin,FRAG_001118.bin,sample_text_008.json,sample_text_008.json,text,text,9,10,0,0,1,consecutive_neighbor
PAIR_POS_001351,FRAG_001460,FRAG_001461,FRAG_001460.bin,FRAG_001461.bin,sample_zip_010.zip,sample_zip_010.zip,zip,zip,5,6,0,0,1,consecutive_neighbor
PAIR_POS_000577,FRAG_000619,FRAG_000620,FRAG_000619.bin,FRAG_000620.bin,sample_pdf_018.pdf,sample_pdf_018.pdf,pdf,pdf,16,17,0,0,1,consecutive_neighbor
PAIR_POS_001310,FRAG_001415,FRAG_001416,FRAG_001415.bin,FRAG_001416.bin,sample_zip_006.zip,sample_zip_006.zip,zip,zip,5,6,0,0,1,consecutive_neighbor
PAIR_NEG_000452,FRAG_001590,FRAG_001420,FRAG_001590.bin,FRAG_001420.bin,sample_zip_021.zip,sample_zip_006.zip,zip,zip,1,10,0,0,0,negative_same_type
PAIR_NEG_000809,FRAG_001398,FRAG_000368,FRAG_001398.bin,FRAG_000368.bin,sample_zip_004.zip,sample_pdf_006.pdf,zip,pdf,3,20,0,0,0,negative_diff_type
PAIR_POS_000495,FRAG_000533,FRAG_000534,FRAG_000533.bin,FRAG_000534.bin,sample_pdf_014.pdf,sample_pdf_014.pdf,pdf,pdf,6,7,0,0,1,consecutive_neighbor
PAIR_NEG_000851,FRAG_000062,FRAG_000421,FRAG_000062.bin,FRAG_000421.bin,sample_jpeg_008.jpeg,sample_pdf_009.pdf,jpeg,pdf,3,11,0,0,0,negative_diff_type
PAIR_POS_000208,FRAG_000233,FRAG_000234,FRAG_000233.bin,FRAG_000234.bin,sample_pdf_001.pdf,sample_pdf_001.pdf,pdf,pdf,8,9,0,0,1,consecutive_neighbor
PAIR_NEG_001033,FRAG_000058,FRAG_000753,FRAG_000058.bin,FRAG_000753.bin,sample_jpeg_007.jpg,sample_pdf_023.pdf,jpeg,pdf,5,11,0,0,0,negative_diff_type
PAIR_NEG_001286,FRAG_001625,FRAG_000229,FRAG_001625.bin,FRAG_000229.bin,sample_zip_025.zip,sample_pdf_001.pdf,zip,pdf,2,4,0,0,0,negative_diff_type
PAIR_POS_001288,FRAG_001390,FRAG_001391,FRAG_001390.bin,FRAG_001391.bin,sample_zip_003.zip,sample_zip_003.zip,zip,zip,5,6,0,0,1,consecutive_neighbor
PAIR_NEG_000914,FRAG_000107,FRAG_000817,FRAG_000107.bin,FRAG_000817.bin,sample_jpeg_012.jpg,sample_png_004.png,jpeg,png,8,2,0,0,0,negative_diff_type
PAIR_POS_000673,FRAG_000718,FRAG_000719,FRAG_000718.bin,FRAG_000719.bin,sample_pdf_021.pdf,sample_pdf_021.pdf,pdf,pdf,10,11,0,1,1,consecutive_neighbor
PAIR_NEG_001292,FRAG_000883,FRAG_001175,FRAG_000883.bin,FRAG_001175.bin,sample_png_010.png,sample_text_012.log,png,text,2,1,0,0,0,negative_diff_type
PAIR_NEG_001302,FRAG_000869,FRAG_000481,FRAG_000869.bin,FRAG_000481.bin,sample_png_009.png,sample_pdf_011.pdf,png,pdf,0,28,1,0,0,negative_diff_type
PAIR_NEG_000596,FRAG_001629,FRAG_001380,FRAG_001629.bin,FRAG_001380.bin,sample_zip_025.zip,sample_zip_002.zip,zip,zip,6,0,0,0,0,negative_same_type
PAIR_NEG_000197,FRAG_000877,FRAG_001024,FRAG_000877.bin,FRAG_001024.bin,sample_png_009.png,sample_png_025.png,png,png,8,13,0,1,0,negative_same_type
PAIR_POS_000399,FRAG_000432,FRAG_000433,FRAG_000432.bin,FRAG_000433.bin,sample_pdf_009.pdf,sample_pdf_009.pdf,pdf,pdf,22,23,0,0,1,consecutive_neighbor
PAIR_NEG_000912,FRAG_001326,FRAG_001626,FRAG_001326.bin,FRAG_001626.bin,sample_text_022.log,sample_zip_025.zip,text,zip,1,3,0,0,0,negative_diff_type
PAIR_NEG_000204,FRAG_001224,FRAG_001324,FRAG_001224.bin,FRAG_001324.bin,sample_text_015.json,sample_text_021.csv,text,text,19,6,0,1,0,negative_same_type
PAIR_NEG_000170,FRAG_001370,FRAG_001525,FRAG_001370.bin,FRAG_001525.bin,sample_zip_001.zip,sample_zip_015.zip,zip,zip,0,5,1,0,0,negative_same_type
PAIR_POS_001462,FRAG_001581,FRAG_001582,FRAG_001581.bin,FRAG_001582.bin,sample_zip_020.zip,sample_zip_020.zip,zip,zip,5,6,0,0,1,consecutive_neighbor
PAIR_POS_001429,FRAG_001545,FRAG_001546,FRAG_001545.bin,FRAG_001546.bin,sample_zip_017.zip,sample_zip_017.zip,zip,zip,1,2,0,0,1,consecutive_neighbor
PAIR_POS_000616,FRAG_000659,FRAG_000660,FRAG_000659.bin,FRAG_000660.bin,sample_pdf_019.pdf,sample_pdf_019.pdf,pdf,pdf,26,27,0,0,1,consecutive_neighbor
PAIR_NEG_000670,FRAG_001583,FRAG_001385,FRAG_001583.bin,FRAG_001385.bin,sample_zip_020.zip,sample_zip_003.zip,zip,zip,7,0,0,0,0,negative_same_type
PAIR_NEG_001440,FRAG_000963,FRAG_000225,FRAG_000963.bin,FRAG_000225.bin,sample_png_019.png,sample_pdf_001.pdf,png,pdf,6,0,0,0,0,negative_diff_type
PAIR_NEG_001096,FRAG_000001,FRAG_001194,FRAG_000001.bin,FRAG_001194.bin,sample_jpeg_001.jpeg,sample_text_013.csv,jpeg,text,0,6,1,0,0,negative_diff_type
PAIR_NEG_001421,FRAG_000888,FRAG_001079,FRAG_000888.bin,FRAG_001079.bin,sample_png_011.png,sample_text_004.json,png,text,0,12,1,0,0,negative_diff_type
PAIR_NEG_000759,FRAG_001389,FRAG_000404,FRAG_001389.bin,FRAG_000404.bin,sample_zip_003.zip,sample_pdf_008.pdf,zip,pdf,4,14,0,0,0,negative_diff_type
PAIR_POS_000609,FRAG_000652,FRAG_000653,FRAG_000652.bin,FRAG_000653.bin,sample_pdf_019.pdf,sample_pdf_019.pdf,pdf,pdf,19,20,0,0,1,consecutive_neighbor
PAIR_NEG_000958,FRAG_000137,FRAG_000867,FRAG_000137.bin,FRAG_000867.bin,sample_jpeg_015.jpeg,sample_png_008.png,jpeg,png,12,12,0,0,0,negative_diff_type
PAIR_POS_001031,FRAG_001113,FRAG_001114,FRAG_001113.bin,FRAG_001114.bin,sample_text_008.json,sample_text_008.json,text,text,5,6,0,0,1,consecutive_neighbor
PAIR_POS_000240,FRAG_000266,FRAG_000267,FRAG_000266.bin,FRAG_000267.bin,sample_pdf_002.pdf,sample_pdf_002.pdf,pdf,pdf,7,8,0,0,1,consecutive_neighbor
PAIR_NEG_000690,FRAG_001280,FRAG_001182,FRAG_001280.bin,FRAG_001182.bin,sample_text_018.csv,sample_text_012.log,text,text,3,8,0,0,0,negative_same_type
PAIR_POS_000256,FRAG_000283,FRAG_000284,FRAG_000283.bin,FRAG_000284.bin,sample_pdf_003.pdf,sample_pdf_003.pdf,pdf,pdf,3,4,0,0,1,consecutive_neighbor
PAIR_NEG_000286,FRAG_001016,FRAG_000946,FRAG_001016.bin,FRAG_000946.bin,sample_png_025.png,sample_png_018.png,png,png,5,1,0,0,0,negative_same_type
PAIR_POS_000096,FRAG_000107,FRAG_000108,FRAG_000107.bin,FRAG_000108.bin,sample_jpeg_012.jpg,sample_jpeg_012.jpg,jpeg,jpeg,8,9,0,0,1,consecutive_neighbor
PAIR_NEG_000913,FRAG_000250,FRAG_000919,FRAG_000250.bin,FRAG_000919.bin,sample_pdf_001.pdf,sample_png_014.png,pdf,png,25,8,0,0,0,negative_diff_type
PAIR_POS_000476,FRAG_000512,FRAG_000513,FRAG_000512.bin,FRAG_000513.bin,sample_pdf_012.pdf,sample_pdf_012.pdf,pdf,pdf,29,30,0,0,1,consecutive_neighbor
PAIR_POS_001111,FRAG_001199,FRAG_001200,FRAG_001199.bin,FRAG_001200.bin,sample_text_014.txt,sample_text_014.txt,text,text,2,3,0,0,1,consecutive_neighbor
PAIR_NEG_001432,FRAG_000121,FRAG_000670,FRAG_000121.bin,FRAG_000670.bin,sample_jpeg_014.jpeg,sample_pdf_019.pdf,jpeg,pdf,0,37,1,0,0,negative_diff_type
PAIR_POS_000660,FRAG_000704,FRAG_000705,FRAG_000704.bin,FRAG_000705.bin,sample_pdf_020.pdf,sample_pdf_020.pdf,pdf,pdf,31,32,0,0,1,consecutive_neighbor
PAIR_NEG_000766,FRAG_000042,FRAG_000983,FRAG_000042.bin,FRAG_000983.bin,sample_jpeg_005.jpg,sample_png_021.png,jpeg,png,0,9,1,0,0,negative_diff_type
PAIR_POS_000658,FRAG_000702,FRAG_000703,FRAG_000702.bin,FRAG_000703.bin,sample_pdf_020.pdf,sample_pdf_020.pdf,pdf,pdf,29,30,0,0,1,consecutive_neighbor
PAIR_POS_000333,FRAG_000363,FRAG_000364,FRAG_000363.bin,FRAG_000364.bin,sample_pdf_006.pdf,sample_pdf_006.pdf,pdf,pdf,15,16,0,0,1,consecutive_neighbor
PAIR_POS_000837,FRAG_000898,FRAG_000899,FRAG_000898.bin,FRAG_000899.bin,sample_png_012.png,sample_png_012.png,png,png,1,2,0,0,1,consecutive_neighbor
PAIR_NEG_001291,FRAG_001336,FRAG_001497,FRAG_001336.bin,FRAG_001497.bin,sample_text_022.log,sample_zip_013.zip,text,zip,11,7,0,0,0,negative_diff_type
PAIR_NEG_000651,FRAG_000080,FRAG_000102,FRAG_000080.bin,FRAG_000102.bin,sample_jpeg_010.jpg,sample_jpeg_012.jpg,jpeg,jpeg,2,3,0,0,0,negative_same_type
PAIR_POS_000654,FRAG_000698,FRAG_000699,FRAG_000698.bin,FRAG_000699.bin,sample_pdf_020.pdf,sample_pdf_020.pdf,pdf,pdf,25,26,0,0,1,consecutive_neighbor
PAIR_NEG_001074,FRAG_000175,FRAG_001243,FRAG_000175.bin,FRAG_001243.bin,sample_jpeg_019.jpg,sample_text_016.json,jpeg,text,5,5,0,0,0,negative_diff_type
PAIR_NEG_000312,FRAG_001290,FRAG_001358,FRAG_001290.bin,FRAG_001358.bin,sample_text_019.txt,sample_text_025.log,text,text,3,0,0,0,0,negative_same_type
PAIR_POS_000779,FRAG_000833,FRAG_000834,FRAG_000833.bin,FRAG_000834.bin,sample_png_005.png,sample_png_005.png,png,png,6,7,0,1,1,consecutive_neighbor
PAIR_NEG_001243,FRAG_000165,FRAG_000855,FRAG_000165.bin,FRAG_000855.bin,sample_jpeg_018.jpeg,sample_png_008.png,jpeg,png,3,0,0,0,0,negative_diff_type
PAIR_POS_001470,FRAG_001590,FRAG_001591,FRAG_001590.bin,FRAG_001591.bin,sample_zip_021.zip,sample_zip_021.zip,zip,zip,1,2,0,0,1,consecutive_neighbor
PAIR_POS_001153,FRAG_001243,FRAG_001244,FRAG_001243.bin,FRAG_001244.bin,sample_text_016.json,sample_text_016.json,text,text,5,6,0,0,1,consecutive_neighbor
PAIR_NEG_000486,FRAG_001237,FRAG_001164,FRAG_001237.bin,FRAG_001164.bin,sample_text_015.json,sample_text_011.json,text,text,32,17,0,0,0,negative_same_type
PAIR_NEG_001325,FRAG_001428,FRAG_000172,FRAG_001428.bin,FRAG_000172.bin,sample_zip_007.zip,sample_jpeg_019.jpg,zip,jpeg,4,2,0,0,0,negative_diff_type
PAIR_NEG_001499,FRAG_000977,FRAG_001506,FRAG_000977.bin,FRAG_001506.bin,sample_png_021.png,sample_zip_014.zip,png,zip,3,3,0,0,0,negative_diff_type
PAIR_NEG_000334,FRAG_000119,FRAG_000031,FRAG_000119.bin,FRAG_000031.bin,sample_jpeg_013.jpeg,sample_jpeg_003.jpg,jpeg,jpeg,7,5,0,0,0,negative_same_type
PAIR_NEG_001320,FRAG_000843,FRAG_000758,FRAG_000843.bin,FRAG_000758.bin,sample_png_006.png,sample_pdf_024.pdf,png,pdf,8,3,0,0,0,negative_diff_type
PAIR_NEG_000959,FRAG_001535,FRAG_000524,FRAG_001535.bin,FRAG_000524.bin,sample_zip_016.zip,sample_pdf_013.pdf,zip,pdf,5,6,0,0,0,negative_diff_type
PAIR_NEG_000400,FRAG_001063,FRAG_001097,FRAG_001063.bin,FRAG_001097.bin,sample_text_003.log,sample_text_006.log,text,text,4,7,0,1,0,negative_same_type
PAIR_NEG_000770,FRAG_000898,FRAG_000172,FRAG_000898.bin,FRAG_000172.bin,sample_png_012.png,sample_jpeg_019.jpg,png,jpeg,1,2,0,0,0,negative_diff_type
PAIR_POS_000509,FRAG_000547,FRAG_000548,FRAG_000547.bin,FRAG_000548.bin,sample_pdf_014.pdf,sample_pdf_014.pdf,pdf,pdf,20,21,0,1,1,consecutive_neighbor
PAIR_POS_001070,FRAG_001155,FRAG_001156,FRAG_001155.bin,FRAG_001156.bin,sample_text_011.json,sample_text_011.json,text,text,8,9,0,0,1,consecutive_neighbor
PAIR_POS_001124,FRAG_001213,FRAG_001214,FRAG_001213.bin,FRAG_001214.bin,sample_text_015.json,sample_text_015.json,text,text,8,9,0,0,1,consecutive_neighbor
PAIR_POS_000048,FRAG_000054,FRAG_000055,FRAG_000054.bin,FRAG_000055.bin,sample_jpeg_007.jpg,sample_jpeg_007.jpg,jpeg,jpeg,1,2,0,0,1,consecutive_neighbor
PAIR_NEG_000396,FRAG_001626,FRAG_001509,FRAG_001626.bin,FRAG_001509.bin,sample_zip_025.zip,sample_zip_014.zip,zip,zip,3,6,0,0,0,negative_same_type
PAIR_NEG_000569,FRAG_000196,FRAG_000042,FRAG_000196.bin,FRAG_000042.bin,sample_jpeg_022.jpg,sample_jpeg_005.jpg,jpeg,jpeg,3,0,0,0,0,negative_same_type
PAIR_POS_000882,FRAG_000949,FRAG_000950,FRAG_000949.bin,FRAG_000950.bin,sample_png_018.png,sample_png_018.png,png,png,4,5,0,0,1,consecutive_neighbor
PAIR_POS_001229,FRAG_001325,FRAG_001326,FRAG_001325.bin,FRAG_001326.bin,sample_text_022.log,sample_text_022.log,text,text,0,1,1,0,1,consecutive_neighbor
PAIR_POS_000153,FRAG_000171,FRAG_000172,FRAG_000171.bin,FRAG_000172.bin,sample_jpeg_019.jpg,sample_jpeg_019.jpg,jpeg,jpeg,1,2,0,0,1,consecutive_neighbor
PAIR_NEG_000313,FRAG_001167,FRAG_001117,FRAG_001167.bin,FRAG_001117.bin,sample_text_011.json,sample_text_008.json,text,text,20,9,0,0,0,negative_same_type
PAIR_NEG_000063,FRAG_001454,FRAG_001505,FRAG_001454.bin,FRAG_001505.bin,sample_zip_009.zip,sample_zip_014.zip,zip,zip,10,2,0,0,0,negative_same_type
PAIR_NEG_000166,FRAG_000899,FRAG_000974,FRAG_000899.bin,FRAG_000974.bin,sample_png_012.png,sample_png_021.png,png,png,2,0,0,0,0,negative_same_type
PAIR_NEG_000444,FRAG_000016,FRAG_000123,FRAG_000016.bin,FRAG_000123.bin,sample_jpeg_002.jpeg,sample_jpeg_014.jpeg,jpeg,jpeg,2,2,0,0,0,negative_same_type
PAIR_POS_000275,FRAG_000302,FRAG_000303,FRAG_000302.bin,FRAG_000303.bin,sample_pdf_003.pdf,sample_pdf_003.pdf,pdf,pdf,22,23,0,0,1,consecutive_neighbor
PAIR_POS_001432,FRAG_001548,FRAG_001549,FRAG_001548.bin,FRAG_001549.bin,sample_zip_017.zip,sample_zip_017.zip,zip,zip,4,5,0,0,1,consecutive_neighbor
PAIR_POS_000864,FRAG_000929,FRAG_000930,FRAG_000929.bin,FRAG_000930.bin,sample_png_016.png,sample_png_016.png,png,png,2,3,0,0,1,consecutive_neighbor
PAIR_POS_000388,FRAG_000421,FRAG_000422,FRAG_000421.bin,FRAG_000422.bin,sample_pdf_009.pdf,sample_pdf_009.pdf,pdf,pdf,11,12,0,0,1,consecutive_neighbor
PAIR_NEG_000411,FRAG_001179,FRAG_001357,FRAG_001179.bin,FRAG_001357.bin,sample_text_012.log,sample_text_024.txt,text,text,5,16,0,1,0,negative_same_type
PAIR_POS_000693,FRAG_000739,FRAG_000740,FRAG_000739.bin,FRAG_000740.bin,sample_pdf_022.pdf,sample_pdf_022.pdf,pdf,pdf,19,20,0,0,1,consecutive_neighbor
PAIR_NEG_001034,FRAG_000018,FRAG_001263,FRAG_000018.bin,FRAG_001263.bin,sample_jpeg_002.jpeg,sample_text_016.json,jpeg,text,4,25,0,0,0,negative_diff_type
PAIR_NEG_001120,FRAG_000822,FRAG_001407,FRAG_000822.bin,FRAG_001407.bin,sample_png_004.png,sample_zip_005.zip,png,zip,7,6,0,0,0,negative_diff_type
PAIR_NEG_000875,FRAG_000549,FRAG_001209,FRAG_000549.bin,FRAG_001209.bin,sample_pdf_015.pdf,sample_text_015.json,pdf,text,0,4,1,0,0,negative_diff_type
PAIR_POS_001474,FRAG_001594,FRAG_001595,FRAG_001594.bin,FRAG_001595.bin,sample_zip_021.zip,sample_zip_021.zip,zip,zip,5,6,0,0,1,consecutive_neighbor
PAIR_NEG_000478,FRAG_001480,FRAG_001562,FRAG_001480.bin,FRAG_001562.bin,sample_zip_011.zip,sample_zip_018.zip,zip,zip,17,4,0,0,0,negative_same_type
PAIR_POS_000342,FRAG_000373,FRAG_000374,FRAG_000373.bin,FRAG_000374.bin,sample_pdf_007.pdf,sample_pdf_007.pdf,pdf,pdf,3,4,0,0,1,consecutive_neighbor
PAIR_NEG_000255,FRAG_001511,FRAG_001375,FRAG_001511.bin,FRAG_001375.bin,sample_zip_014.zip,sample_zip_001.zip,zip,zip,8,5,0,0,0,negative_same_type
PAIR_POS_000917,FRAG_000988,FRAG_000989,FRAG_000988.bin,FRAG_000989.bin,sample_png_022.png,sample_png_022.png,png,png,0,1,1,0,1,consecutive_neighbor
PAIR_POS_000384,FRAG_000417,FRAG_000418,FRAG_000417.bin,FRAG_000418.bin,sample_pdf_009.pdf,sample_pdf_009.pdf,pdf,pdf,7,8,0,0,1,consecutive_neighbor
PAIR_POS_001085,FRAG_001170,FRAG_001171,FRAG_001170.bin,FRAG_001171.bin,sample_text_011.json,sample_text_011.json,text,text,23,24,0,0,1,consecutive_neighbor
PAIR_NEG_000800,FRAG_000248,FRAG_000077,FRAG_000248.bin,FRAG_000077.bin,sample_pdf_001.pdf,sample_jpeg_009.jpeg,pdf,jpeg,23,7,0,1,0,negative_diff_type
PAIR_POS_000848,FRAG_000911,FRAG_000912,FRAG_000911.bin,FRAG_000912.bin,sample_png_014.png,sample_png_014.png,png,png,0,1,1,0,1,consecutive_neighbor
PAIR_NEG_001327,FRAG_001390,FRAG_000553,FRAG_001390.bin,FRAG_000553.bin,sample_zip_003.zip,sample_pdf_015.pdf,zip,pdf,5,4,0,0,0,negative_diff_type
PAIR_POS_000769,FRAG_000822,FRAG_000823,FRAG_000822.bin,FRAG_000823.bin,sample_png_004.png,sample_png_004.png,png,png,7,8,0,0,1,consecutive_neighbor
PAIR_NEG_001511,FRAG_000170,FRAG_001552,FRAG_000170.bin,FRAG_001552.bin,sample_jpeg_019.jpg,sample_zip_017.zip,jpeg,zip,0,8,1,0,0,negative_diff_type
PAIR_NEG_000447,FRAG_000083,FRAG_000156,FRAG_000083.bin,FRAG_000156.bin,sample_jpeg_010.jpg,sample_jpeg_017.jpg,jpeg,jpeg,5,8,0,0,0,negative_same_type
PAIR_POS_000959,FRAG_001034,FRAG_001035,FRAG_001034.bin,FRAG_001035.bin,sample_text_001.json,sample_text_001.json,text,text,9,10,0,0,1,consecutive_neighbor
PAIR_NEG_000590,FRAG_001493,FRAG_001443,FRAG_001493.bin,FRAG_001443.bin,sample_zip_013.zip,sample_zip_008.zip,zip,zip,3,11,0,1,0,negative_same_type
PAIR_NEG_000498,FRAG_000102,FRAG_000221,FRAG_000102.bin,FRAG_000221.bin,sample_jpeg_012.jpg,sample_jpeg_025.jpg,jpeg,jpeg,3,7,0,0,0,negative_same_type
PAIR_NEG_001396,FRAG_001580,FRAG_000247,FRAG_001580.bin,FRAG_000247.bin,sample_zip_020.zip,sample_pdf_001.pdf,zip,pdf,4,22,0,0,0,negative_diff_type
PAIR_NEG_000935,FRAG_000079,FRAG_000344,FRAG_000079.bin,FRAG_000344.bin,sample_jpeg_010.jpg,sample_pdf_005.pdf,jpeg,pdf,1,30,0,0,0,negative_diff_type
PAIR_POS_000012,FRAG_000012,FRAG_000013,FRAG_000012.bin,FRAG_000013.bin,sample_jpeg_001.jpeg,sample_jpeg_001.jpeg,jpeg,jpeg,11,12,0,1,1,consecutive_neighbor
PAIR_POS_000302,FRAG_000331,FRAG_000332,FRAG_000331.bin,FRAG_000332.bin,sample_pdf_005.pdf,sample_pdf_005.pdf,pdf,pdf,17,18,0,0,1,consecutive_neighbor
PAIR_POS_001347,FRAG_001456,FRAG_001457,FRAG_001456.bin,FRAG_001457.bin,sample_zip_010.zip,sample_zip_010.zip,zip,zip,1,2,0,0,1,consecutive_neighbor
PAIR_NEG_000059,FRAG_000857,FRAG_000810,FRAG_000857.bin,FRAG_000810.bin,sample_png_008.png,sample_png_003.png,png,png,2,1,0,0,0,negative_same_type
PAIR_POS_000699,FRAG_000746,FRAG_000747,FRAG_000746.bin,FRAG_000747.bin,sample_pdf_023.pdf,sample_pdf_023.pdf,pdf,pdf,4,5,0,0,1,consecutive_neighbor
PAIR_POS_000137,FRAG_000153,FRAG_000154,FRAG_000153.bin,FRAG_000154.bin,sample_jpeg_017.jpg,sample_jpeg_017.jpg,jpeg,jpeg,5,6,0,0,1,consecutive_neighbor
PAIR_POS_000216,FRAG_000241,FRAG_000242,FRAG_000241.bin,FRAG_000242.bin,sample_pdf_001.pdf,sample_pdf_001.pdf,pdf,pdf,16,17,0,0,1,consecutive_neighbor
PAIR_POS_000264,FRAG_000291,FRAG_000292,FRAG_000291.bin,FRAG_000292.bin,sample_pdf_003.pdf,sample_pdf_003.pdf,pdf,pdf,11,12,0,0,1,consecutive_neighbor
PAIR_POS_000807,FRAG_000864,FRAG_000865,FRAG_000864.bin,FRAG_000865.bin,sample_png_008.png,sample_png_008.png,png,png,9,10,0,0,1,consecutive_neighbor
PAIR_NEG_000502,FRAG_001173,FRAG_001083,FRAG_001173.bin,FRAG_001083.bin,sample_text_011.json,sample_text_004.json,text,text,26,16,0,0,0,negative_same_type
PAIR_POS_000337,FRAG_000367,FRAG_000368,FRAG_000367.bin,FRAG_000368.bin,sample_pdf_006.pdf,sample_pdf_006.pdf,pdf,pdf,19,20,0,0,1,consecutive_neighbor
PAIR_POS_001410,FRAG_001524,FRAG_001525,FRAG_001524.bin,FRAG_001525.bin,sample_zip_015.zip,sample_zip_015.zip,zip,zip,4,5,0,0,1,consecutive_neighbor
PAIR_POS_000651,FRAG_000695,FRAG_000696,FRAG_000695.bin,FRAG_000696.bin,sample_pdf_020.pdf,sample_pdf_020.pdf,pdf,pdf,22,23,0,0,1,consecutive_neighbor
PAIR_POS_000900,FRAG_000969,FRAG_000970,FRAG_000969.bin,FRAG_000970.bin,sample_png_020.png,sample_png_020.png,png,png,0,1,1,0,1,consecutive_neighbor
PAIR_NEG_000254,FRAG_000867,FRAG_001021,FRAG_000867.bin,FRAG_001021.bin,sample_png_008.png,sample_png_025.png,png,png,12,10,0,0,0,negative_same_type
PAIR_NEG_001274,FRAG_000574,FRAG_001211,FRAG_000574.bin,FRAG_001211.bin,sample_pdf_016.pdf,sample_text_015.json,pdf,text,13,6,0,0,0,negative_diff_type
PAIR_POS_000087,FRAG_000097,FRAG_000098,FRAG_000097.bin,FRAG_000098.bin,sample_jpeg_011.jpeg,sample_jpeg_011.jpeg,jpeg,jpeg,5,6,0,1,1,consecutive_neighbor
PAIR_NEG_001011,FRAG_000625,FRAG_000946,FRAG_000625.bin,FRAG_000946.bin,sample_pdf_018.pdf,sample_png_018.png,pdf,png,22,1,0,0,0,negative_diff_type
PAIR_POS_000059,FRAG_000066,FRAG_000067,FRAG_000066.bin,FRAG_000067.bin,sample_jpeg_008.jpeg,sample_jpeg_008.jpeg,jpeg,jpeg,7,8,0,0,1,consecutive_neighbor
PAIR_POS_000157,FRAG_000175,FRAG_000176,FRAG_000175.bin,FRAG_000176.bin,sample_jpeg_019.jpg,sample_jpeg_019.jpg,jpeg,jpeg,5,6,0,0,1,consecutive_neighbor
PAIR_POS_000645,FRAG_000689,FRAG_000690,FRAG_000689.bin,FRAG_000690.bin,sample_pdf_020.pdf,sample_pdf_020.pdf,pdf,pdf,16,17,0,0,1,consecutive_neighbor
PAIR_NEG_000755,FRAG_000141,FRAG_000041,FRAG_000141.bin,FRAG_000041.bin,sample_jpeg_016.jpeg,sample_jpeg_004.jpeg,jpeg,jpeg,1,7,0,1,0,negative_same_type
PAIR_NEG_000882,FRAG_000895,FRAG_001068,FRAG_000895.bin,FRAG_001068.bin,sample_png_011.png,sample_text_004.json,png,text,7,1,0,0,0,negative_diff_type
PAIR_NEG_001100,FRAG_000181,FRAG_000965,FRAG_000181.bin,FRAG_000965.bin,sample_jpeg_019.jpg,sample_png_019.png,jpeg,png,11,8,0,0,0,negative_diff_type
PAIR_POS_001445,FRAG_001562,FRAG_001563,FRAG_001562.bin,FRAG_001563.bin,sample_zip_018.zip,sample_zip_018.zip,zip,zip,4,5,0,0,1,consecutive_neighbor
PAIR_POS_001110,FRAG_001198,FRAG_001199,FRAG_001198.bin,FRAG_001199.bin,sample_text_014.txt,sample_text_014.txt,text,text,1,2,0,0,1,consecutive_neighbor
PAIR_NEG_001107,FRAG_001386,FRAG_001118,FRAG_001386.bin,FRAG_001118.bin,sample_zip_003.zip,sample_text_008.json,zip,text,1,10,0,0,0,negative_diff_type
PAIR_POS_000585,FRAG_000627,FRAG_000628,FRAG_000627.bin,FRAG_000628.bin,sample_pdf_018.pdf,sample_pdf_018.pdf,pdf,pdf,24,25,0,0,1,consecutive_neighbor
PAIR_POS_000522,FRAG_000562,FRAG_000563,FRAG_000562.bin,FRAG_000563.bin,sample_pdf_016.pdf,sample_pdf_016.pdf,pdf,pdf,1,2,0,0,1,consecutive_neighbor
PAIR_NEG_000658,FRAG_001282,FRAG_001053,FRAG_001282.bin,FRAG_001053.bin,sample_text_018.csv,sample_text_002.txt,text,text,5,10,0,0,0,negative_same_type
PAIR_POS_000429,FRAG_000464,FRAG_000465,FRAG_000464.bin,FRAG_000465.bin,sample_pdf_011.pdf,sample_pdf_011.pdf,pdf,pdf,11,12,0,0,1,consecutive_neighbor
PAIR_NEG_001363,FRAG_001027,FRAG_000545,FRAG_001027.bin,FRAG_000545.bin,sample_text_001.json,sample_pdf_014.pdf,text,pdf,2,18,0,0,0,negative_diff_type
PAIR_NEG_000611,FRAG_000222,FRAG_000168,FRAG_000222.bin,FRAG_000168.bin,sample_jpeg_025.jpg,sample_jpeg_018.jpeg,jpeg,jpeg,8,6,0,0,0,negative_same_type
PAIR_POS_001271,FRAG_001371,FRAG_001372,FRAG_001371.bin,FRAG_001372.bin,sample_zip_001.zip,sample_zip_001.zip,zip,zip,1,2,0,0,1,consecutive_neighbor
PAIR_NEG_001118,FRAG_001453,FRAG_000687,FRAG_001453.bin,FRAG_000687.bin,sample_zip_009.zip,sample_pdf_020.pdf,zip,pdf,9,14,0,0,0,negative_diff_type
PAIR_POS_001042,FRAG_001124,FRAG_001125,FRAG_001124.bin,FRAG_001125.bin,sample_text_008.json,sample_text_008.json,text,text,16,17,0,0,1,consecutive_neighbor
PAIR_POS_001285,FRAG_001387,FRAG_001388,FRAG_001387.bin,FRAG_001388.bin,sample_zip_003.zip,sample_zip_003.zip,zip,zip,2,3,0,0,1,consecutive_neighbor
PAIR_POS_000195,FRAG_000219,FRAG_000220,FRAG_000219.bin,FRAG_000220.bin,sample_jpeg_025.jpg,sample_jpeg_025.jpg,jpeg,jpeg,5,6,0,0,1,consecutive_neighbor
PAIR_POS_000175,FRAG_000196,FRAG_000197,FRAG_000196.bin,FRAG_000197.bin,sample_jpeg_022.jpg,sample_jpeg_022.jpg,jpeg,jpeg,3,4,0,0,1,consecutive_neighbor
PAIR_POS_000321,FRAG_000351,FRAG_000352,FRAG_000351.bin,FRAG_000352.bin,sample_pdf_006.pdf,sample_pdf_006.pdf,pdf,pdf,3,4,0,0,1,consecutive_neighbor
PAIR_NEG_000607,FRAG_000269,FRAG_000429,FRAG_000269.bin,FRAG_000429.bin,sample_pdf_002.pdf,sample_pdf_009.pdf,pdf,pdf,10,19,0,0,0,negative_same_type
PAIR_POS_001482,FRAG_001603,FRAG_001604,FRAG_001603.bin,FRAG_001604.bin,sample_zip_022.zip,sample_zip_022.zip,zip,zip,0,1,1,0,1,consecutive_neighbor
PAIR_POS_001453,FRAG_001571,FRAG_001572,FRAG_001571.bin,FRAG_001572.bin,sample_zip_019.zip,sample_zip_019.zip,zip,zip,3,4,0,0,1,consecutive_neighbor
PAIR_NEG_000581,FRAG_001340,FRAG_001027,FRAG_001340.bin,FRAG_001027.bin,sample_text_023.csv,sample_text_001.json,text,text,3,2,0,0,0,negative_same_type
PAIR_NEG_000892,FRAG_001245,FRAG_001004,FRAG_001245.bin,FRAG_001004.bin,sample_text_016.json,sample_png_023.png,text,png,7,8,0,0,0,negative_diff_type
PAIR_POS_000721,FRAG_000770,FRAG_000771,FRAG_000770.bin,FRAG_000771.bin,sample_pdf_025.pdf,sample_pdf_025.pdf,pdf,pdf,2,3,0,0,1,consecutive_neighbor
PAIR_POS_001170,FRAG_001260,FRAG_001261,FRAG_001260.bin,FRAG_001261.bin,sample_text_016.json,sample_text_016.json,text,text,22,23,0,0,1,consecutive_neighbor
PAIR_POS_000876,FRAG_000942,FRAG_000943,FRAG_000942.bin,FRAG_000943.bin,sample_png_017.png,sample_png_017.png,png,png,3,4,0,0,1,consecutive_neighbor
PAIR_NEG_000989,FRAG_001021,FRAG_001523,FRAG_001021.bin,FRAG_001523.bin,sample_png_025.png,sample_zip_015.zip,png,zip,10,3,0,0,0,negative_diff_type
PAIR_POS_000611,FRAG_000654,FRAG_000655,FRAG_000654.bin,FRAG_000655.bin,sample_pdf_019.pdf,sample_pdf_019.pdf,pdf,pdf,21,22,0,0,1,consecutive_neighbor
PAIR_POS_000032,FRAG_000035,FRAG_000036,FRAG_000035.bin,FRAG_000036.bin,sample_jpeg_004.jpeg,sample_jpeg_004.jpeg,jpeg,jpeg,1,2,0,0,1,consecutive_neighbor
PAIR_NEG_000404,FRAG_001433,FRAG_001602,FRAG_001433.bin,FRAG_001602.bin,sample_zip_008.zip,sample_zip_021.zip,zip,zip,1,13,0,1,0,negative_same_type
PAIR_POS_001191,FRAG_001283,FRAG_001284,FRAG_001283.bin,FRAG_001284.bin,sample_text_018.csv,sample_text_018.csv,text,text,6,7,0,0,1,consecutive_neighbor
PAIR_POS_000839,FRAG_000900,FRAG_000901,FRAG_000900.bin,FRAG_000901.bin,sample_png_012.png,sample_png_012.png,png,png,3,4,0,0,1,consecutive_neighbor
PAIR_NEG_000344,FRAG_000981,FRAG_000872,FRAG_000981.bin,FRAG_000872.bin,sample_png_021.png,sample_png_009.png,png,png,7,3,0,0,0,negative_same_type
PAIR_POS_000541,FRAG_000581,FRAG_000582,FRAG_000581.bin,FRAG_000582.bin,sample_pdf_016.pdf,sample_pdf_016.pdf,pdf,pdf,20,21,0,1,1,consecutive_neighbor
PAIR_NEG_000089,FRAG_000114,FRAG_000207,FRAG_000114.bin,FRAG_000207.bin,sample_jpeg_013.jpeg,sample_jpeg_024.jpeg,jpeg,jpeg,2,2,0,0,0,negative_same_type
PAIR_NEG_000534,FRAG_000891,FRAG_000868,FRAG_000891.bin,FRAG_000868.bin,sample_png_011.png,sample_png_008.png,png,png,3,13,0,1,0,negative_same_type
PAIR_POS_000918,FRAG_000989,FRAG_000990,FRAG_000989.bin,FRAG_000990.bin,sample_png_022.png,sample_png_022.png,png,png,1,2,0,0,1,consecutive_neighbor
PAIR_NEG_000919,FRAG_000872,FRAG_000012,FRAG_000872.bin,FRAG_000012.bin,sample_png_009.png,sample_jpeg_001.jpeg,png,jpeg,3,11,0,0,0,negative_diff_type
PAIR_POS_000678,FRAG_000724,FRAG_000725,FRAG_000724.bin,FRAG_000725.bin,sample_pdf_022.pdf,sample_pdf_022.pdf,pdf,pdf,4,5,0,0,1,consecutive_neighbor
PAIR_POS_001144,FRAG_001233,FRAG_001234,FRAG_001233.bin,FRAG_001234.bin,sample_text_015.json,sample_text_015.json,text,text,28,29,0,0,1,consecutive_neighbor
PAIR_POS_000029,FRAG_000031,FRAG_000032,FRAG_000031.bin,FRAG_000032.bin,sample_jpeg_003.jpg,sample_jpeg_003.jpg,jpeg,jpeg,5,6,0,0,1,consecutive_neighbor
PAIR_NEG_000997,FRAG_000142,FRAG_000516,FRAG_000142.bin,FRAG_000516.bin,sample_jpeg_016.jpeg,sample_pdf_012.pdf,jpeg,pdf,2,33,0,0,0,negative_diff_type
PAIR_POS_001204,FRAG_001297,FRAG_001298,FRAG_001297.bin,FRAG_001298.bin,sample_text_019.txt,sample_text_019.txt,text,text,10,11,0,0,1,consecutive_neighbor
PAIR_POS_000288,FRAG_000317,FRAG_000318,FRAG_000317.bin,FRAG_000318.bin,sample_pdf_005.pdf,sample_pdf_005.pdf,pdf,pdf,3,4,0,0,1,consecutive_neighbor
PAIR_POS_000958,FRAG_001033,FRAG_001034,FRAG_001033.bin,FRAG_001034.bin,sample_text_001.json,sample_text_001.json,text,text,8,9,0,0,1,consecutive_neighbor
PAIR_NEG_001482,FRAG_001099,FRAG_000378,FRAG_001099.bin,FRAG_000378.bin,sample_text_007.csv,sample_pdf_007.pdf,text,pdf,1,8,0,0,0,negative_diff_type
PAIR_POS_000969,FRAG_001045,FRAG_001046,FRAG_001045.bin,FRAG_001046.bin,sample_text_002.txt,sample_text_002.txt,text,text,2,3,0,0,1,consecutive_neighbor
PAIR_NEG_000751,FRAG_000172,FRAG_000136,FRAG_000172.bin,FRAG_000136.bin,sample_jpeg_019.jpg,sample_jpeg_015.jpeg,jpeg,jpeg,2,11,0,0,0,negative_same_type
PAIR_NEG_000028,FRAG_000698,FRAG_000613,FRAG_000698.bin,FRAG_000613.bin,sample_pdf_020.pdf,sample_pdf_018.pdf,pdf,pdf,25,10,0,0,0,negative_same_type
PAIR_POS_000766,FRAG_000819,FRAG_000820,FRAG_000819.bin,FRAG_000820.bin,sample_png_004.png,sample_png_004.png,png,png,4,5,0,0,1,consecutive_neighbor
PAIR_POS_000458,FRAG_000494,FRAG_000495,FRAG_000494.bin,FRAG_000495.bin,sample_pdf_012.pdf,sample_pdf_012.pdf,pdf,pdf,11,12,0,0,1,consecutive_neighbor
PAIR_NEG_000483,FRAG_000386,FRAG_000275,FRAG_000386.bin,FRAG_000275.bin,sample_pdf_007.pdf,sample_pdf_002.pdf,pdf,pdf,16,16,0,0,0,negative_same_type
PAIR_POS_000346,FRAG_000377,FRAG_000378,FRAG_000377.bin,FRAG_000378.bin,sample_pdf_007.pdf,sample_pdf_007.pdf,pdf,pdf,7,8,0,0,1,consecutive_neighbor
PAIR_POS_000849,FRAG_000912,FRAG_000913,FRAG_000912.bin,FRAG_000913.bin,sample_png_014.png,sample_png_014.png,png,png,1,2,0,0,1,consecutive_neighbor
PAIR_POS_000887,FRAG_000954,FRAG_000955,FRAG_000954.bin,FRAG_000955.bin,sample_png_018.png,sample_png_018.png,png,png,9,10,0,0,1,consecutive_neighbor
PAIR_POS_001408,FRAG_001522,FRAG_001523,FRAG_001522.bin,FRAG_001523.bin,sample_zip_015.zip,sample_zip_015.zip,zip,zip,2,3,0,0,1,consecutive_neighbor
PAIR_NEG_001080,FRAG_000429,FRAG_001354,FRAG_000429.bin,FRAG_001354.bin,sample_pdf_009.pdf,sample_text_024.txt,pdf,text,19,13,0,0,0,negative_diff_type
PAIR_NEG_000426,FRAG_001071,FRAG_001364,FRAG_001071.bin,FRAG_001364.bin,sample_text_004.json,sample_text_025.log,text,text,4,6,0,0,0,negative_same_type
PAIR_NEG_001221,FRAG_000075,FRAG_000912,FRAG_000075.bin,FRAG_000912.bin,sample_jpeg_009.jpeg,sample_png_014.png,jpeg,png,5,1,0,0,0,negative_diff_type
PAIR_POS_001051,FRAG_001134,FRAG_001135,FRAG_001134.bin,FRAG_001135.bin,sample_text_009.txt,sample_text_009.txt,text,text,6,7,0,0,1,consecutive_neighbor
PAIR_NEG_000188,FRAG_000349,FRAG_000692,FRAG_000349.bin,FRAG_000692.bin,sample_pdf_006.pdf,sample_pdf_020.pdf,pdf,pdf,1,19,0,0,0,negative_same_type
PAIR_NEG_001165,FRAG_001121,FRAG_000114,FRAG_001121.bin,FRAG_000114.bin,sample_text_008.json,sample_jpeg_013.jpeg,text,jpeg,13,2,0,0,0,negative_diff_type
PAIR_NEG_000215,FRAG_001328,FRAG_001313,FRAG_001328.bin,FRAG_001313.bin,sample_text_022.log,sample_text_020.txt,text,text,3,11,0,0,0,negative_same_type
PAIR_POS_001152,FRAG_001242,FRAG_001243,FRAG_001242.bin,FRAG_001243.bin,sample_text_016.json,sample_text_016.json,text,text,4,5,0,0,1,consecutive_neighbor
PAIR_POS_000978,FRAG_001054,FRAG_001055,FRAG_001054.bin,FRAG_001055.bin,sample_text_002.txt,sample_text_002.txt,text,text,11,12,0,0,1,consecutive_neighbor
PAIR_POS_001141,FRAG_001230,FRAG_001231,FRAG_001230.bin,FRAG_001231.bin,sample_text_015.json,sample_text_015.json,text,text,25,26,0,0,1,consecutive_neighbor
PAIR_NEG_000226,FRAG_000194,FRAG_000008,FRAG_000194.bin,FRAG_000008.bin,sample_jpeg_022.jpg,sample_jpeg_001.jpeg,jpeg,jpeg,1,7,0,0,0,negative_same_type
PAIR_NEG_001461,FRAG_000735,FRAG_001472,FRAG_000735.bin,FRAG_001472.bin,sample_pdf_022.pdf,sample_zip_011.zip,pdf,zip,15,9,0,0,0,negative_diff_type
PAIR_NEG_000421,FRAG_001145,FRAG_001210,FRAG_001145.bin,FRAG_001210.bin,sample_text_010.log,sample_text_015.json,text,text,6,5,0,0,0,negative_same_type
PAIR_POS_001039,FRAG_001121,FRAG_001122,FRAG_001121.bin,FRAG_001122.bin,sample_text_008.json,sample_text_008.json,text,text,13,14,0,0,1,consecutive_neighbor
PAIR_POS_000722,FRAG_000771,FRAG_000772,FRAG_000771.bin,FRAG_000772.bin,sample_pdf_025.pdf,sample_pdf_025.pdf,pdf,pdf,3,4,0,0,1,consecutive_neighbor
PAIR_NEG_000161,FRAG_001470,FRAG_001556,FRAG_001470.bin,FRAG_001556.bin,sample_zip_011.zip,sample_zip_017.zip,zip,zip,7,12,0,0,0,negative_same_type
PAIR_POS_001006,FRAG_001085,FRAG_001086,FRAG_001085.bin,FRAG_001086.bin,sample_text_005.csv,sample_text_005.csv,text,text,0,1,1,0,1,consecutive_neighbor
PAIR_POS_000019,FRAG_000020,FRAG_000021,FRAG_000020.bin,FRAG_000021.bin,sample_jpeg_002.jpeg,sample_jpeg_002.jpeg,jpeg,jpeg,6,7,0,0,1,consecutive_neighbor
PAIR_POS_000236,FRAG_000262,FRAG_000263,FRAG_000262.bin,FRAG_000263.bin,sample_pdf_002.pdf,sample_pdf_002.pdf,pdf,pdf,3,4,0,0,1,consecutive_neighbor
PAIR_POS_000690,FRAG_000736,FRAG_000737,FRAG_000736.bin,FRAG_000737.bin,sample_pdf_022.pdf,sample_pdf_022.pdf,pdf,pdf,16,17,0,0,1,consecutive_neighbor
PAIR_POS_000689,FRAG_000735,FRAG_000736,FRAG_000735.bin,FRAG_000736.bin,sample_pdf_022.pdf,sample_pdf_022.pdf,pdf,pdf,15,16,0,0,1,consecutive_neighbor
PAIR_POS_001300,FRAG_001404,FRAG_001405,FRAG_001404.bin,FRAG_001405.bin,sample_zip_005.zip,sample_zip_005.zip,zip,zip,3,4,0,0,1,consecutive_neighbor
PAIR_NEG_001294,FRAG_001530,FRAG_000978,FRAG_001530.bin,FRAG_000978.bin,sample_zip_016.zip,sample_png_021.png,zip,png,0,4,1,0,0,negative_diff_type
PAIR_POS_001232,FRAG_001328,FRAG_001329,FRAG_001328.bin,FRAG_001329.bin,sample_text_022.log,sample_text_022.log,text,text,3,4,0,0,1,consecutive_neighbor
PAIR_POS_000643,FRAG_000687,FRAG_000688,FRAG_000687.bin,FRAG_000688.bin,sample_pdf_020.pdf,sample_pdf_020.pdf,pdf,pdf,14,15,0,0,1,consecutive_neighbor
PAIR_NEG_000013,FRAG_001074,FRAG_001208,FRAG_001074.bin,FRAG_001208.bin,sample_text_004.json,sample_text_015.json,text,text,7,3,0,0,0,negative_same_type
PAIR_POS_001417,FRAG_001532,FRAG_001533,FRAG_001532.bin,FRAG_001533.bin,sample_zip_016.zip,sample_zip_016.zip,zip,zip,2,3,0,0,1,consecutive_neighbor
PAIR_NEG_000325,FRAG_000955,FRAG_000989,FRAG_000955.bin,FRAG_000989.bin,sample_png_018.png,sample_png_022.png,png,png,10,1,0,0,0,negative_same_type
PAIR_NEG_000211,FRAG_001039,FRAG_001224,FRAG_001039.bin,FRAG_001224.bin,sample_text_001.json,sample_text_015.json,text,text,14,19,0,0,0,negative_same_type
PAIR_NEG_000305,FRAG_000924,FRAG_000934,FRAG_000924.bin,FRAG_000934.bin,sample_png_015.png,sample_png_016.png,png,png,2,7,0,0,0,negative_same_type
PAIR_POS_001381,FRAG_001493,FRAG_001494,FRAG_001493.bin,FRAG_001494.bin,sample_zip_013.zip,sample_zip_013.zip,zip,zip,3,4,0,0,1,consecutive_neighbor
PAIR_NEG_000797,FRAG_001363,FRAG_000224,FRAG_001363.bin,FRAG_000224.bin,sample_text_025.log,sample_jpeg_025.jpg,text,jpeg,5,10,0,1,0,negative_diff_type
PAIR_NEG_001259,FRAG_001048,FRAG_001402,FRAG_001048.bin,FRAG_001402.bin,sample_text_002.txt,sample_zip_005.zip,text,zip,5,1,0,0,0,negative_diff_type
PAIR_POS_000277,FRAG_000304,FRAG_000305,FRAG_000304.bin,FRAG_000305.bin,sample_pdf_003.pdf,sample_pdf_003.pdf,pdf,pdf,24,25,0,1,1,consecutive_neighbor
PAIR_POS_000441,FRAG_000476,FRAG_000477,FRAG_000476.bin,FRAG_000477.bin,sample_pdf_011.pdf,sample_pdf_011.pdf,pdf,pdf,23,24,0,0,1,consecutive_neighbor
PAIR_NEG_000480,FRAG_000603,FRAG_000544,FRAG_000603.bin,FRAG_000544.bin,sample_pdf_018.pdf,sample_pdf_014.pdf,pdf,pdf,0,17,1,0,0,negative_same_type
PAIR_NEG_000379,FRAG_000946,FRAG_000872,FRAG_000946.bin,FRAG_000872.bin,sample_png_018.png,sample_png_009.png,png,png,1,3,0,0,0,negative_same_type
PAIR_POS_000712,FRAG_000760,FRAG_000761,FRAG_000760.bin,FRAG_000761.bin,sample_pdf_024.pdf,sample_pdf_024.pdf,pdf,pdf,5,6,0,0,1,consecutive_neighbor
PAIR_NEG_001261,FRAG_000906,FRAG_000170,FRAG_000906.bin,FRAG_000170.bin,sample_png_013.png,sample_jpeg_019.jpg,png,jpeg,3,0,0,0,0,negative_diff_type
PAIR_POS_000259,FRAG_000286,FRAG_000287,FRAG_000286.bin,FRAG_000287.bin,sample_pdf_003.pdf,sample_pdf_003.pdf,pdf,pdf,6,7,0,0,1,consecutive_neighbor
PAIR_POS_001054,FRAG_001137,FRAG_001138,FRAG_001137.bin,FRAG_001138.bin,sample_text_009.txt,sample_text_009.txt,text,text,9,10,0,1,1,consecutive_neighbor
PAIR_POS_000255,FRAG_000282,FRAG_000283,FRAG_000282.bin,FRAG_000283.bin,sample_pdf_003.pdf,sample_pdf_003.pdf,pdf,pdf,2,3,0,0,1,consecutive_neighbor
PAIR_NEG_001360,FRAG_001469,FRAG_000082,FRAG_001469.bin,FRAG_000082.bin,sample_zip_011.zip,sample_jpeg_010.jpg,zip,jpeg,6,4,0,0,0,negative_diff_type
PAIR_NEG_001449,FRAG_000129,FRAG_001520,FRAG_000129.bin,FRAG_001520.bin,sample_jpeg_015.jpeg,sample_zip_015.zip,jpeg,zip,4,0,0,0,0,negative_diff_type
PAIR_NEG_001471,FRAG_001571,FRAG_001016,FRAG_001571.bin,FRAG_001016.bin,sample_zip_019.zip,sample_png_025.png,zip,png,3,5,0,0,0,negative_diff_type
PAIR_POS_000537,FRAG_000577,FRAG_000578,FRAG_000577.bin,FRAG_000578.bin,sample_pdf_016.pdf,sample_pdf_016.pdf,pdf,pdf,16,17,0,0,1,consecutive_neighbor
PAIR_NEG_000033,FRAG_001162,FRAG_001058,FRAG_001162.bin,FRAG_001058.bin,sample_text_011.json,sample_text_002.txt,text,text,15,15,0,1,0,negative_same_type
PAIR_POS_000253,FRAG_000280,FRAG_000281,FRAG_000280.bin,FRAG_000281.bin,sample_pdf_003.pdf,sample_pdf_003.pdf,pdf,pdf,0,1,1,0,1,consecutive_neighbor
PAIR_POS_000393,FRAG_000426,FRAG_000427,FRAG_000426.bin,FRAG_000427.bin,sample_pdf_009.pdf,sample_pdf_009.pdf,pdf,pdf,16,17,0,0,1,consecutive_neighbor
PAIR_NEG_000492,FRAG_000533,FRAG_000441,FRAG_000533.bin,FRAG_000441.bin,sample_pdf_014.pdf,sample_pdf_009.pdf,pdf,pdf,6,31,0,0,0,negative_same_type
PAIR_NEG_000940,FRAG_001096,FRAG_000843,FRAG_001096.bin,FRAG_000843.bin,sample_text_006.log,sample_png_006.png,text,png,6,8,0,0,0,negative_diff_type
PAIR_NEG_001048,FRAG_000130,FRAG_001438,FRAG_000130.bin,FRAG_001438.bin,sample_jpeg_015.jpeg,sample_zip_008.zip,jpeg,zip,5,6,0,0,0,negative_diff_type
PAIR_POS_001335,FRAG_001442,FRAG_001443,FRAG_001442.bin,FRAG_001443.bin,sample_zip_008.zip,sample_zip_008.zip,zip,zip,10,11,0,1,1,consecutive_neighbor
PAIR_POS_000390,FRAG_000423,FRAG_000424,FRAG_000423.bin,FRAG_000424.bin,sample_pdf_009.pdf,sample_pdf_009.pdf,pdf,pdf,13,14,0,0,1,consecutive_neighbor
PAIR_POS_000730,FRAG_000779,FRAG_000780,FRAG_000779.bin,FRAG_000780.bin,sample_pdf_025.pdf,sample_pdf_025.pdf,pdf,pdf,11,12,0,0,1,consecutive_neighbor
PAIR_NEG_000439,FRAG_000191,FRAG_000017,FRAG_000191.bin,FRAG_000017.bin,sample_jpeg_021.jpg,sample_jpeg_002.jpeg,jpeg,jpeg,4,3,0,0,0,negative_same_type
PAIR_POS_000319,FRAG_000349,FRAG_000350,FRAG_000349.bin,FRAG_000350.bin,sample_pdf_006.pdf,sample_pdf_006.pdf,pdf,pdf,1,2,0,0,1,consecutive_neighbor
PAIR_NEG_000248,FRAG_001014,FRAG_000858,FRAG_001014.bin,FRAG_000858.bin,sample_png_025.png,sample_png_008.png,png,png,3,3,0,0,0,negative_same_type
PAIR_NEG_000803,FRAG_000418,FRAG_001020,FRAG_000418.bin,FRAG_001020.bin,sample_pdf_009.pdf,sample_png_025.png,pdf,png,8,9,0,0,0,negative_diff_type
PAIR_NEG_000661,FRAG_000928,FRAG_000868,FRAG_000928.bin,FRAG_000868.bin,sample_png_016.png,sample_png_008.png,png,png,1,13,0,1,0,negative_same_type
PAIR_NEG_001037,FRAG_000536,FRAG_000985,FRAG_000536.bin,FRAG_000985.bin,sample_pdf_014.pdf,sample_png_021.png,pdf,png,9,11,0,0,0,negative_diff_type
PAIR_POS_001304,FRAG_001408,FRAG_001409,FRAG_001408.bin,FRAG_001409.bin,sample_zip_005.zip,sample_zip_005.zip,zip,zip,7,8,0,1,1,consecutive_neighbor
PAIR_POS_001242,FRAG_001339,FRAG_001340,FRAG_001339.bin,FRAG_001340.bin,sample_text_023.csv,sample_text_023.csv,text,text,2,3,0,1,1,consecutive_neighbor
PAIR_POS_000092,FRAG_000103,FRAG_000104,FRAG_000103.bin,FRAG_000104.bin,sample_jpeg_012.jpg,sample_jpeg_012.jpg,jpeg,jpeg,4,5,0,0,1,consecutive_neighbor
PAIR_POS_001004,FRAG_001082,FRAG_001083,FRAG_001082.bin,FRAG_001083.bin,sample_text_004.json,sample_text_004.json,text,text,15,16,0,0,1,consecutive_neighbor
PAIR_NEG_000586,FRAG_000013,FRAG_000062,FRAG_000013.bin,FRAG_000062.bin,sample_jpeg_001.jpeg,sample_jpeg_008.jpeg,jpeg,jpeg,12,3,0,0,0,negative_same_type
PAIR_POS_000348,FRAG_000379,FRAG_000380,FRAG_000379.bin,FRAG_000380.bin,sample_pdf_007.pdf,sample_pdf_007.pdf,pdf,pdf,9,10,0,0,1,consecutive_neighbor
PAIR_POS_000511,FRAG_000550,FRAG_000551,FRAG_000550.bin,FRAG_000551.bin,sample_pdf_015.pdf,sample_pdf_015.pdf,pdf,pdf,1,2,0,0,1,consecutive_neighbor
PAIR_POS_000719,FRAG_000768,FRAG_000769,FRAG_000768.bin,FRAG_000769.bin,sample_pdf_025.pdf,sample_pdf_025.pdf,pdf,pdf,0,1,1,0,1,consecutive_neighbor
PAIR_POS_001376,FRAG_001487,FRAG_001488,FRAG_001487.bin,FRAG_001488.bin,sample_zip_012.zip,sample_zip_012.zip,zip,zip,5,6,0,0,1,consecutive_neighbor
PAIR_NEG_001437,FRAG_000674,FRAG_001030,FRAG_000674.bin,FRAG_001030.bin,sample_pdf_020.pdf,sample_text_001.json,pdf,text,1,5,0,0,0,negative_diff_type
PAIR_POS_000031,FRAG_000034,FRAG_000035,FRAG_000034.bin,FRAG_000035.bin,sample_jpeg_004.jpeg,sample_jpeg_004.jpeg,jpeg,jpeg,0,1,1,0,1,consecutive_neighbor
PAIR_NEG_000004,FRAG_000152,FRAG_000109,FRAG_000152.bin,FRAG_000109.bin,sample_jpeg_017.jpg,sample_jpeg_012.jpg,jpeg,jpeg,4,10,0,0,0,negative_same_type
PAIR_POS_000237,FRAG_000263,FRAG_000264,FRAG_000263.bin,FRAG_000264.bin,sample_pdf_002.pdf,sample_pdf_002.pdf,pdf,pdf,4,5,0,0,1,consecutive_neighbor
PAIR_POS_000510,FRAG_000549,FRAG_000550,FRAG_000549.bin,FRAG_000550.bin,sample_pdf_015.pdf,sample_pdf_015.pdf,pdf,pdf,0,1,1,0,1,consecutive_neighbor
PAIR_NEG_000518,FRAG_000121,FRAG_000114,FRAG_000121.bin,FRAG_000114.bin,sample_jpeg_014.jpeg,sample_jpeg_013.jpeg,jpeg,jpeg,0,2,1,0,0,negative_same_type
PAIR_POS_000257,FRAG_000284,FRAG_000285,FRAG_000284.bin,FRAG_000285.bin,sample_pdf_003.pdf,sample_pdf_003.pdf,pdf,pdf,4,5,0,0,1,consecutive_neighbor
PAIR_POS_000820,FRAG_000878,FRAG_000879,FRAG_000878.bin,FRAG_000879.bin,sample_png_009.png,sample_png_009.png,png,png,9,10,0,0,1,consecutive_neighbor
PAIR_NEG_000937,FRAG_001330,FRAG_001440,FRAG_001330.bin,FRAG_001440.bin,sample_text_022.log,sample_zip_008.zip,text,zip,5,8,0,0,0,negative_diff_type
PAIR_POS_000466,FRAG_000502,FRAG_000503,FRAG_000502.bin,FRAG_000503.bin,sample_pdf_012.pdf,sample_pdf_012.pdf,pdf,pdf,19,20,0,0,1,consecutive_neighbor
PAIR_NEG_001503,FRAG_000306,FRAG_000849,FRAG_000306.bin,FRAG_000849.bin,sample_pdf_004.pdf,sample_png_007.png,pdf,png,0,3,1,0,0,negative_diff_type
PAIR_NEG_000143,FRAG_000098,FRAG_000224,FRAG_000098.bin,FRAG_000224.bin,sample_jpeg_011.jpeg,sample_jpeg_025.jpg,jpeg,jpeg,6,10,0,1,0,negative_same_type
PAIR_POS_001026,FRAG_001108,FRAG_001109,FRAG_001108.bin,FRAG_001109.bin,sample_text_008.json,sample_text_008.json,text,text,0,1,1,0,1,consecutive_neighbor
PAIR_NEG_000390,FRAG_000161,FRAG_000166,FRAG_000161.bin,FRAG_000166.bin,sample_jpeg_017.jpg,sample_jpeg_018.jpeg,jpeg,jpeg,13,4,0,0,0,negative_same_type
PAIR_POS_001411,FRAG_001525,FRAG_001526,FRAG_001525.bin,FRAG_001526.bin,sample_zip_015.zip,sample_zip_015.zip,zip,zip,5,6,0,0,1,consecutive_neighbor
PAIR_POS_001313,FRAG_001418,FRAG_001419,FRAG_001418.bin,FRAG_001419.bin,sample_zip_006.zip,sample_zip_006.zip,zip,zip,8,9,0,0,1,consecutive_neighbor
PAIR_NEG_000703,FRAG_001600,FRAG_001513,FRAG_001600.bin,FRAG_001513.bin,sample_zip_021.zip,sample_zip_014.zip,zip,zip,11,10,0,0,0,negative_same_type
PAIR_POS_001284,FRAG_001386,FRAG_001387,FRAG_001386.bin,FRAG_001387.bin,sample_zip_003.zip,sample_zip_003.zip,zip,zip,1,2,0,0,1,consecutive_neighbor
PAIR_NEG_000271,FRAG_000841,FRAG_000873,FRAG_000841.bin,FRAG_000873.bin,sample_png_006.png,sample_png_009.png,png,png,6,4,0,0,0,negative_same_type
PAIR_POS_000286,FRAG_000315,FRAG_000316,FRAG_000315.bin,FRAG_000316.bin,sample_pdf_005.pdf,sample_pdf_005.pdf,pdf,pdf,1,2,0,0,1,consecutive_neighbor
PAIR_NEG_000231,FRAG_000992,FRAG_000890,FRAG_000992.bin,FRAG_000890.bin,sample_png_022.png,sample_png_011.png,png,png,4,2,0,0,0,negative_same_type
PAIR_NEG_000050,FRAG_001105,FRAG_001257,FRAG_001105.bin,FRAG_001257.bin,sample_text_007.csv,sample_text_016.json,text,text,7,19,0,0,0,negative_same_type
PAIR_NEG_000677,FRAG_000573,FRAG_000372,FRAG_000573.bin,FRAG_000372.bin,sample_pdf_016.pdf,sample_pdf_007.pdf,pdf,pdf,12,2,0,0,0,negative_same_type
PAIR_NEG_000142,FRAG_000498,FRAG_000388,FRAG_000498.bin,FRAG_000388.bin,sample_pdf_012.pdf,sample_pdf_007.pdf,pdf,pdf,15,18,0,0,0,negative_same_type
PAIR_POS_000414,FRAG_000448,FRAG_000449,FRAG_000448.bin,FRAG_000449.bin,sample_pdf_010.pdf,sample_pdf_010.pdf,pdf,pdf,3,4,0,0,1,consecutive_neighbor
PAIR_POS_000206,FRAG_000231,FRAG_000232,FRAG_000231.bin,FRAG_000232.bin,sample_pdf_001.pdf,sample_pdf_001.pdf,pdf,pdf,6,7,0,0,1,consecutive_neighbor
PAIR_POS_000907,FRAG_000977,FRAG_000978,FRAG_000977.bin,FRAG_000978.bin,sample_png_021.png,sample_png_021.png,png,png,3,4,0,0,1,consecutive_neighbor
PAIR_NEG_001415,FRAG_001587,FRAG_000035,FRAG_001587.bin,FRAG_000035.bin,sample_zip_020.zip,sample_jpeg_004.jpeg,zip,jpeg,11,1,0,0,0,negative_diff_type
PAIR_POS_000373,FRAG_000405,FRAG_000406,FRAG_000405.bin,FRAG_000406.bin,sample_pdf_008.pdf,sample_pdf_008.pdf,pdf,pdf,15,16,0,0,1,consecutive_neighbor
PAIR_POS_001393,FRAG_001506,FRAG_001507,FRAG_001506.bin,FRAG_001507.bin,sample_zip_014.zip,sample_zip_014.zip,zip,zip,3,4,0,0,1,consecutive_neighbor
PAIR_NEG_000384,FRAG_000213,FRAG_000169,FRAG_000213.bin,FRAG_000169.bin,sample_jpeg_024.jpeg,sample_jpeg_018.jpeg,jpeg,jpeg,8,7,0,1,0,negative_same_type
PAIR_POS_000871,FRAG_000936,FRAG_000937,FRAG_000936.bin,FRAG_000937.bin,sample_png_016.png,sample_png_016.png,png,png,9,10,0,0,1,consecutive_neighbor
PAIR_NEG_000457,FRAG_001237,FRAG_001073,FRAG_001237.bin,FRAG_001073.bin,sample_text_015.json,sample_text_004.json,text,text,32,6,0,0,0,negative_same_type
PAIR_NEG_001228,FRAG_001394,FRAG_000170,FRAG_001394.bin,FRAG_000170.bin,sample_zip_003.zip,sample_jpeg_019.jpg,zip,jpeg,9,0,0,0,0,negative_diff_type
PAIR_NEG_000287,FRAG_001181,FRAG_001316,FRAG_001181.bin,FRAG_001316.bin,sample_text_012.log,sample_text_020.txt,text,text,7,14,0,0,0,negative_same_type
PAIR_NEG_000208,FRAG_001239,FRAG_001300,FRAG_001239.bin,FRAG_001300.bin,sample_text_016.json,sample_text_019.txt,text,text,1,13,0,0,0,negative_same_type
PAIR_NEG_001031,FRAG_000552,FRAG_001163,FRAG_000552.bin,FRAG_001163.bin,sample_pdf_015.pdf,sample_text_011.json,pdf,text,3,16,0,0,0,negative_diff_type
PAIR_NEG_001454,FRAG_001157,FRAG_000018,FRAG_001157.bin,FRAG_000018.bin,sample_text_011.json,sample_jpeg_002.jpeg,text,jpeg,10,4,0,0,0,negative_diff_type
PAIR_POS_000449,FRAG_000485,FRAG_000486,FRAG_000485.bin,FRAG_000486.bin,sample_pdf_012.pdf,sample_pdf_012.pdf,pdf,pdf,2,3,0,0,1,consecutive_neighbor
PAIR_NEG_000481,FRAG_000994,FRAG_000941,FRAG_000994.bin,FRAG_000941.bin,sample_png_022.png,sample_png_017.png,png,png,6,2,0,0,0,negative_same_type
PAIR_NEG_001459,FRAG_000122,FRAG_000546,FRAG_000122.bin,FRAG_000546.bin,sample_jpeg_014.jpeg,sample_pdf_014.pdf,jpeg,pdf,1,19,0,0,0,negative_diff_type
PAIR_POS_000772,FRAG_000825,FRAG_000826,FRAG_000825.bin,FRAG_000826.bin,sample_png_004.png,sample_png_004.png,png,png,10,11,0,1,1,consecutive_neighbor
PAIR_NEG_000369,FRAG_001099,FRAG_001150,FRAG_001099.bin,FRAG_001150.bin,sample_text_007.csv,sample_text_011.json,text,text,1,3,0,0,0,negative_same_type
PAIR_NEG_000107,FRAG_001496,FRAG_001390,FRAG_001496.bin,FRAG_001390.bin,sample_zip_013.zip,sample_zip_003.zip,zip,zip,6,5,0,0,0,negative_same_type
PAIR_NEG_001266,FRAG_000880,FRAG_000509,FRAG_000880.bin,FRAG_000509.bin,sample_png_009.png,sample_pdf_012.pdf,png,pdf,11,26,0,0,0,negative_diff_type
PAIR_NEG_001028,FRAG_000708,FRAG_000094,FRAG_000708.bin,FRAG_000094.bin,sample_pdf_021.pdf,sample_jpeg_011.jpeg,pdf,jpeg,0,2,1,0,0,negative_diff_type
PAIR_POS_001438,FRAG_001554,FRAG_001555,FRAG_001554.bin,FRAG_001555.bin,sample_zip_017.zip,sample_zip_017.zip,zip,zip,10,11,0,0,1,consecutive_neighbor
PAIR_POS_001022,FRAG_001103,FRAG_001104,FRAG_001103.bin,FRAG_001104.bin,sample_text_007.csv,sample_text_007.csv,text,text,5,6,0,0,1,consecutive_neighbor
PAIR_NEG_001231,FRAG_001612,FRAG_000975,FRAG_001612.bin,FRAG_000975.bin,sample_zip_023.zip,sample_png_021.png,zip,png,2,1,0,0,0,negative_diff_type
PAIR_NEG_000472,FRAG_001312,FRAG_001343,FRAG_001312.bin,FRAG_001343.bin,sample_text_020.txt,sample_text_024.txt,text,text,10,2,0,0,0,negative_same_type
PAIR_NEG_000852,FRAG_001551,FRAG_000864,FRAG_001551.bin,FRAG_000864.bin,sample_zip_017.zip,sample_png_008.png,zip,png,7,9,0,0,0,negative_diff_type
PAIR_NEG_000490,FRAG_000057,FRAG_000102,FRAG_000057.bin,FRAG_000102.bin,sample_jpeg_007.jpg,sample_jpeg_012.jpg,jpeg,jpeg,4,3,0,0,0,negative_same_type
PAIR_POS_000840,FRAG_000901,FRAG_000902,FRAG_000901.bin,FRAG_000902.bin,sample_png_012.png,sample_png_012.png,png,png,4,5,0,1,1,consecutive_neighbor
PAIR_POS_000674,FRAG_000720,FRAG_000721,FRAG_000720.bin,FRAG_000721.bin,sample_pdf_022.pdf,sample_pdf_022.pdf,pdf,pdf,0,1,1,0,1,consecutive_neighbor
PAIR_NEG_000765,FRAG_001123,FRAG_001003,FRAG_001123.bin,FRAG_001003.bin,sample_text_008.json,sample_png_023.png,text,png,15,7,0,0,0,negative_diff_type
PAIR_NEG_000704,FRAG_001430,FRAG_001435,FRAG_001430.bin,FRAG_001435.bin,sample_zip_007.zip,sample_zip_008.zip,zip,zip,6,3,0,0,0,negative_same_type
PAIR_NEG_001240,FRAG_000796,FRAG_000238,FRAG_000796.bin,FRAG_000238.bin,sample_png_001.png,sample_pdf_001.pdf,png,pdf,0,13,1,0,0,negative_diff_type
PAIR_POS_000119,FRAG_000133,FRAG_000134,FRAG_000133.bin,FRAG_000134.bin,sample_jpeg_015.jpeg,sample_jpeg_015.jpeg,jpeg,jpeg,8,9,0,0,1,consecutive_neighbor
PAIR_NEG_001300,FRAG_000007,FRAG_001565,FRAG_000007.bin,FRAG_001565.bin,sample_jpeg_001.jpeg,sample_zip_018.zip,jpeg,zip,6,7,0,0,0,negative_diff_type
PAIR_POS_000336,FRAG_000366,FRAG_000367,FRAG_000366.bin,FRAG_000367.bin,sample_pdf_006.pdf,sample_pdf_006.pdf,pdf,pdf,18,19,0,0,1,consecutive_neighbor
PAIR_NEG_000043,FRAG_000388,FRAG_000657,FRAG_000388.bin,FRAG_000657.bin,sample_pdf_007.pdf,sample_pdf_019.pdf,pdf,pdf,18,24,0,0,0,negative_same_type
PAIR_NEG_000191,FRAG_001628,FRAG_001588,FRAG_001628.bin,FRAG_001588.bin,sample_zip_025.zip,sample_zip_020.zip,zip,zip,5,12,0,1,0,negative_same_type
PAIR_POS_000571,FRAG_000613,FRAG_000614,FRAG_000613.bin,FRAG_000614.bin,sample_pdf_018.pdf,sample_pdf_018.pdf,pdf,pdf,10,11,0,0,1,consecutive_neighbor
PAIR_NEG_000979,FRAG_000963,FRAG_000093,FRAG_000963.bin,FRAG_000093.bin,sample_png_019.png,sample_jpeg_011.jpeg,png,jpeg,6,1,0,0,0,negative_diff_type
PAIR_NEG_001099,FRAG_000338,FRAG_001556,FRAG_000338.bin,FRAG_001556.bin,sample_pdf_005.pdf,sample_zip_017.zip,pdf,zip,24,12,0,0,0,negative_diff_type
PAIR_POS_001142,FRAG_001231,FRAG_001232,FRAG_001231.bin,FRAG_001232.bin,sample_text_015.json,sample_text_015.json,text,text,26,27,0,0,1,consecutive_neighbor
PAIR_NEG_000008,FRAG_001584,FRAG_001482,FRAG_001584.bin,FRAG_001482.bin,sample_zip_020.zip,sample_zip_012.zip,zip,zip,8,0,0,0,0,negative_same_type
PAIR_NEG_000944,FRAG_001276,FRAG_001582,FRAG_001276.bin,FRAG_001582.bin,sample_text_017.txt,sample_zip_020.zip,text,zip,10,6,0,0,0,negative_diff_type
PAIR_NEG_001244,FRAG_001160,FRAG_000914,FRAG_001160.bin,FRAG_000914.bin,sample_text_011.json,sample_png_014.png,text,png,13,3,0,0,0,negative_diff_type
PAIR_POS_001346,FRAG_001455,FRAG_001456,FRAG_001455.bin,FRAG_001456.bin,sample_zip_010.zip,sample_zip_010.zip,zip,zip,0,1,1,0,1,consecutive_neighbor
PAIR_NEG_000015,FRAG_000187,FRAG_000118,FRAG_000187.bin,FRAG_000118.bin,sample_jpeg_021.jpg,sample_jpeg_013.jpeg,jpeg,jpeg,0,6,1,0,0,negative_same_type
PAIR_POS_001157,FRAG_001247,FRAG_001248,FRAG_001247.bin,FRAG_001248.bin,sample_text_016.json,sample_text_016.json,text,text,9,10,0,0,1,consecutive_neighbor
PAIR_NEG_000292,FRAG_000227,FRAG_000643,FRAG_000227.bin,FRAG_000643.bin,sample_pdf_001.pdf,sample_pdf_019.pdf,pdf,pdf,2,10,0,0,0,negative_same_type
PAIR_POS_000418,FRAG_000453,FRAG_000454,FRAG_000453.bin,FRAG_000454.bin,sample_pdf_011.pdf,sample_pdf_011.pdf,pdf,pdf,0,1,1,0,1,consecutive_neighbor
PAIR_NEG_000804,FRAG_000208,FRAG_001584,FRAG_000208.bin,FRAG_001584.bin,sample_jpeg_024.jpeg,sample_zip_020.zip,jpeg,zip,3,8,0,0,0,negative_diff_type
PAIR_POS_000724,FRAG_000773,FRAG_000774,FRAG_000773.bin,FRAG_000774.bin,sample_pdf_025.pdf,sample_pdf_025.pdf,pdf,pdf,5,6,0,0,1,consecutive_neighbor
PAIR_NEG_001361,FRAG_001193,FRAG_001526,FRAG_001193.bin,FRAG_001526.bin,sample_text_013.csv,sample_zip_015.zip,text,zip,5,6,0,0,0,negative_diff_type
PAIR_POS_001104,FRAG_001191,FRAG_001192,FRAG_001191.bin,FRAG_001192.bin,sample_text_013.csv,sample_text_013.csv,text,text,3,4,0,0,1,consecutive_neighbor
PAIR_POS_001371,FRAG_001482,FRAG_001483,FRAG_001482.bin,FRAG_001483.bin,sample_zip_012.zip,sample_zip_012.zip,zip,zip,0,1,1,0,1,consecutive_neighbor
PAIR_POS_000364,FRAG_000396,FRAG_000397,FRAG_000396.bin,FRAG_000397.bin,sample_pdf_008.pdf,sample_pdf_008.pdf,pdf,pdf,6,7,0,0,1,consecutive_neighbor
PAIR_NEG_001439,FRAG_001456,FRAG_000261,FRAG_001456.bin,FRAG_000261.bin,sample_zip_010.zip,sample_pdf_002.pdf,zip,pdf,1,2,0,0,0,negative_diff_type
PAIR_POS_000110,FRAG_000123,FRAG_000124,FRAG_000123.bin,FRAG_000124.bin,sample_jpeg_014.jpeg,sample_jpeg_014.jpeg,jpeg,jpeg,2,3,0,1,1,consecutive_neighbor
PAIR_POS_001159,FRAG_001249,FRAG_001250,FRAG_001249.bin,FRAG_001250.bin,sample_text_016.json,sample_text_016.json,text,text,11,12,0,0,1,consecutive_neighbor
PAIR_NEG_001063,FRAG_001005,FRAG_001459,FRAG_001005.bin,FRAG_001459.bin,sample_png_023.png,sample_zip_010.zip,png,zip,9,4,0,0,0,negative_diff_type
PAIR_NEG_000442,FRAG_001483,FRAG_001392,FRAG_001483.bin,FRAG_001392.bin,sample_zip_012.zip,sample_zip_003.zip,zip,zip,1,7,0,0,0,negative_same_type
PAIR_NEG_000044,FRAG_001402,FRAG_001567,FRAG_001402.bin,FRAG_001567.bin,sample_zip_005.zip,sample_zip_018.zip,zip,zip,1,9,0,1,0,negative_same_type
PAIR_NEG_000122,FRAG_000191,FRAG_000142,FRAG_000191.bin,FRAG_000142.bin,sample_jpeg_021.jpg,sample_jpeg_016.jpeg,jpeg,jpeg,4,2,0,0,0,negative_same_type
PAIR_NEG_001475,FRAG_000843,FRAG_001504,FRAG_000843.bin,FRAG_001504.bin,sample_png_006.png,sample_zip_014.zip,png,zip,8,1,0,0,0,negative_diff_type
PAIR_POS_001120,FRAG_001209,FRAG_001210,FRAG_001209.bin,FRAG_001210.bin,sample_text_015.json,sample_text_015.json,text,text,4,5,0,0,1,consecutive_neighbor
PAIR_POS_000925,FRAG_000997,FRAG_000998,FRAG_000997.bin,FRAG_000998.bin,sample_png_023.png,sample_png_023.png,png,png,1,2,0,0,1,consecutive_neighbor
PAIR_POS_000551,FRAG_000592,FRAG_000593,FRAG_000592.bin,FRAG_000593.bin,sample_pdf_017.pdf,sample_pdf_017.pdf,pdf,pdf,9,10,0,0,1,consecutive_neighbor
PAIR_POS_000989,FRAG_001067,FRAG_001068,FRAG_001067.bin,FRAG_001068.bin,sample_text_004.json,sample_text_004.json,text,text,0,1,1,0,1,consecutive_neighbor
PAIR_NEG_000753,FRAG_000106,FRAG_000085,FRAG_000106.bin,FRAG_000085.bin,sample_jpeg_012.jpg,sample_jpeg_010.jpg,jpeg,jpeg,7,7,0,0,0,negative_same_type
PAIR_POS_000197,FRAG_000221,FRAG_000222,FRAG_000221.bin,FRAG_000222.bin,sample_jpeg_025.jpg,sample_jpeg_025.jpg,jpeg,jpeg,7,8,0,0,1,consecutive_neighbor
PAIR_NEG_000610,FRAG_000517,FRAG_000590,FRAG_000517.bin,FRAG_000590.bin,sample_pdf_012.pdf,sample_pdf_017.pdf,pdf,pdf,34,7,0,0,0,negative_same_type
PAIR_NEG_000917,FRAG_001548,FRAG_001268,FRAG_001548.bin,FRAG_001268.bin,sample_zip_017.zip,sample_text_017.txt,zip,text,4,2,0,0,0,negative_diff_type
PAIR_POS_001273,FRAG_001373,FRAG_001374,FRAG_001373.bin,FRAG_001374.bin,sample_zip_001.zip,sample_zip_001.zip,zip,zip,3,4,0,0,1,consecutive_neighbor
PAIR_POS_001010,FRAG_001090,FRAG_001091,FRAG_001090.bin,FRAG_001091.bin,sample_text_006.log,sample_text_006.log,text,text,0,1,1,0,1,consecutive_neighbor
PAIR_POS_000102,FRAG_000114,FRAG_000115,FRAG_000114.bin,FRAG_000115.bin,sample_jpeg_013.jpeg,sample_jpeg_013.jpeg,jpeg,jpeg,2,3,0,0,1,consecutive_neighbor
PAIR_POS_001506,FRAG_001630,FRAG_001631,FRAG_001630.bin,FRAG_001631.bin,sample_zip_025.zip,sample_zip_025.zip,zip,zip,7,8,0,0,1,consecutive_neighbor
PAIR_NEG_000896,FRAG_001191,FRAG_000610,FRAG_001191.bin,FRAG_000610.bin,sample_text_013.csv,sample_pdf_018.pdf,text,pdf,3,7,0,0,0,negative_diff_type
PAIR_POS_000518,FRAG_000557,FRAG_000558,FRAG_000557.bin,FRAG_000558.bin,sample_pdf_015.pdf,sample_pdf_015.pdf,pdf,pdf,8,9,0,0,1,consecutive_neighbor
PAIR_POS_001294,FRAG_001397,FRAG_001398,FRAG_001397.bin,FRAG_001398.bin,sample_zip_004.zip,sample_zip_004.zip,zip,zip,2,3,0,0,1,consecutive_neighbor
PAIR_NEG_001408,FRAG_000378,FRAG_001335,FRAG_000378.bin,FRAG_001335.bin,sample_pdf_007.pdf,sample_text_022.log,pdf,text,8,10,0,0,0,negative_diff_type
PAIR_NEG_000639,FRAG_000976,FRAG_000910,FRAG_000976.bin,FRAG_000910.bin,sample_png_021.png,sample_png_013.png,png,png,2,7,0,1,0,negative_same_type
PAIR_POS_000740,FRAG_000789,FRAG_000790,FRAG_000789.bin,FRAG_000790.bin,sample_pdf_025.pdf,sample_pdf_025.pdf,pdf,pdf,21,22,0,0,1,consecutive_neighbor
PAIR_POS_000675,FRAG_000721,FRAG_000722,FRAG_000721.bin,FRAG_000722.bin,sample_pdf_022.pdf,sample_pdf_022.pdf,pdf,pdf,1,2,0,0,1,consecutive_neighbor
PAIR_POS_000906,FRAG_000976,FRAG_000977,FRAG_000976.bin,FRAG_000977.bin,sample_png_021.png,sample_png_021.png,png,png,2,3,0,0,1,consecutive_neighbor
PAIR_POS_000878,FRAG_000945,FRAG_000946,FRAG_000945.bin,FRAG_000946.bin,sample_png_018.png,sample_png_018.png,png,png,0,1,1,0,1,consecutive_neighbor
PAIR_POS_000743,FRAG_000792,FRAG_000793,FRAG_000792.bin,FRAG_000793.bin,sample_pdf_025.pdf,sample_pdf_025.pdf,pdf,pdf,24,25,0,0,1,consecutive_neighbor
PAIR_NEG_000552,FRAG_001012,FRAG_000997,FRAG_001012.bin,FRAG_000997.bin,sample_png_025.png,sample_png_023.png,png,png,1,1,0,0,0,negative_same_type
PAIR_NEG_000757,FRAG_001172,FRAG_000553,FRAG_001172.bin,FRAG_000553.bin,sample_text_011.json,sample_pdf_015.pdf,text,pdf,25,4,0,0,0,negative_diff_type
PAIR_NEG_000399,FRAG_001001,FRAG_000825,FRAG_001001.bin,FRAG_000825.bin,sample_png_023.png,sample_png_004.png,png,png,5,10,0,0,0,negative_same_type
PAIR_POS_000190,FRAG_000214,FRAG_000215,FRAG_000214.bin,FRAG_000215.bin,sample_jpeg_025.jpg,sample_jpeg_025.jpg,jpeg,jpeg,0,1,1,0,1,consecutive_neighbor
PAIR_NEG_001125,FRAG_000328,FRAG_000085,FRAG_000328.bin,FRAG_000085.bin,sample_pdf_005.pdf,sample_jpeg_010.jpg,pdf,jpeg,14,7,0,0,0,negative_diff_type
PAIR_POS_000827,FRAG_000886,FRAG_000887,FRAG_000886.bin,FRAG_000887.bin,sample_png_010.png,sample_png_010.png,png,png,5,6,0,1,1,consecutive_neighbor
PAIR_NEG_000291,FRAG_000790,FRAG_000301,FRAG_000790.bin,FRAG_000301.bin,sample_pdf_025.pdf,sample_pdf_003.pdf,pdf,pdf,22,21,0,0,0,negative_same_type
PAIR_POS_001257,FRAG_001355,FRAG_001356,FRAG_001355.bin,FRAG_001356.bin,sample_text_024.txt,sample_text_024.txt,text,text,14,15,0,0,1,consecutive_neighbor
PAIR_POS_000127,FRAG_000142,FRAG_000143,FRAG_000142.bin,FRAG_000143.bin,sample_jpeg_016.jpeg,sample_jpeg_016.jpeg,jpeg,jpeg,2,3,0,0,1,consecutive_neighbor
PAIR_POS_001058,FRAG_001142,FRAG_001143,FRAG_001142.bin,FRAG_001143.bin,sample_text_010.log,sample_text_010.log,text,text,3,4,0,0,1,consecutive_neighbor
PAIR_NEG_000362,FRAG_001302,FRAG_001043,FRAG_001302.bin,FRAG_001043.bin,sample_text_020.txt,sample_text_002.txt,text,text,0,0,1,0,0,negative_same_type
PAIR_POS_001454,FRAG_001572,FRAG_001573,FRAG_001572.bin,FRAG_001573.bin,sample_zip_019.zip,sample_zip_019.zip,zip,zip,4,5,0,0,1,consecutive_neighbor
PAIR_NEG_000999,FRAG_001570,FRAG_000527,FRAG_001570.bin,FRAG_000527.bin,sample_zip_019.zip,sample_pdf_014.pdf,zip,pdf,2,0,0,0,0,negative_diff_type
PAIR_POS_000045,FRAG_000050,FRAG_000051,FRAG_000050.bin,FRAG_000051.bin,sample_jpeg_006.jpg,sample_jpeg_006.jpg,jpeg,jpeg,2,3,0,0,1,consecutive_neighbor
PAIR_NEG_000888,FRAG_000065,FRAG_000859,FRAG_000065.bin,FRAG_000859.bin,sample_jpeg_008.jpeg,sample_png_008.png,jpeg,png,6,4,0,0,0,negative_diff_type
PAIR_POS_000664,FRAG_000709,FRAG_000710,FRAG_000709.bin,FRAG_000710.bin,sample_pdf_021.pdf,sample_pdf_021.pdf,pdf,pdf,1,2,0,0,1,consecutive_neighbor
PAIR_POS_000481,FRAG_000518,FRAG_000519,FRAG_000518.bin,FRAG_000519.bin,sample_pdf_013.pdf,sample_pdf_013.pdf,pdf,pdf,0,1,1,0,1,consecutive_neighbor
PAIR_NEG_001402,FRAG_000707,FRAG_001271,FRAG_000707.bin,FRAG_001271.bin,sample_pdf_020.pdf,sample_text_017.txt,pdf,text,34,5,0,0,0,negative_diff_type
PAIR_NEG_000720,FRAG_000153,FRAG_000122,FRAG_000153.bin,FRAG_000122.bin,sample_jpeg_017.jpg,sample_jpeg_014.jpeg,jpeg,jpeg,5,1,0,0,0,negative_same_type
PAIR_POS_000526,FRAG_000566,FRAG_000567,FRAG_000566.bin,FRAG_000567.bin,sample_pdf_016.pdf,sample_pdf_016.pdf,pdf,pdf,5,6,0,0,1,consecutive_neighbor
PAIR_POS_001355,FRAG_001465,FRAG_001466,FRAG_001465.bin,FRAG_001466.bin,sample_zip_011.zip,sample_zip_011.zip,zip,zip,2,3,0,0,1,consecutive_neighbor
PAIR_POS_001225,FRAG_001320,FRAG_001321,FRAG_001320.bin,FRAG_001321.bin,sample_text_021.csv,sample_text_021.csv,text,text,2,3,0,0,1,consecutive_neighbor
PAIR_NEG_000971,FRAG_001481,FRAG_001244,FRAG_001481.bin,FRAG_001244.bin,sample_zip_011.zip,sample_text_016.json,zip,text,18,6,0,0,0,negative_diff_type
PAIR_NEG_000629,FRAG_001594,FRAG_001387,FRAG_001594.bin,FRAG_001387.bin,sample_zip_021.zip,sample_zip_003.zip,zip,zip,5,2,0,0,0,negative_same_type
PAIR_NEG_000954,FRAG_001016,FRAG_001414,FRAG_001016.bin,FRAG_001414.bin,sample_png_025.png,sample_zip_006.zip,png,zip,5,4,0,0,0,negative_diff_type
PAIR_NEG_000903,FRAG_001062,FRAG_001599,FRAG_001062.bin,FRAG_001599.bin,sample_text_003.log,sample_zip_021.zip,text,zip,3,10,0,0,0,negative_diff_type
PAIR_POS_000020,FRAG_000021,FRAG_000022,FRAG_000021.bin,FRAG_000022.bin,sample_jpeg_002.jpeg,sample_jpeg_002.jpeg,jpeg,jpeg,7,8,0,0,1,consecutive_neighbor
PAIR_NEG_001453,FRAG_001325,FRAG_001384,FRAG_001325.bin,FRAG_001384.bin,sample_text_022.log,sample_zip_002.zip,text,zip,0,4,1,1,0,negative_diff_type
PAIR_POS_001352,FRAG_001461,FRAG_001462,FRAG_001461.bin,FRAG_001462.bin,sample_zip_010.zip,sample_zip_010.zip,zip,zip,6,7,0,1,1,consecutive_neighbor
PAIR_POS_000436,FRAG_000471,FRAG_000472,FRAG_000471.bin,FRAG_000472.bin,sample_pdf_011.pdf,sample_pdf_011.pdf,pdf,pdf,18,19,0,0,1,consecutive_neighbor
PAIR_NEG_001420,FRAG_000097,FRAG_001475,FRAG_000097.bin,FRAG_001475.bin,sample_jpeg_011.jpeg,sample_zip_011.zip,jpeg,zip,5,12,0,0,0,negative_diff_type
PAIR_NEG_000430,FRAG_000561,FRAG_000376,FRAG_000561.bin,FRAG_000376.bin,sample_pdf_016.pdf,sample_pdf_007.pdf,pdf,pdf,0,6,1,0,0,negative_same_type
PAIR_POS_000215,FRAG_000240,FRAG_000241,FRAG_000240.bin,FRAG_000241.bin,sample_pdf_001.pdf,sample_pdf_001.pdf,pdf,pdf,15,16,0,0,1,consecutive_neighbor
PAIR_NEG_001233,FRAG_001364,FRAG_000134,FRAG_001364.bin,FRAG_000134.bin,sample_text_025.log,sample_jpeg_015.jpeg,text,jpeg,6,9,0,0,0,negative_diff_type
PAIR_POS_000315,FRAG_000344,FRAG_000345,FRAG_000344.bin,FRAG_000345.bin,sample_pdf_005.pdf,sample_pdf_005.pdf,pdf,pdf,30,31,0,0,1,consecutive_neighbor
PAIR_NEG_001147,FRAG_000658,FRAG_000021,FRAG_000658.bin,FRAG_000021.bin,sample_pdf_019.pdf,sample_jpeg_002.jpeg,pdf,jpeg,25,7,0,0,0,negative_diff_type
PAIR_POS_001207,FRAG_001300,FRAG_001301,FRAG_001300.bin,FRAG_001301.bin,sample_text_019.txt,sample_text_019.txt,text,text,13,14,0,1,1,consecutive_neighbor
PAIR_POS_000132,FRAG_000148,FRAG_000149,FRAG_000148.bin,FRAG_000149.bin,sample_jpeg_017.jpg,sample_jpeg_017.jpg,jpeg,jpeg,0,1,1,0,1,consecutive_neighbor
PAIR_POS_000881,FRAG_000948,FRAG_000949,FRAG_000948.bin,FRAG_000949.bin,sample_png_018.png,sample_png_018.png,png,png,3,4,0,0,1,consecutive_neighbor
PAIR_POS_000122,FRAG_000136,FRAG_000137,FRAG_000136.bin,FRAG_000137.bin,sample_jpeg_015.jpeg,sample_jpeg_015.jpeg,jpeg,jpeg,11,12,0,0,1,consecutive_neighbor
PAIR_NEG_000601,FRAG_000198,FRAG_000149,FRAG_000198.bin,FRAG_000149.bin,sample_jpeg_022.jpg,sample_jpeg_017.jpg,jpeg,jpeg,5,1,0,0,0,negative_same_type
PAIR_NEG_000841,FRAG_000784,FRAG_001620,FRAG_000784.bin,FRAG_001620.bin,sample_pdf_025.pdf,sample_zip_024.zip,pdf,zip,16,3,0,0,0,negative_diff_type
PAIR_POS_001493,FRAG_001615,FRAG_001616,FRAG_001615.bin,FRAG_001616.bin,sample_zip_023.zip,sample_zip_023.zip,zip,zip,5,6,0,1,1,consecutive_neighbor
PAIR_POS_001161,FRAG_001251,FRAG_001252,FRAG_001251.bin,FRAG_001252.bin,sample_text_016.json,sample_text_016.json,text,text,13,14,0,0,1,consecutive_neighbor
PAIR_NEG_000237,FRAG_000329,FRAG_000533,FRAG_000329.bin,FRAG_000533.bin,sample_pdf_005.pdf,sample_pdf_014.pdf,pdf,pdf,15,6,0,0,0,negative_same_type
PAIR_NEG_000540,FRAG_001446,FRAG_001540,FRAG_001446.bin,FRAG_001540.bin,sample_zip_009.zip,sample_zip_016.zip,zip,zip,2,10,0,0,0,negative_same_type
PAIR_POS_000908,FRAG_000978,FRAG_000979,FRAG_000978.bin,FRAG_000979.bin,sample_png_021.png,sample_png_021.png,png,png,4,5,0,0,1,consecutive_neighbor
PAIR_POS_001413,FRAG_001527,FRAG_001528,FRAG_001527.bin,FRAG_001528.bin,sample_zip_015.zip,sample_zip_015.zip,zip,zip,7,8,0,0,1,consecutive_neighbor
PAIR_NEG_001094,FRAG_000263,FRAG_001071,FRAG_000263.bin,FRAG_001071.bin,sample_pdf_002.pdf,sample_text_004.json,pdf,text,4,4,0,0,0,negative_diff_type
PAIR_NEG_001193,FRAG_000980,FRAG_000251,FRAG_000980.bin,FRAG_000251.bin,sample_png_021.png,sample_pdf_001.pdf,png,pdf,6,26,0,0,0,negative_diff_type
PAIR_NEG_000558,FRAG_000106,FRAG_000094,FRAG_000106.bin,FRAG_000094.bin,sample_jpeg_012.jpg,sample_jpeg_011.jpeg,jpeg,jpeg,7,2,0,0,0,negative_same_type
PAIR_POS_000492,FRAG_000530,FRAG_000531,FRAG_000530.bin,FRAG_000531.bin,sample_pdf_014.pdf,sample_pdf_014.pdf,pdf,pdf,3,4,0,0,1,consecutive_neighbor
PAIR_NEG_001431,FRAG_000100,FRAG_000230,FRAG_000100.bin,FRAG_000230.bin,sample_jpeg_012.jpg,sample_pdf_001.pdf,jpeg,pdf,1,5,0,0,0,negative_diff_type
PAIR_NEG_001218,FRAG_000577,FRAG_001529,FRAG_000577.bin,FRAG_001529.bin,sample_pdf_016.pdf,sample_zip_015.zip,pdf,zip,16,9,0,1,0,negative_diff_type
PAIR_POS_000898,FRAG_000966,FRAG_000967,FRAG_000966.bin,FRAG_000967.bin,sample_png_019.png,sample_png_019.png,png,png,9,10,0,0,1,consecutive_neighbor
PAIR_NEG_000856,FRAG_001307,FRAG_001613,FRAG_001307.bin,FRAG_001613.bin,sample_text_020.txt,sample_zip_023.zip,text,zip,5,3,0,0,0,negative_diff_type
PAIR_NEG_000952,FRAG_001242,FRAG_000329,FRAG_001242.bin,FRAG_000329.bin,sample_text_016.json,sample_pdf_005.pdf,text,pdf,4,15,0,0,0,negative_diff_type
PAIR_NEG_001470,FRAG_001301,FRAG_001386,FRAG_001301.bin,FRAG_001386.bin,sample_text_019.txt,sample_zip_003.zip,text,zip,14,1,0,0,0,negative_diff_type
PAIR_POS_001502,FRAG_001626,FRAG_001627,FRAG_001626.bin,FRAG_001627.bin,sample_zip_025.zip,sample_zip_025.zip,zip,zip,3,4,0,0,1,consecutive_neighbor
PAIR_POS_001286,FRAG_001388,FRAG_001389,FRAG_001388.bin,FRAG_001389.bin,sample_zip_003.zip,sample_zip_003.zip,zip,zip,3,4,0,0,1,consecutive_neighbor
PAIR_POS_000545,FRAG_000586,FRAG_000587,FRAG_000586.bin,FRAG_000587.bin,sample_pdf_017.pdf,sample_pdf_017.pdf,pdf,pdf,3,4,0,0,1,consecutive_neighbor
PAIR_NEG_000739,FRAG_000725,FRAG_000549,FRAG_000725.bin,FRAG_000549.bin,sample_pdf_022.pdf,sample_pdf_015.pdf,pdf,pdf,5,0,0,0,0,negative_same_type
PAIR_POS_000629,FRAG_000673,FRAG_000674,FRAG_000673.bin,FRAG_000674.bin,sample_pdf_020.pdf,sample_pdf_020.pdf,pdf,pdf,0,1,1,0,1,consecutive_neighbor
PAIR_POS_000790,FRAG_000846,FRAG_000847,FRAG_000846.bin,FRAG_000847.bin,sample_png_007.png,sample_png_007.png,png,png,0,1,1,0,1,consecutive_neighbor
PAIR_POS_000193,FRAG_000217,FRAG_000218,FRAG_000217.bin,FRAG_000218.bin,sample_jpeg_025.jpg,sample_jpeg_025.jpg,jpeg,jpeg,3,4,0,0,1,consecutive_neighbor
PAIR_POS_000227,FRAG_000252,FRAG_000253,FRAG_000252.bin,FRAG_000253.bin,sample_pdf_001.pdf,sample_pdf_001.pdf,pdf,pdf,27,28,0,0,1,consecutive_neighbor
PAIR_POS_001508,FRAG_001632,FRAG_001633,FRAG_001632.bin,FRAG_001633.bin,sample_zip_025.zip,sample_zip_025.zip,zip,zip,9,10,0,0,1,consecutive_neighbor
PAIR_POS_000159,FRAG_000177,FRAG_000178,FRAG_000177.bin,FRAG_000178.bin,sample_jpeg_019.jpg,sample_jpeg_019.jpg,jpeg,jpeg,7,8,0,0,1,consecutive_neighbor
PAIR_NEG_001260,FRAG_000799,FRAG_001484,FRAG_000799.bin,FRAG_001484.bin,sample_png_001.png,sample_zip_012.zip,png,zip,3,2,0,0,0,negative_diff_type
PAIR_POS_000105,FRAG_000117,FRAG_000118,FRAG_000117.bin,FRAG_000118.bin,sample_jpeg_013.jpeg,sample_jpeg_013.jpeg,jpeg,jpeg,5,6,0,0,1,consecutive_neighbor
PAIR_NEG_000274,FRAG_000142,FRAG_000075,FRAG_000142.bin,FRAG_000075.bin,sample_jpeg_016.jpeg,sample_jpeg_009.jpeg,jpeg,jpeg,2,5,0,0,0,negative_same_type
PAIR_NEG_001410,FRAG_001417,FRAG_000124,FRAG_001417.bin,FRAG_000124.bin,sample_zip_006.zip,sample_jpeg_014.jpeg,zip,jpeg,7,3,0,1,0,negative_diff_type
PAIR_NEG_001101,FRAG_001197,FRAG_000078,FRAG_001197.bin,FRAG_000078.bin,sample_text_014.txt,sample_jpeg_010.jpg,text,jpeg,0,0,1,0,0,negative_diff_type
PAIR_POS_000497,FRAG_000535,FRAG_000536,FRAG_000535.bin,FRAG_000536.bin,sample_pdf_014.pdf,sample_pdf_014.pdf,pdf,pdf,8,9,0,0,1,consecutive_neighbor
PAIR_NEG_001156,FRAG_001580,FRAG_000863,FRAG_001580.bin,FRAG_000863.bin,sample_zip_020.zip,sample_png_008.png,zip,png,4,8,0,0,0,negative_diff_type
PAIR_NEG_001195,FRAG_001043,FRAG_001467,FRAG_001043.bin,FRAG_001467.bin,sample_text_002.txt,sample_zip_011.zip,text,zip,0,4,1,0,0,negative_diff_type
PAIR_POS_001440,FRAG_001556,FRAG_001557,FRAG_001556.bin,FRAG_001557.bin,sample_zip_017.zip,sample_zip_017.zip,zip,zip,12,13,0,1,1,consecutive_neighbor
PAIR_POS_001420,FRAG_001535,FRAG_001536,FRAG_001535.bin,FRAG_001536.bin,sample_zip_016.zip,sample_zip_016.zip,zip,zip,5,6,0,0,1,consecutive_neighbor
PAIR_NEG_000560,FRAG_001144,FRAG_001298,FRAG_001144.bin,FRAG_001298.bin,sample_text_010.log,sample_text_019.txt,text,text,5,11,0,0,0,negative_same_type
PAIR_NEG_000262,FRAG_001558,FRAG_001612,FRAG_001558.bin,FRAG_001612.bin,sample_zip_018.zip,sample_zip_023.zip,zip,zip,0,2,1,0,0,negative_same_type
PAIR_NEG_000366,FRAG_000114,FRAG_000043,FRAG_000114.bin,FRAG_000043.bin,sample_jpeg_013.jpeg,sample_jpeg_005.jpg,jpeg,jpeg,2,1,0,0,0,negative_same_type
PAIR_POS_001389,FRAG_001501,FRAG_001502,FRAG_001501.bin,FRAG_001502.bin,sample_zip_013.zip,sample_zip_013.zip,zip,zip,11,12,0,1,1,consecutive_neighbor
PAIR_NEG_000018,FRAG_001555,FRAG_001468,FRAG_001555.bin,FRAG_001468.bin,sample_zip_017.zip,sample_zip_011.zip,zip,zip,11,5,0,0,0,negative_same_type
PAIR_NEG_001160,FRAG_000808,FRAG_000711,FRAG_000808.bin,FRAG_000711.bin,sample_png_002.png,sample_pdf_021.pdf,png,pdf,5,3,0,0,0,negative_diff_type
PAIR_POS_000372,FRAG_000404,FRAG_000405,FRAG_000404.bin,FRAG_000405.bin,sample_pdf_008.pdf,sample_pdf_008.pdf,pdf,pdf,14,15,0,0,1,consecutive_neighbor
PAIR_NEG_000466,FRAG_001529,FRAG_001550,FRAG_001529.bin,FRAG_001550.bin,sample_zip_015.zip,sample_zip_017.zip,zip,zip,9,6,0,0,0,negative_same_type
PAIR_POS_001001,FRAG_001079,FRAG_001080,FRAG_001079.bin,FRAG_001080.bin,sample_text_004.json,sample_text_004.json,text,text,12,13,0,0,1,consecutive_neighbor
PAIR_NEG_000668,FRAG_000021,FRAG_000012,FRAG_000021.bin,FRAG_000012.bin,sample_jpeg_002.jpeg,sample_jpeg_001.jpeg,jpeg,jpeg,7,11,0,0,0,negative_same_type
PAIR_POS_001495,FRAG_001618,FRAG_001619,FRAG_001618.bin,FRAG_001619.bin,sample_zip_024.zip,sample_zip_024.zip,zip,zip,1,2,0,0,1,consecutive_neighbor
PAIR_POS_000702,FRAG_000749,FRAG_000750,FRAG_000749.bin,FRAG_000750.bin,sample_pdf_023.pdf,sample_pdf_023.pdf,pdf,pdf,7,8,0,0,1,consecutive_neighbor
PAIR_NEG_000405,FRAG_000968,FRAG_000987,FRAG_000968.bin,FRAG_000987.bin,sample_png_019.png,sample_png_021.png,png,png,11,13,0,1,0,negative_same_type
PAIR_POS_000331,FRAG_000361,FRAG_000362,FRAG_000361.bin,FRAG_000362.bin,sample_pdf_006.pdf,sample_pdf_006.pdf,pdf,pdf,13,14,0,0,1,consecutive_neighbor
PAIR_NEG_001368,FRAG_000512,FRAG_000220,FRAG_000512.bin,FRAG_000220.bin,sample_pdf_012.pdf,sample_jpeg_025.jpg,pdf,jpeg,29,6,0,0,0,negative_diff_type
PAIR_NEG_000822,FRAG_000880,FRAG_000305,FRAG_000880.bin,FRAG_000305.bin,sample_png_009.png,sample_pdf_003.pdf,png,pdf,11,25,0,1,0,negative_diff_type
PAIR_POS_000763,FRAG_000816,FRAG_000817,FRAG_000816.bin,FRAG_000817.bin,sample_png_004.png,sample_png_004.png,png,png,1,2,0,0,1,consecutive_neighbor
PAIR_POS_000097,FRAG_000108,FRAG_000109,FRAG_000108.bin,FRAG_000109.bin,sample_jpeg_012.jpg,sample_jpeg_012.jpg,jpeg,jpeg,9,10,0,0,1,consecutive_neighbor
PAIR_POS_000188,FRAG_000211,FRAG_000212,FRAG_000211.bin,FRAG_000212.bin,sample_jpeg_024.jpeg,sample_jpeg_024.jpeg,jpeg,jpeg,6,7,0,0,1,consecutive_neighbor
PAIR_POS_000756,FRAG_000807,FRAG_000808,FRAG_000807.bin,FRAG_000808.bin,sample_png_002.png,sample_png_002.png,png,png,4,5,0,1,1,consecutive_neighbor
PAIR_POS_000199,FRAG_000223,FRAG_000224,FRAG_000223.bin,FRAG_000224.bin,sample_jpeg_025.jpg,sample_jpeg_025.jpg,jpeg,jpeg,9,10,0,1,1,consecutive_neighbor
PAIR_NEG_000117,FRAG_000063,FRAG_000095,FRAG_000063.bin,FRAG_000095.bin,sample_jpeg_008.jpeg,sample_jpeg_011.jpeg,jpeg,jpeg,4,3,0,0,0,negative_same_type
PAIR_NEG_000953,FRAG_000258,FRAG_000911,FRAG_000258.bin,FRAG_000911.bin,sample_pdf_001.pdf,sample_png_014.png,pdf,png,33,0,0,0,0,negative_diff_type
PAIR_POS_000811,FRAG_000869,FRAG_000870,FRAG_000869.bin,FRAG_000870.bin,sample_png_009.png,sample_png_009.png,png,png,0,1,1,0,1,consecutive_neighbor
PAIR_POS_001000,FRAG_001078,FRAG_001079,FRAG_001078.bin,FRAG_001079.bin,sample_text_004.json,sample_text_004.json,text,text,11,12,0,0,1,consecutive_neighbor
PAIR_POS_001023,FRAG_001104,FRAG_001105,FRAG_001104.bin,FRAG_001105.bin,sample_text_007.csv,sample_text_007.csv,text,text,6,7,0,0,1,consecutive_neighbor
PAIR_POS_000798,FRAG_000855,FRAG_000856,FRAG_000855.bin,FRAG_000856.bin,sample_png_008.png,sample_png_008.png,png,png,0,1,1,0,1,consecutive_neighbor
PAIR_POS_001361,FRAG_001471,FRAG_001472,FRAG_001471.bin,FRAG_001472.bin,sample_zip_011.zip,sample_zip_011.zip,zip,zip,8,9,0,0,1,consecutive_neighbor
PAIR_NEG_000260,FRAG_000076,FRAG_000057,FRAG_000076.bin,FRAG_000057.bin,sample_jpeg_009.jpeg,sample_jpeg_007.jpg,jpeg,jpeg,6,4,0,0,0,negative_same_type
PAIR_NEG_000574,FRAG_001282,FRAG_001216,FRAG_001282.bin,FRAG_001216.bin,sample_text_018.csv,sample_text_015.json,text,text,5,11,0,0,0,negative_same_type
PAIR_POS_001151,FRAG_001241,FRAG_001242,FRAG_001241.bin,FRAG_001242.bin,sample_text_016.json,sample_text_016.json,text,text,3,4,0,0,1,consecutive_neighbor
PAIR_NEG_000932,FRAG_001548,FRAG_000091,FRAG_001548.bin,FRAG_000091.bin,sample_zip_017.zip,sample_jpeg_010.jpg,zip,jpeg,4,13,0,1,0,negative_diff_type
PAIR_POS_000810,FRAG_000867,FRAG_000868,FRAG_000867.bin,FRAG_000868.bin,sample_png_008.png,sample_png_008.png,png,png,12,13,0,1,1,consecutive_neighbor
PAIR_POS_000055,FRAG_000062,FRAG_000063,FRAG_000062.bin,FRAG_000063.bin,sample_jpeg_008.jpeg,sample_jpeg_008.jpeg,jpeg,jpeg,3,4,0,0,1,consecutive_neighbor
PAIR_POS_000834,FRAG_000894,FRAG_000895,FRAG_000894.bin,FRAG_000895.bin,sample_png_011.png,sample_png_011.png,png,png,6,7,0,0,1,consecutive_neighbor
PAIR_NEG_000719,FRAG_001323,FRAG_001182,FRAG_001323.bin,FRAG_001182.bin,sample_text_021.csv,sample_text_012.log,text,text,5,8,0,0,0,negative_same_type
PAIR_POS_000139,FRAG_000155,FRAG_000156,FRAG_000155.bin,FRAG_000156.bin,sample_jpeg_017.jpg,sample_jpeg_017.jpg,jpeg,jpeg,7,8,0,0,1,consecutive_neighbor
PAIR_NEG_000144,FRAG_000220,FRAG_000121,FRAG_000220.bin,FRAG_000121.bin,sample_jpeg_025.jpg,sample_jpeg_014.jpeg,jpeg,jpeg,6,0,0,0,0,negative_same_type
PAIR_POS_000473,FRAG_000509,FRAG_000510,FRAG_000509.bin,FRAG_000510.bin,sample_pdf_012.pdf,sample_pdf_012.pdf,pdf,pdf,26,27,0,0,1,consecutive_neighbor
PAIR_NEG_000532,FRAG_001458,FRAG_001390,FRAG_001458.bin,FRAG_001390.bin,sample_zip_010.zip,sample_zip_003.zip,zip,zip,3,5,0,0,0,negative_same_type
PAIR_POS_001437,FRAG_001553,FRAG_001554,FRAG_001553.bin,FRAG_001554.bin,sample_zip_017.zip,sample_zip_017.zip,zip,zip,9,10,0,0,1,consecutive_neighbor
PAIR_POS_001319,FRAG_001425,FRAG_001426,FRAG_001425.bin,FRAG_001426.bin,sample_zip_007.zip,sample_zip_007.zip,zip,zip,1,2,0,0,1,consecutive_neighbor
PAIR_POS_000761,FRAG_000813,FRAG_000814,FRAG_000813.bin,FRAG_000814.bin,sample_png_003.png,sample_png_003.png,png,png,4,5,0,1,1,consecutive_neighbor
PAIR_POS_000937,FRAG_001011,FRAG_001012,FRAG_001011.bin,FRAG_001012.bin,sample_png_025.png,sample_png_025.png,png,png,0,1,1,0,1,consecutive_neighbor
PAIR_NEG_000689,FRAG_000735,FRAG_000752,FRAG_000735.bin,FRAG_000752.bin,sample_pdf_022.pdf,sample_pdf_023.pdf,pdf,pdf,15,10,0,0,0,negative_same_type
PAIR_NEG_000009,FRAG_001326,FRAG_001167,FRAG_001326.bin,FRAG_001167.bin,sample_text_022.log,sample_text_011.json,text,text,1,20,0,0,0,negative_same_type
PAIR_POS_000590,FRAG_000633,FRAG_000634,FRAG_000633.bin,FRAG_000634.bin,sample_pdf_019.pdf,sample_pdf_019.pdf,pdf,pdf,0,1,1,0,1,consecutive_neighbor
PAIR_NEG_000980,FRAG_000891,FRAG_000171,FRAG_000891.bin,FRAG_000171.bin,sample_png_011.png,sample_jpeg_019.jpg,png,jpeg,3,1,0,0,0,negative_diff_type
PAIR_POS_000383,FRAG_000416,FRAG_000417,FRAG_000416.bin,FRAG_000417.bin,sample_pdf_009.pdf,sample_pdf_009.pdf,pdf,pdf,6,7,0,0,1,consecutive_neighbor
PAIR_POS_000767,FRAG_000820,FRAG_000821,FRAG_000820.bin,FRAG_000821.bin,sample_png_004.png,sample_png_004.png,png,png,5,6,0,0,1,consecutive_neighbor
PAIR_NEG_000053,FRAG_001011,FRAG_000959,FRAG_001011.bin,FRAG_000959.bin,sample_png_025.png,sample_png_019.png,png,png,0,2,1,0,0,negative_same_type
PAIR_NEG_000086,FRAG_000774,FRAG_000684,FRAG_000774.bin,FRAG_000684.bin,sample_pdf_025.pdf,sample_pdf_020.pdf,pdf,pdf,6,11,0,0,0,negative_same_type
PAIR_NEG_000145,FRAG_000429,FRAG_000696,FRAG_000429.bin,FRAG_000696.bin,sample_pdf_009.pdf,sample_pdf_020.pdf,pdf,pdf,19,23,0,0,0,negative_same_type
PAIR_NEG_000928,FRAG_001465,FRAG_000094,FRAG_001465.bin,FRAG_000094.bin,sample_zip_011.zip,sample_jpeg_011.jpeg,zip,jpeg,2,2,0,0,0,negative_diff_type
PAIR_POS_000265,FRAG_000292,FRAG_000293,FRAG_000292.bin,FRAG_000293.bin,sample_pdf_003.pdf,sample_pdf_003.pdf,pdf,pdf,12,13,0,0,1,consecutive_neighbor
PAIR_NEG_001398,FRAG_001438,FRAG_000749,FRAG_001438.bin,FRAG_000749.bin,sample_zip_008.zip,sample_pdf_023.pdf,zip,pdf,6,7,0,0,0,negative_diff_type
PAIR_POS_000580,FRAG_000622,FRAG_000623,FRAG_000622.bin,FRAG_000623.bin,sample_pdf_018.pdf,sample_pdf_018.pdf,pdf,pdf,19,20,0,0,1,consecutive_neighbor
PAIR_NEG_000395,FRAG_000777,FRAG_000599,FRAG_000777.bin,FRAG_000599.bin,sample_pdf_025.pdf,sample_pdf_017.pdf,pdf,pdf,9,16,0,0,0,negative_same_type
PAIR_NEG_000711,FRAG_001603,FRAG_001446,FRAG_001603.bin,FRAG_001446.bin,sample_zip_022.zip,sample_zip_009.zip,zip,zip,0,2,1,0,0,negative_same_type
PAIR_NEG_000780,FRAG_000607,FRAG_001237,FRAG_000607.bin,FRAG_001237.bin,sample_pdf_018.pdf,sample_text_015.json,pdf,text,4,32,0,1,0,negative_diff_type
PAIR_NEG_000315,FRAG_000121,FRAG_000090,FRAG_000121.bin,FRAG_000090.bin,sample_jpeg_014.jpeg,sample_jpeg_010.jpg,jpeg,jpeg,0,12,1,0,0,negative_same_type
PAIR_NEG_000228,FRAG_001448,FRAG_001492,FRAG_001448.bin,FRAG_001492.bin,sample_zip_009.zip,sample_zip_013.zip,zip,zip,4,2,0,0,0,negative_same_type
PAIR_POS_000505,FRAG_000543,FRAG_000544,FRAG_000543.bin,FRAG_000544.bin,sample_pdf_014.pdf,sample_pdf_014.pdf,pdf,pdf,16,17,0,0,1,consecutive_neighbor
PAIR_POS_001074,FRAG_001159,FRAG_001160,FRAG_001159.bin,FRAG_001160.bin,sample_text_011.json,sample_text_011.json,text,text,12,13,0,0,1,consecutive_neighbor
PAIR_NEG_000493,FRAG_000486,FRAG_000521,FRAG_000486.bin,FRAG_000521.bin,sample_pdf_012.pdf,sample_pdf_013.pdf,pdf,pdf,3,3,0,0,0,negative_same_type
PAIR_POS_001145,FRAG_001234,FRAG_001235,FRAG_001234.bin,FRAG_001235.bin,sample_text_015.json,sample_text_015.json,text,text,29,30,0,0,1,consecutive_neighbor
PAIR_POS_000251,FRAG_000277,FRAG_000278,FRAG_000277.bin,FRAG_000278.bin,sample_pdf_002.pdf,sample_pdf_002.pdf,pdf,pdf,18,19,0,0,1,consecutive_neighbor
PAIR_NEG_000345,FRAG_001620,FRAG_001446,FRAG_001620.bin,FRAG_001446.bin,sample_zip_024.zip,sample_zip_009.zip,zip,zip,3,2,0,0,0,negative_same_type
PAIR_POS_000705,FRAG_000752,FRAG_000753,FRAG_000752.bin,FRAG_000753.bin,sample_pdf_023.pdf,sample_pdf_023.pdf,pdf,pdf,10,11,0,0,1,consecutive_neighbor
PAIR_POS_000504,FRAG_000542,FRAG_000543,FRAG_000542.bin,FRAG_000543.bin,sample_pdf_014.pdf,sample_pdf_014.pdf,pdf,pdf,15,16,0,0,1,consecutive_neighbor
PAIR_NEG_001001,FRAG_000128,FRAG_000297,FRAG_000128.bin,FRAG_000297.bin,sample_jpeg_015.jpeg,sample_pdf_003.pdf,jpeg,pdf,3,17,0,0,0,negative_diff_type
PAIR_POS_000428,FRAG_000463,FRAG_000464,FRAG_000463.bin,FRAG_000464.bin,sample_pdf_011.pdf,sample_pdf_011.pdf,pdf,pdf,10,11,0,0,1,consecutive_neighbor
PAIR_POS_001448,FRAG_001565,FRAG_001566,FRAG_001565.bin,FRAG_001566.bin,sample_zip_018.zip,sample_zip_018.zip,zip,zip,7,8,0,0,1,consecutive_neighbor
PAIR_POS_000944,FRAG_001018,FRAG_001019,FRAG_001018.bin,FRAG_001019.bin,sample_png_025.png,sample_png_025.png,png,png,7,8,0,0,1,consecutive_neighbor
PAIR_POS_000670,FRAG_000715,FRAG_000716,FRAG_000715.bin,FRAG_000716.bin,sample_pdf_021.pdf,sample_pdf_021.pdf,pdf,pdf,7,8,0,0,1,consecutive_neighbor
PAIR_POS_001466,FRAG_001585,FRAG_001586,FRAG_001585.bin,FRAG_001586.bin,sample_zip_020.zip,sample_zip_020.zip,zip,zip,9,10,0,0,1,consecutive_neighbor
PAIR_NEG_000381,FRAG_000846,FRAG_000894,FRAG_000846.bin,FRAG_000894.bin,sample_png_007.png,sample_png_011.png,png,png,0,6,1,0,0,negative_same_type
PAIR_NEG_000277,FRAG_001270,FRAG_001250,FRAG_001270.bin,FRAG_001250.bin,sample_text_017.txt,sample_text_016.json,text,text,4,12,0,0,0,negative_same_type
PAIR_POS_000656,FRAG_000700,FRAG_000701,FRAG_000700.bin,FRAG_000701.bin,sample_pdf_020.pdf,sample_pdf_020.pdf,pdf,pdf,27,28,0,0,1,consecutive_neighbor
PAIR_POS_000308,FRAG_000337,FRAG_000338,FRAG_000337.bin,FRAG_000338.bin,sample_pdf_005.pdf,sample_pdf_005.pdf,pdf,pdf,23,24,0,0,1,consecutive_neighbor
PAIR_POS_000269,FRAG_000296,FRAG_000297,FRAG_000296.bin,FRAG_000297.bin,sample_pdf_003.pdf,sample_pdf_003.pdf,pdf,pdf,16,17,0,0,1,consecutive_neighbor
PAIR_NEG_000463,FRAG_001400,FRAG_001538,FRAG_001400.bin,FRAG_001538.bin,sample_zip_004.zip,sample_zip_016.zip,zip,zip,5,8,0,0,0,negative_same_type
PAIR_POS_001100,FRAG_001186,FRAG_001187,FRAG_001186.bin,FRAG_001187.bin,sample_text_012.log,sample_text_012.log,text,text,12,13,0,1,1,consecutive_neighbor
PAIR_POS_000028,FRAG_000030,FRAG_000031,FRAG_000030.bin,FRAG_000031.bin,sample_jpeg_003.jpg,sample_jpeg_003.jpg,jpeg,jpeg,4,5,0,0,1,consecutive_neighbor
PAIR_NEG_000975,FRAG_000161,FRAG_001605,FRAG_000161.bin,FRAG_001605.bin,sample_jpeg_017.jpg,sample_zip_022.zip,jpeg,zip,13,2,0,0,0,negative_diff_type
PAIR_NEG_000453,FRAG_000219,FRAG_000168,FRAG_000219.bin,FRAG_000168.bin,sample_jpeg_025.jpg,sample_jpeg_018.jpeg,jpeg,jpeg,5,6,0,0,0,negative_same_type
PAIR_NEG_000141,FRAG_000996,FRAG_000901,FRAG_000996.bin,FRAG_000901.bin,sample_png_023.png,sample_png_012.png,png,png,0,4,1,0,0,negative_same_type
PAIR_NEG_000190,FRAG_001532,FRAG_001596,FRAG_001532.bin,FRAG_001596.bin,sample_zip_016.zip,sample_zip_021.zip,zip,zip,2,7,0,0,0,negative_same_type
PAIR_POS_001247,FRAG_001345,FRAG_001346,FRAG_001345.bin,FRAG_001346.bin,sample_text_024.txt,sample_text_024.txt,text,text,4,5,0,0,1,consecutive_neighbor
PAIR_POS_000995,FRAG_001073,FRAG_001074,FRAG_001073.bin,FRAG_001074.bin,sample_text_004.json,sample_text_004.json,text,text,6,7,0,0,1,consecutive_neighbor
PAIR_POS_000600,FRAG_000643,FRAG_000644,FRAG_000643.bin,FRAG_000644.bin,sample_pdf_019.pdf,sample_pdf_019.pdf,pdf,pdf,10,11,0,0,1,consecutive_neighbor
PAIR_NEG_000807,FRAG_001150,FRAG_000190,FRAG_001150.bin,FRAG_000190.bin,sample_text_011.json,sample_jpeg_021.jpg,text,jpeg,3,3,0,0,0,negative_diff_type
PAIR_NEG_000304,FRAG_000975,FRAG_000899,FRAG_000975.bin,FRAG_000899.bin,sample_png_021.png,sample_png_012.png,png,png,1,2,0,0,0,negative_same_type
PAIR_POS_000865,FRAG_000930,FRAG_000931,FRAG_000930.bin,FRAG_000931.bin,sample_png_016.png,sample_png_016.png,png,png,3,4,0,0,1,consecutive_neighbor
PAIR_POS_001062,FRAG_001147,FRAG_001148,FRAG_001147.bin,FRAG_001148.bin,sample_text_011.json,sample_text_011.json,text,text,0,1,1,0,1,consecutive_neighbor
PAIR_NEG_001138,FRAG_000915,FRAG_001159,FRAG_000915.bin,FRAG_001159.bin,sample_png_014.png,sample_text_011.json,png,text,4,12,0,0,0,negative_diff_type
PAIR_NEG_001091,FRAG_001553,FRAG_000947,FRAG_001553.bin,FRAG_000947.bin,sample_zip_017.zip,sample_png_018.png,zip,png,9,2,0,0,0,negative_diff_type
PAIR_NEG_000468,FRAG_000383,FRAG_000718,FRAG_000383.bin,FRAG_000718.bin,sample_pdf_007.pdf,sample_pdf_021.pdf,pdf,pdf,13,10,0,0,0,negative_same_type
PAIR_NEG_000278,FRAG_000843,FRAG_000809,FRAG_000843.bin,FRAG_000809.bin,sample_png_006.png,sample_png_003.png,png,png,8,0,0,0,0,negative_same_type
PAIR_POS_000141,FRAG_000157,FRAG_000158,FRAG_000157.bin,FRAG_000158.bin,sample_jpeg_017.jpg,sample_jpeg_017.jpg,jpeg,jpeg,9,10,0,0,1,consecutive_neighbor
PAIR_POS_000774,FRAG_000828,FRAG_000829,FRAG_000828.bin,FRAG_000829.bin,sample_png_005.png,sample_png_005.png,png,png,1,2,0,0,1,consecutive_neighbor
PAIR_NEG_000022,FRAG_000912,FRAG_000958,FRAG_000912.bin,FRAG_000958.bin,sample_png_014.png,sample_png_019.png,png,png,1,1,0,0,0,negative_same_type
PAIR_NEG_000301,FRAG_000948,FRAG_000987,FRAG_000948.bin,FRAG_000987.bin,sample_png_018.png,sample_png_021.png,png,png,3,13,0,1,0,negative_same_type
PAIR_POS_000474,FRAG_000510,FRAG_000511,FRAG_000510.bin,FRAG_000511.bin,sample_pdf_012.pdf,sample_pdf_012.pdf,pdf,pdf,27,28,0,0,1,consecutive_neighbor
PAIR_NEG_001394,FRAG_000563,FRAG_001083,FRAG_000563.bin,FRAG_001083.bin,sample_pdf_016.pdf,sample_text_004.json,pdf,text,2,16,0,0,0,negative_diff_type
PAIR_NEG_001344,FRAG_000868,FRAG_000196,FRAG_000868.bin,FRAG_000196.bin,sample_png_008.png,sample_jpeg_022.jpg,png,jpeg,13,3,0,0,0,negative_diff_type
PAIR_NEG_000890,FRAG_000231,FRAG_000897,FRAG_000231.bin,FRAG_000897.bin,sample_pdf_001.pdf,sample_png_012.png,pdf,png,6,0,0,0,0,negative_diff_type
PAIR_NEG_001452,FRAG_001149,FRAG_001543,FRAG_001149.bin,FRAG_001543.bin,sample_text_011.json,sample_zip_016.zip,text,zip,2,13,0,1,0,negative_diff_type
PAIR_NEG_000758,FRAG_000992,FRAG_000023,FRAG_000992.bin,FRAG_000023.bin,sample_png_022.png,sample_jpeg_002.jpeg,png,jpeg,4,9,0,0,0,negative_diff_type
PAIR_POS_001075,FRAG_001160,FRAG_001161,FRAG_001160.bin,FRAG_001161.bin,sample_text_011.json,sample_text_011.json,text,text,13,14,0,0,1,consecutive_neighbor
PAIR_NEG_001477,FRAG_000843,FRAG_001625,FRAG_000843.bin,FRAG_001625.bin,sample_png_006.png,sample_zip_025.zip,png,zip,8,2,0,0,0,negative_diff_type
PAIR_POS_001135,FRAG_001224,FRAG_001225,FRAG_001224.bin,FRAG_001225.bin,sample_text_015.json,sample_text_015.json,text,text,19,20,0,0,1,consecutive_neighbor
PAIR_NEG_001369,FRAG_000494,FRAG_001409,FRAG_000494.bin,FRAG_001409.bin,sample_pdf_012.pdf,sample_zip_005.zip,pdf,zip,11,8,0,1,0,negative_diff_type
PAIR_POS_000775,FRAG_000829,FRAG_000830,FRAG_000829.bin,FRAG_000830.bin,sample_png_005.png,sample_png_005.png,png,png,2,3,0,0,1,consecutive_neighbor
PAIR_POS_001158,FRAG_001248,FRAG_001249,FRAG_001248.bin,FRAG_001249.bin,sample_text_016.json,sample_text_016.json,text,text,10,11,0,0,1,consecutive_neighbor
PAIR_NEG_000097,FRAG_001619,FRAG_001449,FRAG_001619.bin,FRAG_001449.bin,sample_zip_024.zip,sample_zip_009.zip,zip,zip,2,5,0,0,0,negative_same_type
PAIR_POS_001012,FRAG_001092,FRAG_001093,FRAG_001092.bin,FRAG_001093.bin,sample_text_006.log,sample_text_006.log,text,text,2,3,0,0,1,consecutive_neighbor
PAIR_NEG_001075,FRAG_000444,FRAG_000843,FRAG_000444.bin,FRAG_000843.bin,sample_pdf_009.pdf,sample_png_006.png,pdf,png,34,8,0,0,0,negative_diff_type
PAIR_POS_000487,FRAG_000524,FRAG_000525,FRAG_000524.bin,FRAG_000525.bin,sample_pdf_013.pdf,sample_pdf_013.pdf,pdf,pdf,6,7,0,0,1,consecutive_neighbor
PAIR_NEG_000945,FRAG_001110,FRAG_001412,FRAG_001110.bin,FRAG_001412.bin,sample_text_008.json,sample_zip_006.zip,text,zip,2,2,0,0,0,negative_diff_type
PAIR_NEG_000577,FRAG_000821,FRAG_001010,FRAG_000821.bin,FRAG_001010.bin,sample_png_004.png,sample_png_024.png,png,png,6,4,0,1,0,negative_same_type
PAIR_NEG_001359,FRAG_000327,FRAG_001515,FRAG_000327.bin,FRAG_001515.bin,sample_pdf_005.pdf,sample_zip_014.zip,pdf,zip,13,12,0,0,0,negative_diff_type
PAIR_NEG_001367,FRAG_000937,FRAG_001080,FRAG_000937.bin,FRAG_001080.bin,sample_png_016.png,sample_text_004.json,png,text,10,13,0,0,0,negative_diff_type
PAIR_POS_001380,FRAG_001492,FRAG_001493,FRAG_001492.bin,FRAG_001493.bin,sample_zip_013.zip,sample_zip_013.zip,zip,zip,2,3,0,0,1,consecutive_neighbor
PAIR_POS_000602,FRAG_000645,FRAG_000646,FRAG_000645.bin,FRAG_000646.bin,sample_pdf_019.pdf,sample_pdf_019.pdf,pdf,pdf,12,13,0,0,1,consecutive_neighbor
PAIR_POS_000901,FRAG_000970,FRAG_000971,FRAG_000970.bin,FRAG_000971.bin,sample_png_020.png,sample_png_020.png,png,png,1,2,0,0,1,consecutive_neighbor
PAIR_NEG_001278,FRAG_000574,FRAG_000091,FRAG_000574.bin,FRAG_000091.bin,sample_pdf_016.pdf,sample_jpeg_010.jpg,pdf,jpeg,13,13,0,1,0,negative_diff_type
PAIR_NEG_000729,FRAG_001611,FRAG_001401,FRAG_001611.bin,FRAG_001401.bin,sample_zip_023.zip,sample_zip_005.zip,zip,zip,1,0,0,0,0,negative_same_type
PAIR_POS_000435,FRAG_000470,FRAG_000471,FRAG_000470.bin,FRAG_000471.bin,sample_pdf_011.pdf,sample_pdf_011.pdf,pdf,pdf,17,18,0,0,1,consecutive_neighbor
PAIR_NEG_000566,FRAG_000165,FRAG_000124,FRAG_000165.bin,FRAG_000124.bin,sample_jpeg_018.jpeg,sample_jpeg_014.jpeg,jpeg,jpeg,3,3,0,1,0,negative_same_type
PAIR_POS_000826,FRAG_000885,FRAG_000886,FRAG_000885.bin,FRAG_000886.bin,sample_png_010.png,sample_png_010.png,png,png,4,5,0,0,1,consecutive_neighbor
PAIR_POS_000168,FRAG_000188,FRAG_000189,FRAG_000188.bin,FRAG_000189.bin,sample_jpeg_021.jpg,sample_jpeg_021.jpg,jpeg,jpeg,1,2,0,0,1,consecutive_neighbor
PAIR_NEG_000529,FRAG_000288,FRAG_000686,FRAG_000288.bin,FRAG_000686.bin,sample_pdf_003.pdf,sample_pdf_020.pdf,pdf,pdf,8,13,0,0,0,negative_same_type
PAIR_POS_000454,FRAG_000490,FRAG_000491,FRAG_000490.bin,FRAG_000491.bin,sample_pdf_012.pdf,sample_pdf_012.pdf,pdf,pdf,7,8,0,0,1,consecutive_neighbor
PAIR_NEG_000963,FRAG_000480,FRAG_001444,FRAG_000480.bin,FRAG_001444.bin,sample_pdf_011.pdf,sample_zip_009.zip,pdf,zip,27,0,0,0,0,negative_diff_type
PAIR_POS_000426,FRAG_000461,FRAG_000462,FRAG_000461.bin,FRAG_000462.bin,sample_pdf_011.pdf,sample_pdf_011.pdf,pdf,pdf,8,9,0,0,1,consecutive_neighbor
PAIR_NEG_001263,FRAG_001310,FRAG_000280,FRAG_001310.bin,FRAG_000280.bin,sample_text_020.txt,sample_pdf_003.pdf,text,pdf,8,0,0,0,0,negative_diff_type
PAIR_POS_000455,FRAG_000491,FRAG_000492,FRAG_000491.bin,FRAG_000492.bin,sample_pdf_012.pdf,sample_pdf_012.pdf,pdf,pdf,8,9,0,0,1,consecutive_neighbor
PAIR_NEG_001441,FRAG_000507,FRAG_000200,FRAG_000507.bin,FRAG_000200.bin,sample_pdf_012.pdf,sample_jpeg_022.jpg,pdf,jpeg,24,7,0,1,0,negative_diff_type
PAIR_POS_000221,FRAG_000246,FRAG_000247,FRAG_000246.bin,FRAG_000247.bin,sample_pdf_001.pdf,sample_pdf_001.pdf,pdf,pdf,21,22,0,0,1,consecutive_neighbor
PAIR_NEG_000229,FRAG_000709,FRAG_000342,FRAG_000709.bin,FRAG_000342.bin,sample_pdf_021.pdf,sample_pdf_005.pdf,pdf,pdf,1,28,0,0,0,negative_same_type
PAIR_NEG_001438,FRAG_000424,FRAG_000804,FRAG_000424.bin,FRAG_000804.bin,sample_pdf_009.pdf,sample_png_002.png,pdf,png,14,1,0,0,0,negative_diff_type
PAIR_NEG_000920,FRAG_000218,FRAG_001545,FRAG_000218.bin,FRAG_001545.bin,sample_jpeg_025.jpg,sample_zip_017.zip,jpeg,zip,4,1,0,0,0,negative_diff_type
PAIR_NEG_001113,FRAG_000294,FRAG_001549,FRAG_000294.bin,FRAG_001549.bin,sample_pdf_003.pdf,sample_zip_017.zip,pdf,zip,14,5,0,0,0,negative_diff_type
PAIR_NEG_001456,FRAG_001289,FRAG_000933,FRAG_001289.bin,FRAG_000933.bin,sample_text_019.txt,sample_png_016.png,text,png,2,6,0,0,0,negative_diff_type
PAIR_POS_000354,FRAG_000385,FRAG_000386,FRAG_000385.bin,FRAG_000386.bin,sample_pdf_007.pdf,sample_pdf_007.pdf,pdf,pdf,15,16,0,0,1,consecutive_neighbor
PAIR_POS_000977,FRAG_001053,FRAG_001054,FRAG_001053.bin,FRAG_001054.bin,sample_text_002.txt,sample_text_002.txt,text,text,10,11,0,0,1,consecutive_neighbor
PAIR_POS_000013,FRAG_000014,FRAG_000015,FRAG_000014.bin,FRAG_000015.bin,sample_jpeg_002.jpeg,sample_jpeg_002.jpeg,jpeg,jpeg,0,1,1,0,1,consecutive_neighbor
PAIR_NEG_000673,FRAG_001150,FRAG_001232,FRAG_001150.bin,FRAG_001232.bin,sample_text_011.json,sample_text_015.json,text,text,3,27,0,0,0,negative_same_type
PAIR_NEG_000854,FRAG_001140,FRAG_000532,FRAG_001140.bin,FRAG_000532.bin,sample_text_010.log,sample_pdf_014.pdf,text,pdf,1,5,0,0,0,negative_diff_type
PAIR_NEG_000589,FRAG_000162,FRAG_000132,FRAG_000162.bin,FRAG_000132.bin,sample_jpeg_018.jpeg,sample_jpeg_015.jpeg,jpeg,jpeg,0,7,1,0,0,negative_same_type
PAIR_NEG_000864,FRAG_000303,FRAG_001178,FRAG_000303.bin,FRAG_001178.bin,sample_pdf_003.pdf,sample_text_012.log,pdf,text,23,4,0,0,0,negative_diff_type
PAIR_POS_000734,FRAG_000783,FRAG_000784,FRAG_000783.bin,FRAG_000784.bin,sample_pdf_025.pdf,sample_pdf_025.pdf,pdf,pdf,15,16,0,0,1,consecutive_neighbor
PAIR_POS_001109,FRAG_001197,FRAG_001198,FRAG_001197.bin,FRAG_001198.bin,sample_text_014.txt,sample_text_014.txt,text,text,0,1,1,0,1,consecutive_neighbor
PAIR_POS_001201,FRAG_001294,FRAG_001295,FRAG_001294.bin,FRAG_001295.bin,sample_text_019.txt,sample_text_019.txt,text,text,7,8,0,0,1,consecutive_neighbor
PAIR_NEG_000879,FRAG_001077,FRAG_001383,FRAG_001077.bin,FRAG_001383.bin,sample_text_004.json,sample_zip_002.zip,text,zip,10,3,0,0,0,negative_diff_type
PAIR_POS_000913,FRAG_000983,FRAG_000984,FRAG_000983.bin,FRAG_000984.bin,sample_png_021.png,sample_png_021.png,png,png,9,10,0,0,1,consecutive_neighbor
PAIR_POS_000058,FRAG_000065,FRAG_000066,FRAG_000065.bin,FRAG_000066.bin,sample_jpeg_008.jpeg,sample_jpeg_008.jpeg,jpeg,jpeg,6,7,0,0,1,consecutive_neighbor
PAIR_POS_000524,FRAG_000564,FRAG_000565,FRAG_000564.bin,FRAG_000565.bin,sample_pdf_016.pdf,sample_pdf_016.pdf,pdf,pdf,3,4,0,0,1,consecutive_neighbor
PAIR_POS_000620,FRAG_000663,FRAG_000664,FRAG_000663.bin,FRAG_000664.bin,sample_pdf_019.pdf,sample_pdf_019.pdf,pdf,pdf,30,31,0,0,1,consecutive_neighbor
PAIR_NEG_000088,FRAG_000914,FRAG_000859,FRAG_000914.bin,FRAG_000859.bin,sample_png_014.png,sample_png_008.png,png,png,3,4,0,0,0,negative_same_type
PAIR_NEG_000394,FRAG_000076,FRAG_000084,FRAG_000076.bin,FRAG_000084.bin,sample_jpeg_009.jpeg,sample_jpeg_010.jpg,jpeg,jpeg,6,6,0,0,0,negative_same_type
PAIR_NEG_000681,FRAG_000927,FRAG_000939,FRAG_000927.bin,FRAG_000939.bin,sample_png_016.png,sample_png_017.png,png,png,0,0,1,0,0,negative_same_type
PAIR_NEG_000456,FRAG_001007,FRAG_000912,FRAG_001007.bin,FRAG_000912.bin,sample_png_024.png,sample_png_014.png,png,png,1,1,0,0,0,negative_same_type
PAIR_POS_000404,FRAG_000437,FRAG_000438,FRAG_000437.bin,FRAG_000438.bin,sample_pdf_009.pdf,sample_pdf_009.pdf,pdf,pdf,27,28,0,0,1,consecutive_neighbor
PAIR_POS_000525,FRAG_000565,FRAG_000566,FRAG_000565.bin,FRAG_000566.bin,sample_pdf_016.pdf,sample_pdf_016.pdf,pdf,pdf,4,5,0,0,1,consecutive_neighbor
PAIR_POS_000090,FRAG_000101,FRAG_000102,FRAG_000101.bin,FRAG_000102.bin,sample_jpeg_012.jpg,sample_jpeg_012.jpg,jpeg,jpeg,2,3,0,0,1,consecutive_neighbor
PAIR_NEG_000808,FRAG_000113,FRAG_001144,FRAG_000113.bin,FRAG_001144.bin,sample_jpeg_013.jpeg,sample_text_010.log,jpeg,text,1,5,0,0,0,negative_diff_type
PAIR_NEG_000512,FRAG_000466,FRAG_000330,FRAG_000466.bin,FRAG_000330.bin,sample_pdf_011.pdf,sample_pdf_005.pdf,pdf,pdf,13,16,0,0,0,negative_same_type
PAIR_NEG_000365,FRAG_000112,FRAG_000026,FRAG_000112.bin,FRAG_000026.bin,sample_jpeg_013.jpeg,sample_jpeg_003.jpg,jpeg,jpeg,0,0,1,0,0,negative_same_type
PAIR_NEG_000424,FRAG_001166,FRAG_001122,FRAG_001166.bin,FRAG_001122.bin,sample_text_011.json,sample_text_008.json,text,text,19,14,0,0,0,negative_same_type
PAIR_NEG_000212,FRAG_000967,FRAG_000969,FRAG_000967.bin,FRAG_000969.bin,sample_png_019.png,sample_png_020.png,png,png,10,0,0,0,0,negative_same_type
PAIR_POS_000086,FRAG_000096,FRAG_000097,FRAG_000096.bin,FRAG_000097.bin,sample_jpeg_011.jpeg,sample_jpeg_011.jpeg,jpeg,jpeg,4,5,0,0,1,consecutive_neighbor
PAIR_NEG_000253,FRAG_000588,FRAG_000489,FRAG_000588.bin,FRAG_000489.bin,sample_pdf_017.pdf,sample_pdf_012.pdf,pdf,pdf,5,6,0,0,0,negative_same_type
PAIR_NEG_000663,FRAG_001510,FRAG_001434,FRAG_001510.bin,FRAG_001434.bin,sample_zip_014.zip,sample_zip_008.zip,zip,zip,7,2,0,0,0,negative_same_type
PAIR_NEG_000266,FRAG_000855,FRAG_000826,FRAG_000855.bin,FRAG_000826.bin,sample_png_008.png,sample_png_004.png,png,png,0,11,1,1,0,negative_same_type
PAIR_NEG_001058,FRAG_000863,FRAG_001086,FRAG_000863.bin,FRAG_001086.bin,sample_png_008.png,sample_text_005.csv,png,text,8,1,0,0,0,negative_diff_type
PAIR_NEG_000230,FRAG_001481,FRAG_001608,FRAG_001481.bin,FRAG_001608.bin,sample_zip_011.zip,sample_zip_022.zip,zip,zip,18,5,0,0,0,negative_same_type
PAIR_POS_001084,FRAG_001169,FRAG_001170,FRAG_001169.bin,FRAG_001170.bin,sample_text_011.json,sample_text_011.json,text,text,22,23,0,0,1,consecutive_neighbor
PAIR_NEG_000895,FRAG_000551,FRAG_001174,FRAG_000551.bin,FRAG_001174.bin,sample_pdf_015.pdf,sample_text_012.log,pdf,text,2,0,0,0,0,negative_diff_type
PAIR_NEG_000134,FRAG_001445,FRAG_001590,FRAG_001445.bin,FRAG_001590.bin,sample_zip_009.zip,sample_zip_021.zip,zip,zip,1,1,0,0,0,negative_same_type
PAIR_NEG_000694,FRAG_000013,FRAG_000073,FRAG_000013.bin,FRAG_000073.bin,sample_jpeg_001.jpeg,sample_jpeg_009.jpeg,jpeg,jpeg,12,3,0,0,0,negative_same_type
PAIR_POS_001067,FRAG_001152,FRAG_001153,FRAG_001152.bin,FRAG_001153.bin,sample_text_011.json,sample_text_011.json,text,text,5,6,0,0,1,consecutive_neighbor
PAIR_NEG_000333,FRAG_000058,FRAG_000216,FRAG_000058.bin,FRAG_000216.bin,sample_jpeg_007.jpg,sample_jpeg_025.jpg,jpeg,jpeg,5,2,0,0,0,negative_same_type
PAIR_NEG_000990,FRAG_000361,FRAG_001353,FRAG_000361.bin,FRAG_001353.bin,sample_pdf_006.pdf,sample_text_024.txt,pdf,text,13,12,0,0,0,negative_diff_type
PAIR_POS_001416,FRAG_001531,FRAG_001532,FRAG_001531.bin,FRAG_001532.bin,sample_zip_016.zip,sample_zip_016.zip,zip,zip,1,2,0,0,1,consecutive_neighbor
PAIR_POS_000095,FRAG_000106,FRAG_000107,FRAG_000106.bin,FRAG_000107.bin,sample_jpeg_012.jpg,sample_jpeg_012.jpg,jpeg,jpeg,7,8,0,0,1,consecutive_neighbor
PAIR_POS_001452,FRAG_001570,FRAG_001571,FRAG_001570.bin,FRAG_001571.bin,sample_zip_019.zip,sample_zip_019.zip,zip,zip,2,3,0,0,1,consecutive_neighbor
PAIR_POS_000457,FRAG_000493,FRAG_000494,FRAG_000493.bin,FRAG_000494.bin,sample_pdf_012.pdf,sample_pdf_012.pdf,pdf,pdf,10,11,0,0,1,consecutive_neighbor
PAIR_POS_001198,FRAG_001291,FRAG_001292,FRAG_001291.bin,FRAG_001292.bin,sample_text_019.txt,sample_text_019.txt,text,text,4,5,0,0,1,consecutive_neighbor
PAIR_POS_000862,FRAG_000927,FRAG_000928,FRAG_000927.bin,FRAG_000928.bin,sample_png_016.png,sample_png_016.png,png,png,0,1,1,0,1,consecutive_neighbor
PAIR_POS_000633,FRAG_000677,FRAG_000678,FRAG_000677.bin,FRAG_000678.bin,sample_pdf_020.pdf,sample_pdf_020.pdf,pdf,pdf,4,5,0,0,1,consecutive_neighbor
PAIR_POS_000412,FRAG_000446,FRAG_000447,FRAG_000446.bin,FRAG_000447.bin,sample_pdf_010.pdf,sample_pdf_010.pdf,pdf,pdf,1,2,0,0,1,consecutive_neighbor
PAIR_POS_000933,FRAG_001006,FRAG_001007,FRAG_001006.bin,FRAG_001007.bin,sample_png_024.png,sample_png_024.png,png,png,0,1,1,0,1,consecutive_neighbor
PAIR_NEG_000092,FRAG_000395,FRAG_000641,FRAG_000395.bin,FRAG_000641.bin,sample_pdf_008.pdf,sample_pdf_019.pdf,pdf,pdf,5,8,0,0,0,negative_same_type
PAIR_POS_001480,FRAG_001600,FRAG_001601,FRAG_001600.bin,FRAG_001601.bin,sample_zip_021.zip,sample_zip_021.zip,zip,zip,11,12,0,0,1,consecutive_neighbor
PAIR_POS_000565,FRAG_000607,FRAG_000608,FRAG_000607.bin,FRAG_000608.bin,sample_pdf_018.pdf,sample_pdf_018.pdf,pdf,pdf,4,5,0,0,1,consecutive_neighbor
PAIR_NEG_001204,FRAG_001611,FRAG_000050,FRAG_001611.bin,FRAG_000050.bin,sample_zip_023.zip,sample_jpeg_006.jpg,zip,jpeg,1,2,0,0,0,negative_diff_type
PAIR_NEG_001112,FRAG_000798,FRAG_001160,FRAG_000798.bin,FRAG_001160.bin,sample_png_001.png,sample_text_011.json,png,text,2,13,0,0,0,negative_diff_type
PAIR_POS_000042,FRAG_000046,FRAG_000047,FRAG_000046.bin,FRAG_000047.bin,sample_jpeg_005.jpg,sample_jpeg_005.jpg,jpeg,jpeg,4,5,0,1,1,consecutive_neighbor
PAIR_NEG_001336,FRAG_001044,FRAG_000818,FRAG_001044.bin,FRAG_000818.bin,sample_text_002.txt,sample_png_004.png,text,png,1,3,0,0,0,negative_diff_type
PAIR_POS_000750,FRAG_000800,FRAG_000801,FRAG_000800.bin,FRAG_000801.bin,sample_png_001.png,sample_png_001.png,png,png,4,5,0,0,1,consecutive_neighbor
PAIR_POS_000116,FRAG_000130,FRAG_000131,FRAG_000130.bin,FRAG_000131.bin,sample_jpeg_015.jpeg,sample_jpeg_015.jpeg,jpeg,jpeg,5,6,0,0,1,consecutive_neighbor
PAIR_NEG_000308,FRAG_000950,FRAG_000860,FRAG_000950.bin,FRAG_000860.bin,sample_png_018.png,sample_png_008.png,png,png,5,5,0,0,0,negative_same_type
PAIR_NEG_000138,FRAG_000330,FRAG_000587,FRAG_000330.bin,FRAG_000587.bin,sample_pdf_005.pdf,sample_pdf_017.pdf,pdf,pdf,16,4,0,0,0,negative_same_type
PAIR_NEG_001241,FRAG_000214,FRAG_001622,FRAG_000214.bin,FRAG_001622.bin,sample_jpeg_025.jpg,sample_zip_024.zip,jpeg,zip,0,5,1,1,0,negative_diff_type
PAIR_POS_000747,FRAG_000797,FRAG_000798,FRAG_000797.bin,FRAG_000798.bin,sample_png_001.png,sample_png_001.png,png,png,1,2,0,0,1,consecutive_neighbor
PAIR_NEG_000422,FRAG_000176,FRAG_000095,FRAG_000176.bin,FRAG_000095.bin,sample_jpeg_019.jpg,sample_jpeg_011.jpeg,jpeg,jpeg,6,3,0,0,0,negative_same_type
PAIR_POS_000819,FRAG_000877,FRAG_000878,FRAG_000877.bin,FRAG_000878.bin,sample_png_009.png,sample_png_009.png,png,png,8,9,0,0,1,consecutive_neighbor
PAIR_NEG_000200,FRAG_000444,FRAG_000290,FRAG_000444.bin,FRAG_000290.bin,sample_pdf_009.pdf,sample_pdf_003.pdf,pdf,pdf,34,10,0,0,0,negative_same_type
PAIR_POS_000962,FRAG_001037,FRAG_001038,FRAG_001037.bin,FRAG_001038.bin,sample_text_001.json,sample_text_001.json,text,text,12,13,0,0,1,consecutive_neighbor
PAIR_NEG_000130,FRAG_001307,FRAG_001243,FRAG_001307.bin,FRAG_001243.bin,sample_text_020.txt,sample_text_016.json,text,text,5,5,0,0,0,negative_same_type
PAIR_NEG_001460,FRAG_001024,FRAG_000500,FRAG_001024.bin,FRAG_000500.bin,sample_png_025.png,sample_pdf_012.pdf,png,pdf,13,17,0,0,0,negative_diff_type
PAIR_NEG_000079,FRAG_001233,FRAG_001122,FRAG_001233.bin,FRAG_001122.bin,sample_text_015.json,sample_text_008.json,text,text,28,14,0,0,0,negative_same_type
PAIR_NEG_000337,FRAG_001266,FRAG_001149,FRAG_001266.bin,FRAG_001149.bin,sample_text_017.txt,sample_text_011.json,text,text,0,2,1,0,0,negative_same_type
PAIR_POS_000303,FRAG_000332,FRAG_000333,FRAG_000332.bin,FRAG_000333.bin,sample_pdf_005.pdf,sample_pdf_005.pdf,pdf,pdf,18,19,0,0,1,consecutive_neighbor
PAIR_POS_001066,FRAG_001151,FRAG_001152,FRAG_001151.bin,FRAG_001152.bin,sample_text_011.json,sample_text_011.json,text,text,4,5,0,0,1,consecutive_neighbor
PAIR_NEG_000309,FRAG_000024,FRAG_000059,FRAG_000024.bin,FRAG_000059.bin,sample_jpeg_002.jpeg,sample_jpeg_008.jpeg,jpeg,jpeg,10,0,0,0,0,negative_same_type
PAIR_POS_000340,FRAG_000371,FRAG_000372,FRAG_000371.bin,FRAG_000372.bin,sample_pdf_007.pdf,sample_pdf_007.pdf,pdf,pdf,1,2,0,0,1,consecutive_neighbor
PAIR_POS_000520,FRAG_000559,FRAG_000560,FRAG_000559.bin,FRAG_000560.bin,sample_pdf_015.pdf,sample_pdf_015.pdf,pdf,pdf,10,11,0,1,1,consecutive_neighbor
PAIR_NEG_001430,FRAG_001306,FRAG_000953,FRAG_001306.bin,FRAG_000953.bin,sample_text_020.txt,sample_png_018.png,text,png,4,8,0,0,0,negative_diff_type
PAIR_NEG_001329,FRAG_001382,FRAG_000928,FRAG_001382.bin,FRAG_000928.bin,sample_zip_002.zip,sample_png_016.png,zip,png,2,1,0,0,0,negative_diff_type
PAIR_POS_000005,FRAG_000005,FRAG_000006,FRAG_000005.bin,FRAG_000006.bin,sample_jpeg_001.jpeg,sample_jpeg_001.jpeg,jpeg,jpeg,4,5,0,0,1,consecutive_neighbor
PAIR_NEG_001152,FRAG_001344,FRAG_000151,FRAG_001344.bin,FRAG_000151.bin,sample_text_024.txt,sample_jpeg_017.jpg,text,jpeg,3,3,0,0,0,negative_diff_type
PAIR_NEG_000615,FRAG_000843,FRAG_000923,FRAG_000843.bin,FRAG_000923.bin,sample_png_006.png,sample_png_015.png,png,png,8,1,0,0,0,negative_same_type
PAIR_POS_000470,FRAG_000506,FRAG_000507,FRAG_000506.bin,FRAG_000507.bin,sample_pdf_012.pdf,sample_pdf_012.pdf,pdf,pdf,23,24,0,0,1,consecutive_neighbor
PAIR_POS_000149,FRAG_000166,FRAG_000167,FRAG_000166.bin,FRAG_000167.bin,sample_jpeg_018.jpeg,sample_jpeg_018.jpeg,jpeg,jpeg,4,5,0,0,1,consecutive_neighbor
PAIR_NEG_000604,FRAG_000700,FRAG_000715,FRAG_000700.bin,FRAG_000715.bin,sample_pdf_020.pdf,sample_pdf_021.pdf,pdf,pdf,27,7,0,0,0,negative_same_type
PAIR_POS_000512,FRAG_000551,FRAG_000552,FRAG_000551.bin,FRAG_000552.bin,sample_pdf_015.pdf,sample_pdf_015.pdf,pdf,pdf,2,3,0,0,1,consecutive_neighbor
PAIR_POS_001173,FRAG_001263,FRAG_001264,FRAG_001263.bin,FRAG_001264.bin,sample_text_016.json,sample_text_016.json,text,text,25,26,0,0,1,consecutive_neighbor
PAIR_NEG_000538,FRAG_001567,FRAG_001515,FRAG_001567.bin,FRAG_001515.bin,sample_zip_018.zip,sample_zip_014.zip,zip,zip,9,12,0,0,0,negative_same_type
PAIR_POS_000125,FRAG_000140,FRAG_000141,FRAG_000140.bin,FRAG_000141.bin,sample_jpeg_016.jpeg,sample_jpeg_016.jpeg,jpeg,jpeg,0,1,1,0,1,consecutive_neighbor
PAIR_POS_001034,FRAG_001116,FRAG_001117,FRAG_001116.bin,FRAG_001117.bin,sample_text_008.json,sample_text_008.json,text,text,8,9,0,0,1,consecutive_neighbor
PAIR_NEG_000032,FRAG_000207,FRAG_000081,FRAG_000207.bin,FRAG_000081.bin,sample_jpeg_024.jpeg,sample_jpeg_010.jpg,jpeg,jpeg,2,3,0,0,0,negative_same_type
PAIR_NEG_001196,FRAG_000971,FRAG_000772,FRAG_000971.bin,FRAG_000772.bin,sample_png_020.png,sample_pdf_025.pdf,png,pdf,2,4,0,0,0,negative_diff_type
PAIR_NEG_000403,FRAG_001032,FRAG_001160,FRAG_001032.bin,FRAG_001160.bin,sample_text_001.json,sample_text_011.json,text,text,7,13,0,0,0,negative_same_type
PAIR_NEG_000585,FRAG_000856,FRAG_000873,FRAG_000856.bin,FRAG_000873.bin,sample_png_008.png,sample_png_009.png,png,png,1,4,0,0,0,negative_same_type
PAIR_NEG_001254,FRAG_000179,FRAG_000285,FRAG_000179.bin,FRAG_000285.bin,sample_jpeg_019.jpg,sample_pdf_003.pdf,jpeg,pdf,9,5,0,0,0,negative_diff_type
PAIR_NEG_001258,FRAG_000724,FRAG_001082,FRAG_000724.bin,FRAG_001082.bin,sample_pdf_022.pdf,sample_text_004.json,pdf,text,4,15,0,0,0,negative_diff_type
PAIR_NEG_000016,FRAG_001433,FRAG_001563,FRAG_001433.bin,FRAG_001563.bin,sample_zip_008.zip,sample_zip_018.zip,zip,zip,1,5,0,0,0,negative_same_type
PAIR_NEG_001105,FRAG_001563,FRAG_000539,FRAG_001563.bin,FRAG_000539.bin,sample_zip_018.zip,sample_pdf_014.pdf,zip,pdf,5,12,0,0,0,negative_diff_type
PAIR_POS_001150,FRAG_001240,FRAG_001241,FRAG_001240.bin,FRAG_001241.bin,sample_text_016.json,sample_text_016.json,text,text,2,3,0,0,1,consecutive_neighbor
PAIR_POS_000036,FRAG_000039,FRAG_000040,FRAG_000039.bin,FRAG_000040.bin,sample_jpeg_004.jpeg,sample_jpeg_004.jpeg,jpeg,jpeg,5,6,0,0,1,consecutive_neighbor
PAIR_NEG_000331,FRAG_000387,FRAG_000543,FRAG_000387.bin,FRAG_000543.bin,sample_pdf_007.pdf,sample_pdf_014.pdf,pdf,pdf,17,16,0,0,0,negative_same_type
PAIR_NEG_000798,FRAG_001548,FRAG_000346,FRAG_001548.bin,FRAG_000346.bin,sample_zip_017.zip,sample_pdf_005.pdf,zip,pdf,4,32,0,0,0,negative_diff_type
PAIR_NEG_000415,FRAG_001257,FRAG_001214,FRAG_001257.bin,FRAG_001214.bin,sample_text_016.json,sample_text_015.json,text,text,19,9,0,0,0,negative_same_type
PAIR_NEG_000159,FRAG_000182,FRAG_000112,FRAG_000182.bin,FRAG_000112.bin,sample_jpeg_020.jpg,sample_jpeg_013.jpeg,jpeg,jpeg,0,0,1,0,0,negative_same_type
PAIR_NEG_001409,FRAG_000122,FRAG_000264,FRAG_000122.bin,FRAG_000264.bin,sample_jpeg_014.jpeg,sample_pdf_002.pdf,jpeg,pdf,1,5,0,0,0,negative_diff_type
PAIR_NEG_000199,FRAG_000461,FRAG_000617,FRAG_000461.bin,FRAG_000617.bin,sample_pdf_011.pdf,sample_pdf_018.pdf,pdf,pdf,8,14,0,0,0,negative_same_type
PAIR_NEG_000336,FRAG_001509,FRAG_001582,FRAG_001509.bin,FRAG_001582.bin,sample_zip_014.zip,sample_zip_020.zip,zip,zip,6,6,0,0,0,negative_same_type
PAIR_NEG_000976,FRAG_000220,FRAG_001450,FRAG_000220.bin,FRAG_001450.bin,sample_jpeg_025.jpg,sample_zip_009.zip,jpeg,zip,6,6,0,0,0,negative_diff_type
PAIR_POS_000589,FRAG_000631,FRAG_000632,FRAG_000631.bin,FRAG_000632.bin,sample_pdf_018.pdf,sample_pdf_018.pdf,pdf,pdf,28,29,0,1,1,consecutive_neighbor
PAIR_NEG_001447,FRAG_001319,FRAG_001372,FRAG_001319.bin,FRAG_001372.bin,sample_text_021.csv,sample_zip_001.zip,text,zip,1,2,0,0,0,negative_diff_type
PAIR_POS_000043,FRAG_000048,FRAG_000049,FRAG_000048.bin,FRAG_000049.bin,sample_jpeg_006.jpg,sample_jpeg_006.jpg,jpeg,jpeg,0,1,1,0,1,consecutive_neighbor
PAIR_NEG_000631,FRAG_001386,FRAG_001448,FRAG_001386.bin,FRAG_001448.bin,sample_zip_003.zip,sample_zip_009.zip,zip,zip,1,4,0,0,0,negative_same_type
PAIR_POS_000244,FRAG_000270,FRAG_000271,FRAG_000270.bin,FRAG_000271.bin,sample_pdf_002.pdf,sample_pdf_002.pdf,pdf,pdf,11,12,0,0,1,consecutive_neighbor
PAIR_POS_001090,FRAG_001176,FRAG_001177,FRAG_001176.bin,FRAG_001177.bin,sample_text_012.log,sample_text_012.log,text,text,2,3,0,0,1,consecutive_neighbor
PAIR_NEG_000416,FRAG_001584,FRAG_001449,FRAG_001584.bin,FRAG_001449.bin,sample_zip_020.zip,sample_zip_009.zip,zip,zip,8,5,0,0,0,negative_same_type
PAIR_NEG_001350,FRAG_000138,FRAG_001305,FRAG_000138.bin,FRAG_001305.bin,sample_jpeg_015.jpeg,sample_text_020.txt,jpeg,text,13,3,0,0,0,negative_diff_type
PAIR_NEG_000459,FRAG_000891,FRAG_000835,FRAG_000891.bin,FRAG_000835.bin,sample_png_011.png,sample_png_006.png,png,png,3,0,0,0,0,negative_same_type
PAIR_POS_001057,FRAG_001141,FRAG_001142,FRAG_001141.bin,FRAG_001142.bin,sample_text_010.log,sample_text_010.log,text,text,2,3,0,0,1,consecutive_neighbor
PAIR_POS_000710,FRAG_000758,FRAG_000759,FRAG_000758.bin,FRAG_000759.bin,sample_pdf_024.pdf,sample_pdf_024.pdf,pdf,pdf,3,4,0,0,1,consecutive_neighbor
PAIR_NEG_001225,FRAG_000359,FRAG_001478,FRAG_000359.bin,FRAG_001478.bin,sample_pdf_006.pdf,sample_zip_011.zip,pdf,zip,11,15,0,0,0,negative_diff_type
PAIR_NEG_000550,FRAG_001123,FRAG_001140,FRAG_001123.bin,FRAG_001140.bin,sample_text_008.json,sample_text_010.log,text,text,15,1,0,0,0,negative_same_type
PAIR_NEG_000754,FRAG_001076,FRAG_001095,FRAG_001076.bin,FRAG_001095.bin,sample_text_004.json,sample_text_006.log,text,text,9,5,0,0,0,negative_same_type
PAIR_NEG_000649,FRAG_001558,FRAG_001609,FRAG_001558.bin,FRAG_001609.bin,sample_zip_018.zip,sample_zip_022.zip,zip,zip,0,6,1,1,0,negative_same_type
PAIR_NEG_001385,FRAG_000214,FRAG_000985,FRAG_000214.bin,FRAG_000985.bin,sample_jpeg_025.jpg,sample_png_021.png,jpeg,png,0,11,1,0,0,negative_diff_type
PAIR_POS_000549,FRAG_000590,FRAG_000591,FRAG_000590.bin,FRAG_000591.bin,sample_pdf_017.pdf,sample_pdf_017.pdf,pdf,pdf,7,8,0,0,1,consecutive_neighbor
PAIR_NEG_000485,FRAG_001273,FRAG_001335,FRAG_001273.bin,FRAG_001335.bin,sample_text_017.txt,sample_text_022.log,text,text,7,10,0,0,0,negative_same_type
PAIR_POS_001045,FRAG_001128,FRAG_001129,FRAG_001128.bin,FRAG_001129.bin,sample_text_009.txt,sample_text_009.txt,text,text,0,1,1,0,1,consecutive_neighbor
PAIR_NEG_000950,FRAG_001507,FRAG_000199,FRAG_001507.bin,FRAG_000199.bin,sample_zip_014.zip,sample_jpeg_022.jpg,zip,jpeg,4,6,0,0,0,negative_diff_type
PAIR_NEG_001116,FRAG_000729,FRAG_001218,FRAG_000729.bin,FRAG_001218.bin,sample_pdf_022.pdf,sample_text_015.json,pdf,text,9,13,0,0,0,negative_diff_type
PAIR_NEG_000012,FRAG_000835,FRAG_000851,FRAG_000835.bin,FRAG_000851.bin,sample_png_006.png,sample_png_007.png,png,png,0,5,1,0,0,negative_same_type
PAIR_POS_001196,FRAG_001289,FRAG_001290,FRAG_001289.bin,FRAG_001290.bin,sample_text_019.txt,sample_text_019.txt,text,text,2,3,0,0,1,consecutive_neighbor
PAIR_POS_000292,FRAG_000321,FRAG_000322,FRAG_000321.bin,FRAG_000322.bin,sample_pdf_005.pdf,sample_pdf_005.pdf,pdf,pdf,7,8,0,0,1,consecutive_neighbor
PAIR_NEG_000194,FRAG_000508,FRAG_000758,FRAG_000508.bin,FRAG_000758.bin,sample_pdf_012.pdf,sample_pdf_024.pdf,pdf,pdf,25,3,0,0,0,negative_same_type
PAIR_NEG_001297,FRAG_000740,FRAG_001535,FRAG_000740.bin,FRAG_001535.bin,sample_pdf_022.pdf,sample_zip_016.zip,pdf,zip,20,5,0,0,0,negative_diff_type
PAIR_POS_001505,FRAG_001629,FRAG_001630,FRAG_001629.bin,FRAG_001630.bin,sample_zip_025.zip,sample_zip_025.zip,zip,zip,6,7,0,0,1,consecutive_neighbor
PAIR_POS_000866,FRAG_000931,FRAG_000932,FRAG_000931.bin,FRAG_000932.bin,sample_png_016.png,sample_png_016.png,png,png,4,5,0,0,1,consecutive_neighbor
PAIR_POS_001098,FRAG_001184,FRAG_001185,FRAG_001184.bin,FRAG_001185.bin,sample_text_012.log,sample_text_012.log,text,text,10,11,0,0,1,consecutive_neighbor
PAIR_POS_000296,FRAG_000325,FRAG_000326,FRAG_000325.bin,FRAG_000326.bin,sample_pdf_005.pdf,sample_pdf_005.pdf,pdf,pdf,11,12,0,0,1,consecutive_neighbor
PAIR_NEG_000222,FRAG_001009,FRAG_000816,FRAG_001009.bin,FRAG_000816.bin,sample_png_024.png,sample_png_004.png,png,png,3,1,0,0,0,negative_same_type
PAIR_NEG_000024,FRAG_000849,FRAG_000967,FRAG_000849.bin,FRAG_000967.bin,sample_png_007.png,sample_png_019.png,png,png,3,10,0,0,0,negative_same_type
PAIR_POS_001071,FRAG_001156,FRAG_001157,FRAG_001156.bin,FRAG_001157.bin,sample_text_011.json,sample_text_011.json,text,text,9,10,0,0,1,consecutive_neighbor
PAIR_POS_001491,FRAG_001613,FRAG_001614,FRAG_001613.bin,FRAG_001614.bin,sample_zip_023.zip,sample_zip_023.zip,zip,zip,3,4,0,0,1,consecutive_neighbor
PAIR_POS_000991,FRAG_001069,FRAG_001070,FRAG_001069.bin,FRAG_001070.bin,sample_text_004.json,sample_text_004.json,text,text,2,3,0,0,1,consecutive_neighbor
PAIR_POS_000176,FRAG_000197,FRAG_000198,FRAG_000197.bin,FRAG_000198.bin,sample_jpeg_022.jpg,sample_jpeg_022.jpg,jpeg,jpeg,4,5,0,0,1,consecutive_neighbor
PAIR_POS_000314,FRAG_000343,FRAG_000344,FRAG_000343.bin,FRAG_000344.bin,sample_pdf_005.pdf,sample_pdf_005.pdf,pdf,pdf,29,30,0,0,1,consecutive_neighbor
PAIR_POS_000809,FRAG_000866,FRAG_000867,FRAG_000866.bin,FRAG_000867.bin,sample_png_008.png,sample_png_008.png,png,png,11,12,0,0,1,consecutive_neighbor
PAIR_NEG_000049,FRAG_000824,FRAG_000871,FRAG_000824.bin,FRAG_000871.bin,sample_png_004.png,sample_png_009.png,png,png,9,2,0,0,0,negative_same_type
PAIR_NEG_000391,FRAG_000080,FRAG_000202,FRAG_000080.bin,FRAG_000202.bin,sample_jpeg_010.jpg,sample_jpeg_023.jpeg,jpeg,jpeg,2,1,0,0,0,negative_same_type
PAIR_POS_001509,FRAG_001633,FRAG_001634,FRAG_001633.bin,FRAG_001634.bin,sample_zip_025.zip,sample_zip_025.zip,zip,zip,10,11,0,0,1,consecutive_neighbor
PAIR_POS_000312,FRAG_000341,FRAG_000342,FRAG_000341.bin,FRAG_000342.bin,sample_pdf_005.pdf,sample_pdf_005.pdf,pdf,pdf,27,28,0,0,1,consecutive_neighbor
PAIR_NEG_000576,FRAG_000853,FRAG_000803,FRAG_000853.bin,FRAG_000803.bin,sample_png_007.png,sample_png_002.png,png,png,7,0,0,0,0,negative_same_type
PAIR_NEG_000408,FRAG_000707,FRAG_000250,FRAG_000707.bin,FRAG_000250.bin,sample_pdf_020.pdf,sample_pdf_001.pdf,pdf,pdf,34,25,0,0,0,negative_same_type
PAIR_POS_000562,FRAG_000604,FRAG_000605,FRAG_000604.bin,FRAG_000605.bin,sample_pdf_018.pdf,sample_pdf_018.pdf,pdf,pdf,1,2,0,0,1,consecutive_neighbor
PAIR_NEG_000157,FRAG_001429,FRAG_001567,FRAG_001429.bin,FRAG_001567.bin,sample_zip_007.zip,sample_zip_018.zip,zip,zip,5,9,0,1,0,negative_same_type
PAIR_POS_001460,FRAG_001579,FRAG_001580,FRAG_001579.bin,FRAG_001580.bin,sample_zip_020.zip,sample_zip_020.zip,zip,zip,3,4,0,0,1,consecutive_neighbor
PAIR_NEG_000523,FRAG_000095,FRAG_000213,FRAG_000095.bin,FRAG_000213.bin,sample_jpeg_011.jpeg,sample_jpeg_024.jpeg,jpeg,jpeg,3,8,0,1,0,negative_same_type
PAIR_NEG_001335,FRAG_001103,FRAG_000007,FRAG_001103.bin,FRAG_000007.bin,sample_text_007.csv,sample_jpeg_001.jpeg,text,jpeg,5,6,0,0,0,negative_diff_type
PAIR_NEG_000269,FRAG_001514,FRAG_001421,FRAG_001514.bin,FRAG_001421.bin,sample_zip_014.zip,sample_zip_006.zip,zip,zip,11,11,0,0,0,negative_same_type
PAIR_NEG_001281,FRAG_001155,FRAG_000157,FRAG_001155.bin,FRAG_000157.bin,sample_text_011.json,sample_jpeg_017.jpg,text,jpeg,8,9,0,0,0,negative_diff_type
PAIR_POS_000335,FRAG_000365,FRAG_000366,FRAG_000365.bin,FRAG_000366.bin,sample_pdf_006.pdf,sample_pdf_006.pdf,pdf,pdf,17,18,0,0,1,consecutive_neighbor
PAIR_POS_000806,FRAG_000863,FRAG_000864,FRAG_000863.bin,FRAG_000864.bin,sample_png_008.png,sample_png_008.png,png,png,8,9,0,0,1,consecutive_neighbor
PAIR_POS_000662,FRAG_000706,FRAG_000707,FRAG_000706.bin,FRAG_000707.bin,sample_pdf_020.pdf,sample_pdf_020.pdf,pdf,pdf,33,34,0,1,1,consecutive_neighbor
PAIR_NEG_000768,FRAG_000941,FRAG_001468,FRAG_000941.bin,FRAG_001468.bin,sample_png_017.png,sample_zip_011.zip,png,zip,2,5,0,0,0,negative_diff_type
PAIR_NEG_000996,FRAG_000859,FRAG_000508,FRAG_000859.bin,FRAG_000508.bin,sample_png_008.png,sample_pdf_012.pdf,png,pdf,4,25,0,0,0,negative_diff_type
PAIR_NEG_000974,FRAG_001545,FRAG_001049,FRAG_001545.bin,FRAG_001049.bin,sample_zip_017.zip,sample_text_002.txt,zip,text,1,6,0,0,0,negative_diff_type
PAIR_NEG_000319,FRAG_001306,FRAG_001043,FRAG_001306.bin,FRAG_001043.bin,sample_text_020.txt,sample_text_002.txt,text,text,4,0,0,0,0,negative_same_type
PAIR_NEG_000070,FRAG_000151,FRAG_000142,FRAG_000151.bin,FRAG_000142.bin,sample_jpeg_017.jpg,sample_jpeg_016.jpeg,jpeg,jpeg,3,2,0,0,0,negative_same_type
PAIR_NEG_000702,FRAG_000814,FRAG_000894,FRAG_000814.bin,FRAG_000894.bin,sample_png_003.png,sample_png_011.png,png,png,5,6,0,0,0,negative_same_type
PAIR_POS_000533,FRAG_000573,FRAG_000574,FRAG_000573.bin,FRAG_000574.bin,sample_pdf_016.pdf,sample_pdf_016.pdf,pdf,pdf,12,13,0,0,1,consecutive_neighbor
PAIR_NEG_000213,FRAG_001109,FRAG_001264,FRAG_001109.bin,FRAG_001264.bin,sample_text_008.json,sample_text_016.json,text,text,1,26,0,0,0,negative_same_type
PAIR_NEG_000259,FRAG_001254,FRAG_001033,FRAG_001254.bin,FRAG_001033.bin,sample_text_016.json,sample_text_001.json,text,text,16,8,0,0,0,negative_same_type
PAIR_NEG_001290,FRAG_001283,FRAG_001021,FRAG_001283.bin,FRAG_001021.bin,sample_text_018.csv,sample_png_025.png,text,png,6,10,0,0,0,negative_diff_type
PAIR_NEG_000548,FRAG_000093,FRAG_000080,FRAG_000093.bin,FRAG_000080.bin,sample_jpeg_011.jpeg,sample_jpeg_010.jpg,jpeg,jpeg,1,2,0,0,0,negative_same_type
PAIR_NEG_000824,FRAG_000499,FRAG_000097,FRAG_000499.bin,FRAG_000097.bin,sample_pdf_012.pdf,sample_jpeg_011.jpeg,pdf,jpeg,16,5,0,0,0,negative_diff_type
PAIR_NEG_000165,FRAG_001528,FRAG_001579,FRAG_001528.bin,FRAG_001579.bin,sample_zip_015.zip,sample_zip_020.zip,zip,zip,8,3,0,0,0,negative_same_type
PAIR_POS_000065,FRAG_000073,FRAG_000074,FRAG_000073.bin,FRAG_000074.bin,sample_jpeg_009.jpeg,sample_jpeg_009.jpeg,jpeg,jpeg,3,4,0,0,1,consecutive_neighbor
PAIR_POS_000194,FRAG_000218,FRAG_000219,FRAG_000218.bin,FRAG_000219.bin,sample_jpeg_025.jpg,sample_jpeg_025.jpg,jpeg,jpeg,4,5,0,0,1,consecutive_neighbor
PAIR_POS_000299,FRAG_000328,FRAG_000329,FRAG_000328.bin,FRAG_000329.bin,sample_pdf_005.pdf,sample_pdf_005.pdf,pdf,pdf,14,15,0,0,1,consecutive_neighbor
PAIR_NEG_001481,FRAG_000938,FRAG_000667,FRAG_000938.bin,FRAG_000667.bin,sample_png_016.png,sample_pdf_019.pdf,png,pdf,11,34,0,0,0,negative_diff_type
PAIR_NEG_001055,FRAG_000393,FRAG_000116,FRAG_000393.bin,FRAG_000116.bin,sample_pdf_008.pdf,sample_jpeg_013.jpeg,pdf,jpeg,3,4,0,0,0,negative_diff_type
PAIR_POS_000861,FRAG_000925,FRAG_000926,FRAG_000925.bin,FRAG_000926.bin,sample_png_015.png,sample_png_015.png,png,png,3,4,0,1,1,consecutive_neighbor
PAIR_POS_000711,FRAG_000759,FRAG_000760,FRAG_000759.bin,FRAG_000760.bin,sample_pdf_024.pdf,sample_pdf_024.pdf,pdf,pdf,4,5,0,0,1,consecutive_neighbor
PAIR_POS_000971,FRAG_001047,FRAG_001048,FRAG_001047.bin,FRAG_001048.bin,sample_text_002.txt,sample_text_002.txt,text,text,4,5,0,0,1,consecutive_neighbor
PAIR_NEG_000831,FRAG_001182,FRAG_000862,FRAG_001182.bin,FRAG_000862.bin,sample_text_012.log,sample_png_008.png,text,png,8,7,0,0,0,negative_diff_type
PAIR_NEG_000612,FRAG_000865,FRAG_000827,FRAG_000865.bin,FRAG_000827.bin,sample_png_008.png,sample_png_005.png,png,png,10,0,0,0,0,negative_same_type
PAIR_POS_000601,FRAG_000644,FRAG_000645,FRAG_000644.bin,FRAG_000645.bin,sample_pdf_019.pdf,sample_pdf_019.pdf,pdf,pdf,11,12,0,0,1,consecutive_neighbor
PAIR_NEG_000645,FRAG_000403,FRAG_000595,FRAG_000403.bin,FRAG_000595.bin,sample_pdf_008.pdf,sample_pdf_017.pdf,pdf,pdf,13,12,0,0,0,negative_same_type
PAIR_NEG_001411,FRAG_000666,FRAG_000134,FRAG_000666.bin,FRAG_000134.bin,sample_pdf_019.pdf,sample_jpeg_015.jpeg,pdf,jpeg,33,9,0,0,0,negative_diff_type
PAIR_POS_000309,FRAG_000338,FRAG_000339,FRAG_000338.bin,FRAG_000339.bin,sample_pdf_005.pdf,sample_pdf_005.pdf,pdf,pdf,24,25,0,0,1,consecutive_neighbor
PAIR_POS_001017,FRAG_001098,FRAG_001099,FRAG_001098.bin,FRAG_001099.bin,sample_text_007.csv,sample_text_007.csv,text,text,0,1,1,0,1,consecutive_neighbor
PAIR_POS_000304,FRAG_000333,FRAG_000334,FRAG_000333.bin,FRAG_000334.bin,sample_pdf_005.pdf,sample_pdf_005.pdf,pdf,pdf,19,20,0,0,1,consecutive_neighbor
PAIR_NEG_001191,FRAG_000844,FRAG_001446,FRAG_000844.bin,FRAG_001446.bin,sample_png_006.png,sample_zip_009.zip,png,zip,9,2,0,0,0,negative_diff_type
PAIR_NEG_000889,FRAG_001259,FRAG_000334,FRAG_001259.bin,FRAG_000334.bin,sample_text_016.json,sample_pdf_005.pdf,text,pdf,21,20,0,0,0,negative_diff_type
PAIR_POS_001287,FRAG_001389,FRAG_001390,FRAG_001389.bin,FRAG_001390.bin,sample_zip_003.zip,sample_zip_003.zip,zip,zip,4,5,0,0,1,consecutive_neighbor
PAIR_NEG_000791,FRAG_000066,FRAG_001026,FRAG_000066.bin,FRAG_001026.bin,sample_jpeg_008.jpeg,sample_text_001.json,jpeg,text,7,1,0,0,0,negative_diff_type
PAIR_NEG_000125,FRAG_001153,FRAG_001051,FRAG_001153.bin,FRAG_001051.bin,sample_text_011.json,sample_text_002.txt,text,text,6,8,0,0,0,negative_same_type
PAIR_NEG_000257,FRAG_000641,FRAG_000725,FRAG_000641.bin,FRAG_000725.bin,sample_pdf_019.pdf,sample_pdf_022.pdf,pdf,pdf,8,5,0,0,0,negative_same_type
PAIR_NEG_001288,FRAG_001630,FRAG_001115,FRAG_001630.bin,FRAG_001115.bin,sample_zip_025.zip,sample_text_008.json,zip,text,7,7,0,0,0,negative_diff_type
PAIR_POS_000801,FRAG_000858,FRAG_000859,FRAG_000858.bin,FRAG_000859.bin,sample_png_008.png,sample_png_008.png,png,png,3,4,0,0,1,consecutive_neighbor
PAIR_POS_001391,FRAG_001504,FRAG_001505,FRAG_001504.bin,FRAG_001505.bin,sample_zip_014.zip,sample_zip_014.zip,zip,zip,1,2,0,0,1,consecutive_neighbor
PAIR_NEG_000968,FRAG_000920,FRAG_001192,FRAG_000920.bin,FRAG_001192.bin,sample_png_014.png,sample_text_013.csv,png,text,9,4,0,0,0,negative_diff_type
PAIR_POS_001419,FRAG_001534,FRAG_001535,FRAG_001534.bin,FRAG_001535.bin,sample_zip_016.zip,sample_zip_016.zip,zip,zip,4,5,0,0,1,consecutive_neighbor
PAIR_NEG_000265,FRAG_001163,FRAG_001181,FRAG_001163.bin,FRAG_001181.bin,sample_text_011.json,sample_text_012.log,text,text,16,7,0,0,0,negative_same_type
PAIR_POS_000135,FRAG_000151,FRAG_000152,FRAG_000151.bin,FRAG_000152.bin,sample_jpeg_017.jpg,sample_jpeg_017.jpg,jpeg,jpeg,3,4,0,0,1,consecutive_neighbor
PAIR_NEG_000847,FRAG_001619,FRAG_001033,FRAG_001619.bin,FRAG_001033.bin,sample_zip_024.zip,sample_text_001.json,zip,text,2,8,0,0,0,negative_diff_type
PAIR_POS_000926,FRAG_000998,FRAG_000999,FRAG_000998.bin,FRAG_000999.bin,sample_png_023.png,sample_png_023.png,png,png,2,3,0,0,1,consecutive_neighbor
PAIR_NEG_001389,FRAG_000920,FRAG_001616,FRAG_000920.bin,FRAG_001616.bin,sample_png_014.png,sample_zip_023.zip,png,zip,9,6,0,1,0,negative_diff_type
PAIR_POS_000963,FRAG_001038,FRAG_001039,FRAG_001038.bin,FRAG_001039.bin,sample_text_001.json,sample_text_001.json,text,text,13,14,0,0,1,consecutive_neighbor
PAIR_POS_000252,FRAG_000278,FRAG_000279,FRAG_000278.bin,FRAG_000279.bin,sample_pdf_002.pdf,sample_pdf_002.pdf,pdf,pdf,19,20,0,1,1,consecutive_neighbor
PAIR_NEG_001295,FRAG_001472,FRAG_000439,FRAG_001472.bin,FRAG_000439.bin,sample_zip_011.zip,sample_pdf_009.pdf,zip,pdf,9,29,0,0,0,negative_diff_type
PAIR_NEG_000993,FRAG_000646,FRAG_001596,FRAG_000646.bin,FRAG_001596.bin,sample_pdf_019.pdf,sample_zip_021.zip,pdf,zip,13,7,0,0,0,negative_diff_type
PAIR_NEG_000543,FRAG_001091,FRAG_001329,FRAG_001091.bin,FRAG_001329.bin,sample_text_006.log,sample_text_022.log,text,text,1,4,0,0,0,negative_same_type
PAIR_POS_000708,FRAG_000756,FRAG_000757,FRAG_000756.bin,FRAG_000757.bin,sample_pdf_024.pdf,sample_pdf_024.pdf,pdf,pdf,1,2,0,0,1,consecutive_neighbor
PAIR_NEG_001279,FRAG_000975,FRAG_001424,FRAG_000975.bin,FRAG_001424.bin,sample_png_021.png,sample_zip_007.zip,png,zip,1,0,0,0,0,negative_diff_type
PAIR_NEG_000176,FRAG_001541,FRAG_001417,FRAG_001541.bin,FRAG_001417.bin,sample_zip_016.zip,sample_zip_006.zip,zip,zip,11,7,0,0,0,negative_same_type
PAIR_POS_001186,FRAG_001278,FRAG_001279,FRAG_001278.bin,FRAG_001279.bin,sample_text_018.csv,sample_text_018.csv,text,text,1,2,0,0,1,consecutive_neighbor
PAIR_NEG_001171,FRAG_000480,FRAG_000009,FRAG_000480.bin,FRAG_000009.bin,sample_pdf_011.pdf,sample_jpeg_001.jpeg,pdf,jpeg,27,8,0,0,0,negative_diff_type
PAIR_POS_000867,FRAG_000932,FRAG_000933,FRAG_000932.bin,FRAG_000933.bin,sample_png_016.png,sample_png_016.png,png,png,5,6,0,0,1,consecutive_neighbor
PAIR_POS_001032,FRAG_001114,FRAG_001115,FRAG_001114.bin,FRAG_001115.bin,sample_text_008.json,sample_text_008.json,text,text,6,7,0,0,1,consecutive_neighbor
PAIR_POS_000548,FRAG_000589,FRAG_000590,FRAG_000589.bin,FRAG_000590.bin,sample_pdf_017.pdf,sample_pdf_017.pdf,pdf,pdf,6,7,0,0,1,consecutive_neighbor
PAIR_NEG_000772,FRAG_000797,FRAG_000492,FRAG_000797.bin,FRAG_000492.bin,sample_png_001.png,sample_pdf_012.pdf,png,pdf,1,9,0,0,0,negative_diff_type
PAIR_NEG_001277,FRAG_000825,FRAG_001074,FRAG_000825.bin,FRAG_001074.bin,sample_png_004.png,sample_text_004.json,png,text,10,7,0,0,0,negative_diff_type
PAIR_POS_000462,FRAG_000498,FRAG_000499,FRAG_000498.bin,FRAG_000499.bin,sample_pdf_012.pdf,sample_pdf_012.pdf,pdf,pdf,15,16,0,0,1,consecutive_neighbor
PAIR_NEG_000553,FRAG_000130,FRAG_000198,FRAG_000130.bin,FRAG_000198.bin,sample_jpeg_015.jpeg,sample_jpeg_022.jpg,jpeg,jpeg,5,5,0,0,0,negative_same_type
PAIR_NEG_000904,FRAG_001575,FRAG_001298,FRAG_001575.bin,FRAG_001298.bin,sample_zip_019.zip,sample_text_019.txt,zip,text,7,11,0,0,0,negative_diff_type
PAIR_POS_000233,FRAG_000259,FRAG_000260,FRAG_000259.bin,FRAG_000260.bin,sample_pdf_002.pdf,sample_pdf_002.pdf,pdf,pdf,0,1,1,0,1,consecutive_neighbor
PAIR_POS_001365,FRAG_001475,FRAG_001476,FRAG_001475.bin,FRAG_001476.bin,sample_zip_011.zip,sample_zip_011.zip,zip,zip,12,13,0,0,1,consecutive_neighbor
PAIR_NEG_001339,FRAG_001255,FRAG_001577,FRAG_001255.bin,FRAG_001577.bin,sample_text_016.json,sample_zip_020.zip,text,zip,17,1,0,0,0,negative_diff_type
PAIR_NEG_000174,FRAG_001612,FRAG_001456,FRAG_001612.bin,FRAG_001456.bin,sample_zip_023.zip,sample_zip_010.zip,zip,zip,2,1,0,0,0,negative_same_type
PAIR_POS_000420,FRAG_000455,FRAG_000456,FRAG_000455.bin,FRAG_000456.bin,sample_pdf_011.pdf,sample_pdf_011.pdf,pdf,pdf,2,3,0,0,1,consecutive_neighbor
PAIR_NEG_001372,FRAG_000789,FRAG_000067,FRAG_000789.bin,FRAG_000067.bin,sample_pdf_025.pdf,sample_jpeg_008.jpeg,pdf,jpeg,21,8,0,0,0,negative_diff_type
PAIR_POS_000359,FRAG_000391,FRAG_000392,FRAG_000391.bin,FRAG_000392.bin,sample_pdf_008.pdf,sample_pdf_008.pdf,pdf,pdf,1,2,0,0,1,consecutive_neighbor
PAIR_POS_000751,FRAG_000801,FRAG_000802,FRAG_000801.bin,FRAG_000802.bin,sample_png_001.png,sample_png_001.png,png,png,5,6,0,1,1,consecutive_neighbor
PAIR_POS_001082,FRAG_001167,FRAG_001168,FRAG_001167.bin,FRAG_001168.bin,sample_text_011.json,sample_text_011.json,text,text,20,21,0,0,1,consecutive_neighbor
PAIR_POS_001283,FRAG_001385,FRAG_001386,FRAG_001385.bin,FRAG_001386.bin,sample_zip_003.zip,sample_zip_003.zip,zip,zip,0,1,1,0,1,consecutive_neighbor
PAIR_NEG_000205,FRAG_000220,FRAG_000196,FRAG_000220.bin,FRAG_000196.bin,sample_jpeg_025.jpg,sample_jpeg_022.jpg,jpeg,jpeg,6,3,0,0,0,negative_same_type
PAIR_NEG_000573,FRAG_000107,FRAG_000014,FRAG_000107.bin,FRAG_000014.bin,sample_jpeg_012.jpg,sample_jpeg_002.jpeg,jpeg,jpeg,8,0,0,0,0,negative_same_type
PAIR_NEG_000087,FRAG_000657,FRAG_000412,FRAG_000657.bin,FRAG_000412.bin,sample_pdf_019.pdf,sample_pdf_009.pdf,pdf,pdf,24,2,0,0,0,negative_same_type
PAIR_POS_001169,FRAG_001259,FRAG_001260,FRAG_001259.bin,FRAG_001260.bin,sample_text_016.json,sample_text_016.json,text,text,21,22,0,0,1,consecutive_neighbor
PAIR_NEG_000136,FRAG_000999,FRAG_001016,FRAG_000999.bin,FRAG_001016.bin,sample_png_023.png,sample_png_025.png,png,png,3,5,0,0,0,negative_same_type
PAIR_NEG_000149,FRAG_001017,FRAG_000813,FRAG_001017.bin,FRAG_000813.bin,sample_png_025.png,sample_png_003.png,png,png,6,4,0,0,0,negative_same_type
PAIR_NEG_000280,FRAG_000211,FRAG_000017,FRAG_000211.bin,FRAG_000017.bin,sample_jpeg_024.jpeg,sample_jpeg_002.jpeg,jpeg,jpeg,6,3,0,0,0,negative_same_type
PAIR_POS_000113,FRAG_000127,FRAG_000128,FRAG_000127.bin,FRAG_000128.bin,sample_jpeg_015.jpeg,sample_jpeg_015.jpeg,jpeg,jpeg,2,3,0,0,1,consecutive_neighbor
PAIR_NEG_000796,FRAG_000910,FRAG_001218,FRAG_000910.bin,FRAG_001218.bin,sample_png_013.png,sample_text_015.json,png,text,7,13,0,0,0,negative_diff_type
PAIR_POS_001275,FRAG_001375,FRAG_001376,FRAG_001375.bin,FRAG_001376.bin,sample_zip_001.zip,sample_zip_001.zip,zip,zip,5,6,0,0,1,consecutive_neighbor
PAIR_POS_000425,FRAG_000460,FRAG_000461,FRAG_000460.bin,FRAG_000461.bin,sample_pdf_011.pdf,sample_pdf_011.pdf,pdf,pdf,7,8,0,0,1,consecutive_neighbor
PAIR_NEG_000137,FRAG_000092,FRAG_000054,FRAG_000092.bin,FRAG_000054.bin,sample_jpeg_011.jpeg,sample_jpeg_007.jpg,jpeg,jpeg,0,1,1,0,0,negative_same_type
PAIR_NEG_001349,FRAG_001433,FRAG_000267,FRAG_001433.bin,FRAG_000267.bin,sample_zip_008.zip,sample_pdf_002.pdf,zip,pdf,1,8,0,0,0,negative_diff_type
PAIR_NEG_000731,FRAG_001536,FRAG_001614,FRAG_001536.bin,FRAG_001614.bin,sample_zip_016.zip,sample_zip_023.zip,zip,zip,6,4,0,0,0,negative_same_type
PAIR_NEG_001132,FRAG_000044,FRAG_000523,FRAG_000044.bin,FRAG_000523.bin,sample_jpeg_005.jpg,sample_pdf_013.pdf,jpeg,pdf,2,5,0,0,0,negative_diff_type
PAIR_POS_001129,FRAG_001218,FRAG_001219,FRAG_001218.bin,FRAG_001219.bin,sample_text_015.json,sample_text_015.json,text,text,13,14,0,0,1,consecutive_neighbor
PAIR_NEG_000412,FRAG_001084,FRAG_001096,FRAG_001084.bin,FRAG_001096.bin,sample_text_004.json,sample_text_006.log,text,text,17,6,0,0,0,negative_same_type
PAIR_NEG_000547,FRAG_001285,FRAG_001210,FRAG_001285.bin,FRAG_001210.bin,sample_text_018.csv,sample_text_015.json,text,text,8,5,0,0,0,negative_same_type
PAIR_NEG_000102,FRAG_001282,FRAG_001296,FRAG_001282.bin,FRAG_001296.bin,sample_text_018.csv,sample_text_019.txt,text,text,5,9,0,0,0,negative_same_type
PAIR_NEG_001267,FRAG_000141,FRAG_000612,FRAG_000141.bin,FRAG_000612.bin,sample_jpeg_016.jpeg,sample_pdf_018.pdf,jpeg,pdf,1,9,0,0,0,negative_diff_type
PAIR_NEG_000113,FRAG_000003,FRAG_000118,FRAG_000003.bin,FRAG_000118.bin,sample_jpeg_001.jpeg,sample_jpeg_013.jpeg,jpeg,jpeg,2,6,0,0,0,negative_same_type
PAIR_POS_000759,FRAG_000811,FRAG_000812,FRAG_000811.bin,FRAG_000812.bin,sample_png_003.png,sample_png_003.png,png,png,2,3,0,0,1,consecutive_neighbor
PAIR_NEG_000693,FRAG_000445,FRAG_000586,FRAG_000445.bin,FRAG_000586.bin,sample_pdf_010.pdf,sample_pdf_017.pdf,pdf,pdf,0,3,1,0,0,negative_same_type
PAIR_NEG_000683,FRAG_001087,FRAG_001161,FRAG_001087.bin,FRAG_001161.bin,sample_text_005.csv,sample_text_011.json,text,text,2,14,0,0,0,negative_same_type
PAIR_POS_000284,FRAG_000312,FRAG_000313,FRAG_000312.bin,FRAG_000313.bin,sample_pdf_004.pdf,sample_pdf_004.pdf,pdf,pdf,6,7,0,1,1,consecutive_neighbor
PAIR_POS_000950,FRAG_001025,FRAG_001026,FRAG_001025.bin,FRAG_001026.bin,sample_text_001.json,sample_text_001.json,text,text,0,1,1,0,1,consecutive_neighbor
PAIR_POS_001182,FRAG_001273,FRAG_001274,FRAG_001273.bin,FRAG_001274.bin,sample_text_017.txt,sample_text_017.txt,text,text,7,8,0,0,1,consecutive_neighbor
PAIR_POS_000050,FRAG_000056,FRAG_000057,FRAG_000056.bin,FRAG_000057.bin,sample_jpeg_007.jpg,sample_jpeg_007.jpg,jpeg,jpeg,3,4,0,0,1,consecutive_neighbor
PAIR_POS_000941,FRAG_001015,FRAG_001016,FRAG_001015.bin,FRAG_001016.bin,sample_png_025.png,sample_png_025.png,png,png,4,5,0,0,1,consecutive_neighbor
PAIR_POS_001469,FRAG_001589,FRAG_001590,FRAG_001589.bin,FRAG_001590.bin,sample_zip_021.zip,sample_zip_021.zip,zip,zip,0,1,1,0,1,consecutive_neighbor
PAIR_POS_000625,FRAG_000668,FRAG_000669,FRAG_000668.bin,FRAG_000669.bin,sample_pdf_019.pdf,sample_pdf_019.pdf,pdf,pdf,35,36,0,0,1,consecutive_neighbor
PAIR_POS_000983,FRAG_001060,FRAG_001061,FRAG_001060.bin,FRAG_001061.bin,sample_text_003.log,sample_text_003.log,text,text,1,2,0,0,1,consecutive_neighbor
PAIR_NEG_000233,FRAG_000823,FRAG_000944,FRAG_000823.bin,FRAG_000944.bin,sample_png_004.png,sample_png_017.png,png,png,8,5,0,1,0,negative_same_type
PAIR_POS_001395,FRAG_001508,FRAG_001509,FRAG_001508.bin,FRAG_001509.bin,sample_zip_014.zip,sample_zip_014.zip,zip,zip,5,6,0,0,1,consecutive_neighbor
PAIR_POS_001259,FRAG_001358,FRAG_001359,FRAG_001358.bin,FRAG_001359.bin,sample_text_025.log,sample_text_025.log,text,text,0,1,1,0,1,consecutive_neighbor
PAIR_POS_000606,FRAG_000649,FRAG_000650,FRAG_000649.bin,FRAG_000650.bin,sample_pdf_019.pdf,sample_pdf_019.pdf,pdf,pdf,16,17,0,0,1,consecutive_neighbor
PAIR_NEG_001476,FRAG_000707,FRAG_000952,FRAG_000707.bin,FRAG_000952.bin,sample_pdf_020.pdf,sample_png_018.png,pdf,png,34,7,0,0,0,negative_diff_type
PAIR_NEG_001040,FRAG_000231,FRAG_001579,FRAG_000231.bin,FRAG_001579.bin,sample_pdf_001.pdf,sample_zip_020.zip,pdf,zip,6,3,0,0,0,negative_diff_type
PAIR_NEG_000705,FRAG_000101,FRAG_000096,FRAG_000101.bin,FRAG_000096.bin,sample_jpeg_012.jpg,sample_jpeg_011.jpeg,jpeg,jpeg,2,4,0,0,0,negative_same_type
PAIR_POS_000833,FRAG_000893,FRAG_000894,FRAG_000893.bin,FRAG_000894.bin,sample_png_011.png,sample_png_011.png,png,png,5,6,0,0,1,consecutive_neighbor
PAIR_NEG_001026,FRAG_000190,FRAG_000746,FRAG_000190.bin,FRAG_000746.bin,sample_jpeg_021.jpg,sample_pdf_023.pdf,jpeg,pdf,3,4,0,0,0,negative_diff_type
PAIR_POS_000171,FRAG_000191,FRAG_000192,FRAG_000191.bin,FRAG_000192.bin,sample_jpeg_021.jpg,sample_jpeg_021.jpg,jpeg,jpeg,4,5,0,1,1,consecutive_neighbor
PAIR_POS_000493,FRAG_000531,FRAG_000532,FRAG_000531.bin,FRAG_000532.bin,sample_pdf_014.pdf,sample_pdf_014.pdf,pdf,pdf,4,5,0,0,1,consecutive_neighbor
PAIR_POS_001015,FRAG_001095,FRAG_001096,FRAG_001095.bin,FRAG_001096.bin,sample_text_006.log,sample_text_006.log,text,text,5,6,0,0,1,consecutive_neighbor
PAIR_NEG_000840,FRAG_001111,FRAG_001550,FRAG_001111.bin,FRAG_001550.bin,sample_text_008.json,sample_zip_017.zip,text,zip,3,6,0,0,0,negative_diff_type
PAIR_POS_001195,FRAG_001288,FRAG_001289,FRAG_001288.bin,FRAG_001289.bin,sample_text_019.txt,sample_text_019.txt,text,text,1,2,0,0,1,consecutive_neighbor
PAIR_NEG_001444,FRAG_000141,FRAG_001515,FRAG_000141.bin,FRAG_001515.bin,sample_jpeg_016.jpeg,sample_zip_014.zip,jpeg,zip,1,12,0,0,0,negative_diff_type
PAIR_NEG_001457,FRAG_000064,FRAG_000869,FRAG_000064.bin,FRAG_000869.bin,sample_jpeg_008.jpeg,sample_png_009.png,jpeg,png,5,0,0,0,0,negative_diff_type
PAIR_POS_001088,FRAG_001174,FRAG_001175,FRAG_001174.bin,FRAG_001175.bin,sample_text_012.log,sample_text_012.log,text,text,0,1,1,0,1,consecutive_neighbor
PAIR_NEG_000299,FRAG_000497,FRAG_000370,FRAG_000497.bin,FRAG_000370.bin,sample_pdf_012.pdf,sample_pdf_007.pdf,pdf,pdf,14,0,0,0,0,negative_same_type
PAIR_NEG_000746,FRAG_000909,FRAG_000963,FRAG_000909.bin,FRAG_000963.bin,sample_png_013.png,sample_png_019.png,png,png,6,6,0,0,0,negative_same_type
PAIR_POS_001033,FRAG_001115,FRAG_001116,FRAG_001115.bin,FRAG_001116.bin,sample_text_008.json,sample_text_008.json,text,text,7,8,0,0,1,consecutive_neighbor
PAIR_NEG_000454,FRAG_001480,FRAG_001590,FRAG_001480.bin,FRAG_001590.bin,sample_zip_011.zip,sample_zip_021.zip,zip,zip,17,1,0,0,0,negative_same_type
PAIR_POS_000083,FRAG_000093,FRAG_000094,FRAG_000093.bin,FRAG_000094.bin,sample_jpeg_011.jpeg,sample_jpeg_011.jpeg,jpeg,jpeg,1,2,0,0,1,consecutive_neighbor
PAIR_NEG_001413,FRAG_001487,FRAG_001271,FRAG_001487.bin,FRAG_001271.bin,sample_zip_012.zip,sample_text_017.txt,zip,text,5,5,0,0,0,negative_diff_type
PAIR_POS_000856,FRAG_000919,FRAG_000920,FRAG_000919.bin,FRAG_000920.bin,sample_png_014.png,sample_png_014.png,png,png,8,9,0,0,1,consecutive_neighbor
PAIR_POS_000011,FRAG_000011,FRAG_000012,FRAG_000011.bin,FRAG_000012.bin,sample_jpeg_001.jpeg,sample_jpeg_001.jpeg,jpeg,jpeg,10,11,0,0,1,consecutive_neighbor
PAIR_NEG_001089,FRAG_000148,FRAG_000622,FRAG_000148.bin,FRAG_000622.bin,sample_jpeg_017.jpg,sample_pdf_018.pdf,jpeg,pdf,0,19,1,0,0,negative_diff_type
PAIR_NEG_000988,FRAG_001077,FRAG_000027,FRAG_001077.bin,FRAG_000027.bin,sample_text_004.json,sample_jpeg_003.jpg,text,jpeg,10,1,0,0,0,negative_diff_type
PAIR_NEG_001400,FRAG_000928,FRAG_000640,FRAG_000928.bin,FRAG_000640.bin,sample_png_016.png,sample_pdf_019.pdf,png,pdf,1,7,0,0,0,negative_diff_type
PAIR_NEG_000346,FRAG_001300,FRAG_001272,FRAG_001300.bin,FRAG_001272.bin,sample_text_019.txt,sample_text_017.txt,text,text,13,6,0,0,0,negative_same_type
PAIR_POS_000508,FRAG_000546,FRAG_000547,FRAG_000546.bin,FRAG_000547.bin,sample_pdf_014.pdf,sample_pdf_014.pdf,pdf,pdf,19,20,0,0,1,consecutive_neighbor
PAIR_POS_000506,FRAG_000544,FRAG_000545,FRAG_000544.bin,FRAG_000545.bin,sample_pdf_014.pdf,sample_pdf_014.pdf,pdf,pdf,17,18,0,0,1,consecutive_neighbor
PAIR_NEG_001144,FRAG_001065,FRAG_000897,FRAG_001065.bin,FRAG_000897.bin,sample_text_003.log,sample_png_012.png,text,png,6,0,0,0,0,negative_diff_type
PAIR_NEG_000436,FRAG_000556,FRAG_000241,FRAG_000556.bin,FRAG_000241.bin,sample_pdf_015.pdf,sample_pdf_001.pdf,pdf,pdf,7,16,0,0,0,negative_same_type
PAIR_POS_000572,FRAG_000614,FRAG_000615,FRAG_000614.bin,FRAG_000615.bin,sample_pdf_018.pdf,sample_pdf_018.pdf,pdf,pdf,11,12,0,0,1,consecutive_neighbor
PAIR_NEG_001464,FRAG_000347,FRAG_000021,FRAG_000347.bin,FRAG_000021.bin,sample_pdf_005.pdf,sample_jpeg_002.jpeg,pdf,jpeg,33,7,0,0,0,negative_diff_type
PAIR_NEG_000140,FRAG_001037,FRAG_001116,FRAG_001037.bin,FRAG_001116.bin,sample_text_001.json,sample_text_008.json,text,text,12,8,0,0,0,negative_same_type
PAIR_POS_000444,FRAG_000479,FRAG_000480,FRAG_000479.bin,FRAG_000480.bin,sample_pdf_011.pdf,sample_pdf_011.pdf,pdf,pdf,26,27,0,0,1,consecutive_neighbor
PAIR_NEG_000073,FRAG_000059,FRAG_000018,FRAG_000059.bin,FRAG_000018.bin,sample_jpeg_008.jpeg,sample_jpeg_002.jpeg,jpeg,jpeg,0,4,1,0,0,negative_same_type
PAIR_POS_001069,FRAG_001154,FRAG_001155,FRAG_001154.bin,FRAG_001155.bin,sample_text_011.json,sample_text_011.json,text,text,7,8,0,0,1,consecutive_neighbor
PAIR_POS_001260,FRAG_001359,FRAG_001360,FRAG_001359.bin,FRAG_001360.bin,sample_text_025.log,sample_text_025.log,text,text,1,2,0,0,1,consecutive_neighbor
PAIR_POS_000178,FRAG_000199,FRAG_000200,FRAG_000199.bin,FRAG_000200.bin,sample_jpeg_022.jpg,sample_jpeg_022.jpg,jpeg,jpeg,6,7,0,1,1,consecutive_neighbor
PAIR_POS_000471,FRAG_000507,FRAG_000508,FRAG_000507.bin,FRAG_000508.bin,sample_pdf_012.pdf,sample_pdf_012.pdf,pdf,pdf,24,25,0,0,1,consecutive_neighbor
PAIR_POS_001133,FRAG_001222,FRAG_001223,FRAG_001222.bin,FRAG_001223.bin,sample_text_015.json,sample_text_015.json,text,text,17,18,0,0,1,consecutive_neighbor
PAIR_NEG_001041,FRAG_000139,FRAG_000579,FRAG_000139.bin,FRAG_000579.bin,sample_jpeg_015.jpeg,sample_pdf_016.pdf,jpeg,pdf,14,18,0,0,0,negative_diff_type
PAIR_NEG_001085,FRAG_000512,FRAG_000015,FRAG_000512.bin,FRAG_000015.bin,sample_pdf_012.pdf,sample_jpeg_002.jpeg,pdf,jpeg,29,1,0,0,0,negative_diff_type
PAIR_NEG_000992,FRAG_000113,FRAG_000584,FRAG_000113.bin,FRAG_000584.bin,sample_jpeg_013.jpeg,sample_pdf_017.pdf,jpeg,pdf,1,1,0,0,0,negative_diff_type
PAIR_POS_000451,FRAG_000487,FRAG_000488,FRAG_000487.bin,FRAG_000488.bin,sample_pdf_012.pdf,sample_pdf_012.pdf,pdf,pdf,4,5,0,0,1,consecutive_neighbor
PAIR_NEG_000227,FRAG_000429,FRAG_000245,FRAG_000429.bin,FRAG_000245.bin,sample_pdf_009.pdf,sample_pdf_001.pdf,pdf,pdf,19,20,0,0,0,negative_same_type
PAIR_NEG_000517,FRAG_000834,FRAG_000908,FRAG_000834.bin,FRAG_000908.bin,sample_png_005.png,sample_png_013.png,png,png,7,5,0,0,0,negative_same_type
PAIR_NEG_000678,FRAG_001016,FRAG_000979,FRAG_001016.bin,FRAG_000979.bin,sample_png_025.png,sample_png_021.png,png,png,5,5,0,0,0,negative_same_type
PAIR_POS_000940,FRAG_001014,FRAG_001015,FRAG_001014.bin,FRAG_001015.bin,sample_png_025.png,sample_png_025.png,png,png,3,4,0,0,1,consecutive_neighbor
PAIR_NEG_000455,FRAG_001141,FRAG_001236,FRAG_001141.bin,FRAG_001236.bin,sample_text_010.log,sample_text_015.json,text,text,2,31,0,0,0,negative_same_type
PAIR_POS_001485,FRAG_001606,FRAG_001607,FRAG_001606.bin,FRAG_001607.bin,sample_zip_022.zip,sample_zip_022.zip,zip,zip,3,4,0,0,1,consecutive_neighbor
PAIR_POS_001178,FRAG_001269,FRAG_001270,FRAG_001269.bin,FRAG_001270.bin,sample_text_017.txt,sample_text_017.txt,text,text,3,4,0,0,1,consecutive_neighbor
PAIR_POS_000575,FRAG_000617,FRAG_000618,FRAG_000617.bin,FRAG_000618.bin,sample_pdf_018.pdf,sample_pdf_018.pdf,pdf,pdf,14,15,0,0,1,consecutive_neighbor
PAIR_POS_000123,FRAG_000137,FRAG_000138,FRAG_000137.bin,FRAG_000138.bin,sample_jpeg_015.jpeg,sample_jpeg_015.jpeg,jpeg,jpeg,12,13,0,0,1,consecutive_neighbor
PAIR_NEG_000701,FRAG_000596,FRAG_000791,FRAG_000596.bin,FRAG_000791.bin,sample_pdf_017.pdf,sample_pdf_025.pdf,pdf,pdf,13,23,0,0,0,negative_same_type
PAIR_POS_000066,FRAG_000074,FRAG_000075,FRAG_000074.bin,FRAG_000075.bin,sample_jpeg_009.jpeg,sample_jpeg_009.jpeg,jpeg,jpeg,4,5,0,0,1,consecutive_neighbor
PAIR_NEG_000687,FRAG_000388,FRAG_000560,FRAG_000388.bin,FRAG_000560.bin,sample_pdf_007.pdf,sample_pdf_015.pdf,pdf,pdf,18,11,0,1,0,negative_same_type
PAIR_NEG_000318,FRAG_001172,FRAG_001364,FRAG_001172.bin,FRAG_001364.bin,sample_text_011.json,sample_text_025.log,text,text,25,6,0,0,0,negative_same_type
PAIR_NEG_001189,FRAG_000017,FRAG_001197,FRAG_000017.bin,FRAG_001197.bin,sample_jpeg_002.jpeg,sample_text_014.txt,jpeg,text,3,0,0,0,0,negative_diff_type
PAIR_NEG_001036,FRAG_001374,FRAG_001213,FRAG_001374.bin,FRAG_001213.bin,sample_zip_001.zip,sample_text_015.json,zip,text,4,8,0,0,0,negative_diff_type
PAIR_POS_000735,FRAG_000784,FRAG_000785,FRAG_000784.bin,FRAG_000785.bin,sample_pdf_025.pdf,sample_pdf_025.pdf,pdf,pdf,16,17,0,0,1,consecutive_neighbor
PAIR_NEG_001190,FRAG_001016,FRAG_001511,FRAG_001016.bin,FRAG_001511.bin,sample_png_025.png,sample_zip_014.zip,png,zip,5,8,0,0,0,negative_diff_type
PAIR_POS_000938,FRAG_001012,FRAG_001013,FRAG_001012.bin,FRAG_001013.bin,sample_png_025.png,sample_png_025.png,png,png,1,2,0,0,1,consecutive_neighbor
PAIR_POS_000280,FRAG_000308,FRAG_000309,FRAG_000308.bin,FRAG_000309.bin,sample_pdf_004.pdf,sample_pdf_004.pdf,pdf,pdf,2,3,0,0,1,consecutive_neighbor
PAIR_NEG_001285,FRAG_001600,FRAG_000118,FRAG_001600.bin,FRAG_000118.bin,sample_zip_021.zip,sample_jpeg_013.jpeg,zip,jpeg,11,6,0,0,0,negative_diff_type
PAIR_POS_000794,FRAG_000850,FRAG_000851,FRAG_000850.bin,FRAG_000851.bin,sample_png_007.png,sample_png_007.png,png,png,4,5,0,0,1,consecutive_neighbor
PAIR_NEG_000214,FRAG_000771,FRAG_000252,FRAG_000771.bin,FRAG_000252.bin,sample_pdf_025.pdf,sample_pdf_001.pdf,pdf,pdf,3,27,0,0,0,negative_same_type
PAIR_NEG_000905,FRAG_001388,FRAG_001209,FRAG_001388.bin,FRAG_001209.bin,sample_zip_003.zip,sample_text_015.json,zip,text,3,4,0,0,0,negative_diff_type
PAIR_POS_000443,FRAG_000478,FRAG_000479,FRAG_000478.bin,FRAG_000479.bin,sample_pdf_011.pdf,sample_pdf_011.pdf,pdf,pdf,25,26,0,0,1,consecutive_neighbor
PAIR_POS_000297,FRAG_000326,FRAG_000327,FRAG_000326.bin,FRAG_000327.bin,sample_pdf_005.pdf,sample_pdf_005.pdf,pdf,pdf,12,13,0,0,1,consecutive_neighbor
PAIR_NEG_001508,FRAG_000080,FRAG_001142,FRAG_000080.bin,FRAG_001142.bin,sample_jpeg_010.jpg,sample_text_010.log,jpeg,text,2,3,0,0,0,negative_diff_type
PAIR_NEG_000563,FRAG_001169,FRAG_001220,FRAG_001169.bin,FRAG_001220.bin,sample_text_011.json,sample_text_015.json,text,text,22,15,0,0,0,negative_same_type
PAIR_NEG_000129,FRAG_000837,FRAG_000985,FRAG_000837.bin,FRAG_000985.bin,sample_png_006.png,sample_png_021.png,png,png,2,11,0,0,0,negative_same_type
PAIR_NEG_000662,FRAG_000065,FRAG_000051,FRAG_000065.bin,FRAG_000051.bin,sample_jpeg_008.jpeg,sample_jpeg_006.jpg,jpeg,jpeg,6,3,0,0,0,negative_same_type
PAIR_NEG_001289,FRAG_001435,FRAG_000331,FRAG_001435.bin,FRAG_000331.bin,sample_zip_008.zip,sample_pdf_005.pdf,zip,pdf,3,17,0,0,0,negative_diff_type
PAIR_POS_001428,FRAG_001544,FRAG_001545,FRAG_001544.bin,FRAG_001545.bin,sample_zip_017.zip,sample_zip_017.zip,zip,zip,0,1,1,0,1,consecutive_neighbor
PAIR_POS_001490,FRAG_001612,FRAG_001613,FRAG_001612.bin,FRAG_001613.bin,sample_zip_023.zip,sample_zip_023.zip,zip,zip,2,3,0,0,1,consecutive_neighbor
PAIR_POS_000410,FRAG_000443,FRAG_000444,FRAG_000443.bin,FRAG_000444.bin,sample_pdf_009.pdf,sample_pdf_009.pdf,pdf,pdf,33,34,0,1,1,consecutive_neighbor
PAIR_POS_000845,FRAG_000907,FRAG_000908,FRAG_000907.bin,FRAG_000908.bin,sample_png_013.png,sample_png_013.png,png,png,4,5,0,0,1,consecutive_neighbor
PAIR_POS_000486,FRAG_000523,FRAG_000524,FRAG_000523.bin,FRAG_000524.bin,sample_pdf_013.pdf,sample_pdf_013.pdf,pdf,pdf,5,6,0,0,1,consecutive_neighbor
PAIR_NEG_000005,FRAG_000008,FRAG_000024,FRAG_000008.bin,FRAG_000024.bin,sample_jpeg_001.jpeg,sample_jpeg_002.jpeg,jpeg,jpeg,7,10,0,0,0,negative_same_type
PAIR_NEG_001251,FRAG_000825,FRAG_000635,FRAG_000825.bin,FRAG_000635.bin,sample_png_004.png,sample_pdf_019.pdf,png,pdf,10,2,0,0,0,negative_diff_type
PAIR_NEG_000688,FRAG_001530,FRAG_001467,FRAG_001530.bin,FRAG_001467.bin,sample_zip_016.zip,sample_zip_011.zip,zip,zip,0,4,1,0,0,negative_same_type
PAIR_NEG_000714,FRAG_000627,FRAG_000531,FRAG_000627.bin,FRAG_000531.bin,sample_pdf_018.pdf,sample_pdf_014.pdf,pdf,pdf,24,4,0,0,0,negative_same_type
PAIR_POS_000472,FRAG_000508,FRAG_000509,FRAG_000508.bin,FRAG_000509.bin,sample_pdf_012.pdf,sample_pdf_012.pdf,pdf,pdf,25,26,0,0,1,consecutive_neighbor
PAIR_POS_001203,FRAG_001296,FRAG_001297,FRAG_001296.bin,FRAG_001297.bin,sample_text_019.txt,sample_text_019.txt,text,text,9,10,0,0,1,consecutive_neighbor
PAIR_NEG_000947,FRAG_000058,FRAG_000933,FRAG_000058.bin,FRAG_000933.bin,sample_jpeg_007.jpg,sample_png_016.png,jpeg,png,5,6,0,0,0,negative_diff_type
PAIR_POS_000859,FRAG_000923,FRAG_000924,FRAG_000923.bin,FRAG_000924.bin,sample_png_015.png,sample_png_015.png,png,png,1,2,0,0,1,consecutive_neighbor
PAIR_NEG_001087,FRAG_000478,FRAG_000169,FRAG_000478.bin,FRAG_000169.bin,sample_pdf_011.pdf,sample_jpeg_018.jpeg,pdf,jpeg,25,7,0,1,0,negative_diff_type
PAIR_NEG_000812,FRAG_000965,FRAG_000758,FRAG_000965.bin,FRAG_000758.bin,sample_png_019.png,sample_pdf_024.pdf,png,pdf,8,3,0,0,0,negative_diff_type
PAIR_POS_000911,FRAG_000981,FRAG_000982,FRAG_000981.bin,FRAG_000982.bin,sample_png_021.png,sample_png_021.png,png,png,7,8,0,0,1,consecutive_neighbor
PAIR_NEG_000283,FRAG_000536,FRAG_000312,FRAG_000536.bin,FRAG_000312.bin,sample_pdf_014.pdf,sample_pdf_004.pdf,pdf,pdf,9,6,0,0,0,negative_same_type
PAIR_NEG_001207,FRAG_000575,FRAG_001579,FRAG_000575.bin,FRAG_001579.bin,sample_pdf_016.pdf,sample_zip_020.zip,pdf,zip,14,3,0,0,0,negative_diff_type
PAIR_NEG_000951,FRAG_001391,FRAG_000990,FRAG_001391.bin,FRAG_000990.bin,sample_zip_003.zip,sample_png_022.png,zip,png,6,2,0,0,0,negative_diff_type
PAIR_POS_001055,FRAG_001139,FRAG_001140,FRAG_001139.bin,FRAG_001140.bin,sample_text_010.log,sample_text_010.log,text,text,0,1,1,0,1,consecutive_neighbor
PAIR_NEG_001133,FRAG_000217,FRAG_001084,FRAG_000217.bin,FRAG_001084.bin,sample_jpeg_025.jpg,sample_text_004.json,jpeg,text,3,17,0,1,0,negative_diff_type
PAIR_NEG_000507,FRAG_001575,FRAG_001410,FRAG_001575.bin,FRAG_001410.bin,sample_zip_019.zip,sample_zip_006.zip,zip,zip,7,0,0,0,0,negative_same_type
PAIR_POS_001278,FRAG_001378,FRAG_001379,FRAG_001378.bin,FRAG_001379.bin,sample_zip_001.zip,sample_zip_001.zip,zip,zip,8,9,0,1,1,consecutive_neighbor
PAIR_NEG_000445,FRAG_001243,FRAG_001080,FRAG_001243.bin,FRAG_001080.bin,sample_text_016.json,sample_text_004.json,text,text,5,13,0,0,0,negative_same_type
PAIR_POS_001101,FRAG_001188,FRAG_001189,FRAG_001188.bin,FRAG_001189.bin,sample_text_013.csv,sample_text_013.csv,text,text,0,1,1,0,1,consecutive_neighbor
PAIR_NEG_000071,FRAG_000450,FRAG_000232,FRAG_000450.bin,FRAG_000232.bin,sample_pdf_010.pdf,sample_pdf_001.pdf,pdf,pdf,5,7,0,0,0,negative_same_type
PAIR_NEG_001348,FRAG_000607,FRAG_000798,FRAG_000607.bin,FRAG_000798.bin,sample_pdf_018.pdf,sample_png_001.png,pdf,png,4,2,0,0,0,negative_diff_type
PAIR_NEG_001491,FRAG_000901,FRAG_000032,FRAG_000901.bin,FRAG_000032.bin,sample_png_012.png,sample_jpeg_003.jpg,png,jpeg,4,6,0,0,0,negative_diff_type
PAIR_NEG_000698,FRAG_001093,FRAG_001160,FRAG_001093.bin,FRAG_001160.bin,sample_text_006.log,sample_text_011.json,text,text,3,13,0,0,0,negative_same_type
PAIR_POS_000685,FRAG_000731,FRAG_000732,FRAG_000731.bin,FRAG_000732.bin,sample_pdf_022.pdf,sample_pdf_022.pdf,pdf,pdf,11,12,0,0,1,consecutive_neighbor
PAIR_POS_000515,FRAG_000554,FRAG_000555,FRAG_000554.bin,FRAG_000555.bin,sample_pdf_015.pdf,sample_pdf_015.pdf,pdf,pdf,5,6,0,0,1,consecutive_neighbor
PAIR_NEG_000052,FRAG_000744,FRAG_000333,FRAG_000744.bin,FRAG_000333.bin,sample_pdf_023.pdf,sample_pdf_005.pdf,pdf,pdf,2,19,0,0,0,negative_same_type
PAIR_POS_000430,FRAG_000465,FRAG_000466,FRAG_000465.bin,FRAG_000466.bin,sample_pdf_011.pdf,sample_pdf_011.pdf,pdf,pdf,12,13,0,0,1,consecutive_neighbor
PAIR_POS_000584,FRAG_000626,FRAG_000627,FRAG_000626.bin,FRAG_000627.bin,sample_pdf_018.pdf,sample_pdf_018.pdf,pdf,pdf,23,24,0,0,1,consecutive_neighbor
PAIR_POS_000746,FRAG_000796,FRAG_000797,FRAG_000796.bin,FRAG_000797.bin,sample_png_001.png,sample_png_001.png,png,png,0,1,1,0,1,consecutive_neighbor
PAIR_NEG_000500,FRAG_001064,FRAG_001185,FRAG_001064.bin,FRAG_001185.bin,sample_text_003.log,sample_text_012.log,text,text,5,11,0,0,0,negative_same_type
PAIR_NEG_001504,FRAG_000330,FRAG_001073,FRAG_000330.bin,FRAG_001073.bin,sample_pdf_005.pdf,sample_text_004.json,pdf,text,16,6,0,0,0,negative_diff_type
PAIR_NEG_001208,FRAG_001443,FRAG_001186,FRAG_001443.bin,FRAG_001186.bin,sample_zip_008.zip,sample_text_012.log,zip,text,11,12,0,0,0,negative_diff_type
PAIR_POS_001386,FRAG_001498,FRAG_001499,FRAG_001498.bin,FRAG_001499.bin,sample_zip_013.zip,sample_zip_013.zip,zip,zip,8,9,0,0,1,consecutive_neighbor
PAIR_NEG_000549,FRAG_000444,FRAG_000574,FRAG_000444.bin,FRAG_000574.bin,sample_pdf_009.pdf,sample_pdf_016.pdf,pdf,pdf,34,13,0,0,0,negative_same_type
PAIR_NEG_000056,FRAG_001370,FRAG_001535,FRAG_001370.bin,FRAG_001535.bin,sample_zip_001.zip,sample_zip_016.zip,zip,zip,0,5,1,0,0,negative_same_type
PAIR_POS_001342,FRAG_001450,FRAG_001451,FRAG_001450.bin,FRAG_001451.bin,sample_zip_009.zip,sample_zip_009.zip,zip,zip,6,7,0,0,1,consecutive_neighbor
PAIR_POS_000231,FRAG_000256,FRAG_000257,FRAG_000256.bin,FRAG_000257.bin,sample_pdf_001.pdf,sample_pdf_001.pdf,pdf,pdf,31,32,0,0,1,consecutive_neighbor
PAIR_POS_000397,FRAG_000430,FRAG_000431,FRAG_000430.bin,FRAG_000431.bin,sample_pdf_009.pdf,sample_pdf_009.pdf,pdf,pdf,20,21,0,0,1,consecutive_neighbor
PAIR_NEG_000290,FRAG_000041,FRAG_000062,FRAG_000041.bin,FRAG_000062.bin,sample_jpeg_004.jpeg,sample_jpeg_008.jpeg,jpeg,jpeg,7,3,0,0,0,negative_same_type
PAIR_NEG_001140,FRAG_000172,FRAG_001546,FRAG_000172.bin,FRAG_001546.bin,sample_jpeg_019.jpg,sample_zip_017.zip,jpeg,zip,2,2,0,0,0,negative_diff_type
PAIR_NEG_000389,FRAG_000481,FRAG_000365,FRAG_000481.bin,FRAG_000365.bin,sample_pdf_011.pdf,sample_pdf_006.pdf,pdf,pdf,28,17,0,0,0,negative_same_type
PAIR_NEG_000069,FRAG_000290,FRAG_000571,FRAG_000290.bin,FRAG_000571.bin,sample_pdf_003.pdf,sample_pdf_016.pdf,pdf,pdf,10,10,0,0,0,negative_same_type
PAIR_NEG_001164,FRAG_001162,FRAG_000982,FRAG_001162.bin,FRAG_000982.bin,sample_text_011.json,sample_png_021.png,text,png,15,8,0,0,0,negative_diff_type
PAIR_POS_001040,FRAG_001122,FRAG_001123,FRAG_001122.bin,FRAG_001123.bin,sample_text_008.json,sample_text_008.json,text,text,14,15,0,0,1,consecutive_neighbor
PAIR_NEG_000836,FRAG_001521,FRAG_001103,FRAG_001521.bin,FRAG_001103.bin,sample_zip_015.zip,sample_text_007.csv,zip,text,1,5,0,0,0,negative_diff_type
PAIR_POS_000742,FRAG_000791,FRAG_000792,FRAG_000791.bin,FRAG_000792.bin,sample_pdf_025.pdf,sample_pdf_025.pdf,pdf,pdf,23,24,0,0,1,consecutive_neighbor
PAIR_POS_000196,FRAG_000220,FRAG_000221,FRAG_000220.bin,FRAG_000221.bin,sample_jpeg_025.jpg,sample_jpeg_025.jpg,jpeg,jpeg,6,7,0,0,1,consecutive_neighbor
PAIR_NEG_000045,FRAG_001330,FRAG_001264,FRAG_001330.bin,FRAG_001264.bin,sample_text_022.log,sample_text_016.json,text,text,5,26,0,0,0,negative_same_type
PAIR_POS_000241,FRAG_000267,FRAG_000268,FRAG_000267.bin,FRAG_000268.bin,sample_pdf_002.pdf,sample_pdf_002.pdf,pdf,pdf,8,9,0,0,1,consecutive_neighbor
PAIR_POS_000394,FRAG_000427,FRAG_000428,FRAG_000427.bin,FRAG_000428.bin,sample_pdf_009.pdf,sample_pdf_009.pdf,pdf,pdf,17,18,0,0,1,consecutive_neighbor
PAIR_POS_000483,FRAG_000520,FRAG_000521,FRAG_000520.bin,FRAG_000521.bin,sample_pdf_013.pdf,sample_pdf_013.pdf,pdf,pdf,2,3,0,0,1,consecutive_neighbor
PAIR_POS_001143,FRAG_001232,FRAG_001233,FRAG_001232.bin,FRAG_001233.bin,sample_text_015.json,sample_text_015.json,text,text,27,28,0,0,1,consecutive_neighbor
PAIR_POS_000010,FRAG_000010,FRAG_000011,FRAG_000010.bin,FRAG_000011.bin,sample_jpeg_001.jpeg,sample_jpeg_001.jpeg,jpeg,jpeg,9,10,0,0,1,consecutive_neighbor
PAIR_POS_000858,FRAG_000922,FRAG_000923,FRAG_000922.bin,FRAG_000923.bin,sample_png_015.png,sample_png_015.png,png,png,0,1,1,0,1,consecutive_neighbor
PAIR_POS_000713,FRAG_000761,FRAG_000762,FRAG_000761.bin,FRAG_000762.bin,sample_pdf_024.pdf,sample_pdf_024.pdf,pdf,pdf,6,7,0,0,1,consecutive_neighbor
PAIR_POS_000617,FRAG_000660,FRAG_000661,FRAG_000660.bin,FRAG_000661.bin,sample_pdf_019.pdf,sample_pdf_019.pdf,pdf,pdf,27,28,0,0,1,consecutive_neighbor
PAIR_NEG_000559,FRAG_000679,FRAG_000516,FRAG_000679.bin,FRAG_000516.bin,sample_pdf_020.pdf,sample_pdf_012.pdf,pdf,pdf,6,33,0,0,0,negative_same_type
PAIR_NEG_000620,FRAG_000965,FRAG_000871,FRAG_000965.bin,FRAG_000871.bin,sample_png_019.png,sample_png_009.png,png,png,8,2,0,0,0,negative_same_type
PAIR_NEG_000014,FRAG_000950,FRAG_000863,FRAG_000950.bin,FRAG_000863.bin,sample_png_018.png,sample_png_008.png,png,png,5,8,0,0,0,negative_same_type
PAIR_NEG_000350,FRAG_000617,FRAG_000464,FRAG_000617.bin,FRAG_000464.bin,sample_pdf_018.pdf,sample_pdf_011.pdf,pdf,pdf,14,11,0,0,0,negative_same_type
PAIR_NEG_001151,FRAG_001511,FRAG_000929,FRAG_001511.bin,FRAG_000929.bin,sample_zip_014.zip,sample_png_016.png,zip,png,8,2,0,0,0,negative_diff_type
PAIR_NEG_000037,FRAG_000477,FRAG_000776,FRAG_000477.bin,FRAG_000776.bin,sample_pdf_011.pdf,sample_pdf_025.pdf,pdf,pdf,24,8,0,0,0,negative_same_type
PAIR_NEG_000112,FRAG_000913,FRAG_000876,FRAG_000913.bin,FRAG_000876.bin,sample_png_014.png,sample_png_009.png,png,png,2,7,0,0,0,negative_same_type
PAIR_POS_000490,FRAG_000528,FRAG_000529,FRAG_000528.bin,FRAG_000529.bin,sample_pdf_014.pdf,sample_pdf_014.pdf,pdf,pdf,1,2,0,0,1,consecutive_neighbor
PAIR_POS_000844,FRAG_000906,FRAG_000907,FRAG_000906.bin,FRAG_000907.bin,sample_png_013.png,sample_png_013.png,png,png,3,4,0,0,1,consecutive_neighbor
PAIR_POS_000923,FRAG_000994,FRAG_000995,FRAG_000994.bin,FRAG_000995.bin,sample_png_022.png,sample_png_022.png,png,png,6,7,0,1,1,consecutive_neighbor
PAIR_NEG_001230,FRAG_001219,FRAG_001433,FRAG_001219.bin,FRAG_001433.bin,sample_text_015.json,sample_zip_008.zip,text,zip,14,1,0,0,0,negative_diff_type
PAIR_NEG_000781,FRAG_001481,FRAG_001151,FRAG_001481.bin,FRAG_001151.bin,sample_zip_011.zip,sample_text_011.json,zip,text,18,4,0,0,0,negative_diff_type
PAIR_NEG_001023,FRAG_001398,FRAG_000923,FRAG_001398.bin,FRAG_000923.bin,sample_zip_004.zip,sample_png_015.png,zip,png,3,1,0,0,0,negative_diff_type
PAIR_NEG_000554,FRAG_001389,FRAG_001542,FRAG_001389.bin,FRAG_001542.bin,sample_zip_003.zip,sample_zip_016.zip,zip,zip,4,12,0,0,0,negative_same_type
PAIR_NEG_000127,FRAG_000807,FRAG_000796,FRAG_000807.bin,FRAG_000796.bin,sample_png_002.png,sample_png_001.png,png,png,4,0,0,0,0,negative_same_type
PAIR_NEG_000728,FRAG_001129,FRAG_001235,FRAG_001129.bin,FRAG_001235.bin,sample_text_009.txt,sample_text_015.json,text,text,1,30,0,0,0,negative_same_type
PAIR_POS_000853,FRAG_000916,FRAG_000917,FRAG_000916.bin,FRAG_000917.bin,sample_png_014.png,sample_png_014.png,png,png,5,6,0,0,1,consecutive_neighbor
PAIR_POS_000582,FRAG_000624,FRAG_000625,FRAG_000624.bin,FRAG_000625.bin,sample_pdf_018.pdf,sample_pdf_018.pdf,pdf,pdf,21,22,0,0,1,consecutive_neighbor
PAIR_POS_001216,FRAG_001310,FRAG_001311,FRAG_001310.bin,FRAG_001311.bin,sample_text_020.txt,sample_text_020.txt,text,text,8,9,0,0,1,consecutive_neighbor
PAIR_NEG_000307,FRAG_001390,FRAG_001591,FRAG_001390.bin,FRAG_001591.bin,sample_zip_003.zip,sample_zip_021.zip,zip,zip,5,2,0,0,0,negative_same_type
PAIR_POS_000368,FRAG_000400,FRAG_000401,FRAG_000400.bin,FRAG_000401.bin,sample_pdf_008.pdf,sample_pdf_008.pdf,pdf,pdf,10,11,0,0,1,consecutive_neighbor
PAIR_NEG_000737,FRAG_001522,FRAG_001485,FRAG_001522.bin,FRAG_001485.bin,sample_zip_015.zip,sample_zip_012.zip,zip,zip,2,3,0,0,0,negative_same_type
PAIR_POS_000014,FRAG_000015,FRAG_000016,FRAG_000015.bin,FRAG_000016.bin,sample_jpeg_002.jpeg,sample_jpeg_002.jpeg,jpeg,jpeg,1,2,0,0,1,consecutive_neighbor
PAIR_POS_000166,FRAG_000185,FRAG_000186,FRAG_000185.bin,FRAG_000186.bin,sample_jpeg_020.jpg,sample_jpeg_020.jpg,jpeg,jpeg,3,4,0,1,1,consecutive_neighbor
PAIR_POS_000998,FRAG_001076,FRAG_001077,FRAG_001076.bin,FRAG_001077.bin,sample_text_004.json,sample_text_004.json,text,text,9,10,0,0,1,consecutive_neighbor
PAIR_NEG_000885,FRAG_000922,FRAG_001444,FRAG_000922.bin,FRAG_001444.bin,sample_png_015.png,sample_zip_009.zip,png,zip,0,0,1,0,0,negative_diff_type
PAIR_POS_000324,FRAG_000354,FRAG_000355,FRAG_000354.bin,FRAG_000355.bin,sample_pdf_006.pdf,sample_pdf_006.pdf,pdf,pdf,6,7,0,0,1,consecutive_neighbor
PAIR_NEG_001433,FRAG_000068,FRAG_001483,FRAG_000068.bin,FRAG_001483.bin,sample_jpeg_008.jpeg,sample_zip_012.zip,jpeg,zip,9,1,0,0,0,negative_diff_type
PAIR_POS_001255,FRAG_001353,FRAG_001354,FRAG_001353.bin,FRAG_001354.bin,sample_text_024.txt,sample_text_024.txt,text,text,12,13,0,0,1,consecutive_neighbor
PAIR_POS_000205,FRAG_000230,FRAG_000231,FRAG_000230.bin,FRAG_000231.bin,sample_pdf_001.pdf,sample_pdf_001.pdf,pdf,pdf,5,6,0,0,1,consecutive_neighbor
PAIR_NEG_001237,FRAG_000760,FRAG_000847,FRAG_000760.bin,FRAG_000847.bin,sample_pdf_024.pdf,sample_png_007.png,pdf,png,5,1,0,0,0,negative_diff_type
PAIR_POS_000084,FRAG_000094,FRAG_000095,FRAG_000094.bin,FRAG_000095.bin,sample_jpeg_011.jpeg,sample_jpeg_011.jpeg,jpeg,jpeg,2,3,0,0,1,consecutive_neighbor
PAIR_POS_001192,FRAG_001284,FRAG_001285,FRAG_001284.bin,FRAG_001285.bin,sample_text_018.csv,sample_text_018.csv,text,text,7,8,0,0,1,consecutive_neighbor
PAIR_POS_000499,FRAG_000537,FRAG_000538,FRAG_000537.bin,FRAG_000538.bin,sample_pdf_014.pdf,sample_pdf_014.pdf,pdf,pdf,10,11,0,0,1,consecutive_neighbor
PAIR_POS_000899,FRAG_000967,FRAG_000968,FRAG_000967.bin,FRAG_000968.bin,sample_png_019.png,sample_png_019.png,png,png,10,11,0,1,1,consecutive_neighbor
PAIR_POS_000338,FRAG_000368,FRAG_000369,FRAG_000368.bin,FRAG_000369.bin,sample_pdf_006.pdf,sample_pdf_006.pdf,pdf,pdf,20,21,0,1,1,consecutive_neighbor
PAIR_NEG_000545,FRAG_001354,FRAG_001193,FRAG_001354.bin,FRAG_001193.bin,sample_text_024.txt,sample_text_013.csv,text,text,13,5,0,0,0,negative_same_type
PAIR_NEG_000106,FRAG_000638,FRAG_000347,FRAG_000638.bin,FRAG_000347.bin,sample_pdf_019.pdf,sample_pdf_005.pdf,pdf,pdf,5,33,0,1,0,negative_same_type
PAIR_POS_000345,FRAG_000376,FRAG_000377,FRAG_000376.bin,FRAG_000377.bin,sample_pdf_007.pdf,sample_pdf_007.pdf,pdf,pdf,6,7,0,0,1,consecutive_neighbor
PAIR_NEG_000718,FRAG_000968,FRAG_000824,FRAG_000968.bin,FRAG_000824.bin,sample_png_019.png,sample_png_004.png,png,png,11,9,0,0,0,negative_same_type
PAIR_POS_001337,FRAG_001445,FRAG_001446,FRAG_001445.bin,FRAG_001446.bin,sample_zip_009.zip,sample_zip_009.zip,zip,zip,1,2,0,0,1,consecutive_neighbor
PAIR_POS_000561,FRAG_000603,FRAG_000604,FRAG_000603.bin,FRAG_000604.bin,sample_pdf_018.pdf,sample_pdf_018.pdf,pdf,pdf,0,1,1,0,1,consecutive_neighbor
PAIR_POS_001305,FRAG_001410,FRAG_001411,FRAG_001410.bin,FRAG_001411.bin,sample_zip_006.zip,sample_zip_006.zip,zip,zip,0,1,1,0,1,consecutive_neighbor
PAIR_POS_001311,FRAG_001416,FRAG_001417,FRAG_001416.bin,FRAG_001417.bin,sample_zip_006.zip,sample_zip_006.zip,zip,zip,6,7,0,0,1,consecutive_neighbor
PAIR_POS_000688,FRAG_000734,FRAG_000735,FRAG_000734.bin,FRAG_000735.bin,sample_pdf_022.pdf,sample_pdf_022.pdf,pdf,pdf,14,15,0,0,1,consecutive_neighbor
PAIR_NEG_001038,FRAG_001607,FRAG_000602,FRAG_001607.bin,FRAG_000602.bin,sample_zip_022.zip,sample_pdf_017.pdf,zip,pdf,4,19,0,1,0,negative_diff_type
PAIR_NEG_000557,FRAG_001454,FRAG_001594,FRAG_001454.bin,FRAG_001594.bin,sample_zip_009.zip,sample_zip_021.zip,zip,zip,10,5,0,0,0,negative_same_type
PAIR_POS_001332,FRAG_001439,FRAG_001440,FRAG_001439.bin,FRAG_001440.bin,sample_zip_008.zip,sample_zip_008.zip,zip,zip,7,8,0,0,1,consecutive_neighbor
PAIR_POS_000437,FRAG_000472,FRAG_000473,FRAG_000472.bin,FRAG_000473.bin,sample_pdf_011.pdf,sample_pdf_011.pdf,pdf,pdf,19,20,0,0,1,consecutive_neighbor
PAIR_POS_000659,FRAG_000703,FRAG_000704,FRAG_000703.bin,FRAG_000704.bin,sample_pdf_020.pdf,sample_pdf_020.pdf,pdf,pdf,30,31,0,0,1,consecutive_neighbor
PAIR_NEG_000242,FRAG_001275,FRAG_001079,FRAG_001275.bin,FRAG_001079.bin,sample_text_017.txt,sample_text_004.json,text,text,9,12,0,0,0,negative_same_type
PAIR_POS_001118,FRAG_001207,FRAG_001208,FRAG_001207.bin,FRAG_001208.bin,sample_text_015.json,sample_text_015.json,text,text,2,3,0,0,1,consecutive_neighbor
PAIR_POS_001180,FRAG_001271,FRAG_001272,FRAG_001271.bin,FRAG_001272.bin,sample_text_017.txt,sample_text_017.txt,text,text,5,6,0,0,1,consecutive_neighbor
PAIR_POS_000248,FRAG_000274,FRAG_000275,FRAG_000274.bin,FRAG_000275.bin,sample_pdf_002.pdf,sample_pdf_002.pdf,pdf,pdf,15,16,0,0,1,consecutive_neighbor
PAIR_NEG_000750,FRAG_000831,FRAG_000823,FRAG_000831.bin,FRAG_000823.bin,sample_png_005.png,sample_png_004.png,png,png,4,8,0,0,0,negative_same_type
PAIR_POS_000824,FRAG_000883,FRAG_000884,FRAG_000883.bin,FRAG_000884.bin,sample_png_010.png,sample_png_010.png,png,png,2,3,0,0,1,consecutive_neighbor
PAIR_POS_000691,FRAG_000737,FRAG_000738,FRAG_000737.bin,FRAG_000738.bin,sample_pdf_022.pdf,sample_pdf_022.pdf,pdf,pdf,17,18,0,0,1,consecutive_neighbor
PAIR_POS_000873,FRAG_000939,FRAG_000940,FRAG_000939.bin,FRAG_000940.bin,sample_png_017.png,sample_png_017.png,png,png,0,1,1,0,1,consecutive_neighbor
PAIR_NEG_001317,FRAG_000083,FRAG_000277,FRAG_000083.bin,FRAG_000277.bin,sample_jpeg_010.jpg,sample_pdf_002.pdf,jpeg,pdf,5,18,0,0,0,negative_diff_type
PAIR_POS_001484,FRAG_001605,FRAG_001606,FRAG_001605.bin,FRAG_001606.bin,sample_zip_022.zip,sample_zip_022.zip,zip,zip,2,3,0,0,1,consecutive_neighbor
PAIR_POS_000452,FRAG_000488,FRAG_000489,FRAG_000488.bin,FRAG_000489.bin,sample_pdf_012.pdf,sample_pdf_012.pdf,pdf,pdf,5,6,0,0,1,consecutive_neighbor
PAIR_NEG_000448,FRAG_000292,FRAG_000354,FRAG_000292.bin,FRAG_000354.bin,sample_pdf_003.pdf,sample_pdf_006.pdf,pdf,pdf,12,6,0,0,0,negative_same_type
PAIR_POS_001219,FRAG_001313,FRAG_001314,FRAG_001313.bin,FRAG_001314.bin,sample_text_020.txt,sample_text_020.txt,text,text,11,12,0,0,1,consecutive_neighbor
PAIR_NEG_001181,FRAG_000644,FRAG_000927,FRAG_000644.bin,FRAG_000927.bin,sample_pdf_019.pdf,sample_png_016.png,pdf,png,11,0,0,0,0,negative_diff_type
PAIR_POS_000234,FRAG_000260,FRAG_000261,FRAG_000260.bin,FRAG_000261.bin,sample_pdf_002.pdf,sample_pdf_002.pdf,pdf,pdf,1,2,0,0,1,consecutive_neighbor
PAIR_NEG_000925,FRAG_001339,FRAG_000051,FRAG_001339.bin,FRAG_000051.bin,sample_text_023.csv,sample_jpeg_006.jpg,text,jpeg,2,3,0,0,0,negative_diff_type
PAIR_NEG_001227,FRAG_000164,FRAG_001155,FRAG_000164.bin,FRAG_001155.bin,sample_jpeg_018.jpeg,sample_text_011.json,jpeg,text,2,8,0,0,0,negative_diff_type
PAIR_NEG_000386,FRAG_001395,FRAG_001624,FRAG_001395.bin,FRAG_001624.bin,sample_zip_004.zip,sample_zip_025.zip,zip,zip,0,1,1,0,0,negative_same_type
PAIR_NEG_000423,FRAG_001553,FRAG_001401,FRAG_001553.bin,FRAG_001401.bin,sample_zip_017.zip,sample_zip_005.zip,zip,zip,9,0,0,0,0,negative_same_type
PAIR_POS_001252,FRAG_001350,FRAG_001351,FRAG_001350.bin,FRAG_001351.bin,sample_text_024.txt,sample_text_024.txt,text,text,9,10,0,0,1,consecutive_neighbor
PAIR_POS_000935,FRAG_001008,FRAG_001009,FRAG_001008.bin,FRAG_001009.bin,sample_png_024.png,sample_png_024.png,png,png,2,3,0,0,1,consecutive_neighbor
PAIR_NEG_000479,FRAG_001257,FRAG_001199,FRAG_001257.bin,FRAG_001199.bin,sample_text_016.json,sample_text_014.txt,text,text,19,2,0,0,0,negative_same_type
PAIR_POS_000630,FRAG_000674,FRAG_000675,FRAG_000674.bin,FRAG_000675.bin,sample_pdf_020.pdf,sample_pdf_020.pdf,pdf,pdf,1,2,0,0,1,consecutive_neighbor
PAIR_NEG_000578,FRAG_000998,FRAG_000833,FRAG_000998.bin,FRAG_000833.bin,sample_png_023.png,sample_png_005.png,png,png,2,6,0,0,0,negative_same_type
PAIR_NEG_000256,FRAG_001467,FRAG_001413,FRAG_001467.bin,FRAG_001413.bin,sample_zip_011.zip,sample_zip_006.zip,zip,zip,4,3,0,0,0,negative_same_type
PAIR_POS_000353,FRAG_000384,FRAG_000385,FRAG_000384.bin,FRAG_000385.bin,sample_pdf_007.pdf,sample_pdf_007.pdf,pdf,pdf,14,15,0,0,1,consecutive_neighbor
PAIR_NEG_000116,FRAG_000829,FRAG_000885,FRAG_000829.bin,FRAG_000885.bin,sample_png_005.png,sample_png_010.png,png,png,2,4,0,0,0,negative_same_type
PAIR_POS_000268,FRAG_000295,FRAG_000296,FRAG_000295.bin,FRAG_000296.bin,sample_pdf_003.pdf,sample_pdf_003.pdf,pdf,pdf,15,16,0,0,1,consecutive_neighbor
PAIR_POS_001329,FRAG_001436,FRAG_001437,FRAG_001436.bin,FRAG_001437.bin,sample_zip_008.zip,sample_zip_008.zip,zip,zip,4,5,0,0,1,consecutive_neighbor
PAIR_POS_000498,FRAG_000536,FRAG_000537,FRAG_000536.bin,FRAG_000537.bin,sample_pdf_014.pdf,sample_pdf_014.pdf,pdf,pdf,9,10,0,0,1,consecutive_neighbor
PAIR_NEG_000984,FRAG_000152,FRAG_000456,FRAG_000152.bin,FRAG_000456.bin,sample_jpeg_017.jpg,sample_pdf_011.pdf,jpeg,pdf,4,3,0,0,0,negative_diff_type
PAIR_POS_001267,FRAG_001366,FRAG_001367,FRAG_001366.bin,FRAG_001367.bin,sample_text_025.log,sample_text_025.log,text,text,8,9,0,0,1,consecutive_neighbor
PAIR_POS_000966,FRAG_001041,FRAG_001042,FRAG_001041.bin,FRAG_001042.bin,sample_text_001.json,sample_text_001.json,text,text,16,17,0,1,1,consecutive_neighbor
PAIR_POS_000040,FRAG_000044,FRAG_000045,FRAG_000044.bin,FRAG_000045.bin,sample_jpeg_005.jpg,sample_jpeg_005.jpg,jpeg,jpeg,2,3,0,0,1,consecutive_neighbor
PAIR_POS_001364,FRAG_001474,FRAG_001475,FRAG_001474.bin,FRAG_001475.bin,sample_zip_011.zip,sample_zip_011.zip,zip,zip,11,12,0,0,1,consecutive_neighbor
PAIR_NEG_000593,FRAG_001583,FRAG_001465,FRAG_001583.bin,FRAG_001465.bin,sample_zip_020.zip,sample_zip_011.zip,zip,zip,7,2,0,0,0,negative_same_type
PAIR_POS_001382,FRAG_001494,FRAG_001495,FRAG_001494.bin,FRAG_001495.bin,sample_zip_013.zip,sample_zip_013.zip,zip,zip,4,5,0,0,1,consecutive_neighbor
PAIR_POS_000148,FRAG_000165,FRAG_000166,FRAG_000165.bin,FRAG_000166.bin,sample_jpeg_018.jpeg,sample_jpeg_018.jpeg,jpeg,jpeg,3,4,0,0,1,consecutive_neighbor
PAIR_POS_000478,FRAG_000514,FRAG_000515,FRAG_000514.bin,FRAG_000515.bin,sample_pdf_012.pdf,sample_pdf_012.pdf,pdf,pdf,31,32,0,0,1,consecutive_neighbor
PAIR_NEG_001053,FRAG_000865,FRAG_001144,FRAG_000865.bin,FRAG_001144.bin,sample_png_008.png,sample_text_010.log,png,text,10,5,0,0,0,negative_diff_type
PAIR_NEG_000897,FRAG_000889,FRAG_001083,FRAG_000889.bin,FRAG_001083.bin,sample_png_011.png,sample_text_004.json,png,text,1,16,0,0,0,negative_diff_type
PAIR_POS_001099,FRAG_001185,FRAG_001186,FRAG_001185.bin,FRAG_001186.bin,sample_text_012.log,sample_text_012.log,text,text,11,12,0,0,1,consecutive_neighbor
PAIR_POS_000939,FRAG_001013,FRAG_001014,FRAG_001013.bin,FRAG_001014.bin,sample_png_025.png,sample_png_025.png,png,png,2,3,0,0,1,consecutive_neighbor
PAIR_NEG_000186,FRAG_000405,FRAG_000755,FRAG_000405.bin,FRAG_000755.bin,sample_pdf_008.pdf,sample_pdf_024.pdf,pdf,pdf,15,0,0,0,0,negative_same_type
PAIR_POS_001340,FRAG_001448,FRAG_001449,FRAG_001448.bin,FRAG_001449.bin,sample_zip_009.zip,sample_zip_009.zip,zip,zip,4,5,0,0,1,consecutive_neighbor
PAIR_POS_000434,FRAG_000469,FRAG_000470,FRAG_000469.bin,FRAG_000470.bin,sample_pdf_011.pdf,sample_pdf_011.pdf,pdf,pdf,16,17,0,0,1,consecutive_neighbor
PAIR_POS_000243,FRAG_000269,FRAG_000270,FRAG_000269.bin,FRAG_000270.bin,sample_pdf_002.pdf,sample_pdf_002.pdf,pdf,pdf,10,11,0,0,1,consecutive_neighbor
PAIR_NEG_001383,FRAG_000916,FRAG_001257,FRAG_000916.bin,FRAG_001257.bin,sample_png_014.png,sample_text_016.json,png,text,5,19,0,0,0,negative_diff_type
PAIR_NEG_001299,FRAG_001516,FRAG_001241,FRAG_001516.bin,FRAG_001241.bin,sample_zip_014.zip,sample_text_016.json,zip,text,13,3,0,0,0,negative_diff_type
PAIR_NEG_000064,FRAG_001586,FRAG_001478,FRAG_001586.bin,FRAG_001478.bin,sample_zip_020.zip,sample_zip_011.zip,zip,zip,10,15,0,0,0,negative_same_type
PAIR_POS_000115,FRAG_000129,FRAG_000130,FRAG_000129.bin,FRAG_000130.bin,sample_jpeg_015.jpeg,sample_jpeg_015.jpeg,jpeg,jpeg,4,5,0,0,1,consecutive_neighbor
PAIR_POS_000695,FRAG_000742,FRAG_000743,FRAG_000742.bin,FRAG_000743.bin,sample_pdf_023.pdf,sample_pdf_023.pdf,pdf,pdf,0,1,1,0,1,consecutive_neighbor
PAIR_NEG_001090,FRAG_000841,FRAG_000467,FRAG_000841.bin,FRAG_000467.bin,sample_png_006.png,sample_pdf_011.pdf,png,pdf,6,14,0,0,0,negative_diff_type
PAIR_NEG_001406,FRAG_001487,FRAG_000097,FRAG_001487.bin,FRAG_000097.bin,sample_zip_012.zip,sample_jpeg_011.jpeg,zip,jpeg,5,5,0,0,0,negative_diff_type
PAIR_POS_000921,FRAG_000992,FRAG_000993,FRAG_000992.bin,FRAG_000993.bin,sample_png_022.png,sample_png_022.png,png,png,4,5,0,0,1,consecutive_neighbor
PAIR_NEG_000860,FRAG_000711,FRAG_001508,FRAG_000711.bin,FRAG_001508.bin,sample_pdf_021.pdf,sample_zip_014.zip,pdf,zip,3,5,0,0,0,negative_diff_type
PAIR_NEG_001206,FRAG_000809,FRAG_001102,FRAG_000809.bin,FRAG_001102.bin,sample_png_003.png,sample_text_007.csv,png,text,0,4,1,0,0,negative_diff_type
PAIR_NEG_000357,FRAG_000121,FRAG_000201,FRAG_000121.bin,FRAG_000201.bin,sample_jpeg_014.jpeg,sample_jpeg_023.jpeg,jpeg,jpeg,0,0,1,0,0,negative_same_type
PAIR_NEG_000665,FRAG_000129,FRAG_000165,FRAG_000129.bin,FRAG_000165.bin,sample_jpeg_015.jpeg,sample_jpeg_018.jpeg,jpeg,jpeg,4,3,0,0,0,negative_same_type
PAIR_POS_001447,FRAG_001564,FRAG_001565,FRAG_001564.bin,FRAG_001565.bin,sample_zip_018.zip,sample_zip_018.zip,zip,zip,6,7,0,0,1,consecutive_neighbor
PAIR_NEG_000597,FRAG_001265,FRAG_001047,FRAG_001265.bin,FRAG_001047.bin,sample_text_016.json,sample_text_002.txt,text,text,27,4,0,0,0,negative_same_type
PAIR_POS_000797,FRAG_000853,FRAG_000854,FRAG_000853.bin,FRAG_000854.bin,sample_png_007.png,sample_png_007.png,png,png,7,8,0,1,1,consecutive_neighbor
PAIR_POS_001002,FRAG_001080,FRAG_001081,FRAG_001080.bin,FRAG_001081.bin,sample_text_004.json,sample_text_004.json,text,text,13,14,0,0,1,consecutive_neighbor
PAIR_NEG_000398,FRAG_000987,FRAG_001018,FRAG_000987.bin,FRAG_001018.bin,sample_png_021.png,sample_png_025.png,png,png,13,7,0,0,0,negative_same_type
PAIR_POS_001215,FRAG_001309,FRAG_001310,FRAG_001309.bin,FRAG_001310.bin,sample_text_020.txt,sample_text_020.txt,text,text,7,8,0,0,1,consecutive_neighbor
PAIR_NEG_001378,FRAG_001598,FRAG_000388,FRAG_001598.bin,FRAG_000388.bin,sample_zip_021.zip,sample_pdf_007.pdf,zip,pdf,9,18,0,0,0,negative_diff_type
PAIR_POS_001507,FRAG_001631,FRAG_001632,FRAG_001631.bin,FRAG_001632.bin,sample_zip_025.zip,sample_zip_025.zip,zip,zip,8,9,0,0,1,consecutive_neighbor
PAIR_POS_000074,FRAG_000083,FRAG_000084,FRAG_000083.bin,FRAG_000084.bin,sample_jpeg_010.jpg,sample_jpeg_010.jpg,jpeg,jpeg,5,6,0,0,1,consecutive_neighbor
PAIR_POS_000287,FRAG_000316,FRAG_000317,FRAG_000316.bin,FRAG_000317.bin,sample_pdf_005.pdf,sample_pdf_005.pdf,pdf,pdf,2,3,0,0,1,consecutive_neighbor
PAIR_POS_000389,FRAG_000422,FRAG_000423,FRAG_000422.bin,FRAG_000423.bin,sample_pdf_009.pdf,sample_pdf_009.pdf,pdf,pdf,12,13,0,0,1,consecutive_neighbor
PAIR_POS_000897,FRAG_000965,FRAG_000966,FRAG_000965.bin,FRAG_000966.bin,sample_png_019.png,sample_png_019.png,png,png,8,9,0,0,1,consecutive_neighbor
PAIR_POS_001296,FRAG_001399,FRAG_001400,FRAG_001399.bin,FRAG_001400.bin,sample_zip_004.zip,sample_zip_004.zip,zip,zip,4,5,0,1,1,consecutive_neighbor
PAIR_NEG_000243,FRAG_001210,FRAG_001350,FRAG_001210.bin,FRAG_001350.bin,sample_text_015.json,sample_text_024.txt,text,text,5,9,0,0,0,negative_same_type
PAIR_NEG_000247,FRAG_001328,FRAG_001162,FRAG_001328.bin,FRAG_001162.bin,sample_text_022.log,sample_text_011.json,text,text,3,15,0,0,0,negative_same_type
PAIR_POS_001403,FRAG_001516,FRAG_001517,FRAG_001516.bin,FRAG_001517.bin,sample_zip_014.zip,sample_zip_014.zip,zip,zip,13,14,0,0,1,consecutive_neighbor
PAIR_NEG_000181,FRAG_001347,FRAG_001319,FRAG_001347.bin,FRAG_001319.bin,sample_text_024.txt,sample_text_021.csv,text,text,6,1,0,0,0,negative_same_type
PAIR_POS_000219,FRAG_000244,FRAG_000245,FRAG_000244.bin,FRAG_000245.bin,sample_pdf_001.pdf,sample_pdf_001.pdf,pdf,pdf,19,20,0,0,1,consecutive_neighbor
PAIR_NEG_000057,FRAG_001034,FRAG_001082,FRAG_001034.bin,FRAG_001082.bin,sample_text_001.json,sample_text_004.json,text,text,9,15,0,0,0,negative_same_type
PAIR_NEG_001067,FRAG_000034,FRAG_000427,FRAG_000034.bin,FRAG_000427.bin,sample_jpeg_004.jpeg,sample_pdf_009.pdf,jpeg,pdf,0,17,1,0,0,negative_diff_type
PAIR_POS_000392,FRAG_000425,FRAG_000426,FRAG_000425.bin,FRAG_000426.bin,sample_pdf_009.pdf,sample_pdf_009.pdf,pdf,pdf,15,16,0,0,1,consecutive_neighbor
PAIR_NEG_001451,FRAG_000973,FRAG_001596,FRAG_000973.bin,FRAG_001596.bin,sample_png_020.png,sample_zip_021.zip,png,zip,4,7,0,0,0,negative_diff_type
PAIR_NEG_000392,FRAG_001042,FRAG_001321,FRAG_001042.bin,FRAG_001321.bin,sample_text_001.json,sample_text_021.csv,text,text,17,3,0,0,0,negative_same_type
PAIR_POS_000081,FRAG_000090,FRAG_000091,FRAG_000090.bin,FRAG_000091.bin,sample_jpeg_010.jpg,sample_jpeg_010.jpg,jpeg,jpeg,12,13,0,1,1,consecutive_neighbor
PAIR_POS_001136,FRAG_001225,FRAG_001226,FRAG_001225.bin,FRAG_001226.bin,sample_text_015.json,sample_text_015.json,text,text,20,21,0,0,1,consecutive_neighbor
PAIR_POS_000362,FRAG_000394,FRAG_000395,FRAG_000394.bin,FRAG_000395.bin,sample_pdf_008.pdf,sample_pdf_008.pdf,pdf,pdf,4,5,0,0,1,consecutive_neighbor
PAIR_POS_000416,FRAG_000450,FRAG_000451,FRAG_000450.bin,FRAG_000451.bin,sample_pdf_010.pdf,sample_pdf_010.pdf,pdf,pdf,5,6,0,0,1,consecutive_neighbor
PAIR_POS_001488,FRAG_001610,FRAG_001611,FRAG_001610.bin,FRAG_001611.bin,sample_zip_023.zip,sample_zip_023.zip,zip,zip,0,1,1,0,1,consecutive_neighbor
PAIR_POS_000594,FRAG_000637,FRAG_000638,FRAG_000637.bin,FRAG_000638.bin,sample_pdf_019.pdf,sample_pdf_019.pdf,pdf,pdf,4,5,0,0,1,consecutive_neighbor
PAIR_POS_000942,FRAG_001016,FRAG_001017,FRAG_001016.bin,FRAG_001017.bin,sample_png_025.png,sample_png_025.png,png,png,5,6,0,0,1,consecutive_neighbor
PAIR_POS_000165,FRAG_000184,FRAG_000185,FRAG_000184.bin,FRAG_000185.bin,sample_jpeg_020.jpg,sample_jpeg_020.jpg,jpeg,jpeg,2,3,0,0,1,consecutive_neighbor
PAIR_POS_000697,FRAG_000744,FRAG_000745,FRAG_000744.bin,FRAG_000745.bin,sample_pdf_023.pdf,sample_pdf_023.pdf,pdf,pdf,2,3,0,0,1,consecutive_neighbor
PAIR_POS_001095,FRAG_001181,FRAG_001182,FRAG_001181.bin,FRAG_001182.bin,sample_text_012.log,sample_text_012.log,text,text,7,8,0,0,1,consecutive_neighbor
PAIR_POS_000749,FRAG_000799,FRAG_000800,FRAG_000799.bin,FRAG_000800.bin,sample_png_001.png,sample_png_001.png,png,png,3,4,0,0,1,consecutive_neighbor
PAIR_NEG_000341,FRAG_000993,FRAG_000998,FRAG_000993.bin,FRAG_000998.bin,sample_png_022.png,sample_png_023.png,png,png,5,2,0,0,0,negative_same_type
PAIR_NEG_001282,FRAG_000348,FRAG_001571,FRAG_000348.bin,FRAG_001571.bin,sample_pdf_006.pdf,sample_zip_019.zip,pdf,zip,0,3,1,0,0,negative_diff_type
PAIR_POS_001295,FRAG_001398,FRAG_001399,FRAG_001398.bin,FRAG_001399.bin,sample_zip_004.zip,sample_zip_004.zip,zip,zip,3,4,0,0,1,consecutive_neighbor
PAIR_POS_000114,FRAG_000128,FRAG_000129,FRAG_000128.bin,FRAG_000129.bin,sample_jpeg_015.jpeg,sample_jpeg_015.jpeg,jpeg,jpeg,3,4,0,0,1,consecutive_neighbor
PAIR_NEG_001057,FRAG_001476,FRAG_000911,FRAG_001476.bin,FRAG_000911.bin,sample_zip_011.zip,sample_png_014.png,zip,png,13,0,0,0,0,negative_diff_type
PAIR_POS_000621,FRAG_000664,FRAG_000665,FRAG_000664.bin,FRAG_000665.bin,sample_pdf_019.pdf,sample_pdf_019.pdf,pdf,pdf,31,32,0,0,1,consecutive_neighbor
PAIR_POS_001397,FRAG_001510,FRAG_001511,FRAG_001510.bin,FRAG_001511.bin,sample_zip_014.zip,sample_zip_014.zip,zip,zip,7,8,0,0,1,consecutive_neighbor
PAIR_POS_000683,FRAG_000729,FRAG_000730,FRAG_000729.bin,FRAG_000730.bin,sample_pdf_022.pdf,sample_pdf_022.pdf,pdf,pdf,9,10,0,0,1,consecutive_neighbor
PAIR_NEG_001500,FRAG_001508,FRAG_001252,FRAG_001508.bin,FRAG_001252.bin,sample_zip_014.zip,sample_text_016.json,zip,text,5,14,0,0,0,negative_diff_type
PAIR_POS_001097,FRAG_001183,FRAG_001184,FRAG_001183.bin,FRAG_001184.bin,sample_text_012.log,sample_text_012.log,text,text,9,10,0,0,1,consecutive_neighbor
PAIR_NEG_000382,FRAG_001079,FRAG_001146,FRAG_001079.bin,FRAG_001146.bin,sample_text_004.json,sample_text_010.log,text,text,12,7,0,1,0,negative_same_type
PAIR_NEG_001205,FRAG_001565,FRAG_000136,FRAG_001565.bin,FRAG_000136.bin,sample_zip_018.zip,sample_jpeg_015.jpeg,zip,jpeg,7,11,0,0,0,negative_diff_type
PAIR_NEG_000654,FRAG_000549,FRAG_000300,FRAG_000549.bin,FRAG_000300.bin,sample_pdf_015.pdf,sample_pdf_003.pdf,pdf,pdf,0,20,1,0,0,negative_same_type
PAIR_NEG_000225,FRAG_000200,FRAG_000167,FRAG_000200.bin,FRAG_000167.bin,sample_jpeg_022.jpg,sample_jpeg_018.jpeg,jpeg,jpeg,7,5,0,0,0,negative_same_type
PAIR_NEG_000933,FRAG_001369,FRAG_000529,FRAG_001369.bin,FRAG_000529.bin,sample_text_025.log,sample_pdf_014.pdf,text,pdf,11,2,0,0,0,negative_diff_type
PAIR_NEG_001199,FRAG_001157,FRAG_000412,FRAG_001157.bin,FRAG_000412.bin,sample_text_011.json,sample_pdf_009.pdf,text,pdf,10,2,0,0,0,negative_diff_type
PAIR_POS_001107,FRAG_001194,FRAG_001195,FRAG_001194.bin,FRAG_001195.bin,sample_text_013.csv,sample_text_013.csv,text,text,6,7,0,0,1,consecutive_neighbor
PAIR_POS_000144,FRAG_000160,FRAG_000161,FRAG_000160.bin,FRAG_000161.bin,sample_jpeg_017.jpg,sample_jpeg_017.jpg,jpeg,jpeg,12,13,0,1,1,consecutive_neighbor
PAIR_NEG_000302,FRAG_001517,FRAG_001594,FRAG_001517.bin,FRAG_001594.bin,sample_zip_014.zip,sample_zip_021.zip,zip,zip,14,5,0,0,0,negative_same_type
PAIR_POS_000894,FRAG_000962,FRAG_000963,FRAG_000962.bin,FRAG_000963.bin,sample_png_019.png,sample_png_019.png,png,png,5,6,0,0,1,consecutive_neighbor
PAIR_POS_000980,FRAG_001056,FRAG_001057,FRAG_001056.bin,FRAG_001057.bin,sample_text_002.txt,sample_text_002.txt,text,text,13,14,0,0,1,consecutive_neighbor
PAIR_POS_001005,FRAG_001083,FRAG_001084,FRAG_001083.bin,FRAG_001084.bin,sample_text_004.json,sample_text_004.json,text,text,16,17,0,1,1,consecutive_neighbor
PAIR_NEG_000918,FRAG_000185,FRAG_001256,FRAG_000185.bin,FRAG_001256.bin,sample_jpeg_020.jpg,sample_text_016.json,jpeg,text,3,18,0,0,0,negative_diff_type
PAIR_POS_000008,FRAG_000008,FRAG_000009,FRAG_000008.bin,FRAG_000009.bin,sample_jpeg_001.jpeg,sample_jpeg_001.jpeg,jpeg,jpeg,7,8,0,0,1,consecutive_neighbor
PAIR_NEG_000985,FRAG_001374,FRAG_001029,FRAG_001374.bin,FRAG_001029.bin,sample_zip_001.zip,sample_text_001.json,zip,text,4,4,0,0,0,negative_diff_type
PAIR_NEG_000027,FRAG_000771,FRAG_000475,FRAG_000771.bin,FRAG_000475.bin,sample_pdf_025.pdf,sample_pdf_011.pdf,pdf,pdf,3,22,0,0,0,negative_same_type
PAIR_POS_000676,FRAG_000722,FRAG_000723,FRAG_000722.bin,FRAG_000723.bin,sample_pdf_022.pdf,sample_pdf_022.pdf,pdf,pdf,2,3,0,0,1,consecutive_neighbor
PAIR_POS_000311,FRAG_000340,FRAG_000341,FRAG_000340.bin,FRAG_000341.bin,sample_pdf_005.pdf,sample_pdf_005.pdf,pdf,pdf,26,27,0,0,1,consecutive_neighbor
PAIR_POS_000546,FRAG_000587,FRAG_000588,FRAG_000587.bin,FRAG_000588.bin,sample_pdf_017.pdf,sample_pdf_017.pdf,pdf,pdf,4,5,0,0,1,consecutive_neighbor
PAIR_POS_000800,FRAG_000857,FRAG_000858,FRAG_000857.bin,FRAG_000858.bin,sample_png_008.png,sample_png_008.png,png,png,2,3,0,0,1,consecutive_neighbor
PAIR_POS_001362,FRAG_001472,FRAG_001473,FRAG_001472.bin,FRAG_001473.bin,sample_zip_011.zip,sample_zip_011.zip,zip,zip,9,10,0,0,1,consecutive_neighbor
PAIR_NEG_000206,FRAG_001564,FRAG_001614,FRAG_001564.bin,FRAG_001614.bin,sample_zip_018.zip,sample_zip_023.zip,zip,zip,6,4,0,0,0,negative_same_type
PAIR_NEG_001002,FRAG_001554,FRAG_000082,FRAG_001554.bin,FRAG_000082.bin,sample_zip_017.zip,sample_jpeg_010.jpg,zip,jpeg,10,4,0,0,0,negative_diff_type
PAIR_POS_001312,FRAG_001417,FRAG_001418,FRAG_001417.bin,FRAG_001418.bin,sample_zip_006.zip,sample_zip_006.zip,zip,zip,7,8,0,0,1,consecutive_neighbor
PAIR_POS_001338,FRAG_001446,FRAG_001447,FRAG_001446.bin,FRAG_001447.bin,sample_zip_009.zip,sample_zip_009.zip,zip,zip,2,3,0,0,1,consecutive_neighbor
PAIR_POS_000305,FRAG_000334,FRAG_000335,FRAG_000334.bin,FRAG_000335.bin,sample_pdf_005.pdf,sample_pdf_005.pdf,pdf,pdf,20,21,0,0,1,consecutive_neighbor
PAIR_NEG_001376,FRAG_000094,FRAG_001282,FRAG_000094.bin,FRAG_001282.bin,sample_jpeg_011.jpeg,sample_text_018.csv,jpeg,text,2,5,0,0,0,negative_diff_type
PAIR_POS_000039,FRAG_000043,FRAG_000044,FRAG_000043.bin,FRAG_000044.bin,sample_jpeg_005.jpg,sample_jpeg_005.jpg,jpeg,jpeg,1,2,0,0,1,consecutive_neighbor
PAIR_NEG_000001,FRAG_000007,FRAG_000190,FRAG_000007.bin,FRAG_000190.bin,sample_jpeg_001.jpeg,sample_jpeg_021.jpg,jpeg,jpeg,6,3,0,0,0,negative_same_type
PAIR_POS_000514,FRAG_000553,FRAG_000554,FRAG_000553.bin,FRAG_000554.bin,sample_pdf_015.pdf,sample_pdf_015.pdf,pdf,pdf,4,5,0,0,1,consecutive_neighbor
PAIR_POS_001171,FRAG_001261,FRAG_001262,FRAG_001261.bin,FRAG_001262.bin,sample_text_016.json,sample_text_016.json,text,text,23,24,0,0,1,consecutive_neighbor
PAIR_POS_000145,FRAG_000162,FRAG_000163,FRAG_000162.bin,FRAG_000163.bin,sample_jpeg_018.jpeg,sample_jpeg_018.jpeg,jpeg,jpeg,0,1,1,0,1,consecutive_neighbor
PAIR_NEG_000565,FRAG_000366,FRAG_000481,FRAG_000366.bin,FRAG_000481.bin,sample_pdf_006.pdf,sample_pdf_011.pdf,pdf,pdf,18,28,0,0,0,negative_same_type
PAIR_POS_000072,FRAG_000081,FRAG_000082,FRAG_000081.bin,FRAG_000082.bin,sample_jpeg_010.jpg,sample_jpeg_010.jpg,jpeg,jpeg,3,4,0,0,1,consecutive_neighbor
PAIR_POS_000212,FRAG_000237,FRAG_000238,FRAG_000237.bin,FRAG_000238.bin,sample_pdf_001.pdf,sample_pdf_001.pdf,pdf,pdf,12,13,0,0,1,consecutive_neighbor
PAIR_POS_000531,FRAG_000571,FRAG_000572,FRAG_000571.bin,FRAG_000572.bin,sample_pdf_016.pdf,sample_pdf_016.pdf,pdf,pdf,10,11,0,0,1,consecutive_neighbor
PAIR_NEG_001064,FRAG_000219,FRAG_001256,FRAG_000219.bin,FRAG_001256.bin,sample_jpeg_025.jpg,sample_text_016.json,jpeg,text,5,18,0,0,0,negative_diff_type
PAIR_NEG_000961,FRAG_000193,FRAG_000646,FRAG_000193.bin,FRAG_000646.bin,sample_jpeg_022.jpg,sample_pdf_019.pdf,jpeg,pdf,0,13,1,0,0,negative_diff_type
PAIR_POS_001318,FRAG_001424,FRAG_001425,FRAG_001424.bin,FRAG_001425.bin,sample_zip_007.zip,sample_zip_007.zip,zip,zip,0,1,1,0,1,consecutive_neighbor
PAIR_POS_001258,FRAG_001356,FRAG_001357,FRAG_001356.bin,FRAG_001357.bin,sample_text_024.txt,sample_text_024.txt,text,text,15,16,0,1,1,consecutive_neighbor
PAIR_NEG_000676,FRAG_001272,FRAG_001262,FRAG_001272.bin,FRAG_001262.bin,sample_text_017.txt,sample_text_016.json,text,text,6,24,0,0,0,negative_same_type
PAIR_POS_000884,FRAG_000951,FRAG_000952,FRAG_000951.bin,FRAG_000952.bin,sample_png_018.png,sample_png_018.png,png,png,6,7,0,0,1,consecutive_neighbor
PAIR_NEG_000511,FRAG_000582,FRAG_000584,FRAG_000582.bin,FRAG_000584.bin,sample_pdf_016.pdf,sample_pdf_017.pdf,pdf,pdf,21,1,0,0,0,negative_same_type
PAIR_NEG_000249,FRAG_000072,FRAG_000116,FRAG_000072.bin,FRAG_000116.bin,sample_jpeg_009.jpeg,sample_jpeg_013.jpeg,jpeg,jpeg,2,4,0,0,0,negative_same_type
PAIR_NEG_000353,FRAG_000739,FRAG_000564,FRAG_000739.bin,FRAG_000564.bin,sample_pdf_022.pdf,sample_pdf_016.pdf,pdf,pdf,19,3,0,0,0,negative_same_type
PAIR_NEG_000924,FRAG_001120,FRAG_000667,FRAG_001120.bin,FRAG_000667.bin,sample_text_008.json,sample_pdf_019.pdf,text,pdf,12,34,0,0,0,negative_diff_type
PAIR_NEG_001245,FRAG_000209,FRAG_001459,FRAG_000209.bin,FRAG_001459.bin,sample_jpeg_024.jpeg,sample_zip_010.zip,jpeg,zip,4,4,0,0,0,negative_diff_type
PAIR_POS_000366,FRAG_000398,FRAG_000399,FRAG_000398.bin,FRAG_000399.bin,sample_pdf_008.pdf,sample_pdf_008.pdf,pdf,pdf,8,9,0,0,1,consecutive_neighbor
PAIR_POS_000805,FRAG_000862,FRAG_000863,FRAG_000862.bin,FRAG_000863.bin,sample_png_008.png,sample_png_008.png,png,png,7,8,0,0,1,consecutive_neighbor
PAIR_NEG_000185,FRAG_000200,FRAG_000109,FRAG_000200.bin,FRAG_000109.bin,sample_jpeg_022.jpg,sample_jpeg_012.jpg,jpeg,jpeg,7,10,0,0,0,negative_same_type
PAIR_POS_000411,FRAG_000445,FRAG_000446,FRAG_000445.bin,FRAG_000446.bin,sample_pdf_010.pdf,sample_pdf_010.pdf,pdf,pdf,0,1,1,0,1,consecutive_neighbor
PAIR_POS_001008,FRAG_001087,FRAG_001088,FRAG_001087.bin,FRAG_001088.bin,sample_text_005.csv,sample_text_005.csv,text,text,2,3,0,0,1,consecutive_neighbor
PAIR_NEG_000355,FRAG_001032,FRAG_001098,FRAG_001032.bin,FRAG_001098.bin,sample_text_001.json,sample_text_007.csv,text,text,7,0,0,0,0,negative_same_type
PAIR_POS_000903,FRAG_000972,FRAG_000973,FRAG_000972.bin,FRAG_000973.bin,sample_png_020.png,sample_png_020.png,png,png,3,4,0,1,1,consecutive_neighbor
PAIR_POS_000365,FRAG_000397,FRAG_000398,FRAG_000397.bin,FRAG_000398.bin,sample_pdf_008.pdf,sample_pdf_008.pdf,pdf,pdf,7,8,0,0,1,consecutive_neighbor
PAIR_POS_000543,FRAG_000584,FRAG_000585,FRAG_000584.bin,FRAG_000585.bin,sample_pdf_017.pdf,sample_pdf_017.pdf,pdf,pdf,1,2,0,0,1,consecutive_neighbor
PAIR_NEG_000446,FRAG_001252,FRAG_001062,FRAG_001252.bin,FRAG_001062.bin,sample_text_016.json,sample_text_003.log,text,text,14,3,0,0,0,negative_same_type
PAIR_POS_000124,FRAG_000138,FRAG_000139,FRAG_000138.bin,FRAG_000139.bin,sample_jpeg_015.jpeg,sample_jpeg_015.jpeg,jpeg,jpeg,13,14,0,1,1,consecutive_neighbor
PAIR_NEG_000794,FRAG_000009,FRAG_001171,FRAG_000009.bin,FRAG_001171.bin,sample_jpeg_001.jpeg,sample_text_011.json,jpeg,text,8,24,0,0,0,negative_diff_type
PAIR_POS_000796,FRAG_000852,FRAG_000853,FRAG_000852.bin,FRAG_000853.bin,sample_png_007.png,sample_png_007.png,png,png,6,7,0,0,1,consecutive_neighbor
PAIR_NEG_000275,FRAG_000727,FRAG_000330,FRAG_000727.bin,FRAG_000330.bin,sample_pdf_022.pdf,sample_pdf_005.pdf,pdf,pdf,7,16,0,0,0,negative_same_type
PAIR_NEG_000297,FRAG_001471,FRAG_001587,FRAG_001471.bin,FRAG_001587.bin,sample_zip_011.zip,sample_zip_020.zip,zip,zip,8,11,0,0,0,negative_same_type
PAIR_NEG_000893,FRAG_001523,FRAG_000553,FRAG_001523.bin,FRAG_000553.bin,sample_zip_015.zip,sample_pdf_015.pdf,zip,pdf,3,4,0,0,0,negative_diff_type
PAIR_POS_000152,FRAG_000170,FRAG_000171,FRAG_000170.bin,FRAG_000171.bin,sample_jpeg_019.jpg,sample_jpeg_019.jpg,jpeg,jpeg,0,1,1,0,1,consecutive_neighbor
PAIR_POS_000332,FRAG_000362,FRAG_000363,FRAG_000362.bin,FRAG_000363.bin,sample_pdf_006.pdf,sample_pdf_006.pdf,pdf,pdf,14,15,0,0,1,consecutive_neighbor
PAIR_POS_000528,FRAG_000568,FRAG_000569,FRAG_000568.bin,FRAG_000569.bin,sample_pdf_016.pdf,sample_pdf_016.pdf,pdf,pdf,7,8,0,0,1,consecutive_neighbor
PAIR_POS_000663,FRAG_000708,FRAG_000709,FRAG_000708.bin,FRAG_000709.bin,sample_pdf_021.pdf,sample_pdf_021.pdf,pdf,pdf,0,1,1,0,1,consecutive_neighbor
PAIR_NEG_000648,FRAG_001038,FRAG_001209,FRAG_001038.bin,FRAG_001209.bin,sample_text_001.json,sample_text_015.json,text,text,13,4,0,0,0,negative_same_type
PAIR_POS_001418,FRAG_001533,FRAG_001534,FRAG_001533.bin,FRAG_001534.bin,sample_zip_016.zip,sample_zip_016.zip,zip,zip,3,4,0,0,1,consecutive_neighbor
PAIR_POS_000875,FRAG_000941,FRAG_000942,FRAG_000941.bin,FRAG_000942.bin,sample_png_017.png,sample_png_017.png,png,png,2,3,0,0,1,consecutive_neighbor
PAIR_NEG_001110,FRAG_000856,FRAG_000089,FRAG_000856.bin,FRAG_000089.bin,sample_png_008.png,sample_jpeg_010.jpg,png,jpeg,1,11,0,0,0,negative_diff_type
PAIR_NEG_000433,FRAG_001000,FRAG_000840,FRAG_001000.bin,FRAG_000840.bin,sample_png_023.png,sample_png_006.png,png,png,4,5,0,0,0,negative_same_type
PAIR_POS_001309,FRAG_001414,FRAG_001415,FRAG_001414.bin,FRAG_001415.bin,sample_zip_006.zip,sample_zip_006.zip,zip,zip,4,5,0,0,1,consecutive_neighbor
PAIR_POS_000156,FRAG_000174,FRAG_000175,FRAG_000174.bin,FRAG_000175.bin,sample_jpeg_019.jpg,sample_jpeg_019.jpg,jpeg,jpeg,4,5,0,0,1,consecutive_neighbor
PAIR_NEG_001424,FRAG_000989,FRAG_001129,FRAG_000989.bin,FRAG_001129.bin,sample_png_022.png,sample_text_009.txt,png,text,1,1,0,0,0,negative_diff_type
PAIR_NEG_001247,FRAG_000985,FRAG_001084,FRAG_000985.bin,FRAG_001084.bin,sample_png_021.png,sample_text_004.json,png,text,11,17,0,1,0,negative_diff_type
PAIR_NEG_000154,FRAG_000153,FRAG_000112,FRAG_000153.bin,FRAG_000112.bin,sample_jpeg_017.jpg,sample_jpeg_013.jpeg,jpeg,jpeg,5,0,0,0,0,negative_same_type
PAIR_POS_000519,FRAG_000558,FRAG_000559,FRAG_000558.bin,FRAG_000559.bin,sample_pdf_015.pdf,sample_pdf_015.pdf,pdf,pdf,9,10,0,0,1,consecutive_neighbor
PAIR_POS_000378,FRAG_000411,FRAG_000412,FRAG_000411.bin,FRAG_000412.bin,sample_pdf_009.pdf,sample_pdf_009.pdf,pdf,pdf,1,2,0,0,1,consecutive_neighbor
PAIR_NEG_000236,FRAG_000152,FRAG_000177,FRAG_000152.bin,FRAG_000177.bin,sample_jpeg_017.jpg,sample_jpeg_019.jpg,jpeg,jpeg,4,7,0,0,0,negative_same_type
PAIR_POS_000228,FRAG_000253,FRAG_000254,FRAG_000253.bin,FRAG_000254.bin,sample_pdf_001.pdf,sample_pdf_001.pdf,pdf,pdf,28,29,0,0,1,consecutive_neighbor
PAIR_POS_000379,FRAG_000412,FRAG_000413,FRAG_000412.bin,FRAG_000413.bin,sample_pdf_009.pdf,sample_pdf_009.pdf,pdf,pdf,2,3,0,0,1,consecutive_neighbor
PAIR_NEG_001246,FRAG_000093,FRAG_001001,FRAG_000093.bin,FRAG_001001.bin,sample_jpeg_011.jpeg,sample_png_023.png,jpeg,png,1,5,0,0,0,negative_diff_type
PAIR_NEG_001414,FRAG_001326,FRAG_001001,FRAG_001326.bin,FRAG_001001.bin,sample_text_022.log,sample_png_023.png,text,png,1,5,0,0,0,negative_diff_type
PAIR_POS_001500,FRAG_001624,FRAG_001625,FRAG_001624.bin,FRAG_001625.bin,sample_zip_025.zip,sample_zip_025.zip,zip,zip,1,2,0,0,1,consecutive_neighbor
PAIR_NEG_000865,FRAG_000623,FRAG_001539,FRAG_000623.bin,FRAG_001539.bin,sample_pdf_018.pdf,sample_zip_016.zip,pdf,zip,20,9,0,0,0,negative_diff_type
PAIR_NEG_000508,FRAG_001183,FRAG_001198,FRAG_001183.bin,FRAG_001198.bin,sample_text_012.log,sample_text_014.txt,text,text,9,1,0,0,0,negative_same_type
PAIR_NEG_000220,FRAG_001192,FRAG_001197,FRAG_001192.bin,FRAG_001197.bin,sample_text_013.csv,sample_text_014.txt,text,text,4,0,0,0,0,negative_same_type
PAIR_NEG_000499,FRAG_000112,FRAG_000005,FRAG_000112.bin,FRAG_000005.bin,sample_jpeg_013.jpeg,sample_jpeg_001.jpeg,jpeg,jpeg,0,4,1,0,0,negative_same_type
PAIR_NEG_001315,FRAG_000486,FRAG_001372,FRAG_000486.bin,FRAG_001372.bin,sample_pdf_012.pdf,sample_zip_001.zip,pdf,zip,3,2,0,0,0,negative_diff_type
PAIR_POS_001451,FRAG_001569,FRAG_001570,FRAG_001569.bin,FRAG_001570.bin,sample_zip_019.zip,sample_zip_019.zip,zip,zip,1,2,0,0,1,consecutive_neighbor
PAIR_POS_000250,FRAG_000276,FRAG_000277,FRAG_000276.bin,FRAG_000277.bin,sample_pdf_002.pdf,sample_pdf_002.pdf,pdf,pdf,17,18,0,0,1,consecutive_neighbor
PAIR_POS_001307,FRAG_001412,FRAG_001413,FRAG_001412.bin,FRAG_001413.bin,sample_zip_006.zip,sample_zip_006.zip,zip,zip,2,3,0,0,1,consecutive_neighbor
PAIR_NEG_001469,FRAG_001397,FRAG_000763,FRAG_001397.bin,FRAG_000763.bin,sample_zip_004.zip,sample_pdf_024.pdf,zip,pdf,2,8,0,0,0,negative_diff_type
PAIR_POS_000445,FRAG_000480,FRAG_000481,FRAG_000480.bin,FRAG_000481.bin,sample_pdf_011.pdf,sample_pdf_011.pdf,pdf,pdf,27,28,0,0,1,consecutive_neighbor
PAIR_NEG_000521,FRAG_001407,FRAG_001528,FRAG_001407.bin,FRAG_001528.bin,sample_zip_005.zip,sample_zip_015.zip,zip,zip,6,8,0,0,0,negative_same_type
PAIR_POS_001217,FRAG_001311,FRAG_001312,FRAG_001311.bin,FRAG_001312.bin,sample_text_020.txt,sample_text_020.txt,text,text,9,10,0,0,1,consecutive_neighbor
PAIR_POS_000117,FRAG_000131,FRAG_000132,FRAG_000131.bin,FRAG_000132.bin,sample_jpeg_015.jpeg,sample_jpeg_015.jpeg,jpeg,jpeg,6,7,0,0,1,consecutive_neighbor
PAIR_NEG_000555,FRAG_001437,FRAG_001562,FRAG_001437.bin,FRAG_001562.bin,sample_zip_008.zip,sample_zip_018.zip,zip,zip,5,4,0,0,0,negative_same_type
PAIR_NEG_001494,FRAG_001598,FRAG_001065,FRAG_001598.bin,FRAG_001065.bin,sample_zip_021.zip,sample_text_003.log,zip,text,9,6,0,0,0,negative_diff_type
PAIR_POS_000049,FRAG_000055,FRAG_000056,FRAG_000055.bin,FRAG_000056.bin,sample_jpeg_007.jpg,sample_jpeg_007.jpg,jpeg,jpeg,2,3,0,0,1,consecutive_neighbor
PAIR_POS_000070,FRAG_000079,FRAG_000080,FRAG_000079.bin,FRAG_000080.bin,sample_jpeg_010.jpg,sample_jpeg_010.jpg,jpeg,jpeg,1,2,0,0,1,consecutive_neighbor
PAIR_POS_000396,FRAG_000429,FRAG_000430,FRAG_000429.bin,FRAG_000430.bin,sample_pdf_009.pdf,sample_pdf_009.pdf,pdf,pdf,19,20,0,0,1,consecutive_neighbor
PAIR_NEG_001328,FRAG_001222,FRAG_000066,FRAG_001222.bin,FRAG_000066.bin,sample_text_015.json,sample_jpeg_008.jpeg,text,jpeg,17,7,0,0,0,negative_diff_type
PAIR_NEG_000520,FRAG_001398,FRAG_001550,FRAG_001398.bin,FRAG_001550.bin,sample_zip_004.zip,sample_zip_017.zip,zip,zip,3,6,0,0,0,negative_same_type
PAIR_POS_001486,FRAG_001607,FRAG_001608,FRAG_001607.bin,FRAG_001608.bin,sample_zip_022.zip,sample_zip_022.zip,zip,zip,4,5,0,0,1,consecutive_neighbor
PAIR_POS_000450,FRAG_000486,FRAG_000487,FRAG_000486.bin,FRAG_000487.bin,sample_pdf_012.pdf,sample_pdf_012.pdf,pdf,pdf,3,4,0,0,1,consecutive_neighbor
PAIR_NEG_000427,FRAG_000246,FRAG_000276,FRAG_000246.bin,FRAG_000276.bin,sample_pdf_001.pdf,sample_pdf_002.pdf,pdf,pdf,21,17,0,0,0,negative_same_type
PAIR_NEG_001032,FRAG_000031,FRAG_000924,FRAG_000031.bin,FRAG_000924.bin,sample_jpeg_003.jpg,sample_png_015.png,jpeg,png,5,2,0,0,0,negative_diff_type
PAIR_NEG_000352,FRAG_000732,FRAG_000262,FRAG_000732.bin,FRAG_000262.bin,sample_pdf_022.pdf,sample_pdf_002.pdf,pdf,pdf,12,3,0,0,0,negative_same_type
PAIR_POS_000213,FRAG_000238,FRAG_000239,FRAG_000238.bin,FRAG_000239.bin,sample_pdf_001.pdf,sample_pdf_001.pdf,pdf,pdf,13,14,0,0,1,consecutive_neighbor
PAIR_NEG_001042,FRAG_000001,FRAG_000990,FRAG_000001.bin,FRAG_000990.bin,sample_jpeg_001.jpeg,sample_png_022.png,jpeg,png,0,2,1,0,0,negative_diff_type
PAIR_NEG_000891,FRAG_001001,FRAG_001193,FRAG_001001.bin,FRAG_001193.bin,sample_png_023.png,sample_text_013.csv,png,text,5,5,0,0,0,negative_diff_type
PAIR_POS_000843,FRAG_000905,FRAG_000906,FRAG_000905.bin,FRAG_000906.bin,sample_png_013.png,sample_png_013.png,png,png,2,3,0,0,1,consecutive_neighbor
PAIR_NEG_001086,FRAG_001324,FRAG_000855,FRAG_001324.bin,FRAG_000855.bin,sample_text_021.csv,sample_png_008.png,text,png,6,0,0,0,0,negative_diff_type
PAIR_POS_000140,FRAG_000156,FRAG_000157,FRAG_000156.bin,FRAG_000157.bin,sample_jpeg_017.jpg,sample_jpeg_017.jpg,jpeg,jpeg,8,9,0,0,1,consecutive_neighbor
PAIR_POS_000018,FRAG_000019,FRAG_000020,FRAG_000019.bin,FRAG_000020.bin,sample_jpeg_002.jpeg,sample_jpeg_002.jpeg,jpeg,jpeg,5,6,0,0,1,consecutive_neighbor
PAIR_POS_001378,FRAG_001490,FRAG_001491,FRAG_001490.bin,FRAG_001491.bin,sample_zip_013.zip,sample_zip_013.zip,zip,zip,0,1,1,0,1,consecutive_neighbor
PAIR_POS_000022,FRAG_000023,FRAG_000024,FRAG_000023.bin,FRAG_000024.bin,sample_jpeg_002.jpeg,sample_jpeg_002.jpeg,jpeg,jpeg,9,10,0,0,1,consecutive_neighbor
PAIR_NEG_000867,FRAG_000821,FRAG_000112,FRAG_000821.bin,FRAG_000112.bin,sample_png_004.png,sample_jpeg_013.jpeg,png,jpeg,6,0,0,0,0,negative_diff_type
PAIR_POS_000642,FRAG_000686,FRAG_000687,FRAG_000686.bin,FRAG_000687.bin,sample_pdf_020.pdf,sample_pdf_020.pdf,pdf,pdf,13,14,0,0,1,consecutive_neighbor
PAIR_NEG_000232,FRAG_000342,FRAG_000392,FRAG_000342.bin,FRAG_000392.bin,sample_pdf_005.pdf,sample_pdf_008.pdf,pdf,pdf,28,2,0,0,0,negative_same_type
PAIR_NEG_000489,FRAG_001619,FRAG_001527,FRAG_001619.bin,FRAG_001527.bin,sample_zip_024.zip,sample_zip_015.zip,zip,zip,2,7,0,0,0,negative_same_type
PAIR_POS_001388,FRAG_001500,FRAG_001501,FRAG_001500.bin,FRAG_001501.bin,sample_zip_013.zip,sample_zip_013.zip,zip,zip,10,11,0,0,1,consecutive_neighbor
PAIR_POS_000692,FRAG_000738,FRAG_000739,FRAG_000738.bin,FRAG_000739.bin,sample_pdf_022.pdf,sample_pdf_022.pdf,pdf,pdf,18,19,0,0,1,consecutive_neighbor
PAIR_NEG_001484,FRAG_001347,FRAG_000754,FRAG_001347.bin,FRAG_000754.bin,sample_text_024.txt,sample_pdf_023.pdf,text,pdf,6,12,0,1,0,negative_diff_type
PAIR_POS_000400,FRAG_000433,FRAG_000434,FRAG_000433.bin,FRAG_000434.bin,sample_pdf_009.pdf,sample_pdf_009.pdf,pdf,pdf,23,24,0,0,1,consecutive_neighbor
PAIR_NEG_000792,FRAG_000271,FRAG_000109,FRAG_000271.bin,FRAG_000109.bin,sample_pdf_002.pdf,sample_jpeg_012.jpg,pdf,jpeg,12,10,0,0,0,negative_diff_type
PAIR_NEG_001316,FRAG_000977,FRAG_001104,FRAG_000977.bin,FRAG_001104.bin,sample_png_021.png,sample_text_007.csv,png,text,3,6,0,0,0,negative_diff_type
PAIR_NEG_000078,FRAG_001612,FRAG_001494,FRAG_001612.bin,FRAG_001494.bin,sample_zip_023.zip,sample_zip_013.zip,zip,zip,2,4,0,0,0,negative_same_type
PAIR_POS_000496,FRAG_000534,FRAG_000535,FRAG_000534.bin,FRAG_000535.bin,sample_pdf_014.pdf,sample_pdf_014.pdf,pdf,pdf,7,8,0,0,1,consecutive_neighbor
PAIR_NEG_000148,FRAG_000633,FRAG_000561,FRAG_000633.bin,FRAG_000561.bin,sample_pdf_019.pdf,sample_pdf_016.pdf,pdf,pdf,0,0,1,0,0,negative_same_type
PAIR_NEG_001162,FRAG_000867,FRAG_001621,FRAG_000867.bin,FRAG_001621.bin,sample_png_008.png,sample_zip_024.zip,png,zip,12,4,0,0,0,negative_diff_type
PAIR_NEG_000402,FRAG_000819,FRAG_000998,FRAG_000819.bin,FRAG_000998.bin,sample_png_004.png,sample_png_023.png,png,png,4,2,0,0,0,negative_same_type
PAIR_POS_000802,FRAG_000859,FRAG_000860,FRAG_000859.bin,FRAG_000860.bin,sample_png_008.png,sample_png_008.png,png,png,4,5,0,0,1,consecutive_neighbor
PAIR_POS_001197,FRAG_001290,FRAG_001291,FRAG_001290.bin,FRAG_001291.bin,sample_text_019.txt,sample_text_019.txt,text,text,3,4,0,0,1,consecutive_neighbor
PAIR_NEG_000570,FRAG_000911,FRAG_000927,FRAG_000911.bin,FRAG_000927.bin,sample_png_014.png,sample_png_016.png,png,png,0,0,1,0,0,negative_same_type
PAIR_POS_000523,FRAG_000563,FRAG_000564,FRAG_000563.bin,FRAG_000564.bin,sample_pdf_016.pdf,sample_pdf_016.pdf,pdf,pdf,2,3,0,0,1,consecutive_neighbor
PAIR_NEG_001337,FRAG_000046,FRAG_001498,FRAG_000046.bin,FRAG_001498.bin,sample_jpeg_005.jpg,sample_zip_013.zip,jpeg,zip,4,8,0,0,0,negative_diff_type
PAIR_POS_000547,FRAG_000588,FRAG_000589,FRAG_000588.bin,FRAG_000589.bin,sample_pdf_017.pdf,sample_pdf_017.pdf,pdf,pdf,5,6,0,0,1,consecutive_neighbor
PAIR_NEG_000886,FRAG_000112,FRAG_000507,FRAG_000112.bin,FRAG_000507.bin,sample_jpeg_013.jpeg,sample_pdf_012.pdf,jpeg,pdf,0,24,1,0,0,negative_diff_type
PAIR_POS_000687,FRAG_000733,FRAG_000734,FRAG_000733.bin,FRAG_000734.bin,sample_pdf_022.pdf,sample_pdf_022.pdf,pdf,pdf,13,14,0,0,1,consecutive_neighbor
PAIR_NEG_001478,FRAG_001239,FRAG_000606,FRAG_001239.bin,FRAG_000606.bin,sample_text_016.json,sample_pdf_018.pdf,text,pdf,1,3,0,0,0,negative_diff_type
PAIR_POS_001336,FRAG_001444,FRAG_001445,FRAG_001444.bin,FRAG_001445.bin,sample_zip_009.zip,sample_zip_009.zip,zip,zip,0,1,1,0,1,consecutive_neighbor
PAIR_POS_001251,FRAG_001349,FRAG_001350,FRAG_001349.bin,FRAG_001350.bin,sample_text_024.txt,sample_text_024.txt,text,text,8,9,0,0,1,consecutive_neighbor
PAIR_NEG_000282,FRAG_001397,FRAG_001447,FRAG_001397.bin,FRAG_001447.bin,sample_zip_004.zip,sample_zip_009.zip,zip,zip,2,3,0,0,0,negative_same_type
PAIR_POS_000725,FRAG_000774,FRAG_000775,FRAG_000774.bin,FRAG_000775.bin,sample_pdf_025.pdf,sample_pdf_025.pdf,pdf,pdf,6,7,0,0,1,consecutive_neighbor
PAIR_NEG_001364,FRAG_000671,FRAG_001511,FRAG_000671.bin,FRAG_001511.bin,sample_pdf_019.pdf,sample_zip_014.zip,pdf,zip,38,8,0,0,0,negative_diff_type
PAIR_NEG_000326,FRAG_001345,FRAG_001251,FRAG_001345.bin,FRAG_001251.bin,sample_text_024.txt,sample_text_016.json,text,text,4,13,0,0,0,negative_same_type
PAIR_NEG_000361,FRAG_001564,FRAG_001532,FRAG_001564.bin,FRAG_001532.bin,sample_zip_018.zip,sample_zip_016.zip,zip,zip,6,2,0,0,0,negative_same_type
PAIR_POS_000085,FRAG_000095,FRAG_000096,FRAG_000095.bin,FRAG_000096.bin,sample_jpeg_011.jpeg,sample_jpeg_011.jpeg,jpeg,jpeg,3,4,0,0,1,consecutive_neighbor
PAIR_NEG_001498,FRAG_000458,FRAG_000876,FRAG_000458.bin,FRAG_000876.bin,sample_pdf_011.pdf,sample_png_009.png,pdf,png,5,7,0,0,0,negative_diff_type
PAIR_NEG_001497,FRAG_001406,FRAG_001065,FRAG_001406.bin,FRAG_001065.bin,sample_zip_005.zip,sample_text_003.log,zip,text,5,6,0,0,0,negative_diff_type
PAIR_POS_000647,FRAG_000691,FRAG_000692,FRAG_000691.bin,FRAG_000692.bin,sample_pdf_020.pdf,sample_pdf_020.pdf,pdf,pdf,18,19,0,0,1,consecutive_neighbor
PAIR_NEG_001443,FRAG_001290,FRAG_000240,FRAG_001290.bin,FRAG_000240.bin,sample_text_019.txt,sample_pdf_001.pdf,text,pdf,3,15,0,0,0,negative_diff_type
PAIR_POS_000783,FRAG_000838,FRAG_000839,FRAG_000838.bin,FRAG_000839.bin,sample_png_006.png,sample_png_006.png,png,png,3,4,0,0,1,consecutive_neighbor
PAIR_POS_000920,FRAG_000991,FRAG_000992,FRAG_000991.bin,FRAG_000992.bin,sample_png_022.png,sample_png_022.png,png,png,3,4,0,0,1,consecutive_neighbor
PAIR_POS_000592,FRAG_000635,FRAG_000636,FRAG_000635.bin,FRAG_000636.bin,sample_pdf_019.pdf,sample_pdf_019.pdf,pdf,pdf,2,3,0,0,1,consecutive_neighbor
PAIR_POS_000025,FRAG_000027,FRAG_000028,FRAG_000027.bin,FRAG_000028.bin,sample_jpeg_003.jpg,sample_jpeg_003.jpg,jpeg,jpeg,1,2,0,0,1,consecutive_neighbor
PAIR_NEG_000310,FRAG_001380,FRAG_001507,FRAG_001380.bin,FRAG_001507.bin,sample_zip_002.zip,sample_zip_014.zip,zip,zip,0,4,1,0,0,negative_same_type
PAIR_POS_001087,FRAG_001172,FRAG_001173,FRAG_001172.bin,FRAG_001173.bin,sample_text_011.json,sample_text_011.json,text,text,25,26,0,1,1,consecutive_neighbor
PAIR_NEG_001043,FRAG_001078,FRAG_000848,FRAG_001078.bin,FRAG_000848.bin,sample_text_004.json,sample_png_007.png,text,png,11,2,0,0,0,negative_diff_type
PAIR_POS_000538,FRAG_000578,FRAG_000579,FRAG_000578.bin,FRAG_000579.bin,sample_pdf_016.pdf,sample_pdf_016.pdf,pdf,pdf,17,18,0,0,1,consecutive_neighbor
PAIR_POS_000972,FRAG_001048,FRAG_001049,FRAG_001048.bin,FRAG_001049.bin,sample_text_002.txt,sample_text_002.txt,text,text,5,6,0,0,1,consecutive_neighbor
PAIR_NEG_000324,FRAG_000049,FRAG_000133,FRAG_000049.bin,FRAG_000133.bin,sample_jpeg_006.jpg,sample_jpeg_015.jpeg,jpeg,jpeg,1,8,0,0,0,negative_same_type
PAIR_POS_001446,FRAG_001563,FRAG_001564,FRAG_001563.bin,FRAG_001564.bin,sample_zip_018.zip,sample_zip_018.zip,zip,zip,5,6,0,0,1,consecutive_neighbor
PAIR_NEG_000911,FRAG_001598,FRAG_000608,FRAG_001598.bin,FRAG_000608.bin,sample_zip_021.zip,sample_pdf_018.pdf,zip,pdf,9,5,0,0,0,negative_diff_type
PAIR_NEG_000801,FRAG_001297,FRAG_001564,FRAG_001297.bin,FRAG_001564.bin,sample_text_019.txt,sample_zip_018.zip,text,zip,10,6,0,0,0,negative_diff_type
PAIR_NEG_000600,FRAG_000089,FRAG_000062,FRAG_000089.bin,FRAG_000062.bin,sample_jpeg_010.jpg,sample_jpeg_008.jpeg,jpeg,jpeg,11,3,0,0,0,negative_same_type
PAIR_NEG_001330,FRAG_000920,FRAG_001047,FRAG_000920.bin,FRAG_001047.bin,sample_png_014.png,sample_text_002.txt,png,text,9,4,0,0,0,negative_diff_type
PAIR_NEG_000029,FRAG_000959,FRAG_000972,FRAG_000959.bin,FRAG_000972.bin,sample_png_019.png,sample_png_020.png,png,png,2,3,0,0,0,negative_same_type
PAIR_NEG_000017,FRAG_000142,FRAG_000076,FRAG_000142.bin,FRAG_000076.bin,sample_jpeg_016.jpeg,sample_jpeg_009.jpeg,jpeg,jpeg,2,6,0,0,0,negative_same_type
PAIR_NEG_001186,FRAG_000534,FRAG_001291,FRAG_000534.bin,FRAG_001291.bin,sample_pdf_014.pdf,sample_text_019.txt,pdf,text,7,4,0,0,0,negative_diff_type
PAIR_NEG_001403,FRAG_000645,FRAG_001443,FRAG_000645.bin,FRAG_001443.bin,sample_pdf_019.pdf,sample_zip_008.zip,pdf,zip,12,11,0,1,0,negative_diff_type
PAIR_POS_000976,FRAG_001052,FRAG_001053,FRAG_001052.bin,FRAG_001053.bin,sample_text_002.txt,sample_text_002.txt,text,text,9,10,0,0,1,consecutive_neighbor
PAIR_POS_000817,FRAG_000875,FRAG_000876,FRAG_000875.bin,FRAG_000876.bin,sample_png_009.png,sample_png_009.png,png,png,6,7,0,0,1,consecutive_neighbor
PAIR_POS_000951,FRAG_001026,FRAG_001027,FRAG_001026.bin,FRAG_001027.bin,sample_text_001.json,sample_text_001.json,text,text,1,2,0,0,1,consecutive_neighbor
PAIR_NEG_000152,FRAG_000030,FRAG_000067,FRAG_000030.bin,FRAG_000067.bin,sample_jpeg_003.jpg,sample_jpeg_008.jpeg,jpeg,jpeg,4,8,0,0,0,negative_same_type
PAIR_NEG_000861,FRAG_000176,FRAG_001513,FRAG_000176.bin,FRAG_001513.bin,sample_jpeg_019.jpg,sample_zip_014.zip,jpeg,zip,6,10,0,0,0,negative_diff_type
PAIR_POS_000238,FRAG_000264,FRAG_000265,FRAG_000264.bin,FRAG_000265.bin,sample_pdf_002.pdf,sample_pdf_002.pdf,pdf,pdf,5,6,0,0,1,consecutive_neighbor
PAIR_NEG_000473,FRAG_001383,FRAG_001506,FRAG_001383.bin,FRAG_001506.bin,sample_zip_002.zip,sample_zip_014.zip,zip,zip,3,3,0,0,0,negative_same_type
PAIR_NEG_001182,FRAG_000122,FRAG_001437,FRAG_000122.bin,FRAG_001437.bin,sample_jpeg_014.jpeg,sample_zip_008.zip,jpeg,zip,1,5,0,0,0,negative_diff_type
PAIR_NEG_000241,FRAG_000799,FRAG_001013,FRAG_000799.bin,FRAG_001013.bin,sample_png_001.png,sample_png_025.png,png,png,3,2,0,0,0,negative_same_type
PAIR_POS_000112,FRAG_000126,FRAG_000127,FRAG_000126.bin,FRAG_000127.bin,sample_jpeg_015.jpeg,sample_jpeg_015.jpeg,jpeg,jpeg,1,2,0,0,1,consecutive_neighbor
PAIR_POS_000707,FRAG_000755,FRAG_000756,FRAG_000755.bin,FRAG_000756.bin,sample_pdf_024.pdf,sample_pdf_024.pdf,pdf,pdf,0,1,1,0,1,consecutive_neighbor
PAIR_NEG_001496,FRAG_000570,FRAG_001585,FRAG_000570.bin,FRAG_001585.bin,sample_pdf_016.pdf,sample_zip_020.zip,pdf,zip,9,9,0,0,0,negative_diff_type
PAIR_NEG_001446,FRAG_000951,FRAG_000424,FRAG_000951.bin,FRAG_000424.bin,sample_png_018.png,sample_pdf_009.pdf,png,pdf,6,14,0,0,0,negative_diff_type
PAIR_POS_000432,FRAG_000467,FRAG_000468,FRAG_000467.bin,FRAG_000468.bin,sample_pdf_011.pdf,sample_pdf_011.pdf,pdf,pdf,14,15,0,0,1,consecutive_neighbor
PAIR_POS_000343,FRAG_000374,FRAG_000375,FRAG_000374.bin,FRAG_000375.bin,sample_pdf_007.pdf,sample_pdf_007.pdf,pdf,pdf,4,5,0,0,1,consecutive_neighbor
PAIR_NEG_000872,FRAG_001413,FRAG_001341,FRAG_001413.bin,FRAG_001341.bin,sample_zip_006.zip,sample_text_024.txt,zip,text,3,0,0,0,0,negative_diff_type
PAIR_NEG_000763,FRAG_000073,FRAG_000912,FRAG_000073.bin,FRAG_000912.bin,sample_jpeg_009.jpeg,sample_png_014.png,jpeg,png,3,1,0,0,0,negative_diff_type
PAIR_POS_000902,FRAG_000971,FRAG_000972,FRAG_000971.bin,FRAG_000972.bin,sample_png_020.png,sample_png_020.png,png,png,2,3,0,0,1,consecutive_neighbor
PAIR_NEG_000764,FRAG_001438,FRAG_001283,FRAG_001438.bin,FRAG_001283.bin,sample_zip_008.zip,sample_text_018.csv,zip,text,6,6,0,0,0,negative_diff_type
PAIR_POS_000488,FRAG_000525,FRAG_000526,FRAG_000525.bin,FRAG_000526.bin,sample_pdf_013.pdf,sample_pdf_013.pdf,pdf,pdf,7,8,0,1,1,consecutive_neighbor
PAIR_NEG_001229,FRAG_000013,FRAG_001429,FRAG_000013.bin,FRAG_001429.bin,sample_jpeg_001.jpeg,sample_zip_007.zip,jpeg,zip,12,5,0,0,0,negative_diff_type
PAIR_NEG_000066,FRAG_001368,FRAG_001357,FRAG_001368.bin,FRAG_001357.bin,sample_text_025.log,sample_text_024.txt,text,text,10,16,0,1,0,negative_same_type
PAIR_POS_000846,FRAG_000908,FRAG_000909,FRAG_000908.bin,FRAG_000909.bin,sample_png_013.png,sample_png_013.png,png,png,5,6,0,0,1,consecutive_neighbor
PAIR_NEG_000030,FRAG_001482,FRAG_001536,FRAG_001482.bin,FRAG_001536.bin,sample_zip_012.zip,sample_zip_016.zip,zip,zip,0,6,1,0,0,negative_same_type
PAIR_POS_001016,FRAG_001096,FRAG_001097,FRAG_001096.bin,FRAG_001097.bin,sample_text_006.log,sample_text_006.log,text,text,6,7,0,1,1,consecutive_neighbor
PAIR_NEG_001054,FRAG_000035,FRAG_000336,FRAG_000035.bin,FRAG_000336.bin,sample_jpeg_004.jpeg,sample_pdf_005.pdf,jpeg,pdf,1,22,0,0,0,negative_diff_type
PAIR_POS_001220,FRAG_001314,FRAG_001315,FRAG_001314.bin,FRAG_001315.bin,sample_text_020.txt,sample_text_020.txt,text,text,12,13,0,0,1,consecutive_neighbor
PAIR_POS_000298,FRAG_000327,FRAG_000328,FRAG_000327.bin,FRAG_000328.bin,sample_pdf_005.pdf,sample_pdf_005.pdf,pdf,pdf,13,14,0,0,1,consecutive_neighbor
PAIR_NEG_001332,FRAG_000043,FRAG_001373,FRAG_000043.bin,FRAG_001373.bin,sample_jpeg_005.jpg,sample_zip_001.zip,jpeg,zip,1,3,0,0,0,negative_diff_type
PAIR_POS_000703,FRAG_000750,FRAG_000751,FRAG_000750.bin,FRAG_000751.bin,sample_pdf_023.pdf,sample_pdf_023.pdf,pdf,pdf,8,9,0,0,1,consecutive_neighbor
PAIR_POS_000068,FRAG_000076,FRAG_000077,FRAG_000076.bin,FRAG_000077.bin,sample_jpeg_009.jpeg,sample_jpeg_009.jpeg,jpeg,jpeg,6,7,0,1,1,consecutive_neighbor
PAIR_POS_001081,FRAG_001166,FRAG_001167,FRAG_001166.bin,FRAG_001167.bin,sample_text_011.json,sample_text_011.json,text,text,19,20,0,0,1,consecutive_neighbor
PAIR_NEG_000786,FRAG_001130,FRAG_000184,FRAG_001130.bin,FRAG_000184.bin,sample_text_009.txt,sample_jpeg_020.jpg,text,jpeg,2,2,0,0,0,negative_diff_type
PAIR_POS_000994,FRAG_001072,FRAG_001073,FRAG_001072.bin,FRAG_001073.bin,sample_text_004.json,sample_text_004.json,text,text,5,6,0,0,1,consecutive_neighbor
PAIR_NEG_000377,FRAG_000969,FRAG_000935,FRAG_000969.bin,FRAG_000935.bin,sample_png_020.png,sample_png_016.png,png,png,0,8,1,0,0,negative_same_type
PAIR_POS_001436,FRAG_001552,FRAG_001553,FRAG_001552.bin,FRAG_001553.bin,sample_zip_017.zip,sample_zip_017.zip,zip,zip,8,9,0,0,1,consecutive_neighbor
PAIR_NEG_000091,FRAG_001377,FRAG_001417,FRAG_001377.bin,FRAG_001417.bin,sample_zip_001.zip,sample_zip_006.zip,zip,zip,7,7,0,0,0,negative_same_type
PAIR_POS_000536,FRAG_000576,FRAG_000577,FRAG_000576.bin,FRAG_000577.bin,sample_pdf_016.pdf,sample_pdf_016.pdf,pdf,pdf,15,16,0,0,1,consecutive_neighbor
PAIR_NEG_000674,FRAG_000912,FRAG_000814,FRAG_000912.bin,FRAG_000814.bin,sample_png_014.png,sample_png_003.png,png,png,1,5,0,1,0,negative_same_type
PAIR_NEG_000716,FRAG_001620,FRAG_001523,FRAG_001620.bin,FRAG_001523.bin,sample_zip_024.zip,sample_zip_015.zip,zip,zip,3,3,0,0,0,negative_same_type
PAIR_POS_000915,FRAG_000985,FRAG_000986,FRAG_000985.bin,FRAG_000986.bin,sample_png_021.png,sample_png_021.png,png,png,11,12,0,0,1,consecutive_neighbor
PAIR_POS_001350,FRAG_001459,FRAG_001460,FRAG_001459.bin,FRAG_001460.bin,sample_zip_010.zip,sample_zip_010.zip,zip,zip,4,5,0,0,1,consecutive_neighbor
PAIR_POS_000310,FRAG_000339,FRAG_000340,FRAG_000339.bin,FRAG_000340.bin,sample_pdf_005.pdf,sample_pdf_005.pdf,pdf,pdf,25,26,0,0,1,consecutive_neighbor
PAIR_NEG_000002,FRAG_000858,FRAG_000853,FRAG_000858.bin,FRAG_000853.bin,sample_png_008.png,sample_png_007.png,png,png,3,7,0,0,0,negative_same_type
PAIR_NEG_001272,FRAG_000212,FRAG_001416,FRAG_000212.bin,FRAG_001416.bin,sample_jpeg_024.jpeg,sample_zip_006.zip,jpeg,zip,7,6,0,0,0,negative_diff_type
PAIR_POS_000358,FRAG_000390,FRAG_000391,FRAG_000390.bin,FRAG_000391.bin,sample_pdf_008.pdf,sample_pdf_008.pdf,pdf,pdf,0,1,1,0,1,consecutive_neighbor
PAIR_NEG_001303,FRAG_000527,FRAG_000053,FRAG_000527.bin,FRAG_000053.bin,sample_pdf_014.pdf,sample_jpeg_007.jpg,pdf,jpeg,0,0,1,0,0,negative_diff_type
PAIR_POS_000229,FRAG_000254,FRAG_000255,FRAG_000254.bin,FRAG_000255.bin,sample_pdf_001.pdf,sample_pdf_001.pdf,pdf,pdf,29,30,0,0,1,consecutive_neighbor
PAIR_NEG_000902,FRAG_000382,FRAG_000979,FRAG_000382.bin,FRAG_000979.bin,sample_pdf_007.pdf,sample_png_021.png,pdf,png,12,5,0,0,0,negative_diff_type
PAIR_NEG_001463,FRAG_000480,FRAG_001552,FRAG_000480.bin,FRAG_001552.bin,sample_pdf_011.pdf,sample_zip_017.zip,pdf,zip,27,8,0,0,0,negative_diff_type
PAIR_POS_000527,FRAG_000567,FRAG_000568,FRAG_000567.bin,FRAG_000568.bin,sample_pdf_016.pdf,sample_pdf_016.pdf,pdf,pdf,6,7,0,0,1,consecutive_neighbor
PAIR_NEG_000843,FRAG_000196,FRAG_001373,FRAG_000196.bin,FRAG_001373.bin,sample_jpeg_022.jpg,sample_zip_001.zip,jpeg,zip,3,3,0,0,0,negative_diff_type
PAIR_POS_000576,FRAG_000618,FRAG_000619,FRAG_000618.bin,FRAG_000619.bin,sample_pdf_018.pdf,sample_pdf_018.pdf,pdf,pdf,15,16,0,0,1,consecutive_neighbor
PAIR_NEG_000745,FRAG_000978,FRAG_000816,FRAG_000978.bin,FRAG_000816.bin,sample_png_021.png,sample_png_004.png,png,png,4,1,0,0,0,negative_same_type
PAIR_NEG_001131,FRAG_001472,FRAG_001074,FRAG_001472.bin,FRAG_001074.bin,sample_zip_011.zip,sample_text_004.json,zip,text,9,7,0,0,0,negative_diff_type
PAIR_POS_000517,FRAG_000556,FRAG_000557,FRAG_000556.bin,FRAG_000557.bin,sample_pdf_015.pdf,sample_pdf_015.pdf,pdf,pdf,7,8,0,0,1,consecutive_neighbor
PAIR_POS_000570,FRAG_000612,FRAG_000613,FRAG_000612.bin,FRAG_000613.bin,sample_pdf_018.pdf,sample_pdf_018.pdf,pdf,pdf,9,10,0,0,1,consecutive_neighbor
PAIR_NEG_000094,FRAG_001055,FRAG_001109,FRAG_001055.bin,FRAG_001109.bin,sample_text_002.txt,sample_text_008.json,text,text,12,1,0,0,0,negative_same_type
PAIR_NEG_000816,FRAG_001238,FRAG_000900,FRAG_001238.bin,FRAG_000900.bin,sample_text_016.json,sample_png_012.png,text,png,0,3,1,0,0,negative_diff_type
PAIR_POS_001036,FRAG_001118,FRAG_001119,FRAG_001118.bin,FRAG_001119.bin,sample_text_008.json,sample_text_008.json,text,text,10,11,0,0,1,consecutive_neighbor
PAIR_NEG_001256,FRAG_001117,FRAG_001564,FRAG_001117.bin,FRAG_001564.bin,sample_text_008.json,sample_zip_018.zip,text,zip,9,6,0,0,0,negative_diff_type
PAIR_NEG_001071,FRAG_000564,FRAG_000032,FRAG_000564.bin,FRAG_000032.bin,sample_pdf_016.pdf,sample_jpeg_003.jpg,pdf,jpeg,3,6,0,0,0,negative_diff_type
PAIR_NEG_001024,FRAG_001558,FRAG_000386,FRAG_001558.bin,FRAG_000386.bin,sample_zip_018.zip,sample_pdf_007.pdf,zip,pdf,0,16,1,0,0,negative_diff_type
PAIR_POS_000588,FRAG_000630,FRAG_000631,FRAG_000630.bin,FRAG_000631.bin,sample_pdf_018.pdf,sample_pdf_018.pdf,pdf,pdf,27,28,0,0,1,consecutive_neighbor
PAIR_POS_000056,FRAG_000063,FRAG_000064,FRAG_000063.bin,FRAG_000064.bin,sample_jpeg_008.jpeg,sample_jpeg_008.jpeg,jpeg,jpeg,4,5,0,0,1,consecutive_neighbor
PAIR_NEG_000551,FRAG_000383,FRAG_000304,FRAG_000383.bin,FRAG_000304.bin,sample_pdf_007.pdf,sample_pdf_003.pdf,pdf,pdf,13,24,0,0,0,negative_same_type
PAIR_POS_001511,FRAG_001635,FRAG_001636,FRAG_001635.bin,FRAG_001636.bin,sample_zip_025.zip,sample_zip_025.zip,zip,zip,12,13,0,0,1,consecutive_neighbor
PAIR_NEG_001003,FRAG_000655,FRAG_001212,FRAG_000655.bin,FRAG_001212.bin,sample_pdf_019.pdf,sample_text_015.json,pdf,text,22,7,0,0,0,negative_diff_type
PAIR_POS_001345,FRAG_001453,FRAG_001454,FRAG_001453.bin,FRAG_001454.bin,sample_zip_009.zip,sample_zip_009.zip,zip,zip,9,10,0,1,1,consecutive_neighbor
PAIR_POS_000106,FRAG_000118,FRAG_000119,FRAG_000118.bin,FRAG_000119.bin,sample_jpeg_013.jpeg,sample_jpeg_013.jpeg,jpeg,jpeg,6,7,0,0,1,consecutive_neighbor
PAIR_NEG_001172,FRAG_001209,FRAG_000181,FRAG_001209.bin,FRAG_000181.bin,sample_text_015.json,sample_jpeg_019.jpg,text,jpeg,4,11,0,1,0,negative_diff_type
PAIR_POS_000347,FRAG_000378,FRAG_000379,FRAG_000378.bin,FRAG_000379.bin,sample_pdf_007.pdf,sample_pdf_007.pdf,pdf,pdf,8,9,0,0,1,consecutive_neighbor
PAIR_POS_001185,FRAG_001277,FRAG_001278,FRAG_001277.bin,FRAG_001278.bin,sample_text_018.csv,sample_text_018.csv,text,text,0,1,1,0,1,consecutive_neighbor
PAIR_POS_000970,FRAG_001046,FRAG_001047,FRAG_001046.bin,FRAG_001047.bin,sample_text_002.txt,sample_text_002.txt,text,text,3,4,0,0,1,consecutive_neighbor
PAIR_NEG_000598,FRAG_001216,FRAG_001154,FRAG_001216.bin,FRAG_001154.bin,sample_text_015.json,sample_text_011.json,text,text,11,7,0,0,0,negative_same_type
PAIR_NEG_001139,FRAG_000288,FRAG_000834,FRAG_000288.bin,FRAG_000834.bin,sample_pdf_003.pdf,sample_png_005.png,pdf,png,8,7,0,1,0,negative_diff_type
PAIR_POS_000534,FRAG_000574,FRAG_000575,FRAG_000574.bin,FRAG_000575.bin,sample_pdf_016.pdf,sample_pdf_016.pdf,pdf,pdf,13,14,0,0,1,consecutive_neighbor
PAIR_POS_001155,FRAG_001245,FRAG_001246,FRAG_001245.bin,FRAG_001246.bin,sample_text_016.json,sample_text_016.json,text,text,7,8,0,0,1,consecutive_neighbor
PAIR_NEG_001386,FRAG_000892,FRAG_000612,FRAG_000892.bin,FRAG_000612.bin,sample_png_011.png,sample_pdf_018.pdf,png,pdf,4,9,0,0,0,negative_diff_type
PAIR_POS_001489,FRAG_001611,FRAG_001612,FRAG_001611.bin,FRAG_001612.bin,sample_zip_023.zip,sample_zip_023.zip,zip,zip,1,2,0,0,1,consecutive_neighbor
PAIR_NEG_000866,FRAG_001065,FRAG_000737,FRAG_001065.bin,FRAG_000737.bin,sample_text_003.log,sample_pdf_022.pdf,text,pdf,6,17,0,0,0,negative_diff_type
PAIR_NEG_000023,FRAG_000837,FRAG_000890,FRAG_000837.bin,FRAG_000890.bin,sample_png_006.png,sample_png_011.png,png,png,2,2,0,0,0,negative_same_type
PAIR_NEG_001351,FRAG_000054,FRAG_000987,FRAG_000054.bin,FRAG_000987.bin,sample_jpeg_007.jpg,sample_png_021.png,jpeg,png,1,13,0,1,0,negative_diff_type
PAIR_POS_001424,FRAG_001539,FRAG_001540,FRAG_001539.bin,FRAG_001540.bin,sample_zip_016.zip,sample_zip_016.zip,zip,zip,9,10,0,0,1,consecutive_neighbor
PAIR_POS_000073,FRAG_000082,FRAG_000083,FRAG_000082.bin,FRAG_000083.bin,sample_jpeg_010.jpg,sample_jpeg_010.jpg,jpeg,jpeg,4,5,0,0,1,consecutive_neighbor
PAIR_POS_000344,FRAG_000375,FRAG_000376,FRAG_000375.bin,FRAG_000376.bin,sample_pdf_007.pdf,sample_pdf_007.pdf,pdf,pdf,5,6,0,0,1,consecutive_neighbor
PAIR_NEG_000749,FRAG_000939,FRAG_000974,FRAG_000939.bin,FRAG_000974.bin,sample_png_017.png,sample_png_021.png,png,png,0,0,1,0,0,negative_same_type
PAIR_POS_000604,FRAG_000647,FRAG_000648,FRAG_000647.bin,FRAG_000648.bin,sample_pdf_019.pdf,sample_pdf_019.pdf,pdf,pdf,14,15,0,0,1,consecutive_neighbor
PAIR_NEG_000870,FRAG_000921,FRAG_001141,FRAG_000921.bin,FRAG_001141.bin,sample_png_014.png,sample_text_010.log,png,text,10,2,0,0,0,negative_diff_type
PAIR_POS_000723,FRAG_000772,FRAG_000773,FRAG_000772.bin,FRAG_000773.bin,sample_pdf_025.pdf,sample_pdf_025.pdf,pdf,pdf,4,5,0,0,1,consecutive_neighbor
PAIR_POS_000863,FRAG_000928,FRAG_000929,FRAG_000928.bin,FRAG_000929.bin,sample_png_016.png,sample_png_016.png,png,png,1,2,0,0,1,consecutive_neighbor
PAIR_POS_000679,FRAG_000725,FRAG_000726,FRAG_000725.bin,FRAG_000726.bin,sample_pdf_022.pdf,sample_pdf_022.pdf,pdf,pdf,5,6,0,0,1,consecutive_neighbor
PAIR_POS_001503,FRAG_001627,FRAG_001628,FRAG_001627.bin,FRAG_001628.bin,sample_zip_025.zip,sample_zip_025.zip,zip,zip,4,5,0,0,1,consecutive_neighbor
PAIR_NEG_000638,FRAG_001430,FRAG_001504,FRAG_001430.bin,FRAG_001504.bin,sample_zip_007.zip,sample_zip_014.zip,zip,zip,6,1,0,0,0,negative_same_type
PAIR_NEG_000164,FRAG_000185,FRAG_000077,FRAG_000185.bin,FRAG_000077.bin,sample_jpeg_020.jpg,sample_jpeg_009.jpeg,jpeg,jpeg,3,7,0,1,0,negative_same_type
PAIR_NEG_001173,FRAG_000602,FRAG_001006,FRAG_000602.bin,FRAG_001006.bin,sample_pdf_017.pdf,sample_png_024.png,pdf,png,19,0,0,0,0,negative_diff_type
PAIR_POS_000930,FRAG_001002,FRAG_001003,FRAG_001002.bin,FRAG_001003.bin,sample_png_023.png,sample_png_023.png,png,png,6,7,0,0,1,consecutive_neighbor
PAIR_POS_000961,FRAG_001036,FRAG_001037,FRAG_001036.bin,FRAG_001037.bin,sample_text_001.json,sample_text_001.json,text,text,11,12,0,0,1,consecutive_neighbor
PAIR_POS_000023,FRAG_000024,FRAG_000025,FRAG_000024.bin,FRAG_000025.bin,sample_jpeg_002.jpeg,sample_jpeg_002.jpeg,jpeg,jpeg,10,11,0,1,1,consecutive_neighbor
PAIR_NEG_000083,FRAG_000016,FRAG_000104,FRAG_000016.bin,FRAG_000104.bin,sample_jpeg_002.jpeg,sample_jpeg_012.jpg,jpeg,jpeg,2,5,0,0,0,negative_same_type
PAIR_POS_001096,FRAG_001182,FRAG_001183,FRAG_001182.bin,FRAG_001183.bin,sample_text_012.log,sample_text_012.log,text,text,8,9,0,0,1,consecutive_neighbor
PAIR_POS_000704,FRAG_000751,FRAG_000752,FRAG_000751.bin,FRAG_000752.bin,sample_pdf_023.pdf,sample_pdf_023.pdf,pdf,pdf,9,10,0,0,1,consecutive_neighbor
PAIR_NEG_000294,FRAG_000804,FRAG_000855,FRAG_000804.bin,FRAG_000855.bin,sample_png_002.png,sample_png_008.png,png,png,1,0,0,0,0,negative_same_type
PAIR_NEG_000514,FRAG_000381,FRAG_000302,FRAG_000381.bin,FRAG_000302.bin,sample_pdf_007.pdf,sample_pdf_003.pdf,pdf,pdf,11,22,0,0,0,negative_same_type
PAIR_NEG_000484,FRAG_000070,FRAG_000114,FRAG_000070.bin,FRAG_000114.bin,sample_jpeg_009.jpeg,sample_jpeg_013.jpeg,jpeg,jpeg,0,2,1,0,0,negative_same_type
PAIR_POS_001188,FRAG_001280,FRAG_001281,FRAG_001280.bin,FRAG_001281.bin,sample_text_018.csv,sample_text_018.csv,text,text,3,4,0,0,1,consecutive_neighbor
PAIR_NEG_000123,FRAG_001477,FRAG_001545,FRAG_001477.bin,FRAG_001545.bin,sample_zip_011.zip,sample_zip_017.zip,zip,zip,14,1,0,0,0,negative_same_type
PAIR_POS_001105,FRAG_001192,FRAG_001193,FRAG_001192.bin,FRAG_001193.bin,sample_text_013.csv,sample_text_013.csv,text,text,4,5,0,0,1,consecutive_neighbor
PAIR_NEG_001305,FRAG_001340,FRAG_000223,FRAG_001340.bin,FRAG_000223.bin,sample_text_023.csv,sample_jpeg_025.jpg,text,jpeg,3,9,0,0,0,negative_diff_type
PAIR_NEG_001399,FRAG_000015,FRAG_000395,FRAG_000015.bin,FRAG_000395.bin,sample_jpeg_002.jpeg,sample_pdf_008.pdf,jpeg,pdf,1,5,0,0,0,negative_diff_type
PAIR_NEG_000373,FRAG_001323,FRAG_001098,FRAG_001323.bin,FRAG_001098.bin,sample_text_021.csv,sample_text_007.csv,text,text,5,0,0,0,0,negative_same_type
PAIR_NEG_001083,FRAG_000895,FRAG_001508,FRAG_000895.bin,FRAG_001508.bin,sample_png_011.png,sample_zip_014.zip,png,zip,7,5,0,0,0,negative_diff_type
PAIR_NEG_000983,FRAG_000055,FRAG_001614,FRAG_000055.bin,FRAG_001614.bin,sample_jpeg_007.jpg,sample_zip_023.zip,jpeg,zip,2,4,0,0,0,negative_diff_type
PAIR_NEG_000007,FRAG_001383,FRAG_001471,FRAG_001383.bin,FRAG_001471.bin,sample_zip_002.zip,sample_zip_011.zip,zip,zip,3,8,0,0,0,negative_same_type
PAIR_POS_001292,FRAG_001395,FRAG_001396,FRAG_001395.bin,FRAG_001396.bin,sample_zip_004.zip,sample_zip_004.zip,zip,zip,0,1,1,0,1,consecutive_neighbor
PAIR_NEG_000922,FRAG_001451,FRAG_000563,FRAG_001451.bin,FRAG_000563.bin,sample_zip_009.zip,sample_pdf_016.pdf,zip,pdf,7,2,0,0,0,negative_diff_type
PAIR_POS_000503,FRAG_000541,FRAG_000542,FRAG_000541.bin,FRAG_000542.bin,sample_pdf_014.pdf,sample_pdf_014.pdf,pdf,pdf,14,15,0,0,1,consecutive_neighbor
PAIR_POS_000182,FRAG_000205,FRAG_000206,FRAG_000205.bin,FRAG_000206.bin,sample_jpeg_024.jpeg,sample_jpeg_024.jpeg,jpeg,jpeg,0,1,1,0,1,consecutive_neighbor
PAIR_NEG_000987,FRAG_000297,FRAG_001142,FRAG_000297.bin,FRAG_001142.bin,sample_pdf_003.pdf,sample_text_010.log,pdf,text,17,3,0,0,0,negative_diff_type
PAIR_POS_001072,FRAG_001157,FRAG_001158,FRAG_001157.bin,FRAG_001158.bin,sample_text_011.json,sample_text_011.json,text,text,10,11,0,0,1,consecutive_neighbor
PAIR_NEG_000475,FRAG_000047,FRAG_000223,FRAG_000047.bin,FRAG_000223.bin,sample_jpeg_005.jpg,sample_jpeg_025.jpg,jpeg,jpeg,5,9,0,0,0,negative_same_type
PAIR_POS_001059,FRAG_001143,FRAG_001144,FRAG_001143.bin,FRAG_001144.bin,sample_text_010.log,sample_text_010.log,text,text,4,5,0,0,1,consecutive_neighbor
PAIR_POS_000953,FRAG_001028,FRAG_001029,FRAG_001028.bin,FRAG_001029.bin,sample_text_001.json,sample_text_001.json,text,text,3,4,0,0,1,consecutive_neighbor
PAIR_POS_000573,FRAG_000615,FRAG_000616,FRAG_000615.bin,FRAG_000616.bin,sample_pdf_018.pdf,sample_pdf_018.pdf,pdf,pdf,12,13,0,0,1,consecutive_neighbor
PAIR_NEG_000602,FRAG_000830,FRAG_000807,FRAG_000830.bin,FRAG_000807.bin,sample_png_005.png,sample_png_002.png,png,png,3,4,0,0,0,negative_same_type
PAIR_NEG_000026,FRAG_000156,FRAG_000163,FRAG_000156.bin,FRAG_000163.bin,sample_jpeg_017.jpg,sample_jpeg_018.jpeg,jpeg,jpeg,8,1,0,0,0,negative_same_type
PAIR_NEG_001271,FRAG_000104,FRAG_001581,FRAG_000104.bin,FRAG_001581.bin,sample_jpeg_012.jpg,sample_zip_020.zip,jpeg,zip,5,5,0,0,0,negative_diff_type
PAIR_POS_001498,FRAG_001621,FRAG_001622,FRAG_001621.bin,FRAG_001622.bin,sample_zip_024.zip,sample_zip_024.zip,zip,zip,4,5,0,1,1,consecutive_neighbor
PAIR_POS_001496,FRAG_001619,FRAG_001620,FRAG_001619.bin,FRAG_001620.bin,sample_zip_024.zip,sample_zip_024.zip,zip,zip,2,3,0,0,1,consecutive_neighbor
PAIR_NEG_001213,FRAG_000664,FRAG_001231,FRAG_000664.bin,FRAG_001231.bin,sample_pdf_019.pdf,sample_text_015.json,pdf,text,31,26,0,0,0,negative_diff_type
PAIR_POS_000164,FRAG_000183,FRAG_000184,FRAG_000183.bin,FRAG_000184.bin,sample_jpeg_020.jpg,sample_jpeg_020.jpg,jpeg,jpeg,1,2,0,0,1,consecutive_neighbor
PAIR_POS_001415,FRAG_001530,FRAG_001531,FRAG_001530.bin,FRAG_001531.bin,sample_zip_016.zip,sample_zip_016.zip,zip,zip,0,1,1,0,1,consecutive_neighbor
PAIR_POS_000987,FRAG_001064,FRAG_001065,FRAG_001064.bin,FRAG_001065.bin,sample_text_003.log,sample_text_003.log,text,text,5,6,0,0,1,consecutive_neighbor
PAIR_POS_001189,FRAG_001281,FRAG_001282,FRAG_001281.bin,FRAG_001282.bin,sample_text_018.csv,sample_text_018.csv,text,text,4,5,0,0,1,consecutive_neighbor
PAIR_NEG_000428,FRAG_000858,FRAG_000828,FRAG_000858.bin,FRAG_000828.bin,sample_png_008.png,sample_png_005.png,png,png,3,1,0,0,0,negative_same_type
PAIR_NEG_001214,FRAG_001221,FRAG_001372,FRAG_001221.bin,FRAG_001372.bin,sample_text_015.json,sample_zip_001.zip,text,zip,16,2,0,0,0,negative_diff_type
PAIR_NEG_000828,FRAG_000715,FRAG_000063,FRAG_000715.bin,FRAG_000063.bin,sample_pdf_021.pdf,sample_jpeg_008.jpeg,pdf,jpeg,7,4,0,0,0,negative_diff_type
PAIR_POS_000990,FRAG_001068,FRAG_001069,FRAG_001068.bin,FRAG_001069.bin,sample_text_004.json,sample_text_004.json,text,text,1,2,0,0,1,consecutive_neighbor
PAIR_NEG_000964,FRAG_000990,FRAG_000627,FRAG_000990.bin,FRAG_000627.bin,sample_png_022.png,sample_pdf_018.pdf,png,pdf,2,24,0,0,0,negative_diff_type
PAIR_POS_000078,FRAG_000087,FRAG_000088,FRAG_000087.bin,FRAG_000088.bin,sample_jpeg_010.jpg,sample_jpeg_010.jpg,jpeg,jpeg,9,10,0,0,1,consecutive_neighbor
PAIR_POS_000069,FRAG_000078,FRAG_000079,FRAG_000078.bin,FRAG_000079.bin,sample_jpeg_010.jpg,sample_jpeg_010.jpg,jpeg,jpeg,0,1,1,0,1,consecutive_neighbor
PAIR_POS_000752,FRAG_000803,FRAG_000804,FRAG_000803.bin,FRAG_000804.bin,sample_png_002.png,sample_png_002.png,png,png,0,1,1,0,1,consecutive_neighbor
PAIR_POS_001181,FRAG_001272,FRAG_001273,FRAG_001272.bin,FRAG_001273.bin,sample_text_017.txt,sample_text_017.txt,text,text,6,7,0,0,1,consecutive_neighbor
PAIR_POS_001119,FRAG_001208,FRAG_001209,FRAG_001208.bin,FRAG_001209.bin,sample_text_015.json,sample_text_015.json,text,text,3,4,0,0,1,consecutive_neighbor
PAIR_POS_000842,FRAG_000904,FRAG_000905,FRAG_000904.bin,FRAG_000905.bin,sample_png_013.png,sample_png_013.png,png,png,1,2,0,0,1,consecutive_neighbor
PAIR_NEG_000686,FRAG_001340,FRAG_001239,FRAG_001340.bin,FRAG_001239.bin,sample_text_023.csv,sample_text_016.json,text,text,3,1,0,0,0,negative_same_type
PAIR_POS_001028,FRAG_001110,FRAG_001111,FRAG_001110.bin,FRAG_001111.bin,sample_text_008.json,sample_text_008.json,text,text,2,3,0,0,1,consecutive_neighbor
PAIR_POS_001459,FRAG_001578,FRAG_001579,FRAG_001578.bin,FRAG_001579.bin,sample_zip_020.zip,sample_zip_020.zip,zip,zip,2,3,0,0,1,consecutive_neighbor
PAIR_NEG_000656,FRAG_000828,FRAG_001020,FRAG_000828.bin,FRAG_001020.bin,sample_png_005.png,sample_png_025.png,png,png,1,9,0,0,0,negative_same_type
PAIR_NEG_001014,FRAG_001257,FRAG_000157,FRAG_001257.bin,FRAG_000157.bin,sample_text_016.json,sample_jpeg_017.jpg,text,jpeg,19,9,0,0,0,negative_diff_type
PAIR_POS_001021,FRAG_001102,FRAG_001103,FRAG_001102.bin,FRAG_001103.bin,sample_text_007.csv,sample_text_007.csv,text,text,4,5,0,0,1,consecutive_neighbor
PAIR_NEG_000322,FRAG_001288,FRAG_001025,FRAG_001288.bin,FRAG_001025.bin,sample_text_019.txt,sample_text_001.json,text,text,1,0,0,0,0,negative_same_type
PAIR_POS_000016,FRAG_000017,FRAG_000018,FRAG_000017.bin,FRAG_000018.bin,sample_jpeg_002.jpeg,sample_jpeg_002.jpeg,jpeg,jpeg,3,4,0,0,1,consecutive_neighbor
PAIR_NEG_000587,FRAG_001057,FRAG_001081,FRAG_001057.bin,FRAG_001081.bin,sample_text_002.txt,sample_text_004.json,text,text,14,14,0,0,0,negative_same_type
PAIR_NEG_000969,FRAG_001417,FRAG_000188,FRAG_001417.bin,FRAG_000188.bin,sample_zip_006.zip,sample_jpeg_021.jpg,zip,jpeg,7,1,0,0,0,negative_diff_type
PAIR_POS_000381,FRAG_000414,FRAG_000415,FRAG_000414.bin,FRAG_000415.bin,sample_pdf_009.pdf,sample_pdf_009.pdf,pdf,pdf,4,5,0,0,1,consecutive_neighbor
PAIR_NEG_001345,FRAG_001227,FRAG_001385,FRAG_001227.bin,FRAG_001385.bin,sample_text_015.json,sample_zip_003.zip,text,zip,22,0,0,0,0,negative_diff_type
PAIR_POS_000728,FRAG_000777,FRAG_000778,FRAG_000777.bin,FRAG_000778.bin,sample_pdf_025.pdf,sample_pdf_025.pdf,pdf,pdf,9,10,0,0,1,consecutive_neighbor
PAIR_NEG_000263,FRAG_001546,FRAG_001587,FRAG_001546.bin,FRAG_001587.bin,sample_zip_017.zip,sample_zip_020.zip,zip,zip,2,11,0,0,0,negative_same_type
PAIR_POS_000922,FRAG_000993,FRAG_000994,FRAG_000993.bin,FRAG_000994.bin,sample_png_022.png,sample_png_022.png,png,png,5,6,0,0,1,consecutive_neighbor
PAIR_NEG_001268,FRAG_001065,FRAG_000695,FRAG_001065.bin,FRAG_000695.bin,sample_text_003.log,sample_pdf_020.pdf,text,pdf,6,22,0,0,0,negative_diff_type
PAIR_NEG_001122,FRAG_000785,FRAG_000024,FRAG_000785.bin,FRAG_000024.bin,sample_pdf_025.pdf,sample_jpeg_002.jpeg,pdf,jpeg,17,10,0,0,0,negative_diff_type
PAIR_POS_000869,FRAG_000934,FRAG_000935,FRAG_000934.bin,FRAG_000935.bin,sample_png_016.png,sample_png_016.png,png,png,7,8,0,0,1,consecutive_neighbor
PAIR_POS_001044,FRAG_001126,FRAG_001127,FRAG_001126.bin,FRAG_001127.bin,sample_text_008.json,sample_text_008.json,text,text,18,19,0,1,1,consecutive_neighbor
PAIR_NEG_001490,FRAG_000888,FRAG_001501,FRAG_000888.bin,FRAG_001501.bin,sample_png_011.png,sample_zip_013.zip,png,zip,0,11,1,0,0,negative_diff_type
PAIR_NEG_001056,FRAG_001233,FRAG_000826,FRAG_001233.bin,FRAG_000826.bin,sample_text_015.json,sample_png_004.png,text,png,28,11,0,1,0,negative_diff_type
PAIR_NEG_001397,FRAG_000355,FRAG_000147,FRAG_000355.bin,FRAG_000147.bin,sample_pdf_006.pdf,sample_jpeg_016.jpeg,pdf,jpeg,7,7,0,1,0,negative_diff_type
PAIR_POS_000872,FRAG_000937,FRAG_000938,FRAG_000937.bin,FRAG_000938.bin,sample_png_016.png,sample_png_016.png,png,png,10,11,0,1,1,consecutive_neighbor
PAIR_NEG_000419,FRAG_000804,FRAG_000972,FRAG_000804.bin,FRAG_000972.bin,sample_png_002.png,sample_png_020.png,png,png,1,3,0,0,0,negative_same_type
PAIR_NEG_001283,FRAG_000420,FRAG_001198,FRAG_000420.bin,FRAG_001198.bin,sample_pdf_009.pdf,sample_text_014.txt,pdf,text,10,1,0,0,0,negative_diff_type
PAIR_NEG_000726,FRAG_000244,FRAG_000676,FRAG_000244.bin,FRAG_000676.bin,sample_pdf_001.pdf,sample_pdf_020.pdf,pdf,pdf,19,3,0,0,0,negative_same_type
PAIR_NEG_001356,FRAG_001518,FRAG_000172,FRAG_001518.bin,FRAG_000172.bin,sample_zip_014.zip,sample_jpeg_019.jpg,zip,jpeg,15,2,0,0,0,negative_diff_type
PAIR_POS_000852,FRAG_000915,FRAG_000916,FRAG_000915.bin,FRAG_000916.bin,sample_png_014.png,sample_png_014.png,png,png,4,5,0,0,1,consecutive_neighbor
PAIR_NEG_000139,FRAG_001578,FRAG_001449,FRAG_001578.bin,FRAG_001449.bin,sample_zip_020.zip,sample_zip_009.zip,zip,zip,2,5,0,0,0,negative_same_type
PAIR_POS_001316,FRAG_001421,FRAG_001422,FRAG_001421.bin,FRAG_001422.bin,sample_zip_006.zip,sample_zip_006.zip,zip,zip,11,12,0,0,1,consecutive_neighbor
PAIR_POS_000282,FRAG_000310,FRAG_000311,FRAG_000310.bin,FRAG_000311.bin,sample_pdf_004.pdf,sample_pdf_004.pdf,pdf,pdf,4,5,0,0,1,consecutive_neighbor
PAIR_NEG_000859,FRAG_000931,FRAG_000011,FRAG_000931.bin,FRAG_000011.bin,sample_png_016.png,sample_jpeg_001.jpeg,png,jpeg,4,10,0,0,0,negative_diff_type
PAIR_POS_000279,FRAG_000307,FRAG_000308,FRAG_000307.bin,FRAG_000308.bin,sample_pdf_004.pdf,sample_pdf_004.pdf,pdf,pdf,1,2,0,0,1,consecutive_neighbor
PAIR_POS_000895,FRAG_000963,FRAG_000964,FRAG_000963.bin,FRAG_000964.bin,sample_png_019.png,sample_png_019.png,png,png,6,7,0,0,1,consecutive_neighbor
PAIR_POS_001348,FRAG_001457,FRAG_001458,FRAG_001457.bin,FRAG_001458.bin,sample_zip_010.zip,sample_zip_010.zip,zip,zip,2,3,0,0,1,consecutive_neighbor
PAIR_NEG_000368,FRAG_000887,FRAG_000891,FRAG_000887.bin,FRAG_000891.bin,sample_png_010.png,sample_png_011.png,png,png,6,3,0,0,0,negative_same_type
PAIR_POS_001478,FRAG_001598,FRAG_001599,FRAG_001598.bin,FRAG_001599.bin,sample_zip_021.zip,sample_zip_021.zip,zip,zip,9,10,0,0,1,consecutive_neighbor
PAIR_NEG_000450,FRAG_001536,FRAG_001565,FRAG_001536.bin,FRAG_001565.bin,sample_zip_016.zip,sample_zip_018.zip,zip,zip,6,7,0,0,0,negative_same_type
PAIR_POS_000033,FRAG_000036,FRAG_000037,FRAG_000036.bin,FRAG_000037.bin,sample_jpeg_004.jpeg,sample_jpeg_004.jpeg,jpeg,jpeg,2,3,0,0,1,consecutive_neighbor
PAIR_NEG_000769,FRAG_000662,FRAG_001288,FRAG_000662.bin,FRAG_001288.bin,sample_pdf_019.pdf,sample_text_019.txt,pdf,text,29,1,0,0,0,negative_diff_type
PAIR_NEG_001507,FRAG_000159,FRAG_000835,FRAG_000159.bin,FRAG_000835.bin,sample_jpeg_017.jpg,sample_png_006.png,jpeg,png,11,0,0,0,0,negative_diff_type
PAIR_NEG_000730,FRAG_000756,FRAG_000437,FRAG_000756.bin,FRAG_000437.bin,sample_pdf_024.pdf,sample_pdf_009.pdf,pdf,pdf,1,27,0,0,0,negative_same_type
PAIR_POS_000276,FRAG_000303,FRAG_000304,FRAG_000303.bin,FRAG_000304.bin,sample_pdf_003.pdf,sample_pdf_003.pdf,pdf,pdf,23,24,0,0,1,consecutive_neighbor
PAIR_POS_000258,FRAG_000285,FRAG_000286,FRAG_000285.bin,FRAG_000286.bin,sample_pdf_003.pdf,sample_pdf_003.pdf,pdf,pdf,5,6,0,0,1,consecutive_neighbor
PAIR_NEG_000619,FRAG_001462,FRAG_001520,FRAG_001462.bin,FRAG_001520.bin,sample_zip_010.zip,sample_zip_015.zip,zip,zip,7,0,0,0,0,negative_same_type
PAIR_POS_000591,FRAG_000634,FRAG_000635,FRAG_000634.bin,FRAG_000635.bin,sample_pdf_019.pdf,sample_pdf_019.pdf,pdf,pdf,1,2,0,0,1,consecutive_neighbor
PAIR_POS_000316,FRAG_000345,FRAG_000346,FRAG_000345.bin,FRAG_000346.bin,sample_pdf_005.pdf,sample_pdf_005.pdf,pdf,pdf,31,32,0,0,1,consecutive_neighbor
PAIR_NEG_001211,FRAG_001132,FRAG_000990,FRAG_001132.bin,FRAG_000990.bin,sample_text_009.txt,sample_png_022.png,text,png,4,2,0,0,0,negative_diff_type
PAIR_NEG_000209,FRAG_001482,FRAG_001619,FRAG_001482.bin,FRAG_001619.bin,sample_zip_012.zip,sample_zip_024.zip,zip,zip,0,2,1,0,0,negative_same_type
PAIR_POS_000738,FRAG_000787,FRAG_000788,FRAG_000787.bin,FRAG_000788.bin,sample_pdf_025.pdf,sample_pdf_025.pdf,pdf,pdf,19,20,0,0,1,consecutive_neighbor
PAIR_NEG_000216,FRAG_000022,FRAG_000165,FRAG_000022.bin,FRAG_000165.bin,sample_jpeg_002.jpeg,sample_jpeg_018.jpeg,jpeg,jpeg,8,3,0,0,0,negative_same_type
PAIR_NEG_001381,FRAG_000495,FRAG_000095,FRAG_000495.bin,FRAG_000095.bin,sample_pdf_012.pdf,sample_jpeg_011.jpeg,pdf,jpeg,12,3,0,0,0,negative_diff_type
PAIR_POS_001138,FRAG_001227,FRAG_001228,FRAG_001227.bin,FRAG_001228.bin,sample_text_015.json,sample_text_015.json,text,text,22,23,0,0,1,consecutive_neighbor
PAIR_POS_000386,FRAG_000419,FRAG_000420,FRAG_000419.bin,FRAG_000420.bin,sample_pdf_009.pdf,sample_pdf_009.pdf,pdf,pdf,9,10,0,0,1,consecutive_neighbor
PAIR_NEG_000505,FRAG_000112,FRAG_000217,FRAG_000112.bin,FRAG_000217.bin,sample_jpeg_013.jpeg,sample_jpeg_025.jpg,jpeg,jpeg,0,3,1,0,0,negative_same_type
PAIR_POS_000973,FRAG_001049,FRAG_001050,FRAG_001049.bin,FRAG_001050.bin,sample_text_002.txt,sample_text_002.txt,text,text,6,7,0,0,1,consecutive_neighbor
PAIR_NEG_000594,FRAG_000135,FRAG_000093,FRAG_000135.bin,FRAG_000093.bin,sample_jpeg_015.jpeg,sample_jpeg_011.jpeg,jpeg,jpeg,10,1,0,0,0,negative_same_type
PAIR_NEG_000708,FRAG_001281,FRAG_001045,FRAG_001281.bin,FRAG_001045.bin,sample_text_018.csv,sample_text_002.txt,text,text,4,2,0,0,0,negative_same_type
PAIR_NEG_001210,FRAG_000284,FRAG_000797,FRAG_000284.bin,FRAG_000797.bin,sample_pdf_003.pdf,sample_png_001.png,pdf,png,4,1,0,0,0,negative_diff_type
PAIR_NEG_000541,FRAG_000150,FRAG_000170,FRAG_000150.bin,FRAG_000170.bin,sample_jpeg_017.jpg,sample_jpeg_019.jpg,jpeg,jpeg,2,0,0,0,0,negative_same_type
PAIR_NEG_000618,FRAG_001065,FRAG_001245,FRAG_001065.bin,FRAG_001245.bin,sample_text_003.log,sample_text_016.json,text,text,6,7,0,0,0,negative_same_type
PAIR_POS_000782,FRAG_000837,FRAG_000838,FRAG_000837.bin,FRAG_000838.bin,sample_png_006.png,sample_png_006.png,png,png,2,3,0,0,1,consecutive_neighbor
PAIR_NEG_000356,FRAG_001360,FRAG_001104,FRAG_001360.bin,FRAG_001104.bin,sample_text_025.log,sample_text_007.csv,text,text,2,6,0,0,0,negative_same_type
PAIR_POS_000784,FRAG_000839,FRAG_000840,FRAG_000839.bin,FRAG_000840.bin,sample_png_006.png,sample_png_006.png,png,png,4,5,0,0,1,consecutive_neighbor
PAIR_NEG_000371,FRAG_000404,FRAG_000305,FRAG_000404.bin,FRAG_000305.bin,sample_pdf_008.pdf,sample_pdf_003.pdf,pdf,pdf,14,25,0,1,0,negative_same_type
PAIR_POS_000652,FRAG_000696,FRAG_000697,FRAG_000696.bin,FRAG_000697.bin,sample_pdf_020.pdf,sample_pdf_020.pdf,pdf,pdf,23,24,0,0,1,consecutive_neighbor
PAIR_POS_001281,FRAG_001382,FRAG_001383,FRAG_001382.bin,FRAG_001383.bin,sample_zip_002.zip,sample_zip_002.zip,zip,zip,2,3,0,0,1,consecutive_neighbor
PAIR_POS_000808,FRAG_000865,FRAG_000866,FRAG_000865.bin,FRAG_000866.bin,sample_png_008.png,sample_png_008.png,png,png,10,11,0,0,1,consecutive_neighbor
PAIR_POS_001209,FRAG_001303,FRAG_001304,FRAG_001303.bin,FRAG_001304.bin,sample_text_020.txt,sample_text_020.txt,text,text,1,2,0,0,1,consecutive_neighbor
PAIR_POS_001439,FRAG_001555,FRAG_001556,FRAG_001555.bin,FRAG_001556.bin,sample_zip_017.zip,sample_zip_017.zip,zip,zip,11,12,0,0,1,consecutive_neighbor
PAIR_NEG_001192,FRAG_001399,FRAG_000638,FRAG_001399.bin,FRAG_000638.bin,sample_zip_004.zip,sample_pdf_019.pdf,zip,pdf,4,5,0,0,0,negative_diff_type
PAIR_NEG_001009,FRAG_000072,FRAG_000310,FRAG_000072.bin,FRAG_000310.bin,sample_jpeg_009.jpeg,sample_pdf_004.pdf,jpeg,pdf,2,4,0,0,0,negative_diff_type
PAIR_POS_000064,FRAG_000072,FRAG_000073,FRAG_000072.bin,FRAG_000073.bin,sample_jpeg_009.jpeg,sample_jpeg_009.jpeg,jpeg,jpeg,2,3,0,0,1,consecutive_neighbor
PAIR_NEG_000261,FRAG_001149,FRAG_001181,FRAG_001149.bin,FRAG_001181.bin,sample_text_011.json,sample_text_012.log,text,text,2,7,0,0,0,negative_same_type
PAIR_POS_000578,FRAG_000620,FRAG_000621,FRAG_000620.bin,FRAG_000621.bin,sample_pdf_018.pdf,sample_pdf_018.pdf,pdf,pdf,17,18,0,0,1,consecutive_neighbor
PAIR_NEG_000449,FRAG_000955,FRAG_000958,FRAG_000955.bin,FRAG_000958.bin,sample_png_018.png,sample_png_019.png,png,png,10,1,0,0,0,negative_same_type
PAIR_POS_000225,FRAG_000250,FRAG_000251,FRAG_000250.bin,FRAG_000251.bin,sample_pdf_001.pdf,sample_pdf_001.pdf,pdf,pdf,25,26,0,0,1,consecutive_neighbor
PAIR_POS_000736,FRAG_000785,FRAG_000786,FRAG_000785.bin,FRAG_000786.bin,sample_pdf_025.pdf,sample_pdf_025.pdf,pdf,pdf,17,18,0,0,1,consecutive_neighbor
PAIR_NEG_000169,FRAG_000533,FRAG_000640,FRAG_000533.bin,FRAG_000640.bin,sample_pdf_014.pdf,sample_pdf_019.pdf,pdf,pdf,6,7,0,0,0,negative_same_type
PAIR_NEG_000533,FRAG_001637,FRAG_001451,FRAG_001637.bin,FRAG_001451.bin,sample_zip_025.zip,sample_zip_009.zip,zip,zip,14,7,0,0,0,negative_same_type
PAIR_POS_001441,FRAG_001558,FRAG_001559,FRAG_001558.bin,FRAG_001559.bin,sample_zip_018.zip,sample_zip_018.zip,zip,zip,0,1,1,0,1,consecutive_neighbor
PAIR_POS_000002,FRAG_000002,FRAG_000003,FRAG_000002.bin,FRAG_000003.bin,sample_jpeg_001.jpeg,sample_jpeg_001.jpeg,jpeg,jpeg,1,2,0,0,1,consecutive_neighbor
PAIR_POS_000109,FRAG_000122,FRAG_000123,FRAG_000122.bin,FRAG_000123.bin,sample_jpeg_014.jpeg,sample_jpeg_014.jpeg,jpeg,jpeg,1,2,0,0,1,consecutive_neighbor
PAIR_NEG_000684,FRAG_001151,FRAG_001097,FRAG_001151.bin,FRAG_001097.bin,sample_text_011.json,sample_text_006.log,text,text,4,7,0,1,0,negative_same_type
PAIR_NEG_000862,FRAG_001461,FRAG_000218,FRAG_001461.bin,FRAG_000218.bin,sample_zip_010.zip,sample_jpeg_025.jpg,zip,jpeg,6,4,0,0,0,negative_diff_type
PAIR_NEG_000790,FRAG_000173,FRAG_001182,FRAG_000173.bin,FRAG_001182.bin,sample_jpeg_019.jpg,sample_text_012.log,jpeg,text,3,8,0,0,0,negative_diff_type
PAIR_POS_000603,FRAG_000646,FRAG_000647,FRAG_000646.bin,FRAG_000647.bin,sample_pdf_019.pdf,sample_pdf_019.pdf,pdf,pdf,13,14,0,0,1,consecutive_neighbor
PAIR_NEG_000234,FRAG_000080,FRAG_000148,FRAG_000080.bin,FRAG_000148.bin,sample_jpeg_010.jpg,sample_jpeg_017.jpg,jpeg,jpeg,2,0,0,0,0,negative_same_type
PAIR_POS_000262,FRAG_000289,FRAG_000290,FRAG_000289.bin,FRAG_000290.bin,sample_pdf_003.pdf,sample_pdf_003.pdf,pdf,pdf,9,10,0,0,1,consecutive_neighbor
PAIR_NEG_000224,FRAG_000090,FRAG_000058,FRAG_000090.bin,FRAG_000058.bin,sample_jpeg_010.jpg,sample_jpeg_007.jpg,jpeg,jpeg,12,5,0,1,0,negative_same_type
PAIR_NEG_000582,FRAG_000005,FRAG_000066,FRAG_000005.bin,FRAG_000066.bin,sample_jpeg_001.jpeg,sample_jpeg_008.jpeg,jpeg,jpeg,4,7,0,0,0,negative_same_type
PAIR_POS_001046,FRAG_001129,FRAG_001130,FRAG_001129.bin,FRAG_001130.bin,sample_text_009.txt,sample_text_009.txt,text,text,1,2,0,0,1,consecutive_neighbor
PAIR_POS_001253,FRAG_001351,FRAG_001352,FRAG_001351.bin,FRAG_001352.bin,sample_text_024.txt,sample_text_024.txt,text,text,10,11,0,0,1,consecutive_neighbor
PAIR_NEG_000579,FRAG_000264,FRAG_000518,FRAG_000264.bin,FRAG_000518.bin,sample_pdf_002.pdf,sample_pdf_013.pdf,pdf,pdf,5,0,0,0,0,negative_same_type
PAIR_POS_001194,FRAG_001287,FRAG_001288,FRAG_001287.bin,FRAG_001288.bin,sample_text_019.txt,sample_text_019.txt,text,text,0,1,1,0,1,consecutive_neighbor
PAIR_POS_000183,FRAG_000206,FRAG_000207,FRAG_000206.bin,FRAG_000207.bin,sample_jpeg_024.jpeg,sample_jpeg_024.jpeg,jpeg,jpeg,1,2,0,0,1,consecutive_neighbor
PAIR_POS_000706,FRAG_000753,FRAG_000754,FRAG_000753.bin,FRAG_000754.bin,sample_pdf_023.pdf,sample_pdf_023.pdf,pdf,pdf,11,12,0,1,1,consecutive_neighbor
PAIR_POS_001471,FRAG_001591,FRAG_001592,FRAG_001591.bin,FRAG_001592.bin,sample_zip_021.zip,sample_zip_021.zip,zip,zip,2,3,0,0,1,consecutive_neighbor
PAIR_NEG_001098,FRAG_000285,FRAG_000801,FRAG_000285.bin,FRAG_000801.bin,sample_pdf_003.pdf,sample_png_001.png,pdf,png,5,5,0,0,0,negative_diff_type
PAIR_NEG_001416,FRAG_000992,FRAG_001144,FRAG_000992.bin,FRAG_001144.bin,sample_png_022.png,sample_text_010.log,png,text,4,5,0,0,0,negative_diff_type
PAIR_POS_001392,FRAG_001505,FRAG_001506,FRAG_001505.bin,FRAG_001506.bin,sample_zip_014.zip,sample_zip_014.zip,zip,zip,2,3,0,0,1,consecutive_neighbor
PAIR_NEG_001137,FRAG_000910,FRAG_000270,FRAG_000910.bin,FRAG_000270.bin,sample_png_013.png,sample_pdf_002.pdf,png,pdf,7,11,0,0,0,negative_diff_type
PAIR_POS_001168,FRAG_001258,FRAG_001259,FRAG_001258.bin,FRAG_001259.bin,sample_text_016.json,sample_text_016.json,text,text,20,21,0,0,1,consecutive_neighbor
PAIR_POS_000614,FRAG_000657,FRAG_000658,FRAG_000657.bin,FRAG_000658.bin,sample_pdf_019.pdf,sample_pdf_019.pdf,pdf,pdf,24,25,0,0,1,consecutive_neighbor
PAIR_POS_000649,FRAG_000693,FRAG_000694,FRAG_000693.bin,FRAG_000694.bin,sample_pdf_020.pdf,sample_pdf_020.pdf,pdf,pdf,20,21,0,0,1,consecutive_neighbor
PAIR_NEG_001301,FRAG_000282,FRAG_000052,FRAG_000282.bin,FRAG_000052.bin,sample_pdf_003.pdf,sample_jpeg_006.jpg,pdf,jpeg,2,4,0,1,0,negative_diff_type
PAIR_POS_001396,FRAG_001509,FRAG_001510,FRAG_001509.bin,FRAG_001510.bin,sample_zip_014.zip,sample_zip_014.zip,zip,zip,6,7,0,0,1,consecutive_neighbor
PAIR_POS_000422,FRAG_000457,FRAG_000458,FRAG_000457.bin,FRAG_000458.bin,sample_pdf_011.pdf,sample_pdf_011.pdf,pdf,pdf,4,5,0,0,1,consecutive_neighbor
PAIR_POS_000401,FRAG_000434,FRAG_000435,FRAG_000434.bin,FRAG_000435.bin,sample_pdf_009.pdf,sample_pdf_009.pdf,pdf,pdf,24,25,0,0,1,consecutive_neighbor
PAIR_POS_000916,FRAG_000986,FRAG_000987,FRAG_000986.bin,FRAG_000987.bin,sample_png_021.png,sample_png_021.png,png,png,12,13,0,1,1,consecutive_neighbor
PAIR_POS_001184,FRAG_001275,FRAG_001276,FRAG_001275.bin,FRAG_001276.bin,sample_text_017.txt,sample_text_017.txt,text,text,9,10,0,1,1,consecutive_neighbor
PAIR_NEG_000817,FRAG_000610,FRAG_000843,FRAG_000610.bin,FRAG_000843.bin,sample_pdf_018.pdf,sample_png_006.png,pdf,png,7,8,0,0,0,negative_diff_type
PAIR_POS_000799,FRAG_000856,FRAG_000857,FRAG_000856.bin,FRAG_000857.bin,sample_png_008.png,sample_png_008.png,png,png,1,2,0,0,1,consecutive_neighbor
PAIR_NEG_000874,FRAG_000040,FRAG_000893,FRAG_000040.bin,FRAG_000893.bin,sample_jpeg_004.jpeg,sample_png_011.png,jpeg,png,6,5,0,0,0,negative_diff_type
PAIR_NEG_001198,FRAG_000525,FRAG_001419,FRAG_000525.bin,FRAG_001419.bin,sample_pdf_013.pdf,sample_zip_006.zip,pdf,zip,7,9,0,0,0,negative_diff_type
PAIR_POS_000928,FRAG_001000,FRAG_001001,FRAG_001000.bin,FRAG_001001.bin,sample_png_023.png,sample_png_023.png,png,png,4,5,0,0,1,consecutive_neighbor
PAIR_POS_000306,FRAG_000335,FRAG_000336,FRAG_000335.bin,FRAG_000336.bin,sample_pdf_005.pdf,sample_pdf_005.pdf,pdf,pdf,21,22,0,0,1,consecutive_neighbor
PAIR_NEG_000628,FRAG_000256,FRAG_000371,FRAG_000256.bin,FRAG_000371.bin,sample_pdf_001.pdf,sample_pdf_007.pdf,pdf,pdf,31,1,0,0,0,negative_same_type
PAIR_POS_000301,FRAG_000330,FRAG_000331,FRAG_000330.bin,FRAG_000331.bin,sample_pdf_005.pdf,sample_pdf_005.pdf,pdf,pdf,16,17,0,0,1,consecutive_neighbor
PAIR_NEG_000039,FRAG_001323,FRAG_001229,FRAG_001323.bin,FRAG_001229.bin,sample_text_021.csv,sample_text_015.json,text,text,5,24,0,0,0,negative_same_type
PAIR_NEG_001136,FRAG_001214,FRAG_000615,FRAG_001214.bin,FRAG_000615.bin,sample_text_015.json,sample_pdf_018.pdf,text,pdf,9,12,0,0,0,negative_diff_type
PAIR_NEG_001180,FRAG_001483,FRAG_000455,FRAG_001483.bin,FRAG_000455.bin,sample_zip_012.zip,sample_pdf_011.pdf,zip,pdf,1,2,0,0,0,negative_diff_type
PAIR_POS_001303,FRAG_001407,FRAG_001408,FRAG_001407.bin,FRAG_001408.bin,sample_zip_005.zip,sample_zip_005.zip,zip,zip,6,7,0,0,1,consecutive_neighbor
PAIR_NEG_000035,FRAG_001227,FRAG_001354,FRAG_001227.bin,FRAG_001354.bin,sample_text_015.json,sample_text_024.txt,text,text,22,13,0,0,0,negative_same_type
PAIR_NEG_000659,FRAG_000133,FRAG_000040,FRAG_000133.bin,FRAG_000040.bin,sample_jpeg_015.jpeg,sample_jpeg_004.jpeg,jpeg,jpeg,8,6,0,0,0,negative_same_type
PAIR_NEG_000580,FRAG_001096,FRAG_001265,FRAG_001096.bin,FRAG_001265.bin,sample_text_006.log,sample_text_016.json,text,text,6,27,0,1,0,negative_same_type
PAIR_POS_000285,FRAG_000314,FRAG_000315,FRAG_000314.bin,FRAG_000315.bin,sample_pdf_005.pdf,sample_pdf_005.pdf,pdf,pdf,0,1,1,0,1,consecutive_neighbor
PAIR_NEG_000838,FRAG_001625,FRAG_000788,FRAG_001625.bin,FRAG_000788.bin,sample_zip_025.zip,sample_pdf_025.pdf,zip,pdf,2,20,0,0,0,negative_diff_type
PAIR_POS_000446,FRAG_000481,FRAG_000482,FRAG_000481.bin,FRAG_000482.bin,sample_pdf_011.pdf,sample_pdf_011.pdf,pdf,pdf,28,29,0,1,1,consecutive_neighbor
PAIR_POS_000186,FRAG_000209,FRAG_000210,FRAG_000209.bin,FRAG_000210.bin,sample_jpeg_024.jpeg,sample_jpeg_024.jpeg,jpeg,jpeg,4,5,0,0,1,consecutive_neighbor
PAIR_POS_000126,FRAG_000141,FRAG_000142,FRAG_000141.bin,FRAG_000142.bin,sample_jpeg_016.jpeg,sample_jpeg_016.jpeg,jpeg,jpeg,1,2,0,0,1,consecutive_neighbor
PAIR_NEG_001391,FRAG_001142,FRAG_000303,FRAG_001142.bin,FRAG_000303.bin,sample_text_010.log,sample_pdf_003.pdf,text,pdf,3,23,0,0,0,negative_diff_type
PAIR_POS_001321,FRAG_001427,FRAG_001428,FRAG_001427.bin,FRAG_001428.bin,sample_zip_007.zip,sample_zip_007.zip,zip,zip,3,4,0,0,1,consecutive_neighbor
PAIR_NEG_001373,FRAG_001446,FRAG_001212,FRAG_001446.bin,FRAG_001212.bin,sample_zip_009.zip,sample_text_015.json,zip,text,2,7,0,0,0,negative_diff_type
PAIR_NEG_000842,FRAG_000761,FRAG_000009,FRAG_000761.bin,FRAG_000009.bin,sample_pdf_024.pdf,sample_jpeg_001.jpeg,pdf,jpeg,6,8,0,0,0,negative_diff_type
PAIR_NEG_001255,FRAG_000651,FRAG_000152,FRAG_000651.bin,FRAG_000152.bin,sample_pdf_019.pdf,sample_jpeg_017.jpg,pdf,jpeg,18,4,0,0,0,negative_diff_type
PAIR_NEG_000724,FRAG_001564,FRAG_001445,FRAG_001564.bin,FRAG_001445.bin,sample_zip_018.zip,sample_zip_009.zip,zip,zip,6,1,0,0,0,negative_same_type
PAIR_NEG_000068,FRAG_001086,FRAG_001151,FRAG_001086.bin,FRAG_001151.bin,sample_text_005.csv,sample_text_011.json,text,text,1,4,0,0,0,negative_same_type
PAIR_POS_001222,FRAG_001316,FRAG_001317,FRAG_001316.bin,FRAG_001317.bin,sample_text_020.txt,sample_text_020.txt,text,text,14,15,0,1,1,consecutive_neighbor
PAIR_NEG_000156,FRAG_000907,FRAG_000951,FRAG_000907.bin,FRAG_000951.bin,sample_png_013.png,sample_png_018.png,png,png,4,6,0,0,0,negative_same_type
PAIR_POS_001404,FRAG_001517,FRAG_001518,FRAG_001517.bin,FRAG_001518.bin,sample_zip_014.zip,sample_zip_014.zip,zip,zip,14,15,0,0,1,consecutive_neighbor
PAIR_POS_000223,FRAG_000248,FRAG_000249,FRAG_000248.bin,FRAG_000249.bin,sample_pdf_001.pdf,sample_pdf_001.pdf,pdf,pdf,23,24,0,0,1,consecutive_neighbor
PAIR_NEG_000695,FRAG_001330,FRAG_001359,FRAG_001330.bin,FRAG_001359.bin,sample_text_022.log,sample_text_025.log,text,text,5,1,0,0,0,negative_same_type
PAIR_POS_000143,FRAG_000159,FRAG_000160,FRAG_000159.bin,FRAG_000160.bin,sample_jpeg_017.jpg,sample_jpeg_017.jpg,jpeg,jpeg,11,12,0,0,1,consecutive_neighbor
PAIR_POS_000832,FRAG_000892,FRAG_000893,FRAG_000892.bin,FRAG_000893.bin,sample_png_011.png,sample_png_011.png,png,png,4,5,0,0,1,consecutive_neighbor
PAIR_NEG_001311,FRAG_001469,FRAG_000526,FRAG_001469.bin,FRAG_000526.bin,sample_zip_011.zip,sample_pdf_013.pdf,zip,pdf,6,8,0,1,0,negative_diff_type
PAIR_NEG_000942,FRAG_000920,FRAG_000035,FRAG_000920.bin,FRAG_000035.bin,sample_png_014.png,sample_jpeg_004.jpeg,png,jpeg,9,1,0,0,0,negative_diff_type
PAIR_NEG_000834,FRAG_000807,FRAG_001313,FRAG_000807.bin,FRAG_001313.bin,sample_png_002.png,sample_text_020.txt,png,text,4,11,0,0,0,negative_diff_type
PAIR_NEG_000172,FRAG_001534,FRAG_001608,FRAG_001534.bin,FRAG_001608.bin,sample_zip_016.zip,sample_zip_022.zip,zip,zip,4,5,0,0,0,negative_same_type
PAIR_NEG_000462,FRAG_001003,FRAG_000829,FRAG_001003.bin,FRAG_000829.bin,sample_png_023.png,sample_png_005.png,png,png,7,2,0,0,0,negative_same_type
PAIR_POS_001137,FRAG_001226,FRAG_001227,FRAG_001226.bin,FRAG_001227.bin,sample_text_015.json,sample_text_015.json,text,text,21,22,0,0,1,consecutive_neighbor
PAIR_POS_000667,FRAG_000712,FRAG_000713,FRAG_000712.bin,FRAG_000713.bin,sample_pdf_021.pdf,sample_pdf_021.pdf,pdf,pdf,4,5,0,0,1,consecutive_neighbor
PAIR_POS_000949,FRAG_001023,FRAG_001024,FRAG_001023.bin,FRAG_001024.bin,sample_png_025.png,sample_png_025.png,png,png,12,13,0,1,1,consecutive_neighbor
PAIR_NEG_000494,FRAG_000826,FRAG_000797,FRAG_000826.bin,FRAG_000797.bin,sample_png_004.png,sample_png_001.png,png,png,11,1,0,0,0,negative_same_type
PAIR_POS_001213,FRAG_001307,FRAG_001308,FRAG_001307.bin,FRAG_001308.bin,sample_text_020.txt,sample_text_020.txt,text,text,5,6,0,0,1,consecutive_neighbor
PAIR_POS_000235,FRAG_000261,FRAG_000262,FRAG_000261.bin,FRAG_000262.bin,sample_pdf_002.pdf,sample_pdf_002.pdf,pdf,pdf,2,3,0,0,1,consecutive_neighbor
PAIR_POS_000997,FRAG_001075,FRAG_001076,FRAG_001075.bin,FRAG_001076.bin,sample_text_004.json,sample_text_004.json,text,text,8,9,0,0,1,consecutive_neighbor
PAIR_NEG_000202,FRAG_001608,FRAG_001582,FRAG_001608.bin,FRAG_001582.bin,sample_zip_022.zip,sample_zip_020.zip,zip,zip,5,6,0,0,0,negative_same_type
PAIR_NEG_000519,FRAG_000999,FRAG_000866,FRAG_000999.bin,FRAG_000866.bin,sample_png_023.png,sample_png_008.png,png,png,3,11,0,0,0,negative_same_type
PAIR_POS_001458,FRAG_001577,FRAG_001578,FRAG_001577.bin,FRAG_001578.bin,sample_zip_020.zip,sample_zip_020.zip,zip,zip,1,2,0,0,1,consecutive_neighbor
PAIR_NEG_000003,FRAG_000329,FRAG_000783,FRAG_000329.bin,FRAG_000783.bin,sample_pdf_005.pdf,sample_pdf_025.pdf,pdf,pdf,15,15,0,0,0,negative_same_type
PAIR_POS_000160,FRAG_000178,FRAG_000179,FRAG_000178.bin,FRAG_000179.bin,sample_jpeg_019.jpg,sample_jpeg_019.jpg,jpeg,jpeg,8,9,0,0,1,consecutive_neighbor
PAIR_POS_001372,FRAG_001483,FRAG_001484,FRAG_001483.bin,FRAG_001484.bin,sample_zip_012.zip,sample_zip_012.zip,zip,zip,1,2,0,0,1,consecutive_neighbor
PAIR_POS_001358,FRAG_001468,FRAG_001469,FRAG_001468.bin,FRAG_001469.bin,sample_zip_011.zip,sample_zip_011.zip,zip,zip,5,6,0,0,1,consecutive_neighbor
PAIR_POS_000355,FRAG_000386,FRAG_000387,FRAG_000386.bin,FRAG_000387.bin,sample_pdf_007.pdf,sample_pdf_007.pdf,pdf,pdf,16,17,0,0,1,consecutive_neighbor
PAIR_NEG_000653,FRAG_001319,FRAG_001062,FRAG_001319.bin,FRAG_001062.bin,sample_text_021.csv,sample_text_003.log,text,text,1,3,0,0,0,negative_same_type
PAIR_NEG_000788,FRAG_001257,FRAG_000034,FRAG_001257.bin,FRAG_000034.bin,sample_text_016.json,sample_jpeg_004.jpeg,text,jpeg,19,0,0,0,0,negative_diff_type
PAIR_NEG_001512,FRAG_000915,FRAG_001301,FRAG_000915.bin,FRAG_001301.bin,sample_png_014.png,sample_text_019.txt,png,text,4,14,0,1,0,negative_diff_type
PAIR_POS_000701,FRAG_000748,FRAG_000749,FRAG_000748.bin,FRAG_000749.bin,sample_pdf_023.pdf,sample_pdf_023.pdf,pdf,pdf,6,7,0,0,1,consecutive_neighbor
PAIR_NEG_000101,FRAG_000013,FRAG_000150,FRAG_000013.bin,FRAG_000150.bin,sample_jpeg_001.jpeg,sample_jpeg_017.jpg,jpeg,jpeg,12,2,0,0,0,negative_same_type
PAIR_POS_001162,FRAG_001252,FRAG_001253,FRAG_001252.bin,FRAG_001253.bin,sample_text_016.json,sample_text_016.json,text,text,14,15,0,0,1,consecutive_neighbor
PAIR_POS_000892,FRAG_000960,FRAG_000961,FRAG_000960.bin,FRAG_000961.bin,sample_png_019.png,sample_png_019.png,png,png,3,4,0,0,1,consecutive_neighbor
PAIR_NEG_000095,FRAG_001026,FRAG_001224,FRAG_001026.bin,FRAG_001224.bin,sample_text_001.json,sample_text_015.json,text,text,1,19,0,0,0,negative_same_type
PAIR_POS_000883,FRAG_000950,FRAG_000951,FRAG_000950.bin,FRAG_000951.bin,sample_png_018.png,sample_png_018.png,png,png,5,6,0,0,1,consecutive_neighbor
PAIR_POS_001211,FRAG_001305,FRAG_001306,FRAG_001305.bin,FRAG_001306.bin,sample_text_020.txt,sample_text_020.txt,text,text,3,4,0,0,1,consecutive_neighbor
PAIR_POS_001422,FRAG_001537,FRAG_001538,FRAG_001537.bin,FRAG_001538.bin,sample_zip_016.zip,sample_zip_016.zip,zip,zip,7,8,0,0,1,consecutive_neighbor
PAIR_NEG_000155,FRAG_000982,FRAG_000997,FRAG_000982.bin,FRAG_000997.bin,sample_png_021.png,sample_png_023.png,png,png,8,1,0,0,0,negative_same_type
PAIR_NEG_001168,FRAG_000543,FRAG_000182,FRAG_000543.bin,FRAG_000182.bin,sample_pdf_014.pdf,sample_jpeg_020.jpg,pdf,jpeg,16,0,0,0,0,negative_diff_type
PAIR_NEG_000966,FRAG_001256,FRAG_001408,FRAG_001256.bin,FRAG_001408.bin,sample_text_016.json,sample_zip_005.zip,text,zip,18,7,0,0,0,negative_diff_type
PAIR_POS_000136,FRAG_000152,FRAG_000153,FRAG_000152.bin,FRAG_000153.bin,sample_jpeg_017.jpg,sample_jpeg_017.jpg,jpeg,jpeg,4,5,0,0,1,consecutive_neighbor
PAIR_POS_000787,FRAG_000842,FRAG_000843,FRAG_000842.bin,FRAG_000843.bin,sample_png_006.png,sample_png_006.png,png,png,7,8,0,0,1,consecutive_neighbor
PAIR_POS_000988,FRAG_001065,FRAG_001066,FRAG_001065.bin,FRAG_001066.bin,sample_text_003.log,sample_text_003.log,text,text,6,7,0,1,1,consecutive_neighbor
PAIR_NEG_000722,FRAG_001486,FRAG_001396,FRAG_001486.bin,FRAG_001396.bin,sample_zip_012.zip,sample_zip_004.zip,zip,zip,4,1,0,0,0,negative_same_type
PAIR_POS_001123,FRAG_001212,FRAG_001213,FRAG_001212.bin,FRAG_001213.bin,sample_text_015.json,sample_text_015.json,text,text,7,8,0,0,1,consecutive_neighbor
PAIR_NEG_000818,FRAG_001493,FRAG_001140,FRAG_001493.bin,FRAG_001140.bin,sample_zip_013.zip,sample_text_010.log,zip,text,3,1,0,0,0,negative_diff_type
PAIR_NEG_000948,FRAG_000995,FRAG_000693,FRAG_000995.bin,FRAG_000693.bin,sample_png_022.png,sample_pdf_020.pdf,png,pdf,7,20,0,0,0,negative_diff_type
PAIR_POS_000489,FRAG_000527,FRAG_000528,FRAG_000527.bin,FRAG_000528.bin,sample_pdf_014.pdf,sample_pdf_014.pdf,pdf,pdf,0,1,1,0,1,consecutive_neighbor
PAIR_NEG_000894,FRAG_001615,FRAG_000546,FRAG_001615.bin,FRAG_000546.bin,sample_zip_023.zip,sample_pdf_014.pdf,zip,pdf,5,19,0,0,0,negative_diff_type
PAIR_POS_001210,FRAG_001304,FRAG_001305,FRAG_001304.bin,FRAG_001305.bin,sample_text_020.txt,sample_text_020.txt,text,text,2,3,0,0,1,consecutive_neighbor
PAIR_POS_000821,FRAG_000879,FRAG_000880,FRAG_000879.bin,FRAG_000880.bin,sample_png_009.png,sample_png_009.png,png,png,10,11,0,1,1,consecutive_neighbor
PAIR_NEG_001365,FRAG_000969,FRAG_000564,FRAG_000969.bin,FRAG_000564.bin,sample_png_020.png,sample_pdf_016.pdf,png,pdf,0,3,1,0,0,negative_diff_type
PAIR_NEG_001387,FRAG_000928,FRAG_000065,FRAG_000928.bin,FRAG_000065.bin,sample_png_016.png,sample_jpeg_008.jpeg,png,jpeg,1,6,0,0,0,negative_diff_type
PAIR_POS_000619,FRAG_000662,FRAG_000663,FRAG_000662.bin,FRAG_000663.bin,sample_pdf_019.pdf,sample_pdf_019.pdf,pdf,pdf,29,30,0,0,1,consecutive_neighbor
PAIR_NEG_000977,FRAG_001025,FRAG_001589,FRAG_001025.bin,FRAG_001589.bin,sample_text_001.json,sample_zip_021.zip,text,zip,0,0,1,0,0,negative_diff_type
PAIR_NEG_000516,FRAG_001599,FRAG_001535,FRAG_001599.bin,FRAG_001535.bin,sample_zip_021.zip,sample_zip_016.zip,zip,zip,10,5,0,0,0,negative_same_type
PAIR_NEG_001226,FRAG_000032,FRAG_000600,FRAG_000032.bin,FRAG_000600.bin,sample_jpeg_003.jpg,sample_pdf_017.pdf,jpeg,pdf,6,17,0,0,0,negative_diff_type
PAIR_POS_001139,FRAG_001228,FRAG_001229,FRAG_001228.bin,FRAG_001229.bin,sample_text_015.json,sample_text_015.json,text,text,23,24,0,0,1,consecutive_neighbor
PAIR_POS_000668,FRAG_000713,FRAG_000714,FRAG_000713.bin,FRAG_000714.bin,sample_pdf_021.pdf,sample_pdf_021.pdf,pdf,pdf,5,6,0,0,1,consecutive_neighbor
PAIR_POS_000220,FRAG_000245,FRAG_000246,FRAG_000245.bin,FRAG_000246.bin,sample_pdf_001.pdf,sample_pdf_001.pdf,pdf,pdf,20,21,0,0,1,consecutive_neighbor
PAIR_NEG_000120,FRAG_001523,FRAG_001423,FRAG_001523.bin,FRAG_001423.bin,sample_zip_015.zip,sample_zip_006.zip,zip,zip,3,13,0,1,0,negative_same_type
PAIR_POS_001463,FRAG_001582,FRAG_001583,FRAG_001582.bin,FRAG_001583.bin,sample_zip_020.zip,sample_zip_020.zip,zip,zip,6,7,0,0,1,consecutive_neighbor
PAIR_NEG_000482,FRAG_001413,FRAG_001396,FRAG_001413.bin,FRAG_001396.bin,sample_zip_006.zip,sample_zip_004.zip,zip,zip,3,1,0,0,0,negative_same_type
PAIR_NEG_000738,FRAG_000993,FRAG_000869,FRAG_000993.bin,FRAG_000869.bin,sample_png_022.png,sample_png_009.png,png,png,5,0,0,0,0,negative_same_type
PAIR_NEG_001249,FRAG_000591,FRAG_001024,FRAG_000591.bin,FRAG_001024.bin,sample_pdf_017.pdf,sample_png_025.png,pdf,png,8,13,0,1,0,negative_diff_type
PAIR_NEG_001141,FRAG_001486,FRAG_001308,FRAG_001486.bin,FRAG_001308.bin,sample_zip_012.zip,sample_text_020.txt,zip,text,4,6,0,0,0,negative_diff_type
PAIR_POS_000261,FRAG_000288,FRAG_000289,FRAG_000288.bin,FRAG_000289.bin,sample_pdf_003.pdf,sample_pdf_003.pdf,pdf,pdf,8,9,0,0,1,consecutive_neighbor
PAIR_NEG_000878,FRAG_000416,FRAG_000111,FRAG_000416.bin,FRAG_000111.bin,sample_pdf_009.pdf,sample_jpeg_012.jpg,pdf,jpeg,6,12,0,1,0,negative_diff_type
PAIR_POS_001238,FRAG_001334,FRAG_001335,FRAG_001334.bin,FRAG_001335.bin,sample_text_022.log,sample_text_022.log,text,text,9,10,0,0,1,consecutive_neighbor
PAIR_POS_000714,FRAG_000762,FRAG_000763,FRAG_000762.bin,FRAG_000763.bin,sample_pdf_024.pdf,sample_pdf_024.pdf,pdf,pdf,7,8,0,0,1,consecutive_neighbor
PAIR_NEG_000061,FRAG_001060,FRAG_001297,FRAG_001060.bin,FRAG_001297.bin,sample_text_003.log,sample_text_019.txt,text,text,1,10,0,0,0,negative_same_type
PAIR_NEG_000973,FRAG_000936,FRAG_001436,FRAG_000936.bin,FRAG_001436.bin,sample_png_016.png,sample_zip_008.zip,png,zip,9,4,0,0,0,negative_diff_type
PAIR_NEG_000915,FRAG_000090,FRAG_000544,FRAG_000090.bin,FRAG_000544.bin,sample_jpeg_010.jpg,sample_pdf_014.pdf,jpeg,pdf,12,17,0,0,0,negative_diff_type
PAIR_NEG_000221,FRAG_001167,FRAG_001240,FRAG_001167.bin,FRAG_001240.bin,sample_text_011.json,sample_text_016.json,text,text,20,2,0,0,0,negative_same_type
PAIR_POS_000945,FRAG_001019,FRAG_001020,FRAG_001019.bin,FRAG_001020.bin,sample_png_025.png,sample_png_025.png,png,png,8,9,0,0,1,consecutive_neighbor
PAIR_POS_000981,FRAG_001057,FRAG_001058,FRAG_001057.bin,FRAG_001058.bin,sample_text_002.txt,sample_text_002.txt,text,text,14,15,0,1,1,consecutive_neighbor
PAIR_NEG_000630,FRAG_000293,FRAG_000466,FRAG_000293.bin,FRAG_000466.bin,sample_pdf_003.pdf,sample_pdf_011.pdf,pdf,pdf,13,13,0,0,0,negative_same_type
PAIR_POS_000232,FRAG_000257,FRAG_000258,FRAG_000257.bin,FRAG_000258.bin,sample_pdf_001.pdf,sample_pdf_001.pdf,pdf,pdf,32,33,0,1,1,consecutive_neighbor
PAIR_NEG_000592,FRAG_001550,FRAG_001493,FRAG_001550.bin,FRAG_001493.bin,sample_zip_017.zip,sample_zip_013.zip,zip,zip,6,3,0,0,0,negative_same_type
PAIR_POS_000134,FRAG_000150,FRAG_000151,FRAG_000150.bin,FRAG_000151.bin,sample_jpeg_017.jpg,sample_jpeg_017.jpg,jpeg,jpeg,2,3,0,0,1,consecutive_neighbor
PAIR_NEG_000837,FRAG_000460,FRAG_000893,FRAG_000460.bin,FRAG_000893.bin,sample_pdf_011.pdf,sample_png_011.png,pdf,png,7,5,0,0,0,negative_diff_type
PAIR_POS_000999,FRAG_001077,FRAG_001078,FRAG_001077.bin,FRAG_001078.bin,sample_text_004.json,sample_text_004.json,text,text,10,11,0,0,1,consecutive_neighbor
PAIR_NEG_001078,FRAG_001306,FRAG_001615,FRAG_001306.bin,FRAG_001615.bin,sample_text_020.txt,sample_zip_023.zip,text,zip,4,5,0,0,0,negative_diff_type
PAIR_POS_000666,FRAG_000711,FRAG_000712,FRAG_000711.bin,FRAG_000712.bin,sample_pdf_021.pdf,sample_pdf_021.pdf,pdf,pdf,3,4,0,0,1,consecutive_neighbor
PAIR_NEG_000296,FRAG_001061,FRAG_001144,FRAG_001061.bin,FRAG_001144.bin,sample_text_003.log,sample_text_010.log,text,text,2,5,0,0,0,negative_same_type
PAIR_NEG_000251,FRAG_000803,FRAG_000922,FRAG_000803.bin,FRAG_000922.bin,sample_png_002.png,sample_png_015.png,png,png,0,0,1,0,0,negative_same_type
PAIR_NEG_001052,FRAG_000975,FRAG_001192,FRAG_000975.bin,FRAG_001192.bin,sample_png_021.png,sample_text_013.csv,png,text,1,4,0,0,0,negative_diff_type
PAIR_POS_000677,FRAG_000723,FRAG_000724,FRAG_000723.bin,FRAG_000724.bin,sample_pdf_022.pdf,sample_pdf_022.pdf,pdf,pdf,3,4,0,0,1,consecutive_neighbor
PAIR_POS_001363,FRAG_001473,FRAG_001474,FRAG_001473.bin,FRAG_001474.bin,sample_zip_011.zip,sample_zip_011.zip,zip,zip,10,11,0,0,1,consecutive_neighbor
PAIR_NEG_001220,FRAG_001455,FRAG_000812,FRAG_001455.bin,FRAG_000812.bin,sample_zip_010.zip,sample_png_003.png,zip,png,0,3,1,0,0,negative_diff_type
PAIR_NEG_001501,FRAG_000901,FRAG_001110,FRAG_000901.bin,FRAG_001110.bin,sample_png_012.png,sample_text_008.json,png,text,4,2,0,0,0,negative_diff_type
PAIR_POS_000376,FRAG_000408,FRAG_000409,FRAG_000408.bin,FRAG_000409.bin,sample_pdf_008.pdf,sample_pdf_008.pdf,pdf,pdf,18,19,0,1,1,consecutive_neighbor
PAIR_NEG_000497,FRAG_000737,FRAG_000587,FRAG_000737.bin,FRAG_000587.bin,sample_pdf_022.pdf,sample_pdf_017.pdf,pdf,pdf,17,4,0,0,0,negative_same_type
PAIR_POS_000745,FRAG_000794,FRAG_000795,FRAG_000794.bin,FRAG_000795.bin,sample_pdf_025.pdf,sample_pdf_025.pdf,pdf,pdf,26,27,0,1,1,consecutive_neighbor
PAIR_NEG_000358,FRAG_000882,FRAG_000955,FRAG_000882.bin,FRAG_000955.bin,sample_png_010.png,sample_png_018.png,png,png,1,10,0,0,0,negative_same_type
PAIR_POS_000529,FRAG_000569,FRAG_000570,FRAG_000569.bin,FRAG_000570.bin,sample_pdf_016.pdf,sample_pdf_016.pdf,pdf,pdf,8,9,0,0,1,consecutive_neighbor
PAIR_POS_001264,FRAG_001363,FRAG_001364,FRAG_001363.bin,FRAG_001364.bin,sample_text_025.log,sample_text_025.log,text,text,5,6,0,0,1,consecutive_neighbor
PAIR_NEG_000323,FRAG_001606,FRAG_001581,FRAG_001606.bin,FRAG_001581.bin,sample_zip_022.zip,sample_zip_020.zip,zip,zip,3,5,0,0,0,negative_same_type
PAIR_NEG_001150,FRAG_000100,FRAG_001573,FRAG_000100.bin,FRAG_001573.bin,sample_jpeg_012.jpg,sample_zip_019.zip,jpeg,zip,1,5,0,0,0,negative_diff_type
PAIR_POS_000295,FRAG_000324,FRAG_000325,FRAG_000324.bin,FRAG_000325.bin,sample_pdf_005.pdf,sample_pdf_005.pdf,pdf,pdf,10,11,0,0,1,consecutive_neighbor
PAIR_POS_000459,FRAG_000495,FRAG_000496,FRAG_000495.bin,FRAG_000496.bin,sample_pdf_012.pdf,sample_pdf_012.pdf,pdf,pdf,12,13,0,0,1,consecutive_neighbor
PAIR_NEG_000844,FRAG_001347,FRAG_000461,FRAG_001347.bin,FRAG_000461.bin,sample_text_024.txt,sample_pdf_011.pdf,text,pdf,6,8,0,0,0,negative_diff_type
PAIR_NEG_000562,FRAG_000601,FRAG_000676,FRAG_000601.bin,FRAG_000676.bin,sample_pdf_017.pdf,sample_pdf_020.pdf,pdf,pdf,18,3,0,0,0,negative_same_type
PAIR_POS_000964,FRAG_001039,FRAG_001040,FRAG_001039.bin,FRAG_001040.bin,sample_text_001.json,sample_text_001.json,text,text,14,15,0,0,1,consecutive_neighbor
PAIR_NEG_000471,FRAG_000942,FRAG_000853,FRAG_000942.bin,FRAG_000853.bin,sample_png_017.png,sample_png_007.png,png,png,3,7,0,0,0,negative_same_type
PAIR_NEG_000058,FRAG_001020,FRAG_001008,FRAG_001020.bin,FRAG_001008.bin,sample_png_025.png,sample_png_024.png,png,png,9,2,0,0,0,negative_same_type
PAIR_POS_001455,FRAG_001573,FRAG_001574,FRAG_001573.bin,FRAG_001574.bin,sample_zip_019.zip,sample_zip_019.zip,zip,zip,5,6,0,0,1,consecutive_neighbor
PAIR_NEG_001242,FRAG_000748,FRAG_000020,FRAG_000748.bin,FRAG_000020.bin,sample_pdf_023.pdf,sample_jpeg_002.jpeg,pdf,jpeg,6,6,0,0,0,negative_diff_type
PAIR_POS_001402,FRAG_001515,FRAG_001516,FRAG_001515.bin,FRAG_001516.bin,sample_zip_014.zip,sample_zip_014.zip,zip,zip,12,13,0,0,1,consecutive_neighbor
PAIR_POS_000636,FRAG_000680,FRAG_000681,FRAG_000680.bin,FRAG_000681.bin,sample_pdf_020.pdf,sample_pdf_020.pdf,pdf,pdf,7,8,0,0,1,consecutive_neighbor
PAIR_POS_000934,FRAG_001007,FRAG_001008,FRAG_001007.bin,FRAG_001008.bin,sample_png_024.png,sample_png_024.png,png,png,1,2,0,0,1,consecutive_neighbor
PAIR_POS_000200,FRAG_000225,FRAG_000226,FRAG_000225.bin,FRAG_000226.bin,sample_pdf_001.pdf,sample_pdf_001.pdf,pdf,pdf,0,1,1,0,1,consecutive_neighbor
PAIR_POS_000960,FRAG_001035,FRAG_001036,FRAG_001035.bin,FRAG_001036.bin,sample_text_001.json,sample_text_001.json,text,text,10,11,0,0,1,consecutive_neighbor
PAIR_POS_001431,FRAG_001547,FRAG_001548,FRAG_001547.bin,FRAG_001548.bin,sample_zip_017.zip,sample_zip_017.zip,zip,zip,3,4,0,0,1,consecutive_neighbor
PAIR_NEG_000372,FRAG_001565,FRAG_001493,FRAG_001565.bin,FRAG_001493.bin,sample_zip_018.zip,sample_zip_013.zip,zip,zip,7,3,0,0,0,negative_same_type
PAIR_NEG_000132,FRAG_000177,FRAG_000039,FRAG_000177.bin,FRAG_000039.bin,sample_jpeg_019.jpg,sample_jpeg_004.jpeg,jpeg,jpeg,7,5,0,0,0,negative_same_type
PAIR_NEG_000153,FRAG_000496,FRAG_000264,FRAG_000496.bin,FRAG_000264.bin,sample_pdf_012.pdf,sample_pdf_002.pdf,pdf,pdf,13,5,0,0,0,negative_same_type
PAIR_POS_000191,FRAG_000215,FRAG_000216,FRAG_000215.bin,FRAG_000216.bin,sample_jpeg_025.jpg,sample_jpeg_025.jpg,jpeg,jpeg,1,2,0,0,1,consecutive_neighbor
PAIR_POS_000270,FRAG_000297,FRAG_000298,FRAG_000297.bin,FRAG_000298.bin,sample_pdf_003.pdf,sample_pdf_003.pdf,pdf,pdf,17,18,0,0,1,consecutive_neighbor
PAIR_POS_001163,FRAG_001253,FRAG_001254,FRAG_001253.bin,FRAG_001254.bin,sample_text_016.json,sample_text_016.json,text,text,15,16,0,0,1,consecutive_neighbor
PAIR_NEG_000660,FRAG_000977,FRAG_000853,FRAG_000977.bin,FRAG_000853.bin,sample_png_021.png,sample_png_007.png,png,png,3,7,0,0,0,negative_same_type
PAIR_NEG_000907,FRAG_000395,FRAG_000961,FRAG_000395.bin,FRAG_000961.bin,sample_pdf_008.pdf,sample_png_019.png,pdf,png,5,4,0,0,0,negative_diff_type
PAIR_NEG_001319,FRAG_001407,FRAG_000996,FRAG_001407.bin,FRAG_000996.bin,sample_zip_005.zip,sample_png_023.png,zip,png,6,0,0,0,0,negative_diff_type
PAIR_NEG_001146,FRAG_000441,FRAG_001468,FRAG_000441.bin,FRAG_001468.bin,sample_pdf_009.pdf,sample_zip_011.zip,pdf,zip,31,5,0,0,0,negative_diff_type
PAIR_NEG_000806,FRAG_000153,FRAG_001387,FRAG_000153.bin,FRAG_001387.bin,sample_jpeg_017.jpg,sample_zip_003.zip,jpeg,zip,5,2,0,0,0,negative_diff_type
PAIR_POS_001093,FRAG_001179,FRAG_001180,FRAG_001179.bin,FRAG_001180.bin,sample_text_012.log,sample_text_012.log,text,text,5,6,0,0,1,consecutive_neighbor
PAIR_NEG_000146,FRAG_000874,FRAG_001006,FRAG_000874.bin,FRAG_001006.bin,sample_png_009.png,sample_png_024.png,png,png,5,0,0,0,0,negative_same_type
PAIR_POS_001374,FRAG_001485,FRAG_001486,FRAG_001485.bin,FRAG_001486.bin,sample_zip_012.zip,sample_zip_012.zip,zip,zip,3,4,0,0,1,consecutive_neighbor
PAIR_NEG_000042,FRAG_000221,FRAG_000029,FRAG_000221.bin,FRAG_000029.bin,sample_jpeg_025.jpg,sample_jpeg_003.jpg,jpeg,jpeg,7,3,0,0,0,negative_same_type
PAIR_POS_001461,FRAG_001580,FRAG_001581,FRAG_001580.bin,FRAG_001581.bin,sample_zip_020.zip,sample_zip_020.zip,zip,zip,4,5,0,0,1,consecutive_neighbor
PAIR_POS_000406,FRAG_000439,FRAG_000440,FRAG_000439.bin,FRAG_000440.bin,sample_pdf_009.pdf,sample_pdf_009.pdf,pdf,pdf,29,30,0,0,1,consecutive_neighbor
PAIR_NEG_000163,FRAG_000955,FRAG_000876,FRAG_000955.bin,FRAG_000876.bin,sample_png_018.png,sample_png_009.png,png,png,10,7,0,0,0,negative_same_type
PAIR_POS_000681,FRAG_000727,FRAG_000728,FRAG_000727.bin,FRAG_000728.bin,sample_pdf_022.pdf,sample_pdf_022.pdf,pdf,pdf,7,8,0,0,1,consecutive_neighbor
PAIR_NEG_001111,FRAG_000958,FRAG_000315,FRAG_000958.bin,FRAG_000315.bin,sample_png_019.png,sample_pdf_005.pdf,png,pdf,1,1,0,0,0,negative_diff_type
PAIR_POS_000729,FRAG_000778,FRAG_000779,FRAG_000778.bin,FRAG_000779.bin,sample_pdf_025.pdf,sample_pdf_025.pdf,pdf,pdf,10,11,0,0,1,consecutive_neighbor
PAIR_NEG_000599,FRAG_000092,FRAG_000202,FRAG_000092.bin,FRAG_000202.bin,sample_jpeg_011.jpeg,sample_jpeg_023.jpeg,jpeg,jpeg,0,1,1,0,0,negative_same_type
PAIR_POS_000914,FRAG_000984,FRAG_000985,FRAG_000984.bin,FRAG_000985.bin,sample_png_021.png,sample_png_021.png,png,png,10,11,0,0,1,consecutive_neighbor
PAIR_NEG_000682,FRAG_000082,FRAG_000062,FRAG_000082.bin,FRAG_000062.bin,sample_jpeg_010.jpg,sample_jpeg_008.jpeg,jpeg,jpeg,4,3,0,0,0,negative_same_type
PAIR_POS_001414,FRAG_001528,FRAG_001529,FRAG_001528.bin,FRAG_001529.bin,sample_zip_015.zip,sample_zip_015.zip,zip,zip,8,9,0,1,1,consecutive_neighbor
PAIR_NEG_000201,FRAG_001233,FRAG_001194,FRAG_001233.bin,FRAG_001194.bin,sample_text_015.json,sample_text_013.csv,text,text,28,6,0,0,0,negative_same_type
PAIR_NEG_001124,FRAG_001335,FRAG_000669,FRAG_001335.bin,FRAG_000669.bin,sample_text_022.log,sample_pdf_019.pdf,text,pdf,10,36,0,0,0,negative_diff_type
PAIR_POS_001214,FRAG_001308,FRAG_001309,FRAG_001308.bin,FRAG_001309.bin,sample_text_020.txt,sample_text_020.txt,text,text,6,7,0,0,1,consecutive_neighbor
PAIR_NEG_001060,FRAG_001480,FRAG_000214,FRAG_001480.bin,FRAG_000214.bin,sample_zip_011.zip,sample_jpeg_025.jpg,zip,jpeg,17,0,0,0,0,negative_diff_type
PAIR_POS_001221,FRAG_001315,FRAG_001316,FRAG_001315.bin,FRAG_001316.bin,sample_text_020.txt,sample_text_020.txt,text,text,13,14,0,0,1,consecutive_neighbor
PAIR_NEG_001157,FRAG_001317,FRAG_001612,FRAG_001317.bin,FRAG_001612.bin,sample_text_020.txt,sample_zip_023.zip,text,zip,15,2,0,0,0,negative_diff_type
PAIR_NEG_001018,FRAG_000838,FRAG_001560,FRAG_000838.bin,FRAG_001560.bin,sample_png_006.png,sample_zip_018.zip,png,zip,3,2,0,0,0,negative_diff_type
PAIR_POS_000803,FRAG_000860,FRAG_000861,FRAG_000860.bin,FRAG_000861.bin,sample_png_008.png,sample_png_008.png,png,png,5,6,0,0,1,consecutive_neighbor
PAIR_POS_000874,FRAG_000940,FRAG_000941,FRAG_000940.bin,FRAG_000941.bin,sample_png_017.png,sample_png_017.png,png,png,1,2,0,0,1,consecutive_neighbor
PAIR_POS_000177,FRAG_000198,FRAG_000199,FRAG_000198.bin,FRAG_000199.bin,sample_jpeg_022.jpg,sample_jpeg_022.jpg,jpeg,jpeg,5,6,0,0,1,consecutive_neighbor
PAIR_POS_000111,FRAG_000125,FRAG_000126,FRAG_000125.bin,FRAG_000126.bin,sample_jpeg_015.jpeg,sample_jpeg_015.jpeg,jpeg,jpeg,0,1,1,0,1,consecutive_neighbor
PAIR_POS_000786,FRAG_000841,FRAG_000842,FRAG_000841.bin,FRAG_000842.bin,sample_png_006.png,sample_png_006.png,png,png,6,7,0,0,1,consecutive_neighbor
PAIR_POS_000217,FRAG_000242,FRAG_000243,FRAG_000242.bin,FRAG_000243.bin,sample_pdf_001.pdf,sample_pdf_001.pdf,pdf,pdf,17,18,0,0,1,consecutive_neighbor
PAIR_NEG_000509,FRAG_000566,FRAG_000397,FRAG_000566.bin,FRAG_000397.bin,sample_pdf_016.pdf,sample_pdf_008.pdf,pdf,pdf,5,7,0,0,0,negative_same_type
PAIR_POS_001384,FRAG_001496,FRAG_001497,FRAG_001496.bin,FRAG_001497.bin,sample_zip_013.zip,sample_zip_013.zip,zip,zip,6,7,0,0,1,consecutive_neighbor
PAIR_NEG_000813,FRAG_000532,FRAG_001165,FRAG_000532.bin,FRAG_001165.bin,sample_pdf_014.pdf,sample_text_011.json,pdf,text,5,18,0,0,0,negative_diff_type
PAIR_POS_000965,FRAG_001040,FRAG_001041,FRAG_001040.bin,FRAG_001041.bin,sample_text_001.json,sample_text_001.json,text,text,15,16,0,0,1,consecutive_neighbor
PAIR_POS_000060,FRAG_000067,FRAG_000068,FRAG_000067.bin,FRAG_000068.bin,sample_jpeg_008.jpeg,sample_jpeg_008.jpeg,jpeg,jpeg,8,9,0,0,1,consecutive_neighbor
PAIR_POS_000267,FRAG_000294,FRAG_000295,FRAG_000294.bin,FRAG_000295.bin,sample_pdf_003.pdf,sample_pdf_003.pdf,pdf,pdf,14,15,0,0,1,consecutive_neighbor
PAIR_POS_000104,FRAG_000116,FRAG_000117,FRAG_000116.bin,FRAG_000117.bin,sample_jpeg_013.jpeg,sample_jpeg_013.jpeg,jpeg,jpeg,4,5,0,0,1,consecutive_neighbor
PAIR_NEG_001126,FRAG_000644,FRAG_001505,FRAG_000644.bin,FRAG_001505.bin,sample_pdf_019.pdf,sample_zip_014.zip,pdf,zip,11,2,0,0,0,negative_diff_type
PAIR_POS_001108,FRAG_001195,FRAG_001196,FRAG_001195.bin,FRAG_001196.bin,sample_text_013.csv,sample_text_013.csv,text,text,7,8,0,1,1,consecutive_neighbor
PAIR_NEG_001006,FRAG_000286,FRAG_000203,FRAG_000286.bin,FRAG_000203.bin,sample_pdf_003.pdf,sample_jpeg_023.jpeg,pdf,jpeg,6,2,0,0,0,negative_diff_type
PAIR_NEG_001121,FRAG_001023,FRAG_000609,FRAG_001023.bin,FRAG_000609.bin,sample_png_025.png,sample_pdf_018.pdf,png,pdf,12,6,0,0,0,negative_diff_type
PAIR_POS_001256,FRAG_001354,FRAG_001355,FRAG_001354.bin,FRAG_001355.bin,sample_text_024.txt,sample_text_024.txt,text,text,13,14,0,0,1,consecutive_neighbor
PAIR_NEG_001483,FRAG_001115,FRAG_000108,FRAG_001115.bin,FRAG_000108.bin,sample_text_008.json,sample_jpeg_012.jpg,text,jpeg,7,9,0,0,0,negative_diff_type
PAIR_NEG_000624,FRAG_000953,FRAG_000907,FRAG_000953.bin,FRAG_000907.bin,sample_png_018.png,sample_png_013.png,png,png,8,4,0,0,0,negative_same_type
PAIR_POS_000351,FRAG_000382,FRAG_000383,FRAG_000382.bin,FRAG_000383.bin,sample_pdf_007.pdf,sample_pdf_007.pdf,pdf,pdf,12,13,0,0,1,consecutive_neighbor
PAIR_POS_000502,FRAG_000540,FRAG_000541,FRAG_000540.bin,FRAG_000541.bin,sample_pdf_014.pdf,sample_pdf_014.pdf,pdf,pdf,13,14,0,0,1,consecutive_neighbor
PAIR_POS_001176,FRAG_001267,FRAG_001268,FRAG_001267.bin,FRAG_001268.bin,sample_text_017.txt,sample_text_017.txt,text,text,1,2,0,0,1,consecutive_neighbor
PAIR_POS_000581,FRAG_000623,FRAG_000624,FRAG_000623.bin,FRAG_000624.bin,sample_pdf_018.pdf,sample_pdf_018.pdf,pdf,pdf,20,21,0,0,1,consecutive_neighbor
PAIR_NEG_000135,FRAG_000267,FRAG_000540,FRAG_000267.bin,FRAG_000540.bin,sample_pdf_002.pdf,sample_pdf_014.pdf,pdf,pdf,8,13,0,0,0,negative_same_type
PAIR_POS_001443,FRAG_001560,FRAG_001561,FRAG_001560.bin,FRAG_001561.bin,sample_zip_018.zip,sample_zip_018.zip,zip,zip,2,3,0,0,1,consecutive_neighbor
PAIR_NEG_000420,FRAG_000851,FRAG_000909,FRAG_000851.bin,FRAG_000909.bin,sample_png_007.png,sample_png_013.png,png,png,5,6,0,0,0,negative_same_type
PAIR_POS_000290,FRAG_000319,FRAG_000320,FRAG_000319.bin,FRAG_000320.bin,sample_pdf_005.pdf,sample_pdf_005.pdf,pdf,pdf,5,6,0,0,1,consecutive_neighbor
PAIR_POS_000556,FRAG_000597,FRAG_000598,FRAG_000597.bin,FRAG_000598.bin,sample_pdf_017.pdf,sample_pdf_017.pdf,pdf,pdf,14,15,0,0,1,consecutive_neighbor
PAIR_POS_000653,FRAG_000697,FRAG_000698,FRAG_000697.bin,FRAG_000698.bin,sample_pdf_020.pdf,sample_pdf_020.pdf,pdf,pdf,24,25,0,0,1,consecutive_neighbor
PAIR_POS_001126,FRAG_001215,FRAG_001216,FRAG_001215.bin,FRAG_001216.bin,sample_text_015.json,sample_text_015.json,text,text,10,11,0,0,1,consecutive_neighbor
PAIR_POS_000718,FRAG_000766,FRAG_000767,FRAG_000766.bin,FRAG_000767.bin,sample_pdf_024.pdf,sample_pdf_024.pdf,pdf,pdf,11,12,0,1,1,consecutive_neighbor
PAIR_NEG_001077,FRAG_000166,FRAG_000527,FRAG_000166.bin,FRAG_000527.bin,sample_jpeg_018.jpeg,sample_pdf_014.pdf,jpeg,pdf,4,0,0,0,0,negative_diff_type
PAIR_POS_000424,FRAG_000459,FRAG_000460,FRAG_000459.bin,FRAG_000460.bin,sample_pdf_011.pdf,sample_pdf_011.pdf,pdf,pdf,6,7,0,0,1,consecutive_neighbor
PAIR_POS_000210,FRAG_000235,FRAG_000236,FRAG_000235.bin,FRAG_000236.bin,sample_pdf_001.pdf,sample_pdf_001.pdf,pdf,pdf,10,11,0,0,1,consecutive_neighbor
PAIR_POS_001053,FRAG_001136,FRAG_001137,FRAG_001136.bin,FRAG_001137.bin,sample_text_009.txt,sample_text_009.txt,text,text,8,9,0,0,1,consecutive_neighbor
PAIR_POS_001147,FRAG_001236,FRAG_001237,FRAG_001236.bin,FRAG_001237.bin,sample_text_015.json,sample_text_015.json,text,text,31,32,0,1,1,consecutive_neighbor
PAIR_POS_001276,FRAG_001376,FRAG_001377,FRAG_001376.bin,FRAG_001377.bin,sample_zip_001.zip,sample_zip_001.zip,zip,zip,6,7,0,0,1,consecutive_neighbor
PAIR_NEG_000626,FRAG_000020,FRAG_000172,FRAG_000020.bin,FRAG_000172.bin,sample_jpeg_002.jpeg,sample_jpeg_019.jpg,jpeg,jpeg,6,2,0,0,0,negative_same_type
PAIR_POS_000063,FRAG_000071,FRAG_000072,FRAG_000071.bin,FRAG_000072.bin,sample_jpeg_009.jpeg,sample_jpeg_009.jpeg,jpeg,jpeg,1,2,0,0,1,consecutive_neighbor
PAIR_POS_000469,FRAG_000505,FRAG_000506,FRAG_000505.bin,FRAG_000506.bin,sample_pdf_012.pdf,sample_pdf_012.pdf,pdf,pdf,22,23,0,0,1,consecutive_neighbor
PAIR_POS_001121,FRAG_001210,FRAG_001211,FRAG_001210.bin,FRAG_001211.bin,sample_text_015.json,sample_text_015.json,text,text,5,6,0,0,1,consecutive_neighbor
PAIR_NEG_001322,FRAG_001417,FRAG_001203,FRAG_001417.bin,FRAG_001203.bin,sample_zip_006.zip,sample_text_014.txt,zip,text,7,6,0,0,0,negative_diff_type
PAIR_NEG_000608,FRAG_001573,FRAG_001612,FRAG_001573.bin,FRAG_001612.bin,sample_zip_019.zip,sample_zip_023.zip,zip,zip,5,2,0,0,0,negative_same_type
PAIR_POS_001117,FRAG_001206,FRAG_001207,FRAG_001206.bin,FRAG_001207.bin,sample_text_015.json,sample_text_015.json,text,text,1,2,0,0,1,consecutive_neighbor
PAIR_NEG_001357,FRAG_000026,FRAG_000846,FRAG_000026.bin,FRAG_000846.bin,sample_jpeg_003.jpg,sample_png_007.png,jpeg,png,0,0,1,0,0,negative_diff_type
PAIR_NEG_000295,FRAG_000976,FRAG_000868,FRAG_000976.bin,FRAG_000868.bin,sample_png_021.png,sample_png_008.png,png,png,2,13,0,1,0,negative_same_type
PAIR_NEG_001070,FRAG_000051,FRAG_001597,FRAG_000051.bin,FRAG_001597.bin,sample_jpeg_006.jpg,sample_zip_021.zip,jpeg,zip,3,8,0,0,0,negative_diff_type
PAIR_POS_001134,FRAG_001223,FRAG_001224,FRAG_001223.bin,FRAG_001224.bin,sample_text_015.json,sample_text_015.json,text,text,18,19,0,0,1,consecutive_neighbor
PAIR_POS_001174,FRAG_001264,FRAG_001265,FRAG_001264.bin,FRAG_001265.bin,sample_text_016.json,sample_text_016.json,text,text,26,27,0,1,1,consecutive_neighbor
PAIR_POS_000789,FRAG_000844,FRAG_000845,FRAG_000844.bin,FRAG_000845.bin,sample_png_006.png,sample_png_006.png,png,png,9,10,0,1,1,consecutive_neighbor
PAIR_POS_000822,FRAG_000881,FRAG_000882,FRAG_000881.bin,FRAG_000882.bin,sample_png_010.png,sample_png_010.png,png,png,0,1,1,0,1,consecutive_neighbor
PAIR_POS_001315,FRAG_001420,FRAG_001421,FRAG_001420.bin,FRAG_001421.bin,sample_zip_006.zip,sample_zip_006.zip,zip,zip,10,11,0,0,1,consecutive_neighbor
PAIR_NEG_000679,FRAG_000983,FRAG_001016,FRAG_000983.bin,FRAG_001016.bin,sample_png_021.png,sample_png_025.png,png,png,9,5,0,0,0,negative_same_type
PAIR_NEG_001362,FRAG_001556,FRAG_000548,FRAG_001556.bin,FRAG_000548.bin,sample_zip_017.zip,sample_pdf_014.pdf,zip,pdf,12,21,0,1,0,negative_diff_type
PAIR_POS_000093,FRAG_000104,FRAG_000105,FRAG_000104.bin,FRAG_000105.bin,sample_jpeg_012.jpg,sample_jpeg_012.jpg,jpeg,jpeg,5,6,0,0,1,consecutive_neighbor
PAIR_NEG_000899,FRAG_000182,FRAG_001132,FRAG_000182.bin,FRAG_001132.bin,sample_jpeg_020.jpg,sample_text_009.txt,jpeg,text,0,4,1,0,0,negative_diff_type
PAIR_POS_000423,FRAG_000458,FRAG_000459,FRAG_000458.bin,FRAG_000459.bin,sample_pdf_011.pdf,sample_pdf_011.pdf,pdf,pdf,5,6,0,0,1,consecutive_neighbor
PAIR_POS_000189,FRAG_000212,FRAG_000213,FRAG_000212.bin,FRAG_000213.bin,sample_jpeg_024.jpeg,sample_jpeg_024.jpeg,jpeg,jpeg,7,8,0,1,1,consecutive_neighbor
PAIR_NEG_000401,FRAG_000631,FRAG_000795,FRAG_000631.bin,FRAG_000795.bin,sample_pdf_018.pdf,sample_pdf_025.pdf,pdf,pdf,28,27,0,1,0,negative_same_type
PAIR_NEG_000761,FRAG_001173,FRAG_000263,FRAG_001173.bin,FRAG_000263.bin,sample_text_011.json,sample_pdf_002.pdf,text,pdf,26,4,0,0,0,negative_diff_type
PAIR_POS_000357,FRAG_000388,FRAG_000389,FRAG_000388.bin,FRAG_000389.bin,sample_pdf_007.pdf,sample_pdf_007.pdf,pdf,pdf,18,19,0,1,1,consecutive_neighbor
PAIR_POS_000181,FRAG_000203,FRAG_000204,FRAG_000203.bin,FRAG_000204.bin,sample_jpeg_023.jpeg,sample_jpeg_023.jpeg,jpeg,jpeg,2,3,0,1,1,consecutive_neighbor
PAIR_POS_001274,FRAG_001374,FRAG_001375,FRAG_001374.bin,FRAG_001375.bin,sample_zip_001.zip,sample_zip_001.zip,zip,zip,4,5,0,0,1,consecutive_neighbor
PAIR_POS_000017,FRAG_000018,FRAG_000019,FRAG_000018.bin,FRAG_000019.bin,sample_jpeg_002.jpeg,sample_jpeg_002.jpeg,jpeg,jpeg,4,5,0,0,1,consecutive_neighbor
PAIR_POS_000475,FRAG_000511,FRAG_000512,FRAG_000511.bin,FRAG_000512.bin,sample_pdf_012.pdf,sample_pdf_012.pdf,pdf,pdf,28,29,0,0,1,consecutive_neighbor
PAIR_NEG_000846,FRAG_001561,FRAG_001055,FRAG_001561.bin,FRAG_001055.bin,sample_zip_018.zip,sample_text_002.txt,zip,text,3,12,0,0,0,negative_diff_type
PAIR_NEG_000370,FRAG_001580,FRAG_001462,FRAG_001580.bin,FRAG_001462.bin,sample_zip_020.zip,sample_zip_010.zip,zip,zip,4,7,0,1,0,negative_same_type
PAIR_POS_000150,FRAG_000167,FRAG_000168,FRAG_000167.bin,FRAG_000168.bin,sample_jpeg_018.jpeg,sample_jpeg_018.jpeg,jpeg,jpeg,5,6,0,0,1,consecutive_neighbor
PAIR_POS_000841,FRAG_000903,FRAG_000904,FRAG_000903.bin,FRAG_000904.bin,sample_png_013.png,sample_png_013.png,png,png,0,1,1,0,1,consecutive_neighbor
PAIR_POS_000544,FRAG_000585,FRAG_000586,FRAG_000585.bin,FRAG_000586.bin,sample_pdf_017.pdf,sample_pdf_017.pdf,pdf,pdf,2,3,0,0,1,consecutive_neighbor
PAIR_POS_000403,FRAG_000436,FRAG_000437,FRAG_000436.bin,FRAG_000437.bin,sample_pdf_009.pdf,sample_pdf_009.pdf,pdf,pdf,26,27,0,0,1,consecutive_neighbor
PAIR_POS_000587,FRAG_000629,FRAG_000630,FRAG_000629.bin,FRAG_000630.bin,sample_pdf_018.pdf,sample_pdf_018.pdf,pdf,pdf,26,27,0,0,1,consecutive_neighbor
PAIR_POS_001341,FRAG_001449,FRAG_001450,FRAG_001449.bin,FRAG_001450.bin,sample_zip_009.zip,sample_zip_009.zip,zip,zip,5,6,0,0,1,consecutive_neighbor
PAIR_POS_001272,FRAG_001372,FRAG_001373,FRAG_001372.bin,FRAG_001373.bin,sample_zip_001.zip,sample_zip_001.zip,zip,zip,2,3,0,0,1,consecutive_neighbor
PAIR_NEG_000469,FRAG_000335,FRAG_000583,FRAG_000335.bin,FRAG_000583.bin,sample_pdf_005.pdf,sample_pdf_017.pdf,pdf,pdf,21,0,0,0,0,negative_same_type
PAIR_POS_001394,FRAG_001507,FRAG_001508,FRAG_001507.bin,FRAG_001508.bin,sample_zip_014.zip,sample_zip_014.zip,zip,zip,4,5,0,0,1,consecutive_neighbor
PAIR_POS_000780,FRAG_000835,FRAG_000836,FRAG_000835.bin,FRAG_000836.bin,sample_png_006.png,sample_png_006.png,png,png,0,1,1,0,1,consecutive_neighbor
PAIR_NEG_001248,FRAG_000003,FRAG_001440,FRAG_000003.bin,FRAG_001440.bin,sample_jpeg_001.jpeg,sample_zip_008.zip,jpeg,zip,2,8,0,0,0,negative_diff_type
PAIR_NEG_000537,FRAG_000085,FRAG_000025,FRAG_000085.bin,FRAG_000025.bin,sample_jpeg_010.jpg,sample_jpeg_002.jpeg,jpeg,jpeg,7,11,0,1,0,negative_same_type
PAIR_NEG_001095,FRAG_000155,FRAG_000449,FRAG_000155.bin,FRAG_000449.bin,sample_jpeg_017.jpg,sample_pdf_010.pdf,jpeg,pdf,7,4,0,0,0,negative_diff_type
PAIR_NEG_001177,FRAG_001546,FRAG_000837,FRAG_001546.bin,FRAG_000837.bin,sample_zip_017.zip,sample_png_006.png,zip,png,2,2,0,0,0,negative_diff_type
PAIR_NEG_001265,FRAG_001063,FRAG_000728,FRAG_001063.bin,FRAG_000728.bin,sample_text_003.log,sample_pdf_022.pdf,text,pdf,4,8,0,0,0,negative_diff_type
PAIR_NEG_000306,FRAG_001249,FRAG_001066,FRAG_001249.bin,FRAG_001066.bin,sample_text_016.json,sample_text_003.log,text,text,11,7,0,1,0,negative_same_type
PAIR_POS_000380,FRAG_000413,FRAG_000414,FRAG_000413.bin,FRAG_000414.bin,sample_pdf_009.pdf,sample_pdf_009.pdf,pdf,pdf,3,4,0,0,1,consecutive_neighbor
PAIR_NEG_000805,FRAG_001493,FRAG_000053,FRAG_001493.bin,FRAG_000053.bin,sample_zip_013.zip,sample_jpeg_007.jpg,zip,jpeg,3,0,0,0,0,negative_diff_type
PAIR_NEG_001088,FRAG_000771,FRAG_001004,FRAG_000771.bin,FRAG_001004.bin,sample_pdf_025.pdf,sample_png_023.png,pdf,png,3,8,0,0,0,negative_diff_type
PAIR_NEG_000021,FRAG_000328,FRAG_000614,FRAG_000328.bin,FRAG_000614.bin,sample_pdf_005.pdf,sample_pdf_018.pdf,pdf,pdf,14,11,0,0,0,negative_same_type
PAIR_POS_000460,FRAG_000496,FRAG_000497,FRAG_000496.bin,FRAG_000497.bin,sample_pdf_012.pdf,sample_pdf_012.pdf,pdf,pdf,13,14,0,0,1,consecutive_neighbor
PAIR_POS_000717,FRAG_000765,FRAG_000766,FRAG_000765.bin,FRAG_000766.bin,sample_pdf_024.pdf,sample_pdf_024.pdf,pdf,pdf,10,11,0,0,1,consecutive_neighbor
PAIR_NEG_000923,FRAG_001606,FRAG_001143,FRAG_001606.bin,FRAG_001143.bin,sample_zip_022.zip,sample_text_010.log,zip,text,3,4,0,0,0,negative_diff_type
PAIR_POS_000886,FRAG_000953,FRAG_000954,FRAG_000953.bin,FRAG_000954.bin,sample_png_018.png,sample_png_018.png,png,png,8,9,0,0,1,consecutive_neighbor
PAIR_POS_001240,FRAG_001337,FRAG_001338,FRAG_001337.bin,FRAG_001338.bin,sample_text_023.csv,sample_text_023.csv,text,text,0,1,1,0,1,consecutive_neighbor
PAIR_NEG_000340,FRAG_001439,FRAG_001405,FRAG_001439.bin,FRAG_001405.bin,sample_zip_008.zip,sample_zip_005.zip,zip,zip,7,4,0,0,0,negative_same_type
PAIR_NEG_001153,FRAG_001427,FRAG_001237,FRAG_001427.bin,FRAG_001237.bin,sample_zip_007.zip,sample_text_015.json,zip,text,3,32,0,1,0,negative_diff_type
PAIR_POS_000974,FRAG_001050,FRAG_001051,FRAG_001050.bin,FRAG_001051.bin,sample_text_002.txt,sample_text_002.txt,text,text,7,8,0,0,1,consecutive_neighbor
PAIR_NEG_000524,FRAG_000815,FRAG_000961,FRAG_000815.bin,FRAG_000961.bin,sample_png_004.png,sample_png_019.png,png,png,0,4,1,0,0,negative_same_type
PAIR_POS_000356,FRAG_000387,FRAG_000388,FRAG_000387.bin,FRAG_000388.bin,sample_pdf_007.pdf,sample_pdf_007.pdf,pdf,pdf,17,18,0,0,1,consecutive_neighbor
PAIR_NEG_001275,FRAG_000217,FRAG_000690,FRAG_000217.bin,FRAG_000690.bin,sample_jpeg_025.jpg,sample_pdf_020.pdf,jpeg,pdf,3,17,0,0,0,negative_diff_type
PAIR_POS_001113,FRAG_001201,FRAG_001202,FRAG_001201.bin,FRAG_001202.bin,sample_text_014.txt,sample_text_014.txt,text,text,4,5,0,0,1,consecutive_neighbor
PAIR_NEG_001392,FRAG_001478,FRAG_000834,FRAG_001478.bin,FRAG_000834.bin,sample_zip_011.zip,sample_png_005.png,zip,png,15,7,0,1,0,negative_diff_type
PAIR_POS_001289,FRAG_001391,FRAG_001392,FRAG_001391.bin,FRAG_001392.bin,sample_zip_003.zip,sample_zip_003.zip,zip,zip,6,7,0,0,1,consecutive_neighbor
PAIR_POS_001263,FRAG_001362,FRAG_001363,FRAG_001362.bin,FRAG_001363.bin,sample_text_025.log,sample_text_025.log,text,text,4,5,0,0,1,consecutive_neighbor
PAIR_POS_000479,FRAG_000515,FRAG_000516,FRAG_000515.bin,FRAG_000516.bin,sample_pdf_012.pdf,sample_pdf_012.pdf,pdf,pdf,32,33,0,0,1,consecutive_neighbor
PAIR_POS_000768,FRAG_000821,FRAG_000822,FRAG_000821.bin,FRAG_000822.bin,sample_png_004.png,sample_png_004.png,png,png,6,7,0,0,1,consecutive_neighbor
PAIR_NEG_000084,FRAG_001000,FRAG_001016,FRAG_001000.bin,FRAG_001016.bin,sample_png_023.png,sample_png_025.png,png,png,4,5,0,0,0,negative_same_type
PAIR_POS_000680,FRAG_000726,FRAG_000727,FRAG_000726.bin,FRAG_000727.bin,sample_pdf_022.pdf,sample_pdf_022.pdf,pdf,pdf,6,7,0,0,1,consecutive_neighbor
PAIR_NEG_001143,FRAG_001318,FRAG_001490,FRAG_001318.bin,FRAG_001490.bin,sample_text_021.csv,sample_zip_013.zip,text,zip,0,0,1,0,0,negative_diff_type
PAIR_POS_001390,FRAG_001503,FRAG_001504,FRAG_001503.bin,FRAG_001504.bin,sample_zip_014.zip,sample_zip_014.zip,zip,zip,0,1,1,0,1,consecutive_neighbor
PAIR_POS_000128,FRAG_000143,FRAG_000144,FRAG_000143.bin,FRAG_000144.bin,sample_jpeg_016.jpeg,sample_jpeg_016.jpeg,jpeg,jpeg,3,4,0,0,1,consecutive_neighbor
PAIR_POS_001149,FRAG_001239,FRAG_001240,FRAG_001239.bin,FRAG_001240.bin,sample_text_016.json,sample_text_016.json,text,text,1,2,0,0,1,consecutive_neighbor
PAIR_POS_000612,FRAG_000655,FRAG_000656,FRAG_000655.bin,FRAG_000656.bin,sample_pdf_019.pdf,sample_pdf_019.pdf,pdf,pdf,22,23,0,0,1,consecutive_neighbor
PAIR_POS_000272,FRAG_000299,FRAG_000300,FRAG_000299.bin,FRAG_000300.bin,sample_pdf_003.pdf,sample_pdf_003.pdf,pdf,pdf,19,20,0,0,1,consecutive_neighbor
PAIR_POS_001449,FRAG_001566,FRAG_001567,FRAG_001566.bin,FRAG_001567.bin,sample_zip_018.zip,sample_zip_018.zip,zip,zip,8,9,0,1,1,consecutive_neighbor
PAIR_POS_001359,FRAG_001469,FRAG_001470,FRAG_001469.bin,FRAG_001470.bin,sample_zip_011.zip,sample_zip_011.zip,zip,zip,6,7,0,0,1,consecutive_neighbor
PAIR_NEG_001366,FRAG_001253,FRAG_001553,FRAG_001253.bin,FRAG_001553.bin,sample_text_016.json,sample_zip_017.zip,text,zip,15,9,0,0,0,negative_diff_type
PAIR_NEG_001262,FRAG_000579,FRAG_001364,FRAG_000579.bin,FRAG_001364.bin,sample_pdf_016.pdf,sample_text_025.log,pdf,text,18,6,0,0,0,negative_diff_type
PAIR_NEG_001159,FRAG_000264,FRAG_001227,FRAG_000264.bin,FRAG_001227.bin,sample_pdf_002.pdf,sample_text_015.json,pdf,text,5,22,0,0,0,negative_diff_type
PAIR_POS_001227,FRAG_001322,FRAG_001323,FRAG_001322.bin,FRAG_001323.bin,sample_text_021.csv,sample_text_021.csv,text,text,4,5,0,0,1,consecutive_neighbor
PAIR_NEG_001084,FRAG_000551,FRAG_000153,FRAG_000551.bin,FRAG_000153.bin,sample_pdf_015.pdf,sample_jpeg_017.jpg,pdf,jpeg,2,5,0,0,0,negative_diff_type
PAIR_NEG_000650,FRAG_001436,FRAG_001414,FRAG_001436.bin,FRAG_001414.bin,sample_zip_008.zip,sample_zip_006.zip,zip,zip,4,4,0,0,0,negative_same_type
PAIR_NEG_000383,FRAG_001317,FRAG_001208,FRAG_001317.bin,FRAG_001208.bin,sample_text_020.txt,sample_text_015.json,text,text,15,3,0,0,0,negative_same_type
PAIR_NEG_000752,FRAG_000463,FRAG_000278,FRAG_000463.bin,FRAG_000278.bin,sample_pdf_011.pdf,sample_pdf_002.pdf,pdf,pdf,10,19,0,0,0,negative_same_type
PAIR_NEG_000375,FRAG_001155,FRAG_001366,FRAG_001155.bin,FRAG_001366.bin,sample_text_011.json,sample_text_025.log,text,text,8,8,0,0,0,negative_same_type
PAIR_POS_000637,FRAG_000681,FRAG_000682,FRAG_000681.bin,FRAG_000682.bin,sample_pdf_020.pdf,sample_pdf_020.pdf,pdf,pdf,8,9,0,0,1,consecutive_neighbor
PAIR_NEG_001492,FRAG_000943,FRAG_000776,FRAG_000943.bin,FRAG_000776.bin,sample_png_017.png,sample_pdf_025.pdf,png,pdf,4,8,0,0,0,negative_diff_type
PAIR_POS_000557,FRAG_000598,FRAG_000599,FRAG_000598.bin,FRAG_000599.bin,sample_pdf_017.pdf,sample_pdf_017.pdf,pdf,pdf,15,16,0,0,1,consecutive_neighbor
PAIR_POS_000146,FRAG_000163,FRAG_000164,FRAG_000163.bin,FRAG_000164.bin,sample_jpeg_018.jpeg,sample_jpeg_018.jpeg,jpeg,jpeg,1,2,0,0,1,consecutive_neighbor
PAIR_NEG_000432,FRAG_000358,FRAG_000778,FRAG_000358.bin,FRAG_000778.bin,sample_pdf_006.pdf,sample_pdf_025.pdf,pdf,pdf,10,10,0,0,0,negative_same_type
PAIR_NEG_000451,FRAG_001520,FRAG_001602,FRAG_001520.bin,FRAG_001602.bin,sample_zip_015.zip,sample_zip_021.zip,zip,zip,0,13,1,1,0,negative_same_type
PAIR_POS_001385,FRAG_001497,FRAG_001498,FRAG_001497.bin,FRAG_001498.bin,sample_zip_013.zip,sample_zip_013.zip,zip,zip,7,8,0,0,1,consecutive_neighbor
PAIR_POS_001354,FRAG_001464,FRAG_001465,FRAG_001464.bin,FRAG_001465.bin,sample_zip_011.zip,sample_zip_011.zip,zip,zip,1,2,0,0,1,consecutive_neighbor
PAIR_POS_000795,FRAG_000851,FRAG_000852,FRAG_000851.bin,FRAG_000852.bin,sample_png_007.png,sample_png_007.png,png,png,5,6,0,0,1,consecutive_neighbor
PAIR_POS_000720,FRAG_000769,FRAG_000770,FRAG_000769.bin,FRAG_000770.bin,sample_pdf_025.pdf,sample_pdf_025.pdf,pdf,pdf,1,2,0,0,1,consecutive_neighbor
PAIR_POS_000120,FRAG_000134,FRAG_000135,FRAG_000134.bin,FRAG_000135.bin,sample_jpeg_015.jpeg,sample_jpeg_015.jpeg,jpeg,jpeg,9,10,0,0,1,consecutive_neighbor
PAIR_NEG_000111,FRAG_001092,FRAG_001368,FRAG_001092.bin,FRAG_001368.bin,sample_text_006.log,sample_text_025.log,text,text,2,10,0,0,0,negative_same_type
PAIR_POS_001399,FRAG_001512,FRAG_001513,FRAG_001512.bin,FRAG_001513.bin,sample_zip_014.zip,sample_zip_014.zip,zip,zip,9,10,0,0,1,consecutive_neighbor
PAIR_POS_001366,FRAG_001476,FRAG_001477,FRAG_001476.bin,FRAG_001477.bin,sample_zip_011.zip,sample_zip_011.zip,zip,zip,13,14,0,0,1,consecutive_neighbor
PAIR_POS_000467,FRAG_000503,FRAG_000504,FRAG_000503.bin,FRAG_000504.bin,sample_pdf_012.pdf,sample_pdf_012.pdf,pdf,pdf,20,21,0,0,1,consecutive_neighbor
PAIR_POS_000026,FRAG_000028,FRAG_000029,FRAG_000028.bin,FRAG_000029.bin,sample_jpeg_003.jpg,sample_jpeg_003.jpg,jpeg,jpeg,2,3,0,0,1,consecutive_neighbor
PAIR_POS_001327,FRAG_001434,FRAG_001435,FRAG_001434.bin,FRAG_001435.bin,sample_zip_008.zip,sample_zip_008.zip,zip,zip,2,3,0,0,1,consecutive_neighbor
PAIR_NEG_000564,FRAG_001584,FRAG_001452,FRAG_001584.bin,FRAG_001452.bin,sample_zip_020.zip,sample_zip_009.zip,zip,zip,8,8,0,0,0,negative_same_type
PAIR_POS_001230,FRAG_001326,FRAG_001327,FRAG_001326.bin,FRAG_001327.bin,sample_text_022.log,sample_text_022.log,text,text,1,2,0,0,1,consecutive_neighbor
PAIR_POS_001261,FRAG_001360,FRAG_001361,FRAG_001360.bin,FRAG_001361.bin,sample_text_025.log,sample_text_025.log,text,text,2,3,0,0,1,consecutive_neighbor
PAIR_NEG_000691,FRAG_001036,FRAG_001071,FRAG_001036.bin,FRAG_001071.bin,sample_text_001.json,sample_text_004.json,text,text,11,4,0,0,0,negative_same_type
PAIR_POS_001043,FRAG_001125,FRAG_001126,FRAG_001125.bin,FRAG_001126.bin,sample_text_008.json,sample_text_008.json,text,text,17,18,0,0,1,consecutive_neighbor
PAIR_POS_001154,FRAG_001244,FRAG_001245,FRAG_001244.bin,FRAG_001245.bin,sample_text_016.json,sample_text_016.json,text,text,6,7,0,0,1,consecutive_neighbor
PAIR_POS_000825,FRAG_000884,FRAG_000885,FRAG_000884.bin,FRAG_000885.bin,sample_png_010.png,sample_png_010.png,png,png,3,4,0,0,1,consecutive_neighbor
PAIR_NEG_001076,FRAG_000910,FRAG_001446,FRAG_000910.bin,FRAG_001446.bin,sample_png_013.png,sample_zip_009.zip,png,zip,7,2,0,0,0,negative_diff_type
PAIR_POS_000870,FRAG_000935,FRAG_000936,FRAG_000935.bin,FRAG_000936.bin,sample_png_016.png,sample_png_016.png,png,png,8,9,0,0,1,consecutive_neighbor
PAIR_NEG_001005,FRAG_000004,FRAG_001504,FRAG_000004.bin,FRAG_001504.bin,sample_jpeg_001.jpeg,sample_zip_014.zip,jpeg,zip,3,1,0,0,0,negative_diff_type
PAIR_POS_001368,FRAG_001478,FRAG_001479,FRAG_001478.bin,FRAG_001479.bin,sample_zip_011.zip,sample_zip_011.zip,zip,zip,15,16,0,0,1,consecutive_neighbor
PAIR_POS_000187,FRAG_000210,FRAG_000211,FRAG_000210.bin,FRAG_000211.bin,sample_jpeg_024.jpeg,sample_jpeg_024.jpeg,jpeg,jpeg,5,6,0,0,1,consecutive_neighbor
PAIR_NEG_000871,FRAG_000906,FRAG_001120,FRAG_000906.bin,FRAG_001120.bin,sample_png_013.png,sample_text_008.json,png,text,3,12,0,0,0,negative_diff_type
PAIR_NEG_000187,FRAG_001050,FRAG_001310,FRAG_001050.bin,FRAG_001310.bin,sample_text_002.txt,sample_text_020.txt,text,text,7,8,0,0,0,negative_same_type
PAIR_POS_000850,FRAG_000913,FRAG_000914,FRAG_000913.bin,FRAG_000914.bin,sample_png_014.png,sample_png_014.png,png,png,2,3,0,0,1,consecutive_neighbor
PAIR_POS_000484,FRAG_000521,FRAG_000522,FRAG_000521.bin,FRAG_000522.bin,sample_pdf_013.pdf,sample_pdf_013.pdf,pdf,pdf,3,4,0,0,1,consecutive_neighbor
PAIR_NEG_000960,FRAG_001015,FRAG_001633,FRAG_001015.bin,FRAG_001633.bin,sample_png_025.png,sample_zip_025.zip,png,zip,4,10,0,0,0,negative_diff_type
PAIR_POS_000099,FRAG_000110,FRAG_000111,FRAG_000110.bin,FRAG_000111.bin,sample_jpeg_012.jpg,sample_jpeg_012.jpg,jpeg,jpeg,11,12,0,1,1,consecutive_neighbor
PAIR_NEG_000877,FRAG_001163,FRAG_000822,FRAG_001163.bin,FRAG_000822.bin,sample_text_011.json,sample_png_004.png,text,png,16,7,0,0,0,negative_diff_type
PAIR_POS_000007,FRAG_000007,FRAG_000008,FRAG_000007.bin,FRAG_000008.bin,sample_jpeg_001.jpeg,sample_jpeg_001.jpeg,jpeg,jpeg,6,7,0,0,1,consecutive_neighbor
PAIR_POS_000793,FRAG_000849,FRAG_000850,FRAG_000849.bin,FRAG_000850.bin,sample_png_007.png,sample_png_007.png,png,png,3,4,0,0,1,consecutive_neighbor
PAIR_POS_001190,FRAG_001282,FRAG_001283,FRAG_001282.bin,FRAG_001283.bin,sample_text_018.csv,sample_text_018.csv,text,text,5,6,0,0,1,consecutive_neighbor
PAIR_NEG_001472,FRAG_000348,FRAG_001290,FRAG_000348.bin,FRAG_001290.bin,sample_pdf_006.pdf,sample_text_019.txt,pdf,text,0,3,1,0,0,negative_diff_type
PAIR_NEG_000783,FRAG_000940,FRAG_000029,FRAG_000940.bin,FRAG_000029.bin,sample_png_017.png,sample_jpeg_003.jpg,png,jpeg,1,3,0,0,0,negative_diff_type
PAIR_NEG_000506,FRAG_000063,FRAG_000112,FRAG_000063.bin,FRAG_000112.bin,sample_jpeg_008.jpeg,sample_jpeg_013.jpeg,jpeg,jpeg,4,0,0,0,0,negative_same_type
PAIR_NEG_000733,FRAG_000695,FRAG_000770,FRAG_000695.bin,FRAG_000770.bin,sample_pdf_020.pdf,sample_pdf_025.pdf,pdf,pdf,22,2,0,0,0,negative_same_type
PAIR_NEG_000617,FRAG_001001,FRAG_000817,FRAG_001001.bin,FRAG_000817.bin,sample_png_023.png,sample_png_004.png,png,png,5,2,0,0,0,negative_same_type
PAIR_NEG_000522,FRAG_001256,FRAG_001044,FRAG_001256.bin,FRAG_001044.bin,sample_text_016.json,sample_text_002.txt,text,text,18,1,0,0,0,negative_same_type
PAIR_NEG_001235,FRAG_001514,FRAG_000030,FRAG_001514.bin,FRAG_000030.bin,sample_zip_014.zip,sample_jpeg_003.jpg,zip,jpeg,11,4,0,0,0,negative_diff_type
PAIR_POS_001450,FRAG_001568,FRAG_001569,FRAG_001568.bin,FRAG_001569.bin,sample_zip_019.zip,sample_zip_019.zip,zip,zip,0,1,1,0,1,consecutive_neighbor
PAIR_NEG_000641,FRAG_000116,FRAG_000045,FRAG_000116.bin,FRAG_000045.bin,sample_jpeg_013.jpeg,sample_jpeg_005.jpg,jpeg,jpeg,4,3,0,0,0,negative_same_type
PAIR_POS_001064,FRAG_001149,FRAG_001150,FRAG_001149.bin,FRAG_001150.bin,sample_text_011.json,sample_text_011.json,text,text,2,3,0,0,1,consecutive_neighbor
PAIR_POS_001297,FRAG_001401,FRAG_001402,FRAG_001401.bin,FRAG_001402.bin,sample_zip_005.zip,sample_zip_005.zip,zip,zip,0,1,1,0,1,consecutive_neighbor
PAIR_NEG_001169,FRAG_001439,FRAG_001293,FRAG_001439.bin,FRAG_001293.bin,sample_zip_008.zip,sample_text_019.txt,zip,text,7,6,0,0,0,negative_diff_type
PAIR_POS_001177,FRAG_001268,FRAG_001269,FRAG_001268.bin,FRAG_001269.bin,sample_text_017.txt,sample_text_017.txt,text,text,2,3,0,0,1,consecutive_neighbor
PAIR_NEG_000470,FRAG_001558,FRAG_001428,FRAG_001558.bin,FRAG_001428.bin,sample_zip_018.zip,sample_zip_007.zip,zip,zip,0,4,1,0,0,negative_same_type
PAIR_NEG_001270,FRAG_001085,FRAG_000923,FRAG_001085.bin,FRAG_000923.bin,sample_text_005.csv,sample_png_015.png,text,png,0,1,1,0,0,negative_diff_type
PAIR_NEG_001197,FRAG_001284,FRAG_000872,FRAG_001284.bin,FRAG_000872.bin,sample_text_018.csv,sample_png_009.png,text,png,7,3,0,0,0,negative_diff_type
PAIR_NEG_000814,FRAG_000161,FRAG_000662,FRAG_000161.bin,FRAG_000662.bin,sample_jpeg_017.jpg,sample_pdf_019.pdf,jpeg,pdf,13,29,0,0,0,negative_diff_type
PAIR_NEG_001200,FRAG_000852,FRAG_000091,FRAG_000852.bin,FRAG_000091.bin,sample_png_007.png,sample_jpeg_010.jpg,png,jpeg,6,13,0,1,0,negative_diff_type
PAIR_NEG_000982,FRAG_000905,FRAG_000318,FRAG_000905.bin,FRAG_000318.bin,sample_png_013.png,sample_pdf_005.pdf,png,pdf,2,4,0,0,0,negative_diff_type
PAIR_POS_000860,FRAG_000924,FRAG_000925,FRAG_000924.bin,FRAG_000925.bin,sample_png_015.png,sample_png_015.png,png,png,2,3,0,0,1,consecutive_neighbor
PAIR_NEG_000637,FRAG_001290,FRAG_001223,FRAG_001290.bin,FRAG_001223.bin,sample_text_019.txt,sample_text_015.json,text,text,3,18,0,0,0,negative_same_type
PAIR_NEG_001016,FRAG_000237,FRAG_000182,FRAG_000237.bin,FRAG_000182.bin,sample_pdf_001.pdf,sample_jpeg_020.jpg,pdf,jpeg,12,0,0,0,0,negative_diff_type
PAIR_NEG_000647,FRAG_000367,FRAG_000467,FRAG_000367.bin,FRAG_000467.bin,sample_pdf_006.pdf,sample_pdf_011.pdf,pdf,pdf,19,14,0,0,0,negative_same_type
PAIR_NEG_000898,FRAG_001462,FRAG_000788,FRAG_001462.bin,FRAG_000788.bin,sample_zip_010.zip,sample_pdf_025.pdf,zip,pdf,7,20,0,0,0,negative_diff_type
PAIR_POS_001125,FRAG_001214,FRAG_001215,FRAG_001214.bin,FRAG_001215.bin,sample_text_015.json,sample_text_015.json,text,text,9,10,0,0,1,consecutive_neighbor
PAIR_NEG_001377,FRAG_000218,FRAG_000394,FRAG_000218.bin,FRAG_000394.bin,sample_jpeg_025.jpg,sample_pdf_008.pdf,jpeg,pdf,4,4,0,0,0,negative_diff_type
PAIR_NEG_001296,FRAG_001546,FRAG_000968,FRAG_001546.bin,FRAG_000968.bin,sample_zip_017.zip,sample_png_019.png,zip,png,2,11,0,1,0,negative_diff_type
PAIR_NEG_000417,FRAG_001360,FRAG_001075,FRAG_001360.bin,FRAG_001075.bin,sample_text_025.log,sample_text_004.json,text,text,2,8,0,0,0,negative_same_type
PAIR_NEG_001466,FRAG_001342,FRAG_000876,FRAG_001342.bin,FRAG_000876.bin,sample_text_024.txt,sample_png_009.png,text,png,1,7,0,0,0,negative_diff_type
PAIR_POS_000266,FRAG_000293,FRAG_000294,FRAG_000293.bin,FRAG_000294.bin,sample_pdf_003.pdf,sample_pdf_003.pdf,pdf,pdf,13,14,0,0,1,consecutive_neighbor
PAIR_NEG_000239,FRAG_000932,FRAG_000905,FRAG_000932.bin,FRAG_000905.bin,sample_png_016.png,sample_png_013.png,png,png,5,2,0,0,0,negative_same_type
PAIR_NEG_000880,FRAG_000142,FRAG_000819,FRAG_000142.bin,FRAG_000819.bin,sample_jpeg_016.jpeg,sample_png_004.png,jpeg,png,2,4,0,0,0,negative_diff_type
PAIR_NEG_001264,FRAG_000130,FRAG_000705,FRAG_000130.bin,FRAG_000705.bin,sample_jpeg_015.jpeg,sample_pdf_020.pdf,jpeg,pdf,5,32,0,0,0,negative_diff_type
PAIR_POS_001510,FRAG_001634,FRAG_001635,FRAG_001634.bin,FRAG_001635.bin,sample_zip_025.zip,sample_zip_025.zip,zip,zip,11,12,0,0,1,consecutive_neighbor
PAIR_POS_001323,FRAG_001429,FRAG_001430,FRAG_001429.bin,FRAG_001430.bin,sample_zip_007.zip,sample_zip_007.zip,zip,zip,5,6,0,0,1,consecutive_neighbor
PAIR_POS_001226,FRAG_001321,FRAG_001322,FRAG_001321.bin,FRAG_001322.bin,sample_text_021.csv,sample_text_021.csv,text,text,3,4,0,0,1,consecutive_neighbor
PAIR_POS_000382,FRAG_000415,FRAG_000416,FRAG_000415.bin,FRAG_000416.bin,sample_pdf_009.pdf,sample_pdf_009.pdf,pdf,pdf,5,6,0,0,1,consecutive_neighbor
PAIR_POS_000147,FRAG_000164,FRAG_000165,FRAG_000164.bin,FRAG_000165.bin,sample_jpeg_018.jpeg,sample_jpeg_018.jpeg,jpeg,jpeg,2,3,0,0,1,consecutive_neighbor
PAIR_NEG_000955,FRAG_001146,FRAG_000054,FRAG_001146.bin,FRAG_000054.bin,sample_text_010.log,sample_jpeg_007.jpg,text,jpeg,7,1,0,0,0,negative_diff_type
PAIR_NEG_001426,FRAG_001499,FRAG_001182,FRAG_001499.bin,FRAG_001182.bin,sample_zip_013.zip,sample_text_012.log,zip,text,9,8,0,0,0,negative_diff_type
PAIR_POS_000727,FRAG_000776,FRAG_000777,FRAG_000776.bin,FRAG_000777.bin,sample_pdf_025.pdf,sample_pdf_025.pdf,pdf,pdf,8,9,0,0,1,consecutive_neighbor
PAIR_POS_001165,FRAG_001255,FRAG_001256,FRAG_001255.bin,FRAG_001256.bin,sample_text_016.json,sample_text_016.json,text,text,17,18,0,0,1,consecutive_neighbor
PAIR_POS_000661,FRAG_000705,FRAG_000706,FRAG_000705.bin,FRAG_000706.bin,sample_pdf_020.pdf,sample_pdf_020.pdf,pdf,pdf,32,33,0,0,1,consecutive_neighbor
PAIR_POS_000731,FRAG_000780,FRAG_000781,FRAG_000780.bin,FRAG_000781.bin,sample_pdf_025.pdf,sample_pdf_025.pdf,pdf,pdf,12,13,0,0,1,consecutive_neighbor
PAIR_NEG_000196,FRAG_000908,FRAG_000815,FRAG_000908.bin,FRAG_000815.bin,sample_png_013.png,sample_png_004.png,png,png,5,0,0,0,0,negative_same_type
PAIR_POS_000447,FRAG_000483,FRAG_000484,FRAG_000483.bin,FRAG_000484.bin,sample_pdf_012.pdf,sample_pdf_012.pdf,pdf,pdf,0,1,1,0,1,consecutive_neighbor
PAIR_NEG_000717,FRAG_001033,FRAG_001213,FRAG_001033.bin,FRAG_001213.bin,sample_text_001.json,sample_text_015.json,text,text,8,8,0,0,0,negative_same_type
PAIR_NEG_000908,FRAG_001574,FRAG_000193,FRAG_001574.bin,FRAG_000193.bin,sample_zip_019.zip,sample_jpeg_022.jpg,zip,jpeg,6,0,0,0,0,negative_diff_type
PAIR_POS_001357,FRAG_001467,FRAG_001468,FRAG_001467.bin,FRAG_001468.bin,sample_zip_011.zip,sample_zip_011.zip,zip,zip,4,5,0,0,1,consecutive_neighbor
PAIR_POS_001223,FRAG_001318,FRAG_001319,FRAG_001318.bin,FRAG_001319.bin,sample_text_021.csv,sample_text_021.csv,text,text,0,1,1,0,1,consecutive_neighbor
PAIR_NEG_000839,FRAG_000991,FRAG_001620,FRAG_000991.bin,FRAG_001620.bin,sample_png_022.png,sample_zip_024.zip,png,zip,3,3,0,0,0,negative_diff_type
PAIR_POS_000596,FRAG_000639,FRAG_000640,FRAG_000639.bin,FRAG_000640.bin,sample_pdf_019.pdf,sample_pdf_019.pdf,pdf,pdf,6,7,0,0,1,consecutive_neighbor
PAIR_POS_000151,FRAG_000168,FRAG_000169,FRAG_000168.bin,FRAG_000169.bin,sample_jpeg_018.jpeg,sample_jpeg_018.jpeg,jpeg,jpeg,6,7,0,1,1,consecutive_neighbor
PAIR_POS_001430,FRAG_001546,FRAG_001547,FRAG_001546.bin,FRAG_001547.bin,sample_zip_017.zip,sample_zip_017.zip,zip,zip,2,3,0,0,1,consecutive_neighbor
PAIR_POS_000226,FRAG_000251,FRAG_000252,FRAG_000251.bin,FRAG_000252.bin,sample_pdf_001.pdf,sample_pdf_001.pdf,pdf,pdf,26,27,0,0,1,consecutive_neighbor
PAIR_POS_000608,FRAG_000651,FRAG_000652,FRAG_000651.bin,FRAG_000652.bin,sample_pdf_019.pdf,sample_pdf_019.pdf,pdf,pdf,18,19,0,0,1,consecutive_neighbor
PAIR_POS_000758,FRAG_000810,FRAG_000811,FRAG_000810.bin,FRAG_000811.bin,sample_png_003.png,sample_png_003.png,png,png,1,2,0,0,1,consecutive_neighbor
PAIR_POS_000201,FRAG_000226,FRAG_000227,FRAG_000226.bin,FRAG_000227.bin,sample_pdf_001.pdf,sample_pdf_001.pdf,pdf,pdf,1,2,0,0,1,consecutive_neighbor
PAIR_POS_000851,FRAG_000914,FRAG_000915,FRAG_000914.bin,FRAG_000915.bin,sample_png_014.png,sample_png_014.png,png,png,3,4,0,0,1,consecutive_neighbor
PAIR_POS_001140,FRAG_001229,FRAG_001230,FRAG_001229.bin,FRAG_001230.bin,sample_text_015.json,sample_text_015.json,text,text,24,25,0,0,1,consecutive_neighbor
PAIR_POS_001003,FRAG_001081,FRAG_001082,FRAG_001081.bin,FRAG_001082.bin,sample_text_004.json,sample_text_004.json,text,text,14,15,0,0,1,consecutive_neighbor
PAIR_NEG_001128,FRAG_000147,FRAG_001306,FRAG_000147.bin,FRAG_001306.bin,sample_jpeg_016.jpeg,sample_text_020.txt,jpeg,text,7,4,0,0,0,negative_diff_type
PAIR_NEG_000853,FRAG_001216,FRAG_000104,FRAG_001216.bin,FRAG_000104.bin,sample_text_015.json,sample_jpeg_012.jpg,text,jpeg,11,5,0,0,0,negative_diff_type
PAIR_NEG_001488,FRAG_001010,FRAG_001347,FRAG_001010.bin,FRAG_001347.bin,sample_png_024.png,sample_text_024.txt,png,text,4,6,0,0,0,negative_diff_type
PAIR_NEG_000168,FRAG_000655,FRAG_000613,FRAG_000655.bin,FRAG_000613.bin,sample_pdf_019.pdf,sample_pdf_018.pdf,pdf,pdf,22,10,0,0,0,negative_same_type
PAIR_NEG_001203,FRAG_001265,FRAG_000014,FRAG_001265.bin,FRAG_000014.bin,sample_text_016.json,sample_jpeg_002.jpeg,text,jpeg,27,0,0,0,0,negative_diff_type
PAIR_NEG_000437,FRAG_000496,FRAG_000278,FRAG_000496.bin,FRAG_000278.bin,sample_pdf_012.pdf,sample_pdf_002.pdf,pdf,pdf,13,19,0,0,0,negative_same_type
PAIR_POS_000889,FRAG_000957,FRAG_000958,FRAG_000957.bin,FRAG_000958.bin,sample_png_019.png,sample_png_019.png,png,png,0,1,1,0,1,consecutive_neighbor
PAIR_POS_000975,FRAG_001051,FRAG_001052,FRAG_001051.bin,FRAG_001052.bin,sample_text_002.txt,sample_text_002.txt,text,text,8,9,0,0,1,consecutive_neighbor
PAIR_NEG_001401,FRAG_001515,FRAG_000022,FRAG_001515.bin,FRAG_000022.bin,sample_zip_014.zip,sample_jpeg_002.jpeg,zip,jpeg,12,8,0,0,0,negative_diff_type
PAIR_POS_000024,FRAG_000026,FRAG_000027,FRAG_000026.bin,FRAG_000027.bin,sample_jpeg_003.jpg,sample_jpeg_003.jpg,jpeg,jpeg,0,1,1,0,1,consecutive_neighbor
PAIR_NEG_001284,FRAG_000012,FRAG_001349,FRAG_000012.bin,FRAG_001349.bin,sample_jpeg_001.jpeg,sample_text_024.txt,jpeg,text,11,8,0,0,0,negative_diff_type
PAIR_NEG_000531,FRAG_000978,FRAG_000817,FRAG_000978.bin,FRAG_000817.bin,sample_png_021.png,sample_png_004.png,png,png,4,2,0,0,0,negative_same_type
PAIR_NEG_000527,FRAG_001466,FRAG_001534,FRAG_001466.bin,FRAG_001534.bin,sample_zip_011.zip,sample_zip_016.zip,zip,zip,3,4,0,0,0,negative_same_type
PAIR_NEG_001170,FRAG_001458,FRAG_000050,FRAG_001458.bin,FRAG_000050.bin,sample_zip_010.zip,sample_jpeg_006.jpg,zip,jpeg,3,2,0,0,0,negative_diff_type
PAIR_POS_000051,FRAG_000057,FRAG_000058,FRAG_000057.bin,FRAG_000058.bin,sample_jpeg_007.jpg,sample_jpeg_007.jpg,jpeg,jpeg,4,5,0,1,1,consecutive_neighbor
PAIR_POS_001037,FRAG_001119,FRAG_001120,FRAG_001119.bin,FRAG_001120.bin,sample_text_008.json,sample_text_008.json,text,text,11,12,0,0,1,consecutive_neighbor
PAIR_POS_000015,FRAG_000016,FRAG_000017,FRAG_000016.bin,FRAG_000017.bin,sample_jpeg_002.jpeg,sample_jpeg_002.jpeg,jpeg,jpeg,2,3,0,0,1,consecutive_neighbor
PAIR_NEG_000833,FRAG_001129,FRAG_000890,FRAG_001129.bin,FRAG_000890.bin,sample_text_009.txt,sample_png_011.png,text,png,1,2,0,0,0,negative_diff_type
PAIR_NEG_000863,FRAG_000849,FRAG_000151,FRAG_000849.bin,FRAG_000151.bin,sample_png_007.png,sample_jpeg_017.jpg,png,jpeg,3,3,0,0,0,negative_diff_type
PAIR_POS_000482,FRAG_000519,FRAG_000520,FRAG_000519.bin,FRAG_000520.bin,sample_pdf_013.pdf,sample_pdf_013.pdf,pdf,pdf,1,2,0,0,1,consecutive_neighbor
PAIR_POS_000741,FRAG_000790,FRAG_000791,FRAG_000790.bin,FRAG_000791.bin,sample_pdf_025.pdf,sample_pdf_025.pdf,pdf,pdf,22,23,0,0,1,consecutive_neighbor
PAIR_POS_001183,FRAG_001274,FRAG_001275,FRAG_001274.bin,FRAG_001275.bin,sample_text_017.txt,sample_text_017.txt,text,text,8,9,0,0,1,consecutive_neighbor
PAIR_NEG_000316,FRAG_000220,FRAG_000042,FRAG_000220.bin,FRAG_000042.bin,sample_jpeg_025.jpg,sample_jpeg_005.jpg,jpeg,jpeg,6,0,0,0,0,negative_same_type
PAIR_POS_001268,FRAG_001367,FRAG_001368,FRAG_001367.bin,FRAG_001368.bin,sample_text_025.log,sample_text_025.log,text,text,9,10,0,0,1,consecutive_neighbor
PAIR_NEG_001487,FRAG_000445,FRAG_000209,FRAG_000445.bin,FRAG_000209.bin,sample_pdf_010.pdf,sample_jpeg_024.jpeg,pdf,jpeg,0,4,1,0,0,negative_diff_type
PAIR_NEG_000207,FRAG_000091,FRAG_000077,FRAG_000091.bin,FRAG_000077.bin,sample_jpeg_010.jpg,sample_jpeg_009.jpeg,jpeg,jpeg,13,7,0,1,0,negative_same_type
PAIR_POS_000211,FRAG_000236,FRAG_000237,FRAG_000236.bin,FRAG_000237.bin,sample_pdf_001.pdf,sample_pdf_001.pdf,pdf,pdf,11,12,0,0,1,consecutive_neighbor
PAIR_NEG_001176,FRAG_001460,FRAG_001267,FRAG_001460.bin,FRAG_001267.bin,sample_zip_010.zip,sample_text_017.txt,zip,text,5,1,0,0,0,negative_diff_type
PAIR_POS_000593,FRAG_000636,FRAG_000637,FRAG_000636.bin,FRAG_000637.bin,sample_pdf_019.pdf,sample_pdf_019.pdf,pdf,pdf,3,4,0,0,1,consecutive_neighbor
PAIR_POS_000665,FRAG_000710,FRAG_000711,FRAG_000710.bin,FRAG_000711.bin,sample_pdf_021.pdf,sample_pdf_021.pdf,pdf,pdf,2,3,0,0,1,consecutive_neighbor
PAIR_POS_000615,FRAG_000658,FRAG_000659,FRAG_000658.bin,FRAG_000659.bin,sample_pdf_019.pdf,sample_pdf_019.pdf,pdf,pdf,25,26,0,0,1,consecutive_neighbor
PAIR_POS_001373,FRAG_001484,FRAG_001485,FRAG_001484.bin,FRAG_001485.bin,sample_zip_012.zip,sample_zip_012.zip,zip,zip,2,3,0,0,1,consecutive_neighbor
PAIR_POS_000700,FRAG_000747,FRAG_000748,FRAG_000747.bin,FRAG_000748.bin,sample_pdf_023.pdf,sample_pdf_023.pdf,pdf,pdf,5,6,0,0,1,consecutive_neighbor
PAIR_NEG_001236,FRAG_000051,FRAG_001336,FRAG_000051.bin,FRAG_001336.bin,sample_jpeg_006.jpg,sample_text_022.log,jpeg,text,3,11,0,1,0,negative_diff_type
PAIR_NEG_000821,FRAG_001568,FRAG_000473,FRAG_001568.bin,FRAG_000473.bin,sample_zip_019.zip,sample_pdf_011.pdf,zip,pdf,0,20,1,0,0,negative_diff_type
PAIR_NEG_000743,FRAG_000993,FRAG_001001,FRAG_000993.bin,FRAG_001001.bin,sample_png_022.png,sample_png_023.png,png,png,5,5,0,0,0,negative_same_type
PAIR_NEG_000040,FRAG_000852,FRAG_000831,FRAG_000852.bin,FRAG_000831.bin,sample_png_007.png,sample_png_005.png,png,png,6,4,0,0,0,negative_same_type
PAIR_POS_000655,FRAG_000699,FRAG_000700,FRAG_000699.bin,FRAG_000700.bin,sample_pdf_020.pdf,sample_pdf_020.pdf,pdf,pdf,26,27,0,0,1,consecutive_neighbor
PAIR_NEG_000584,FRAG_001586,FRAG_001426,FRAG_001586.bin,FRAG_001426.bin,sample_zip_020.zip,sample_zip_007.zip,zip,zip,10,2,0,0,0,negative_same_type
PAIR_NEG_000062,FRAG_000356,FRAG_000711,FRAG_000356.bin,FRAG_000711.bin,sample_pdf_006.pdf,sample_pdf_021.pdf,pdf,pdf,8,3,0,0,0,negative_same_type
PAIR_NEG_000887,FRAG_001272,FRAG_000996,FRAG_001272.bin,FRAG_000996.bin,sample_text_017.txt,sample_png_023.png,text,png,6,0,0,0,0,negative_diff_type
PAIR_POS_000350,FRAG_000381,FRAG_000382,FRAG_000381.bin,FRAG_000382.bin,sample_pdf_007.pdf,sample_pdf_007.pdf,pdf,pdf,11,12,0,0,1,consecutive_neighbor
PAIR_POS_001487,FRAG_001608,FRAG_001609,FRAG_001608.bin,FRAG_001609.bin,sample_zip_022.zip,sample_zip_022.zip,zip,zip,5,6,0,1,1,consecutive_neighbor
PAIR_NEG_001273,FRAG_001630,FRAG_000939,FRAG_001630.bin,FRAG_000939.bin,sample_zip_025.zip,sample_png_017.png,zip,png,7,0,0,0,0,negative_diff_type
PAIR_POS_000468,FRAG_000504,FRAG_000505,FRAG_000504.bin,FRAG_000505.bin,sample_pdf_012.pdf,sample_pdf_012.pdf,pdf,pdf,21,22,0,0,1,consecutive_neighbor
PAIR_POS_000374,FRAG_000406,FRAG_000407,FRAG_000406.bin,FRAG_000407.bin,sample_pdf_008.pdf,sample_pdf_008.pdf,pdf,pdf,16,17,0,0,1,consecutive_neighbor
PAIR_POS_000507,FRAG_000545,FRAG_000546,FRAG_000545.bin,FRAG_000546.bin,sample_pdf_014.pdf,sample_pdf_014.pdf,pdf,pdf,18,19,0,0,1,consecutive_neighbor
PAIR_POS_000672,FRAG_000717,FRAG_000718,FRAG_000717.bin,FRAG_000718.bin,sample_pdf_021.pdf,sample_pdf_021.pdf,pdf,pdf,9,10,0,0,1,consecutive_neighbor
PAIR_POS_001328,FRAG_001435,FRAG_001436,FRAG_001435.bin,FRAG_001436.bin,sample_zip_008.zip,sample_zip_008.zip,zip,zip,3,4,0,0,1,consecutive_neighbor
PAIR_NEG_001380,FRAG_000195,FRAG_000724,FRAG_000195.bin,FRAG_000724.bin,sample_jpeg_022.jpg,sample_pdf_022.pdf,jpeg,pdf,2,4,0,0,0,negative_diff_type
PAIR_NEG_001404,FRAG_001631,FRAG_000495,FRAG_001631.bin,FRAG_000495.bin,sample_zip_025.zip,sample_pdf_012.pdf,zip,pdf,8,12,0,0,0,negative_diff_type
PAIR_NEG_000351,FRAG_001047,FRAG_001187,FRAG_001047.bin,FRAG_001187.bin,sample_text_002.txt,sample_text_012.log,text,text,4,13,0,1,0,negative_same_type
PAIR_NEG_001232,FRAG_000234,FRAG_001524,FRAG_000234.bin,FRAG_001524.bin,sample_pdf_001.pdf,sample_zip_015.zip,pdf,zip,9,4,0,0,0,negative_diff_type
PAIR_NEG_000347,FRAG_000881,FRAG_000937,FRAG_000881.bin,FRAG_000937.bin,sample_png_010.png,sample_png_016.png,png,png,0,10,1,0,0,negative_same_type
PAIR_NEG_001178,FRAG_000868,FRAG_000008,FRAG_000868.bin,FRAG_000008.bin,sample_png_008.png,sample_jpeg_001.jpeg,png,jpeg,13,7,0,0,0,negative_diff_type
PAIR_POS_000103,FRAG_000115,FRAG_000116,FRAG_000115.bin,FRAG_000116.bin,sample_jpeg_013.jpeg,sample_jpeg_013.jpeg,jpeg,jpeg,3,4,0,0,1,consecutive_neighbor
PAIR_NEG_000335,FRAG_000735,FRAG_000523,FRAG_000735.bin,FRAG_000523.bin,sample_pdf_022.pdf,sample_pdf_013.pdf,pdf,pdf,15,5,0,0,0,negative_same_type
PAIR_NEG_001020,FRAG_000207,FRAG_000905,FRAG_000207.bin,FRAG_000905.bin,sample_jpeg_024.jpeg,sample_png_013.png,jpeg,png,2,2,0,0,0,negative_diff_type
PAIR_NEG_000182,FRAG_000618,FRAG_000731,FRAG_000618.bin,FRAG_000731.bin,sample_pdf_018.pdf,sample_pdf_022.pdf,pdf,pdf,15,11,0,0,0,negative_same_type
PAIR_NEG_000099,FRAG_000149,FRAG_000189,FRAG_000149.bin,FRAG_000189.bin,sample_jpeg_017.jpg,sample_jpeg_021.jpg,jpeg,jpeg,1,2,0,0,0,negative_same_type
PAIR_POS_000555,FRAG_000596,FRAG_000597,FRAG_000596.bin,FRAG_000597.bin,sample_pdf_017.pdf,sample_pdf_017.pdf,pdf,pdf,13,14,0,0,1,consecutive_neighbor
PAIR_NEG_000978,FRAG_000534,FRAG_001451,FRAG_000534.bin,FRAG_001451.bin,sample_pdf_014.pdf,sample_zip_009.zip,pdf,zip,7,7,0,0,0,negative_diff_type
PAIR_POS_000737,FRAG_000786,FRAG_000787,FRAG_000786.bin,FRAG_000787.bin,sample_pdf_025.pdf,sample_pdf_025.pdf,pdf,pdf,18,19,0,0,1,consecutive_neighbor
PAIR_POS_000464,FRAG_000500,FRAG_000501,FRAG_000500.bin,FRAG_000501.bin,sample_pdf_012.pdf,sample_pdf_012.pdf,pdf,pdf,17,18,0,0,1,consecutive_neighbor
PAIR_NEG_000939,FRAG_001309,FRAG_000395,FRAG_001309.bin,FRAG_000395.bin,sample_text_020.txt,sample_pdf_008.pdf,text,pdf,7,5,0,0,0,negative_diff_type
PAIR_POS_000371,FRAG_000403,FRAG_000404,FRAG_000403.bin,FRAG_000404.bin,sample_pdf_008.pdf,sample_pdf_008.pdf,pdf,pdf,13,14,0,0,1,consecutive_neighbor
PAIR_NEG_000339,FRAG_001122,FRAG_001331,FRAG_001122.bin,FRAG_001331.bin,sample_text_008.json,sample_text_022.log,text,text,14,6,0,0,0,negative_same_type
PAIR_NEG_000387,FRAG_000994,FRAG_001000,FRAG_000994.bin,FRAG_001000.bin,sample_png_022.png,sample_png_023.png,png,png,6,4,0,0,0,negative_same_type
PAIR_POS_000583,FRAG_000625,FRAG_000626,FRAG_000625.bin,FRAG_000626.bin,sample_pdf_018.pdf,sample_pdf_018.pdf,pdf,pdf,22,23,0,0,1,consecutive_neighbor
PAIR_NEG_000606,FRAG_001043,FRAG_001175,FRAG_001043.bin,FRAG_001175.bin,sample_text_002.txt,sample_text_012.log,text,text,0,1,1,0,0,negative_same_type
PAIR_NEG_000994,FRAG_000327,FRAG_000036,FRAG_000327.bin,FRAG_000036.bin,sample_pdf_005.pdf,sample_jpeg_004.jpeg,pdf,jpeg,13,2,0,0,0,negative_diff_type
PAIR_POS_001206,FRAG_001299,FRAG_001300,FRAG_001299.bin,FRAG_001300.bin,sample_text_019.txt,sample_text_019.txt,text,text,12,13,0,0,1,consecutive_neighbor
PAIR_NEG_000219,FRAG_001192,FRAG_001133,FRAG_001192.bin,FRAG_001133.bin,sample_text_013.csv,sample_text_009.txt,text,text,4,5,0,0,0,negative_same_type
PAIR_POS_000682,FRAG_000728,FRAG_000729,FRAG_000728.bin,FRAG_000729.bin,sample_pdf_022.pdf,sample_pdf_022.pdf,pdf,pdf,8,9,0,0,1,consecutive_neighbor
PAIR_NEG_000378,FRAG_000300,FRAG_000677,FRAG_000300.bin,FRAG_000677.bin,sample_pdf_003.pdf,sample_pdf_020.pdf,pdf,pdf,20,4,0,0,0,negative_same_type
PAIR_POS_001172,FRAG_001262,FRAG_001263,FRAG_001262.bin,FRAG_001263.bin,sample_text_016.json,sample_text_016.json,text,text,24,25,0,0,1,consecutive_neighbor
PAIR_POS_001248,FRAG_001346,FRAG_001347,FRAG_001346.bin,FRAG_001347.bin,sample_text_024.txt,sample_text_024.txt,text,text,5,6,0,0,1,consecutive_neighbor
PAIR_NEG_000119,FRAG_001524,FRAG_001374,FRAG_001524.bin,FRAG_001374.bin,sample_zip_015.zip,sample_zip_001.zip,zip,zip,4,4,0,0,0,negative_same_type
PAIR_NEG_000289,FRAG_000441,FRAG_000495,FRAG_000441.bin,FRAG_000495.bin,sample_pdf_009.pdf,sample_pdf_012.pdf,pdf,pdf,31,12,0,0,0,negative_same_type
PAIR_POS_001193,FRAG_001285,FRAG_001286,FRAG_001285.bin,FRAG_001286.bin,sample_text_018.csv,sample_text_018.csv,text,text,8,9,0,1,1,consecutive_neighbor
PAIR_NEG_001252,FRAG_001164,FRAG_001567,FRAG_001164.bin,FRAG_001567.bin,sample_text_011.json,sample_zip_018.zip,text,zip,17,9,0,1,0,negative_diff_type
PAIR_NEG_001045,FRAG_000183,FRAG_000511,FRAG_000183.bin,FRAG_000511.bin,sample_jpeg_020.jpg,sample_pdf_012.pdf,jpeg,pdf,1,28,0,0,0,negative_diff_type
PAIR_NEG_000603,FRAG_000935,FRAG_000882,FRAG_000935.bin,FRAG_000882.bin,sample_png_016.png,sample_png_010.png,png,png,8,1,0,0,0,negative_same_type
PAIR_NEG_000075,FRAG_000132,FRAG_000061,FRAG_000132.bin,FRAG_000061.bin,sample_jpeg_015.jpeg,sample_jpeg_008.jpeg,jpeg,jpeg,7,2,0,0,0,negative_same_type
PAIR_NEG_000773,FRAG_001253,FRAG_000498,FRAG_001253.bin,FRAG_000498.bin,sample_text_016.json,sample_pdf_012.pdf,text,pdf,15,15,0,0,0,negative_diff_type
PAIR_POS_000161,FRAG_000179,FRAG_000180,FRAG_000179.bin,FRAG_000180.bin,sample_jpeg_019.jpg,sample_jpeg_019.jpg,jpeg,jpeg,9,10,0,0,1,consecutive_neighbor
PAIR_NEG_000109,FRAG_001637,FRAG_001531,FRAG_001637.bin,FRAG_001531.bin,sample_zip_025.zip,sample_zip_016.zip,zip,zip,14,1,0,0,0,negative_same_type
PAIR_NEG_001148,FRAG_001346,FRAG_000376,FRAG_001346.bin,FRAG_000376.bin,sample_text_024.txt,sample_pdf_007.pdf,text,pdf,5,6,0,0,0,negative_diff_type
PAIR_NEG_000613,FRAG_000907,FRAG_001023,FRAG_000907.bin,FRAG_001023.bin,sample_png_013.png,sample_png_025.png,png,png,4,12,0,0,0,negative_same_type
PAIR_POS_001007,FRAG_001086,FRAG_001087,FRAG_001086.bin,FRAG_001087.bin,sample_text_005.csv,sample_text_005.csv,text,text,1,2,0,0,1,consecutive_neighbor
PAIR_POS_000174,FRAG_000195,FRAG_000196,FRAG_000195.bin,FRAG_000196.bin,sample_jpeg_022.jpg,sample_jpeg_022.jpg,jpeg,jpeg,2,3,0,0,1,consecutive_neighbor
PAIR_NEG_000360,FRAG_001014,FRAG_000968,FRAG_001014.bin,FRAG_000968.bin,sample_png_025.png,sample_png_019.png,png,png,3,11,0,1,0,negative_same_type
PAIR_NEG_000338,FRAG_001307,FRAG_001099,FRAG_001307.bin,FRAG_001099.bin,sample_text_020.txt,sample_text_007.csv,text,text,5,1,0,0,0,negative_same_type
PAIR_POS_000448,FRAG_000484,FRAG_000485,FRAG_000484.bin,FRAG_000485.bin,sample_pdf_012.pdf,sample_pdf_012.pdf,pdf,pdf,1,2,0,0,1,consecutive_neighbor
PAIR_NEG_001347,FRAG_000783,FRAG_001176,FRAG_000783.bin,FRAG_001176.bin,sample_pdf_025.pdf,sample_text_012.log,pdf,text,15,2,0,0,0,negative_diff_type
PAIR_POS_000158,FRAG_000176,FRAG_000177,FRAG_000176.bin,FRAG_000177.bin,sample_jpeg_019.jpg,sample_jpeg_019.jpg,jpeg,jpeg,6,7,0,0,1,consecutive_neighbor
PAIR_NEG_000640,FRAG_000517,FRAG_000727,FRAG_000517.bin,FRAG_000727.bin,sample_pdf_012.pdf,sample_pdf_022.pdf,pdf,pdf,34,7,0,0,0,negative_same_type
PAIR_NEG_001310,FRAG_001349,FRAG_000601,FRAG_001349.bin,FRAG_000601.bin,sample_text_024.txt,sample_pdf_017.pdf,text,pdf,8,18,0,0,0,negative_diff_type
PAIR_NEG_000103,FRAG_000283,FRAG_000745,FRAG_000283.bin,FRAG_000745.bin,sample_pdf_003.pdf,sample_pdf_023.pdf,pdf,pdf,3,3,0,0,0,negative_same_type
PAIR_POS_001282,FRAG_001383,FRAG_001384,FRAG_001383.bin,FRAG_001384.bin,sample_zip_002.zip,sample_zip_002.zip,zip,zip,3,4,0,1,1,consecutive_neighbor
PAIR_NEG_000047,FRAG_000175,FRAG_000138,FRAG_000175.bin,FRAG_000138.bin,sample_jpeg_019.jpg,sample_jpeg_015.jpeg,jpeg,jpeg,5,13,0,0,0,negative_same_type
PAIR_POS_000172,FRAG_000193,FRAG_000194,FRAG_000193.bin,FRAG_000194.bin,sample_jpeg_022.jpg,sample_jpeg_022.jpg,jpeg,jpeg,0,1,1,0,1,consecutive_neighbor
PAIR_NEG_000147,FRAG_000453,FRAG_000249,FRAG_000453.bin,FRAG_000249.bin,sample_pdf_011.pdf,sample_pdf_001.pdf,pdf,pdf,0,24,1,0,0,negative_same_type
PAIR_NEG_000240,FRAG_000813,FRAG_000925,FRAG_000813.bin,FRAG_000925.bin,sample_png_003.png,sample_png_015.png,png,png,4,3,0,0,0,negative_same_type
PAIR_POS_001011,FRAG_001091,FRAG_001092,FRAG_001091.bin,FRAG_001092.bin,sample_text_006.log,sample_text_006.log,text,text,1,2,0,0,1,consecutive_neighbor
PAIR_NEG_000363,FRAG_001405,FRAG_001490,FRAG_001405.bin,FRAG_001490.bin,sample_zip_005.zip,sample_zip_013.zip,zip,zip,4,0,0,0,0,negative_same_type
PAIR_POS_001331,FRAG_001438,FRAG_001439,FRAG_001438.bin,FRAG_001439.bin,sample_zip_008.zip,sample_zip_008.zip,zip,zip,6,7,0,0,1,consecutive_neighbor
PAIR_NEG_000930,FRAG_000931,FRAG_001352,FRAG_000931.bin,FRAG_001352.bin,sample_png_016.png,sample_text_024.txt,png,text,4,11,0,0,0,negative_diff_type
PAIR_NEG_000288,FRAG_001400,FRAG_001420,FRAG_001400.bin,FRAG_001420.bin,sample_zip_004.zip,sample_zip_006.zip,zip,zip,5,10,0,0,0,negative_same_type
PAIR_NEG_001506,FRAG_000135,FRAG_001067,FRAG_000135.bin,FRAG_001067.bin,sample_jpeg_015.jpeg,sample_text_004.json,jpeg,text,10,0,0,0,0,negative_diff_type
PAIR_POS_000271,FRAG_000298,FRAG_000299,FRAG_000298.bin,FRAG_000299.bin,sample_pdf_003.pdf,sample_pdf_003.pdf,pdf,pdf,18,19,0,0,1,consecutive_neighbor
PAIR_POS_000838,FRAG_000899,FRAG_000900,FRAG_000899.bin,FRAG_000900.bin,sample_png_012.png,sample_png_012.png,png,png,2,3,0,0,1,consecutive_neighbor
PAIR_POS_000831,FRAG_000891,FRAG_000892,FRAG_000891.bin,FRAG_000892.bin,sample_png_011.png,sample_png_011.png,png,png,3,4,0,0,1,consecutive_neighbor
PAIR_POS_000912,FRAG_000982,FRAG_000983,FRAG_000982.bin,FRAG_000983.bin,sample_png_021.png,sample_png_021.png,png,png,8,9,0,0,1,consecutive_neighbor
PAIR_NEG_001434,FRAG_000951,FRAG_000010,FRAG_000951.bin,FRAG_000010.bin,sample_png_018.png,sample_jpeg_001.jpeg,png,jpeg,6,9,0,0,0,negative_diff_type
PAIR_POS_001106,FRAG_001193,FRAG_001194,FRAG_001193.bin,FRAG_001194.bin,sample_text_013.csv,sample_text_013.csv,text,text,5,6,0,0,1,consecutive_neighbor
PAIR_NEG_001340,FRAG_001033,FRAG_000895,FRAG_001033.bin,FRAG_000895.bin,sample_text_001.json,sample_png_011.png,text,png,8,7,0,0,0,negative_diff_type
PAIR_NEG_000162,FRAG_001060,FRAG_001365,FRAG_001060.bin,FRAG_001365.bin,sample_text_003.log,sample_text_025.log,text,text,1,7,0,0,0,negative_same_type
PAIR_POS_000133,FRAG_000149,FRAG_000150,FRAG_000149.bin,FRAG_000150.bin,sample_jpeg_017.jpg,sample_jpeg_017.jpg,jpeg,jpeg,1,2,0,0,1,consecutive_neighbor
PAIR_POS_000927,FRAG_000999,FRAG_001000,FRAG_000999.bin,FRAG_001000.bin,sample_png_023.png,sample_png_023.png,png,png,3,4,0,0,1,consecutive_neighbor
PAIR_NEG_001184,FRAG_001510,FRAG_000904,FRAG_001510.bin,FRAG_000904.bin,sample_zip_014.zip,sample_png_013.png,zip,png,7,1,0,0,0,negative_diff_type
PAIR_POS_000671,FRAG_000716,FRAG_000717,FRAG_000716.bin,FRAG_000717.bin,sample_pdf_021.pdf,sample_pdf_021.pdf,pdf,pdf,8,9,0,0,1,consecutive_neighbor
PAIR_POS_000564,FRAG_000606,FRAG_000607,FRAG_000606.bin,FRAG_000607.bin,sample_pdf_018.pdf,sample_pdf_018.pdf,pdf,pdf,3,4,0,0,1,consecutive_neighbor
PAIR_NEG_000429,FRAG_001475,FRAG_001405,FRAG_001475.bin,FRAG_001405.bin,sample_zip_011.zip,sample_zip_005.zip,zip,zip,12,4,0,0,0,negative_same_type
PAIR_NEG_001209,FRAG_000724,FRAG_000086,FRAG_000724.bin,FRAG_000086.bin,sample_pdf_022.pdf,sample_jpeg_010.jpg,pdf,jpeg,4,8,0,0,0,negative_diff_type
PAIR_NEG_001253,FRAG_001357,FRAG_001455,FRAG_001357.bin,FRAG_001455.bin,sample_text_024.txt,sample_zip_010.zip,text,zip,16,0,0,0,0,negative_diff_type
PAIR_POS_000754,FRAG_000805,FRAG_000806,FRAG_000805.bin,FRAG_000806.bin,sample_png_002.png,sample_png_002.png,png,png,2,3,0,0,1,consecutive_neighbor
PAIR_NEG_000998,FRAG_000053,FRAG_000928,FRAG_000053.bin,FRAG_000928.bin,sample_jpeg_007.jpg,sample_png_016.png,jpeg,png,0,1,1,0,0,negative_diff_type
PAIR_NEG_000409,FRAG_001537,FRAG_001483,FRAG_001537.bin,FRAG_001483.bin,sample_zip_016.zip,sample_zip_012.zip,zip,zip,7,1,0,0,0,negative_same_type
PAIR_NEG_001065,FRAG_001418,FRAG_000698,FRAG_001418.bin,FRAG_000698.bin,sample_zip_006.zip,sample_pdf_020.pdf,zip,pdf,8,25,0,0,0,negative_diff_type
PAIR_POS_000550,FRAG_000591,FRAG_000592,FRAG_000591.bin,FRAG_000592.bin,sample_pdf_017.pdf,sample_pdf_017.pdf,pdf,pdf,8,9,0,0,1,consecutive_neighbor
PAIR_NEG_000441,FRAG_001425,FRAG_001601,FRAG_001425.bin,FRAG_001601.bin,sample_zip_007.zip,sample_zip_021.zip,zip,zip,1,12,0,0,0,negative_same_type
PAIR_POS_000326,FRAG_000356,FRAG_000357,FRAG_000356.bin,FRAG_000357.bin,sample_pdf_006.pdf,sample_pdf_006.pdf,pdf,pdf,8,9,0,0,1,consecutive_neighbor
PAIR_POS_001472,FRAG_001592,FRAG_001593,FRAG_001592.bin,FRAG_001593.bin,sample_zip_021.zip,sample_zip_021.zip,zip,zip,3,4,0,0,1,consecutive_neighbor
PAIR_POS_000107,FRAG_000119,FRAG_000120,FRAG_000119.bin,FRAG_000120.bin,sample_jpeg_013.jpeg,sample_jpeg_013.jpeg,jpeg,jpeg,7,8,0,1,1,consecutive_neighbor
PAIR_NEG_000858,FRAG_000217,FRAG_001247,FRAG_000217.bin,FRAG_001247.bin,sample_jpeg_025.jpg,sample_text_016.json,jpeg,text,3,9,0,0,0,negative_diff_type
PAIR_POS_000952,FRAG_001027,FRAG_001028,FRAG_001027.bin,FRAG_001028.bin,sample_text_001.json,sample_text_001.json,text,text,2,3,0,0,1,consecutive_neighbor
PAIR_POS_000946,FRAG_001020,FRAG_001021,FRAG_001020.bin,FRAG_001021.bin,sample_png_025.png,sample_png_025.png,png,png,9,10,0,0,1,consecutive_neighbor
PAIR_NEG_000811,FRAG_001534,FRAG_000856,FRAG_001534.bin,FRAG_000856.bin,sample_zip_016.zip,sample_png_008.png,zip,png,4,1,0,0,0,negative_diff_type
PAIR_POS_001094,FRAG_001180,FRAG_001181,FRAG_001180.bin,FRAG_001181.bin,sample_text_012.log,sample_text_012.log,text,text,6,7,0,0,1,consecutive_neighbor
PAIR_POS_000108,FRAG_000121,FRAG_000122,FRAG_000121.bin,FRAG_000122.bin,sample_jpeg_014.jpeg,sample_jpeg_014.jpeg,jpeg,jpeg,0,1,1,0,1,consecutive_neighbor
PAIR_POS_000757,FRAG_000809,FRAG_000810,FRAG_000809.bin,FRAG_000810.bin,sample_png_003.png,sample_png_003.png,png,png,0,1,1,0,1,consecutive_neighbor
PAIR_POS_000539,FRAG_000579,FRAG_000580,FRAG_000579.bin,FRAG_000580.bin,sample_pdf_016.pdf,sample_pdf_016.pdf,pdf,pdf,18,19,0,0,1,consecutive_neighbor
PAIR_POS_000438,FRAG_000473,FRAG_000474,FRAG_000473.bin,FRAG_000474.bin,sample_pdf_011.pdf,sample_pdf_011.pdf,pdf,pdf,20,21,0,0,1,consecutive_neighbor
PAIR_NEG_001419,FRAG_000148,FRAG_001637,FRAG_000148.bin,FRAG_001637.bin,sample_jpeg_017.jpg,sample_zip_025.zip,jpeg,zip,0,14,1,1,0,negative_diff_type
PAIR_POS_000623,FRAG_000666,FRAG_000667,FRAG_000666.bin,FRAG_000667.bin,sample_pdf_019.pdf,sample_pdf_019.pdf,pdf,pdf,33,34,0,0,1,consecutive_neighbor
PAIR_POS_001122,FRAG_001211,FRAG_001212,FRAG_001211.bin,FRAG_001212.bin,sample_text_015.json,sample_text_015.json,text,text,6,7,0,0,1,consecutive_neighbor
PAIR_NEG_001158,FRAG_000071,FRAG_000637,FRAG_000071.bin,FRAG_000637.bin,sample_jpeg_009.jpeg,sample_pdf_019.pdf,jpeg,pdf,1,4,0,0,0,negative_diff_type
PAIR_POS_001243,FRAG_001341,FRAG_001342,FRAG_001341.bin,FRAG_001342.bin,sample_text_024.txt,sample_text_024.txt,text,text,0,1,1,0,1,consecutive_neighbor
PAIR_NEG_000173,FRAG_001251,FRAG_001134,FRAG_001251.bin,FRAG_001134.bin,sample_text_016.json,sample_text_009.txt,text,text,13,6,0,0,0,negative_same_type
PAIR_NEG_000184,FRAG_000193,FRAG_000221,FRAG_000193.bin,FRAG_000221.bin,sample_jpeg_022.jpg,sample_jpeg_025.jpg,jpeg,jpeg,0,7,1,0,0,negative_same_type
PAIR_POS_001306,FRAG_001411,FRAG_001412,FRAG_001411.bin,FRAG_001412.bin,sample_zip_006.zip,sample_zip_006.zip,zip,zip,1,2,0,0,1,consecutive_neighbor
PAIR_NEG_000916,FRAG_000996,FRAG_001130,FRAG_000996.bin,FRAG_001130.bin,sample_png_023.png,sample_text_009.txt,png,text,0,2,1,0,0,negative_diff_type
PAIR_POS_000597,FRAG_000640,FRAG_000641,FRAG_000640.bin,FRAG_000641.bin,sample_pdf_019.pdf,sample_pdf_019.pdf,pdf,pdf,7,8,0,0,1,consecutive_neighbor
PAIR_NEG_000881,FRAG_001567,FRAG_000799,FRAG_001567.bin,FRAG_000799.bin,sample_zip_018.zip,sample_png_001.png,zip,png,9,3,0,0,0,negative_diff_type
PAIR_POS_000755,FRAG_000806,FRAG_000807,FRAG_000806.bin,FRAG_000807.bin,sample_png_002.png,sample_png_002.png,png,png,3,4,0,0,1,consecutive_neighbor
PAIR_POS_000485,FRAG_000522,FRAG_000523,FRAG_000522.bin,FRAG_000523.bin,sample_pdf_013.pdf,sample_pdf_013.pdf,pdf,pdf,4,5,0,0,1,consecutive_neighbor
PAIR_NEG_000672,FRAG_000960,FRAG_000873,FRAG_000960.bin,FRAG_000873.bin,sample_png_019.png,sample_png_009.png,png,png,3,4,0,0,0,negative_same_type
PAIR_NEG_000771,FRAG_000036,FRAG_000713,FRAG_000036.bin,FRAG_000713.bin,sample_jpeg_004.jpeg,sample_pdf_021.pdf,jpeg,pdf,2,5,0,0,0,negative_diff_type
PAIR_POS_000278,FRAG_000306,FRAG_000307,FRAG_000306.bin,FRAG_000307.bin,sample_pdf_004.pdf,sample_pdf_004.pdf,pdf,pdf,0,1,1,0,1,consecutive_neighbor
PAIR_POS_001301,FRAG_001405,FRAG_001406,FRAG_001405.bin,FRAG_001406.bin,sample_zip_005.zip,sample_zip_005.zip,zip,zip,4,5,0,0,1,consecutive_neighbor
PAIR_NEG_001161,FRAG_000801,FRAG_001542,FRAG_000801.bin,FRAG_001542.bin,sample_png_001.png,sample_zip_016.zip,png,zip,5,12,0,0,0,negative_diff_type
PAIR_NEG_001068,FRAG_001347,FRAG_000961,FRAG_001347.bin,FRAG_000961.bin,sample_text_024.txt,sample_png_019.png,text,png,6,4,0,0,0,negative_diff_type
PAIR_POS_000595,FRAG_000638,FRAG_000639,FRAG_000638.bin,FRAG_000639.bin,sample_pdf_019.pdf,sample_pdf_019.pdf,pdf,pdf,5,6,0,0,1,consecutive_neighbor
PAIR_NEG_001021,FRAG_000863,FRAG_000183,FRAG_000863.bin,FRAG_000183.bin,sample_png_008.png,sample_jpeg_020.jpg,png,jpeg,8,1,0,0,0,negative_diff_type
PAIR_NEG_001130,FRAG_000023,FRAG_001175,FRAG_000023.bin,FRAG_001175.bin,sample_jpeg_002.jpeg,sample_text_012.log,jpeg,text,9,1,0,0,0,negative_diff_type
PAIR_NEG_000634,FRAG_001185,FRAG_001357,FRAG_001185.bin,FRAG_001357.bin,sample_text_012.log,sample_text_024.txt,text,text,11,16,0,1,0,negative_same_type
PAIR_POS_001266,FRAG_001365,FRAG_001366,FRAG_001365.bin,FRAG_001366.bin,sample_text_025.log,sample_text_025.log,text,text,7,8,0,0,1,consecutive_neighbor
PAIR_POS_000566,FRAG_000608,FRAG_000609,FRAG_000608.bin,FRAG_000609.bin,sample_pdf_018.pdf,sample_pdf_018.pdf,pdf,pdf,5,6,0,0,1,consecutive_neighbor
PAIR_POS_000829,FRAG_000889,FRAG_000890,FRAG_000889.bin,FRAG_000890.bin,sample_png_011.png,sample_png_011.png,png,png,1,2,0,0,1,consecutive_neighbor
PAIR_NEG_000706,FRAG_000938,FRAG_000889,FRAG_000938.bin,FRAG_000889.bin,sample_png_016.png,sample_png_011.png,png,png,11,1,0,0,0,negative_same_type
PAIR_NEG_000868,FRAG_000573,FRAG_000155,FRAG_000573.bin,FRAG_000155.bin,sample_pdf_016.pdf,sample_jpeg_017.jpg,pdf,jpeg,12,7,0,0,0,negative_diff_type
PAIR_POS_000568,FRAG_000610,FRAG_000611,FRAG_000610.bin,FRAG_000611.bin,sample_pdf_018.pdf,sample_pdf_018.pdf,pdf,pdf,7,8,0,0,1,consecutive_neighbor
PAIR_POS_000847,FRAG_000909,FRAG_000910,FRAG_000909.bin,FRAG_000910.bin,sample_png_013.png,sample_png_013.png,png,png,6,7,0,1,1,consecutive_neighbor
PAIR_POS_000540,FRAG_000580,FRAG_000581,FRAG_000580.bin,FRAG_000581.bin,sample_pdf_016.pdf,sample_pdf_016.pdf,pdf,pdf,19,20,0,0,1,consecutive_neighbor
PAIR_NEG_000709,FRAG_000010,FRAG_000036,FRAG_000010.bin,FRAG_000036.bin,sample_jpeg_001.jpeg,sample_jpeg_004.jpeg,jpeg,jpeg,9,2,0,0,0,negative_same_type
PAIR_NEG_000328,FRAG_001437,FRAG_001517,FRAG_001437.bin,FRAG_001517.bin,sample_zip_008.zip,sample_zip_014.zip,zip,zip,5,14,0,0,0,negative_same_type
PAIR_POS_001349,FRAG_001458,FRAG_001459,FRAG_001458.bin,FRAG_001459.bin,sample_zip_010.zip,sample_zip_010.zip,zip,zip,3,4,0,0,1,consecutive_neighbor
PAIR_POS_001280,FRAG_001381,FRAG_001382,FRAG_001381.bin,FRAG_001382.bin,sample_zip_002.zip,sample_zip_002.zip,zip,zip,1,2,0,0,1,consecutive_neighbor
PAIR_NEG_000235,FRAG_001228,FRAG_001126,FRAG_001228.bin,FRAG_001126.bin,sample_text_015.json,sample_text_008.json,text,text,23,18,0,0,0,negative_same_type
PAIR_POS_000626,FRAG_000669,FRAG_000670,FRAG_000669.bin,FRAG_000670.bin,sample_pdf_019.pdf,sample_pdf_019.pdf,pdf,pdf,36,37,0,0,1,consecutive_neighbor
PAIR_NEG_000835,FRAG_000241,FRAG_001503,FRAG_000241.bin,FRAG_001503.bin,sample_pdf_001.pdf,sample_zip_014.zip,pdf,zip,16,0,0,0,0,negative_diff_type
PAIR_POS_000985,FRAG_001062,FRAG_001063,FRAG_001062.bin,FRAG_001063.bin,sample_text_003.log,sample_text_003.log,text,text,3,4,0,0,1,consecutive_neighbor
PAIR_NEG_000198,FRAG_001411,FRAG_001440,FRAG_001411.bin,FRAG_001440.bin,sample_zip_006.zip,sample_zip_008.zip,zip,zip,1,8,0,0,0,negative_same_type
PAIR_POS_000932,FRAG_001004,FRAG_001005,FRAG_001004.bin,FRAG_001005.bin,sample_png_023.png,sample_png_023.png,png,png,8,9,0,1,1,consecutive_neighbor
PAIR_NEG_000621,FRAG_000910,FRAG_000950,FRAG_000910.bin,FRAG_000950.bin,sample_png_013.png,sample_png_018.png,png,png,7,5,0,0,0,negative_same_type
PAIR_NEG_000054,FRAG_001471,FRAG_001448,FRAG_001471.bin,FRAG_001448.bin,sample_zip_011.zip,sample_zip_009.zip,zip,zip,8,4,0,0,0,negative_same_type
PAIR_POS_000360,FRAG_000392,FRAG_000393,FRAG_000392.bin,FRAG_000393.bin,sample_pdf_008.pdf,sample_pdf_008.pdf,pdf,pdf,2,3,0,0,1,consecutive_neighbor
PAIR_POS_000563,FRAG_000605,FRAG_000606,FRAG_000605.bin,FRAG_000606.bin,sample_pdf_018.pdf,sample_pdf_018.pdf,pdf,pdf,2,3,0,0,1,consecutive_neighbor
PAIR_NEG_001061,FRAG_000819,FRAG_000479,FRAG_000819.bin,FRAG_000479.bin,sample_png_004.png,sample_pdf_011.pdf,png,pdf,4,26,0,0,0,negative_diff_type
PAIR_POS_001400,FRAG_001513,FRAG_001514,FRAG_001513.bin,FRAG_001514.bin,sample_zip_014.zip,sample_zip_014.zip,zip,zip,10,11,0,0,1,consecutive_neighbor
PAIR_POS_000622,FRAG_000665,FRAG_000666,FRAG_000665.bin,FRAG_000666.bin,sample_pdf_019.pdf,sample_pdf_019.pdf,pdf,pdf,32,33,0,0,1,consecutive_neighbor
PAIR_POS_000924,FRAG_000996,FRAG_000997,FRAG_000996.bin,FRAG_000997.bin,sample_png_023.png,sample_png_023.png,png,png,0,1,1,0,1,consecutive_neighbor
PAIR_POS_001148,FRAG_001238,FRAG_001239,FRAG_001238.bin,FRAG_001239.bin,sample_text_016.json,sample_text_016.json,text,text,0,1,1,0,1,consecutive_neighbor
PAIR_NEG_000762,FRAG_000146,FRAG_000950,FRAG_000146.bin,FRAG_000950.bin,sample_jpeg_016.jpeg,sample_png_018.png,jpeg,png,6,5,0,0,0,negative_diff_type
PAIR_POS_000121,FRAG_000135,FRAG_000136,FRAG_000135.bin,FRAG_000136.bin,sample_jpeg_015.jpeg,sample_jpeg_015.jpeg,jpeg,jpeg,10,11,0,0,1,consecutive_neighbor
PAIR_NEG_000074,FRAG_000221,FRAG_000085,FRAG_000221.bin,FRAG_000085.bin,sample_jpeg_025.jpg,sample_jpeg_010.jpg,jpeg,jpeg,7,7,0,0,0,negative_same_type
PAIR_POS_001056,FRAG_001140,FRAG_001141,FRAG_001140.bin,FRAG_001141.bin,sample_text_010.log,sample_text_010.log,text,text,1,2,0,0,1,consecutive_neighbor
PAIR_POS_000254,FRAG_000281,FRAG_000282,FRAG_000281.bin,FRAG_000282.bin,sample_pdf_003.pdf,sample_pdf_003.pdf,pdf,pdf,1,2,0,0,1,consecutive_neighbor
PAIR_POS_001130,FRAG_001219,FRAG_001220,FRAG_001219.bin,FRAG_001220.bin,sample_text_015.json,sample_text_015.json,text,text,14,15,0,0,1,consecutive_neighbor
PAIR_NEG_000542,FRAG_000583,FRAG_000542,FRAG_000583.bin,FRAG_000542.bin,sample_pdf_017.pdf,sample_pdf_014.pdf,pdf,pdf,0,15,1,0,0,negative_same_type
PAIR_POS_000968,FRAG_001044,FRAG_001045,FRAG_001044.bin,FRAG_001045.bin,sample_text_002.txt,sample_text_002.txt,text,text,1,2,0,0,1,consecutive_neighbor
PAIR_POS_001239,FRAG_001335,FRAG_001336,FRAG_001335.bin,FRAG_001336.bin,sample_text_022.log,sample_text_022.log,text,text,10,11,0,1,1,consecutive_neighbor
PAIR_POS_001456,FRAG_001574,FRAG_001575,FRAG_001574.bin,FRAG_001575.bin,sample_zip_019.zip,sample_zip_019.zip,zip,zip,6,7,0,1,1,consecutive_neighbor
PAIR_POS_001442,FRAG_001559,FRAG_001560,FRAG_001559.bin,FRAG_001560.bin,sample_zip_018.zip,sample_zip_018.zip,zip,zip,1,2,0,0,1,consecutive_neighbor
PAIR_POS_001421,FRAG_001536,FRAG_001537,FRAG_001536.bin,FRAG_001537.bin,sample_zip_016.zip,sample_zip_016.zip,zip,zip,6,7,0,0,1,consecutive_neighbor
PAIR_NEG_000972,FRAG_000499,FRAG_001190,FRAG_000499.bin,FRAG_001190.bin,sample_pdf_012.pdf,sample_text_013.csv,pdf,text,16,2,0,0,0,negative_diff_type
PAIR_POS_000644,FRAG_000688,FRAG_000689,FRAG_000688.bin,FRAG_000689.bin,sample_pdf_020.pdf,sample_pdf_020.pdf,pdf,pdf,15,16,0,0,1,consecutive_neighbor
PAIR_NEG_000100,FRAG_001401,FRAG_001530,FRAG_001401.bin,FRAG_001530.bin,sample_zip_005.zip,sample_zip_016.zip,zip,zip,0,0,1,0,0,negative_same_type
PAIR_NEG_001222,FRAG_001592,FRAG_001023,FRAG_001592.bin,FRAG_001023.bin,sample_zip_021.zip,sample_png_025.png,zip,png,3,12,0,0,0,negative_diff_type
PAIR_POS_001367,FRAG_001477,FRAG_001478,FRAG_001477.bin,FRAG_001478.bin,sample_zip_011.zip,sample_zip_011.zip,zip,zip,14,15,0,0,1,consecutive_neighbor
PAIR_NEG_001007,FRAG_001346,FRAG_000978,FRAG_001346.bin,FRAG_000978.bin,sample_text_024.txt,sample_png_021.png,text,png,5,4,0,0,0,negative_diff_type
PAIR_NEG_000657,FRAG_001463,FRAG_001436,FRAG_001463.bin,FRAG_001436.bin,sample_zip_011.zip,sample_zip_008.zip,zip,zip,0,4,1,0,0,negative_same_type
PAIR_POS_001014,FRAG_001094,FRAG_001095,FRAG_001094.bin,FRAG_001095.bin,sample_text_006.log,sample_text_006.log,text,text,4,5,0,0,1,consecutive_neighbor
PAIR_POS_000163,FRAG_000182,FRAG_000183,FRAG_000182.bin,FRAG_000183.bin,sample_jpeg_020.jpg,sample_jpeg_020.jpg,jpeg,jpeg,0,1,1,0,1,consecutive_neighbor
PAIR_NEG_001123,FRAG_000976,FRAG_001040,FRAG_000976.bin,FRAG_001040.bin,sample_png_021.png,sample_text_001.json,png,text,2,15,0,0,0,negative_diff_type
PAIR_NEG_001458,FRAG_000173,FRAG_001200,FRAG_000173.bin,FRAG_001200.bin,sample_jpeg_019.jpg,sample_text_014.txt,jpeg,text,3,3,0,0,0,negative_diff_type
PAIR_NEG_000364,FRAG_000854,FRAG_000987,FRAG_000854.bin,FRAG_000987.bin,sample_png_007.png,sample_png_021.png,png,png,8,13,0,1,0,negative_same_type
PAIR_NEG_000539,FRAG_000981,FRAG_001014,FRAG_000981.bin,FRAG_001014.bin,sample_png_021.png,sample_png_025.png,png,png,7,3,0,0,0,negative_same_type
PAIR_POS_000815,FRAG_000873,FRAG_000874,FRAG_000873.bin,FRAG_000874.bin,sample_png_009.png,sample_png_009.png,png,png,4,5,0,0,1,consecutive_neighbor
PAIR_POS_000764,FRAG_000817,FRAG_000818,FRAG_000817.bin,FRAG_000818.bin,sample_png_004.png,sample_png_004.png,png,png,2,3,0,0,1,consecutive_neighbor
PAIR_POS_000361,FRAG_000393,FRAG_000394,FRAG_000393.bin,FRAG_000394.bin,sample_pdf_008.pdf,sample_pdf_008.pdf,pdf,pdf,3,4,0,0,1,consecutive_neighbor
PAIR_NEG_001238,FRAG_000871,FRAG_001107,FRAG_000871.bin,FRAG_001107.bin,sample_png_009.png,sample_text_007.csv,png,text,2,9,0,1,0,negative_diff_type
PAIR_NEG_001465,FRAG_001302,FRAG_000011,FRAG_001302.bin,FRAG_000011.bin,sample_text_020.txt,sample_jpeg_001.jpeg,text,jpeg,0,10,1,0,0,negative_diff_type
PAIR_NEG_000474,FRAG_000047,FRAG_000070,FRAG_000047.bin,FRAG_000070.bin,sample_jpeg_005.jpg,sample_jpeg_009.jpeg,jpeg,jpeg,5,0,0,0,0,negative_same_type
PAIR_POS_001293,FRAG_001396,FRAG_001397,FRAG_001396.bin,FRAG_001397.bin,sample_zip_004.zip,sample_zip_004.zip,zip,zip,1,2,0,0,1,consecutive_neighbor
PAIR_POS_000408,FRAG_000441,FRAG_000442,FRAG_000441.bin,FRAG_000442.bin,sample_pdf_009.pdf,sample_pdf_009.pdf,pdf,pdf,31,32,0,0,1,consecutive_neighbor
PAIR_NEG_000571,FRAG_000672,FRAG_000318,FRAG_000672.bin,FRAG_000318.bin,sample_pdf_019.pdf,sample_pdf_005.pdf,pdf,pdf,39,4,0,0,0,negative_same_type
PAIR_NEG_000048,FRAG_000992,FRAG_000960,FRAG_000992.bin,FRAG_000960.bin,sample_png_022.png,sample_png_019.png,png,png,4,3,0,0,0,negative_same_type
PAIR_NEG_001188,FRAG_001514,FRAG_000872,FRAG_001514.bin,FRAG_000872.bin,sample_zip_014.zip,sample_png_009.png,zip,png,11,3,0,0,0,negative_diff_type
PAIR_NEG_000072,FRAG_000182,FRAG_000162,FRAG_000182.bin,FRAG_000162.bin,sample_jpeg_020.jpg,sample_jpeg_018.jpeg,jpeg,jpeg,0,0,1,0,0,negative_same_type
PAIR_POS_001199,FRAG_001292,FRAG_001293,FRAG_001292.bin,FRAG_001293.bin,sample_text_019.txt,sample_text_019.txt,text,text,5,6,0,0,1,consecutive_neighbor
PAIR_POS_000079,FRAG_000088,FRAG_000089,FRAG_000088.bin,FRAG_000089.bin,sample_jpeg_010.jpg,sample_jpeg_010.jpg,jpeg,jpeg,10,11,0,0,1,consecutive_neighbor
PAIR_POS_000442,FRAG_000477,FRAG_000478,FRAG_000477.bin,FRAG_000478.bin,sample_pdf_011.pdf,sample_pdf_011.pdf,pdf,pdf,24,25,0,0,1,consecutive_neighbor
PAIR_POS_001476,FRAG_001596,FRAG_001597,FRAG_001596.bin,FRAG_001597.bin,sample_zip_021.zip,sample_zip_021.zip,zip,zip,7,8,0,0,1,consecutive_neighbor
PAIR_NEG_000962,FRAG_000222,FRAG_000963,FRAG_000222.bin,FRAG_000963.bin,sample_jpeg_025.jpg,sample_png_019.png,jpeg,png,8,6,0,0,0,negative_diff_type
PAIR_NEG_001224,FRAG_000638,FRAG_001379,FRAG_000638.bin,FRAG_001379.bin,sample_pdf_019.pdf,sample_zip_001.zip,pdf,zip,5,9,0,1,0,negative_diff_type
PAIR_POS_000273,FRAG_000300,FRAG_000301,FRAG_000300.bin,FRAG_000301.bin,sample_pdf_003.pdf,sample_pdf_003.pdf,pdf,pdf,20,21,0,0,1,consecutive_neighbor
PAIR_NEG_001473,FRAG_001029,FRAG_000799,FRAG_001029.bin,FRAG_000799.bin,sample_text_001.json,sample_png_001.png,text,png,4,3,0,0,0,negative_diff_type
PAIR_NEG_000393,FRAG_000983,FRAG_000829,FRAG_000983.bin,FRAG_000829.bin,sample_png_021.png,sample_png_005.png,png,png,9,2,0,0,0,negative_same_type
PAIR_POS_000218,FRAG_000243,FRAG_000244,FRAG_000243.bin,FRAG_000244.bin,sample_pdf_001.pdf,sample_pdf_001.pdf,pdf,pdf,18,19,0,0,1,consecutive_neighbor
PAIR_POS_001112,FRAG_001200,FRAG_001201,FRAG_001200.bin,FRAG_001201.bin,sample_text_014.txt,sample_text_014.txt,text,text,3,4,0,0,1,consecutive_neighbor
PAIR_POS_000823,FRAG_000882,FRAG_000883,FRAG_000882.bin,FRAG_000883.bin,sample_png_010.png,sample_png_010.png,png,png,1,2,0,0,1,consecutive_neighbor
PAIR_POS_001164,FRAG_001254,FRAG_001255,FRAG_001254.bin,FRAG_001255.bin,sample_text_016.json,sample_text_016.json,text,text,16,17,0,0,1,consecutive_neighbor
PAIR_POS_000247,FRAG_000273,FRAG_000274,FRAG_000273.bin,FRAG_000274.bin,sample_pdf_002.pdf,sample_pdf_002.pdf,pdf,pdf,14,15,0,0,1,consecutive_neighbor
PAIR_POS_000698,FRAG_000745,FRAG_000746,FRAG_000745.bin,FRAG_000746.bin,sample_pdf_023.pdf,sample_pdf_023.pdf,pdf,pdf,3,4,0,0,1,consecutive_neighbor
PAIR_POS_001047,FRAG_001130,FRAG_001131,FRAG_001130.bin,FRAG_001131.bin,sample_text_009.txt,sample_text_009.txt,text,text,2,3,0,0,1,consecutive_neighbor
PAIR_POS_000179,FRAG_000201,FRAG_000202,FRAG_000201.bin,FRAG_000202.bin,sample_jpeg_023.jpeg,sample_jpeg_023.jpeg,jpeg,jpeg,0,1,1,0,1,consecutive_neighbor
PAIR_NEG_000646,FRAG_001484,FRAG_001432,FRAG_001484.bin,FRAG_001432.bin,sample_zip_012.zip,sample_zip_008.zip,zip,zip,2,0,0,0,0,negative_same_type
PAIR_NEG_000876,FRAG_000002,FRAG_001527,FRAG_000002.bin,FRAG_001527.bin,sample_jpeg_001.jpeg,sample_zip_015.zip,jpeg,zip,1,7,0,0,0,negative_diff_type
PAIR_NEG_000031,FRAG_000059,FRAG_000211,FRAG_000059.bin,FRAG_000211.bin,sample_jpeg_008.jpeg,sample_jpeg_024.jpeg,jpeg,jpeg,0,6,1,0,0,negative_same_type
PAIR_POS_000076,FRAG_000085,FRAG_000086,FRAG_000085.bin,FRAG_000086.bin,sample_jpeg_010.jpg,sample_jpeg_010.jpg,jpeg,jpeg,7,8,0,0,1,consecutive_neighbor
PAIR_POS_000579,FRAG_000621,FRAG_000622,FRAG_000621.bin,FRAG_000622.bin,sample_pdf_018.pdf,sample_pdf_018.pdf,pdf,pdf,18,19,0,0,1,consecutive_neighbor
PAIR_NEG_000467,FRAG_000148,FRAG_000130,FRAG_000148.bin,FRAG_000130.bin,sample_jpeg_017.jpg,sample_jpeg_015.jpeg,jpeg,jpeg,0,5,1,0,0,negative_same_type
PAIR_NEG_000736,FRAG_000477,FRAG_000510,FRAG_000477.bin,FRAG_000510.bin,sample_pdf_011.pdf,sample_pdf_012.pdf,pdf,pdf,24,27,0,0,0,negative_same_type
PAIR_POS_001060,FRAG_001144,FRAG_001145,FRAG_001144.bin,FRAG_001145.bin,sample_text_010.log,sample_text_010.log,text,text,5,6,0,0,1,consecutive_neighbor
PAIR_NEG_001239,FRAG_000054,FRAG_001271,FRAG_000054.bin,FRAG_001271.bin,sample_jpeg_007.jpg,sample_text_017.txt,jpeg,text,1,5,0,0,0,negative_diff_type
PAIR_NEG_000727,FRAG_000903,FRAG_000834,FRAG_000903.bin,FRAG_000834.bin,sample_png_013.png,sample_png_005.png,png,png,0,7,1,1,0,negative_same_type
PAIR_POS_000835,FRAG_000895,FRAG_000896,FRAG_000895.bin,FRAG_000896.bin,sample_png_011.png,sample_png_011.png,png,png,7,8,0,1,1,consecutive_neighbor
PAIR_POS_000868,FRAG_000933,FRAG_000934,FRAG_000933.bin,FRAG_000934.bin,sample_png_016.png,sample_png_016.png,png,png,6,7,0,0,1,consecutive_neighbor
PAIR_NEG_000692,FRAG_001283,FRAG_001259,FRAG_001283.bin,FRAG_001259.bin,sample_text_018.csv,sample_text_016.json,text,text,6,21,0,0,0,negative_same_type
PAIR_POS_000857,FRAG_000920,FRAG_000921,FRAG_000920.bin,FRAG_000921.bin,sample_png_014.png,sample_png_014.png,png,png,9,10,0,1,1,consecutive_neighbor
PAIR_POS_001360,FRAG_001470,FRAG_001471,FRAG_001470.bin,FRAG_001471.bin,sample_zip_011.zip,sample_zip_011.zip,zip,zip,7,8,0,0,1,consecutive_neighbor
PAIR_POS_000094,FRAG_000105,FRAG_000106,FRAG_000105.bin,FRAG_000106.bin,sample_jpeg_012.jpg,sample_jpeg_012.jpg,jpeg,jpeg,6,7,0,0,1,consecutive_neighbor
PAIR_NEG_000418,FRAG_001340,FRAG_001233,FRAG_001340.bin,FRAG_001233.bin,sample_text_023.csv,sample_text_015.json,text,text,3,28,0,0,0,negative_same_type
PAIR_NEG_000332,FRAG_001377,FRAG_001578,FRAG_001377.bin,FRAG_001578.bin,sample_zip_001.zip,sample_zip_020.zip,zip,zip,7,2,0,0,0,negative_same_type
PAIR_POS_001250,FRAG_001348,FRAG_001349,FRAG_001348.bin,FRAG_001349.bin,sample_text_024.txt,sample_text_024.txt,text,text,7,8,0,0,1,consecutive_neighbor
PAIR_POS_000456,FRAG_000492,FRAG_000493,FRAG_000492.bin,FRAG_000493.bin,sample_pdf_012.pdf,sample_pdf_012.pdf,pdf,pdf,9,10,0,0,1,consecutive_neighbor
PAIR_POS_001407,FRAG_001521,FRAG_001522,FRAG_001521.bin,FRAG_001522.bin,sample_zip_015.zip,sample_zip_015.zip,zip,zip,1,2,0,0,1,consecutive_neighbor
PAIR_POS_000057,FRAG_000064,FRAG_000065,FRAG_000064.bin,FRAG_000065.bin,sample_jpeg_008.jpeg,sample_jpeg_008.jpeg,jpeg,jpeg,5,6,0,0,1,consecutive_neighbor
PAIR_POS_001179,FRAG_001270,FRAG_001271,FRAG_001270.bin,FRAG_001271.bin,sample_text_017.txt,sample_text_017.txt,text,text,4,5,0,0,1,consecutive_neighbor
PAIR_POS_000605,FRAG_000648,FRAG_000649,FRAG_000648.bin,FRAG_000649.bin,sample_pdf_019.pdf,sample_pdf_019.pdf,pdf,pdf,15,16,0,0,1,consecutive_neighbor
PAIR_NEG_001334,FRAG_001130,FRAG_000138,FRAG_001130.bin,FRAG_000138.bin,sample_text_009.txt,sample_jpeg_015.jpeg,text,jpeg,2,13,0,0,0,negative_diff_type
PAIR_POS_000224,FRAG_000249,FRAG_000250,FRAG_000249.bin,FRAG_000250.bin,sample_pdf_001.pdf,sample_pdf_001.pdf,pdf,pdf,24,25,0,0,1,consecutive_neighbor
PAIR_NEG_001017,FRAG_000392,FRAG_000128,FRAG_000392.bin,FRAG_000128.bin,sample_pdf_008.pdf,sample_jpeg_015.jpeg,pdf,jpeg,2,3,0,0,0,negative_diff_type
PAIR_POS_000352,FRAG_000383,FRAG_000384,FRAG_000383.bin,FRAG_000384.bin,sample_pdf_007.pdf,sample_pdf_007.pdf,pdf,pdf,13,14,0,0,1,consecutive_neighbor
PAIR_POS_000639,FRAG_000683,FRAG_000684,FRAG_000683.bin,FRAG_000684.bin,sample_pdf_020.pdf,sample_pdf_020.pdf,pdf,pdf,10,11,0,0,1,consecutive_neighbor
PAIR_NEG_000020,FRAG_000521,FRAG_000306,FRAG_000521.bin,FRAG_000306.bin,sample_pdf_013.pdf,sample_pdf_004.pdf,pdf,pdf,3,0,0,0,0,negative_same_type
PAIR_POS_000818,FRAG_000876,FRAG_000877,FRAG_000876.bin,FRAG_000877.bin,sample_png_009.png,sample_png_009.png,png,png,7,8,0,0,1,consecutive_neighbor
PAIR_POS_000957,FRAG_001032,FRAG_001033,FRAG_001032.bin,FRAG_001033.bin,sample_text_001.json,sample_text_001.json,text,text,7,8,0,0,1,consecutive_neighbor
PAIR_POS_000184,FRAG_000207,FRAG_000208,FRAG_000207.bin,FRAG_000208.bin,sample_jpeg_024.jpeg,sample_jpeg_024.jpeg,jpeg,jpeg,2,3,0,0,1,consecutive_neighbor
PAIR_NEG_000293,FRAG_001329,FRAG_001265,FRAG_001329.bin,FRAG_001265.bin,sample_text_022.log,sample_text_016.json,text,text,4,27,0,1,0,negative_same_type
PAIR_POS_000598,FRAG_000641,FRAG_000642,FRAG_000641.bin,FRAG_000642.bin,sample_pdf_019.pdf,sample_pdf_019.pdf,pdf,pdf,8,9,0,0,1,consecutive_neighbor
PAIR_NEG_000300,FRAG_000016,FRAG_000043,FRAG_000016.bin,FRAG_000043.bin,sample_jpeg_002.jpeg,sample_jpeg_005.jpg,jpeg,jpeg,2,1,0,0,0,negative_same_type
PAIR_POS_001433,FRAG_001549,FRAG_001550,FRAG_001549.bin,FRAG_001550.bin,sample_zip_017.zip,sample_zip_017.zip,zip,zip,5,6,0,0,1,consecutive_neighbor
PAIR_POS_000694,FRAG_000740,FRAG_000741,FRAG_000740.bin,FRAG_000741.bin,sample_pdf_022.pdf,sample_pdf_022.pdf,pdf,pdf,20,21,0,1,1,consecutive_neighbor
PAIR_NEG_001502,FRAG_000353,FRAG_000187,FRAG_000353.bin,FRAG_000187.bin,sample_pdf_006.pdf,sample_jpeg_021.jpg,pdf,jpeg,5,0,0,0,0,negative_diff_type
PAIR_POS_000100,FRAG_000112,FRAG_000113,FRAG_000112.bin,FRAG_000113.bin,sample_jpeg_013.jpeg,sample_jpeg_013.jpeg,jpeg,jpeg,0,1,1,0,1,consecutive_neighbor
PAIR_NEG_000921,FRAG_000190,FRAG_000474,FRAG_000190.bin,FRAG_000474.bin,sample_jpeg_021.jpg,sample_pdf_011.pdf,jpeg,pdf,3,21,0,0,0,negative_diff_type
PAIR_POS_001412,FRAG_001526,FRAG_001527,FRAG_001526.bin,FRAG_001527.bin,sample_zip_015.zip,sample_zip_015.zip,zip,zip,6,7,0,0,1,consecutive_neighbor
PAIR_NEG_001257,FRAG_001016,FRAG_000176,FRAG_001016.bin,FRAG_000176.bin,sample_png_025.png,sample_jpeg_019.jpg,png,jpeg,5,6,0,0,0,negative_diff_type
PAIR_POS_000781,FRAG_000836,FRAG_000837,FRAG_000836.bin,FRAG_000837.bin,sample_png_006.png,sample_png_006.png,png,png,1,2,0,0,1,consecutive_neighbor
PAIR_POS_001427,FRAG_001542,FRAG_001543,FRAG_001542.bin,FRAG_001543.bin,sample_zip_016.zip,sample_zip_016.zip,zip,zip,12,13,0,1,1,consecutive_neighbor
PAIR_POS_001497,FRAG_001620,FRAG_001621,FRAG_001620.bin,FRAG_001621.bin,sample_zip_024.zip,sample_zip_024.zip,zip,zip,3,4,0,0,1,consecutive_neighbor
PAIR_NEG_000223,FRAG_001034,FRAG_001301,FRAG_001034.bin,FRAG_001301.bin,sample_text_001.json,sample_text_019.txt,text,text,9,14,0,1,0,negative_same_type
PAIR_NEG_000183,FRAG_001149,FRAG_001100,FRAG_001149.bin,FRAG_001100.bin,sample_text_011.json,sample_text_007.csv,text,text,2,2,0,0,0,negative_same_type
PAIR_POS_000461,FRAG_000497,FRAG_000498,FRAG_000497.bin,FRAG_000498.bin,sample_pdf_012.pdf,sample_pdf_012.pdf,pdf,pdf,14,15,0,0,1,consecutive_neighbor
PAIR_NEG_001324,FRAG_000851,FRAG_001613,FRAG_000851.bin,FRAG_001613.bin,sample_png_007.png,sample_zip_023.zip,png,zip,5,3,0,0,0,negative_diff_type
PAIR_NEG_000848,FRAG_000004,FRAG_001033,FRAG_000004.bin,FRAG_001033.bin,sample_jpeg_001.jpeg,sample_text_001.json,jpeg,text,3,8,0,0,0,negative_diff_type
PAIR_NEG_001149,FRAG_001533,FRAG_000982,FRAG_001533.bin,FRAG_000982.bin,sample_zip_016.zip,sample_png_021.png,zip,png,3,8,0,0,0,negative_diff_type
PAIR_NEG_000250,FRAG_000700,FRAG_000613,FRAG_000700.bin,FRAG_000613.bin,sample_pdf_020.pdf,sample_pdf_018.pdf,pdf,pdf,27,10,0,0,0,negative_same_type
PAIR_POS_001091,FRAG_001177,FRAG_001178,FRAG_001177.bin,FRAG_001178.bin,sample_text_012.log,sample_text_012.log,text,text,3,4,0,0,1,consecutive_neighbor
PAIR_POS_000294,FRAG_000323,FRAG_000324,FRAG_000323.bin,FRAG_000324.bin,sample_pdf_005.pdf,sample_pdf_005.pdf,pdf,pdf,9,10,0,0,1,consecutive_neighbor
PAIR_POS_000993,FRAG_001071,FRAG_001072,FRAG_001071.bin,FRAG_001072.bin,sample_text_004.json,sample_text_004.json,text,text,4,5,0,0,1,consecutive_neighbor
PAIR_POS_001009,FRAG_001088,FRAG_001089,FRAG_001088.bin,FRAG_001089.bin,sample_text_005.csv,sample_text_005.csv,text,text,3,4,0,1,1,consecutive_neighbor
PAIR_NEG_001072,FRAG_000013,FRAG_001111,FRAG_000013.bin,FRAG_001111.bin,sample_jpeg_001.jpeg,sample_text_008.json,jpeg,text,12,3,0,0,0,negative_diff_type
PAIR_NEG_001012,FRAG_000179,FRAG_000907,FRAG_000179.bin,FRAG_000907.bin,sample_jpeg_019.jpg,sample_png_013.png,jpeg,png,9,4,0,0,0,negative_diff_type
PAIR_NEG_000787,FRAG_001416,FRAG_001286,FRAG_001416.bin,FRAG_001286.bin,sample_zip_006.zip,sample_text_018.csv,zip,text,6,9,0,1,0,negative_diff_type
PAIR_POS_000804,FRAG_000861,FRAG_000862,FRAG_000861.bin,FRAG_000862.bin,sample_png_008.png,sample_png_008.png,png,png,6,7,0,0,1,consecutive_neighbor
PAIR_NEG_001046,FRAG_000060,FRAG_001636,FRAG_000060.bin,FRAG_001636.bin,sample_jpeg_008.jpeg,sample_zip_025.zip,jpeg,zip,1,13,0,0,0,negative_diff_type
PAIR_NEG_000108,FRAG_001411,FRAG_001584,FRAG_001411.bin,FRAG_001584.bin,sample_zip_006.zip,sample_zip_020.zip,zip,zip,1,8,0,0,0,negative_same_type
PAIR_NEG_001307,FRAG_001394,FRAG_000893,FRAG_001394.bin,FRAG_000893.bin,sample_zip_003.zip,sample_png_011.png,zip,png,9,5,0,0,0,negative_diff_type
PAIR_POS_000812,FRAG_000870,FRAG_000871,FRAG_000870.bin,FRAG_000871.bin,sample_png_009.png,sample_png_009.png,png,png,1,2,0,0,1,consecutive_neighbor
PAIR_NEG_000779,FRAG_000361,FRAG_001614,FRAG_000361.bin,FRAG_001614.bin,sample_pdf_006.pdf,sample_zip_023.zip,pdf,zip,13,4,0,0,0,negative_diff_type
PAIR_NEG_000458,FRAG_000905,FRAG_000876,FRAG_000905.bin,FRAG_000876.bin,sample_png_013.png,sample_png_009.png,png,png,2,7,0,0,0,negative_same_type
PAIR_POS_000553,FRAG_000594,FRAG_000595,FRAG_000594.bin,FRAG_000595.bin,sample_pdf_017.pdf,sample_pdf_017.pdf,pdf,pdf,11,12,0,0,1,consecutive_neighbor
PAIR_POS_000535,FRAG_000575,FRAG_000576,FRAG_000575.bin,FRAG_000576.bin,sample_pdf_016.pdf,sample_pdf_016.pdf,pdf,pdf,14,15,0,0,1,consecutive_neighbor
PAIR_NEG_000268,FRAG_000720,FRAG_000508,FRAG_000720.bin,FRAG_000508.bin,sample_pdf_022.pdf,sample_pdf_012.pdf,pdf,pdf,0,25,1,0,0,negative_same_type
PAIR_NEG_000544,FRAG_000080,FRAG_000144,FRAG_000080.bin,FRAG_000144.bin,sample_jpeg_010.jpg,sample_jpeg_016.jpeg,jpeg,jpeg,2,4,0,0,0,negative_same_type
PAIR_NEG_000121,FRAG_000495,FRAG_000343,FRAG_000495.bin,FRAG_000343.bin,sample_pdf_012.pdf,sample_pdf_005.pdf,pdf,pdf,12,29,0,0,0,negative_same_type
PAIR_POS_000349,FRAG_000380,FRAG_000381,FRAG_000380.bin,FRAG_000381.bin,sample_pdf_007.pdf,sample_pdf_007.pdf,pdf,pdf,10,11,0,0,1,consecutive_neighbor
PAIR_POS_001076,FRAG_001161,FRAG_001162,FRAG_001161.bin,FRAG_001162.bin,sample_text_011.json,sample_text_011.json,text,text,14,15,0,0,1,consecutive_neighbor
PAIR_NEG_000124,FRAG_000495,FRAG_000742,FRAG_000495.bin,FRAG_000742.bin,sample_pdf_012.pdf,sample_pdf_023.pdf,pdf,pdf,12,0,0,0,0,negative_same_type
PAIR_NEG_001462,FRAG_000496,FRAG_001475,FRAG_000496.bin,FRAG_001475.bin,sample_pdf_012.pdf,sample_zip_011.zip,pdf,zip,13,12,0,0,0,negative_diff_type
PAIR_NEG_001217,FRAG_001379,FRAG_000229,FRAG_001379.bin,FRAG_000229.bin,sample_zip_001.zip,sample_pdf_001.pdf,zip,pdf,9,4,0,0,0,negative_diff_type
PAIR_NEG_000829,FRAG_001573,FRAG_000470,FRAG_001573.bin,FRAG_000470.bin,sample_zip_019.zip,sample_pdf_011.pdf,zip,pdf,5,17,0,0,0,negative_diff_type
PAIR_NEG_000438,FRAG_000656,FRAG_000763,FRAG_000656.bin,FRAG_000763.bin,sample_pdf_019.pdf,sample_pdf_024.pdf,pdf,pdf,23,8,0,0,0,negative_same_type
PAIR_POS_000339,FRAG_000370,FRAG_000371,FRAG_000370.bin,FRAG_000371.bin,sample_pdf_007.pdf,sample_pdf_007.pdf,pdf,pdf,0,1,1,0,1,consecutive_neighbor
PAIR_POS_001377,FRAG_001488,FRAG_001489,FRAG_001488.bin,FRAG_001489.bin,sample_zip_012.zip,sample_zip_012.zip,zip,zip,6,7,0,1,1,consecutive_neighbor
PAIR_POS_000542,FRAG_000583,FRAG_000584,FRAG_000583.bin,FRAG_000584.bin,sample_pdf_017.pdf,sample_pdf_017.pdf,pdf,pdf,0,1,1,0,1,consecutive_neighbor
PAIR_POS_000607,FRAG_000650,FRAG_000651,FRAG_000650.bin,FRAG_000651.bin,sample_pdf_019.pdf,sample_pdf_019.pdf,pdf,pdf,17,18,0,0,1,consecutive_neighbor
PAIR_NEG_000104,FRAG_000218,FRAG_000048,FRAG_000218.bin,FRAG_000048.bin,sample_jpeg_025.jpg,sample_jpeg_006.jpg,jpeg,jpeg,4,0,0,0,0,negative_same_type
PAIR_NEG_001429,FRAG_000444,FRAG_000131,FRAG_000444.bin,FRAG_000131.bin,sample_pdf_009.pdf,sample_jpeg_015.jpeg,pdf,jpeg,34,6,0,0,0,negative_diff_type
PAIR_NEG_000258,FRAG_001493,FRAG_001613,FRAG_001493.bin,FRAG_001613.bin,sample_zip_013.zip,sample_zip_023.zip,zip,zip,3,3,0,0,0,negative_same_type
PAIR_POS_000910,FRAG_000980,FRAG_000981,FRAG_000980.bin,FRAG_000981.bin,sample_png_021.png,sample_png_021.png,png,png,6,7,0,0,1,consecutive_neighbor
PAIR_POS_000369,FRAG_000401,FRAG_000402,FRAG_000401.bin,FRAG_000402.bin,sample_pdf_008.pdf,sample_pdf_008.pdf,pdf,pdf,11,12,0,0,1,consecutive_neighbor
PAIR_NEG_001163,FRAG_000035,FRAG_000532,FRAG_000035.bin,FRAG_000532.bin,sample_jpeg_004.jpeg,sample_pdf_014.pdf,jpeg,pdf,1,5,0,0,0,negative_diff_type
PAIR_NEG_000845,FRAG_000003,FRAG_000448,FRAG_000003.bin,FRAG_000448.bin,sample_jpeg_001.jpeg,sample_pdf_010.pdf,jpeg,pdf,2,3,0,0,0,negative_diff_type
PAIR_NEG_000926,FRAG_001224,FRAG_001372,FRAG_001224.bin,FRAG_001372.bin,sample_text_015.json,sample_zip_001.zip,text,zip,19,2,0,0,0,negative_diff_type
PAIR_NEG_000314,FRAG_001593,FRAG_001621,FRAG_001593.bin,FRAG_001621.bin,sample_zip_021.zip,sample_zip_024.zip,zip,zip,4,4,0,0,0,negative_same_type
PAIR_NEG_000098,FRAG_000528,FRAG_000447,FRAG_000528.bin,FRAG_000447.bin,sample_pdf_014.pdf,sample_pdf_010.pdf,pdf,pdf,1,2,0,0,0,negative_same_type
PAIR_POS_000207,FRAG_000232,FRAG_000233,FRAG_000232.bin,FRAG_000233.bin,sample_pdf_001.pdf,sample_pdf_001.pdf,pdf,pdf,7,8,0,0,1,consecutive_neighbor
PAIR_POS_000628,FRAG_000671,FRAG_000672,FRAG_000671.bin,FRAG_000672.bin,sample_pdf_019.pdf,sample_pdf_019.pdf,pdf,pdf,38,39,0,1,1,consecutive_neighbor
PAIR_NEG_001215,FRAG_000188,FRAG_000607,FRAG_000188.bin,FRAG_000607.bin,sample_jpeg_021.jpg,sample_pdf_018.pdf,jpeg,pdf,1,4,0,0,0,negative_diff_type
PAIR_NEG_000546,FRAG_000764,FRAG_000320,FRAG_000764.bin,FRAG_000320.bin,sample_pdf_024.pdf,sample_pdf_005.pdf,pdf,pdf,9,6,0,0,0,negative_same_type
PAIR_POS_001339,FRAG_001447,FRAG_001448,FRAG_001447.bin,FRAG_001448.bin,sample_zip_009.zip,sample_zip_009.zip,zip,zip,3,4,0,0,1,consecutive_neighbor
PAIR_POS_000613,FRAG_000656,FRAG_000657,FRAG_000656.bin,FRAG_000657.bin,sample_pdf_019.pdf,sample_pdf_019.pdf,pdf,pdf,23,24,0,0,1,consecutive_neighbor
PAIR_NEG_000802,FRAG_000696,FRAG_001547,FRAG_000696.bin,FRAG_001547.bin,sample_pdf_020.pdf,sample_zip_017.zip,pdf,zip,23,3,0,0,0,negative_diff_type
PAIR_NEG_000700,FRAG_000807,FRAG_000898,FRAG_000807.bin,FRAG_000898.bin,sample_png_002.png,sample_png_012.png,png,png,4,1,0,0,0,negative_same_type
PAIR_POS_001308,FRAG_001413,FRAG_001414,FRAG_001413.bin,FRAG_001414.bin,sample_zip_006.zip,sample_zip_006.zip,zip,zip,3,4,0,0,1,consecutive_neighbor
PAIR_POS_000169,FRAG_000189,FRAG_000190,FRAG_000189.bin,FRAG_000190.bin,sample_jpeg_021.jpg,sample_jpeg_021.jpg,jpeg,jpeg,2,3,0,0,1,consecutive_neighbor
PAIR_NEG_000636,FRAG_000189,FRAG_000048,FRAG_000189.bin,FRAG_000048.bin,sample_jpeg_021.jpg,sample_jpeg_006.jpg,jpeg,jpeg,2,0,0,0,0,negative_same_type
PAIR_POS_001249,FRAG_001347,FRAG_001348,FRAG_001347.bin,FRAG_001348.bin,sample_text_024.txt,sample_text_024.txt,text,text,6,7,0,0,1,consecutive_neighbor
PAIR_POS_000222,FRAG_000247,FRAG_000248,FRAG_000247.bin,FRAG_000248.bin,sample_pdf_001.pdf,sample_pdf_001.pdf,pdf,pdf,22,23,0,0,1,consecutive_neighbor
PAIR_NEG_000055,FRAG_000991,FRAG_000837,FRAG_000991.bin,FRAG_000837.bin,sample_png_022.png,sample_png_006.png,png,png,3,2,0,0,0,negative_same_type
PAIR_POS_000047,FRAG_000053,FRAG_000054,FRAG_000053.bin,FRAG_000054.bin,sample_jpeg_007.jpg,sample_jpeg_007.jpg,jpeg,jpeg,0,1,1,0,1,consecutive_neighbor
PAIR_NEG_000956,FRAG_001589,FRAG_000838,FRAG_001589.bin,FRAG_000838.bin,sample_zip_021.zip,sample_png_006.png,zip,png,0,3,1,0,0,negative_diff_type
PAIR_POS_000929,FRAG_001001,FRAG_001002,FRAG_001001.bin,FRAG_001002.bin,sample_png_023.png,sample_png_023.png,png,png,5,6,0,0,1,consecutive_neighbor
PAIR_POS_000494,FRAG_000532,FRAG_000533,FRAG_000532.bin,FRAG_000533.bin,sample_pdf_014.pdf,sample_pdf_014.pdf,pdf,pdf,5,6,0,0,1,consecutive_neighbor
PAIR_NEG_000195,FRAG_001345,FRAG_001147,FRAG_001345.bin,FRAG_001147.bin,sample_text_024.txt,sample_text_011.json,text,text,4,0,0,0,0,negative_same_type
PAIR_NEG_001342,FRAG_001407,FRAG_000092,FRAG_001407.bin,FRAG_000092.bin,sample_zip_005.zip,sample_jpeg_011.jpeg,zip,jpeg,6,0,0,0,0,negative_diff_type
PAIR_POS_001426,FRAG_001541,FRAG_001542,FRAG_001541.bin,FRAG_001542.bin,sample_zip_016.zip,sample_zip_016.zip,zip,zip,11,12,0,0,1,consecutive_neighbor
PAIR_POS_001370,FRAG_001480,FRAG_001481,FRAG_001480.bin,FRAG_001481.bin,sample_zip_011.zip,sample_zip_011.zip,zip,zip,17,18,0,1,1,consecutive_neighbor
PAIR_NEG_001388,FRAG_001289,FRAG_000640,FRAG_001289.bin,FRAG_000640.bin,sample_text_019.txt,sample_pdf_019.pdf,text,pdf,2,7,0,0,0,negative_diff_type
PAIR_POS_000322,FRAG_000352,FRAG_000353,FRAG_000352.bin,FRAG_000353.bin,sample_pdf_006.pdf,sample_pdf_006.pdf,pdf,pdf,4,5,0,0,1,consecutive_neighbor
PAIR_NEG_001379,FRAG_000720,FRAG_001553,FRAG_000720.bin,FRAG_001553.bin,sample_pdf_022.pdf,sample_zip_017.zip,pdf,zip,0,9,1,0,0,negative_diff_type
PAIR_NEG_001092,FRAG_000146,FRAG_000940,FRAG_000146.bin,FRAG_000940.bin,sample_jpeg_016.jpeg,sample_png_017.png,jpeg,png,6,1,0,0,0,negative_diff_type
PAIR_POS_000154,FRAG_000172,FRAG_000173,FRAG_000172.bin,FRAG_000173.bin,sample_jpeg_019.jpg,sample_jpeg_019.jpg,jpeg,jpeg,2,3,0,0,1,consecutive_neighbor
PAIR_NEG_001103,FRAG_001114,FRAG_000977,FRAG_001114.bin,FRAG_000977.bin,sample_text_008.json,sample_png_021.png,text,png,6,3,0,0,0,negative_diff_type
PAIR_NEG_000927,FRAG_000510,FRAG_001402,FRAG_000510.bin,FRAG_001402.bin,sample_pdf_012.pdf,sample_zip_005.zip,pdf,zip,27,1,0,0,0,negative_diff_type
PAIR_POS_000391,FRAG_000424,FRAG_000425,FRAG_000424.bin,FRAG_000425.bin,sample_pdf_009.pdf,sample_pdf_009.pdf,pdf,pdf,14,15,0,0,1,consecutive_neighbor
PAIR_NEG_000849,FRAG_001516,FRAG_000800,FRAG_001516.bin,FRAG_000800.bin,sample_zip_014.zip,sample_png_001.png,zip,png,13,4,0,0,0,negative_diff_type
PAIR_NEG_000488,FRAG_000906,FRAG_000824,FRAG_000906.bin,FRAG_000824.bin,sample_png_013.png,sample_png_004.png,png,png,3,9,0,0,0,negative_same_type
PAIR_POS_000709,FRAG_000757,FRAG_000758,FRAG_000757.bin,FRAG_000758.bin,sample_pdf_024.pdf,sample_pdf_024.pdf,pdf,pdf,2,3,0,0,1,consecutive_neighbor
PAIR_NEG_000465,FRAG_001051,FRAG_001172,FRAG_001051.bin,FRAG_001172.bin,sample_text_002.txt,sample_text_011.json,text,text,8,25,0,0,0,negative_same_type
PAIR_NEG_001154,FRAG_000327,FRAG_001424,FRAG_000327.bin,FRAG_001424.bin,sample_pdf_005.pdf,sample_zip_007.zip,pdf,zip,13,0,0,0,0,negative_diff_type
PAIR_POS_000317,FRAG_000346,FRAG_000347,FRAG_000346.bin,FRAG_000347.bin,sample_pdf_005.pdf,sample_pdf_005.pdf,pdf,pdf,32,33,0,1,1,consecutive_neighbor
PAIR_POS_000891,FRAG_000959,FRAG_000960,FRAG_000959.bin,FRAG_000960.bin,sample_png_019.png,sample_png_019.png,png,png,2,3,0,0,1,consecutive_neighbor
PAIR_NEG_000819,FRAG_001002,FRAG_000699,FRAG_001002.bin,FRAG_000699.bin,sample_png_023.png,sample_pdf_020.pdf,png,pdf,6,26,0,0,0,negative_diff_type
PAIR_NEG_000126,FRAG_000163,FRAG_000109,FRAG_000163.bin,FRAG_000109.bin,sample_jpeg_018.jpeg,sample_jpeg_012.jpg,jpeg,jpeg,1,10,0,0,0,negative_same_type
PAIR_NEG_000825,FRAG_001407,FRAG_000049,FRAG_001407.bin,FRAG_000049.bin,sample_zip_005.zip,sample_jpeg_006.jpg,zip,jpeg,6,1,0,0,0,negative_diff_type
PAIR_POS_000377,FRAG_000410,FRAG_000411,FRAG_000410.bin,FRAG_000411.bin,sample_pdf_009.pdf,sample_pdf_009.pdf,pdf,pdf,0,1,1,0,1,consecutive_neighbor
PAIR_NEG_001127,FRAG_000856,FRAG_001419,FRAG_000856.bin,FRAG_001419.bin,sample_png_008.png,sample_zip_006.zip,png,zip,1,9,0,0,0,negative_diff_type
PAIR_POS_001050,FRAG_001133,FRAG_001134,FRAG_001133.bin,FRAG_001134.bin,sample_text_009.txt,sample_text_009.txt,text,text,5,6,0,0,1,consecutive_neighbor
PAIR_POS_000955,FRAG_001030,FRAG_001031,FRAG_001030.bin,FRAG_001031.bin,sample_text_001.json,sample_text_001.json,text,text,5,6,0,0,1,consecutive_neighbor
PAIR_NEG_001455,FRAG_001142,FRAG_000548,FRAG_001142.bin,FRAG_000548.bin,sample_text_010.log,sample_pdf_014.pdf,text,pdf,3,21,0,1,0,negative_diff_type
PAIR_NEG_000873,FRAG_000978,FRAG_000300,FRAG_000978.bin,FRAG_000300.bin,sample_png_021.png,sample_pdf_003.pdf,png,pdf,4,20,0,0,0,negative_diff_type
PAIR_NEG_001269,FRAG_001070,FRAG_001625,FRAG_001070.bin,FRAG_001625.bin,sample_text_004.json,sample_zip_025.zip,text,zip,3,2,0,0,0,negative_diff_type
PAIR_POS_001086,FRAG_001171,FRAG_001172,FRAG_001171.bin,FRAG_001172.bin,sample_text_011.json,sample_text_011.json,text,text,24,25,0,0,1,consecutive_neighbor
PAIR_POS_000567,FRAG_000609,FRAG_000610,FRAG_000609.bin,FRAG_000610.bin,sample_pdf_018.pdf,sample_pdf_018.pdf,pdf,pdf,6,7,0,0,1,consecutive_neighbor
PAIR_POS_000640,FRAG_000684,FRAG_000685,FRAG_000684.bin,FRAG_000685.bin,sample_pdf_020.pdf,sample_pdf_020.pdf,pdf,pdf,11,12,0,0,1,consecutive_neighbor
PAIR_NEG_001313,FRAG_000611,FRAG_000011,FRAG_000611.bin,FRAG_000011.bin,sample_pdf_018.pdf,sample_jpeg_001.jpeg,pdf,jpeg,8,10,0,0,0,negative_diff_type
PAIR_NEG_000374,FRAG_000697,FRAG_000485,FRAG_000697.bin,FRAG_000485.bin,sample_pdf_020.pdf,sample_pdf_012.pdf,pdf,pdf,24,2,0,0,0,negative_same_type
PAIR_POS_000155,FRAG_000173,FRAG_000174,FRAG_000173.bin,FRAG_000174.bin,sample_jpeg_019.jpg,sample_jpeg_019.jpg,jpeg,jpeg,3,4,0,0,1,consecutive_neighbor
PAIR_POS_000387,FRAG_000420,FRAG_000421,FRAG_000420.bin,FRAG_000421.bin,sample_pdf_009.pdf,sample_pdf_009.pdf,pdf,pdf,10,11,0,0,1,consecutive_neighbor
PAIR_POS_000634,FRAG_000678,FRAG_000679,FRAG_000678.bin,FRAG_000679.bin,sample_pdf_020.pdf,sample_pdf_020.pdf,pdf,pdf,5,6,0,0,1,consecutive_neighbor
PAIR_NEG_000830,FRAG_001514,FRAG_000893,FRAG_001514.bin,FRAG_000893.bin,sample_zip_014.zip,sample_png_011.png,zip,png,11,5,0,0,0,negative_diff_type
PAIR_NEG_000826,FRAG_001615,FRAG_000438,FRAG_001615.bin,FRAG_000438.bin,sample_zip_023.zip,sample_pdf_009.pdf,zip,pdf,5,28,0,0,0,negative_diff_type
PAIR_NEG_000767,FRAG_001120,FRAG_000799,FRAG_001120.bin,FRAG_000799.bin,sample_text_008.json,sample_png_001.png,text,png,12,3,0,0,0,negative_diff_type
PAIR_NEG_000583,FRAG_000378,FRAG_000786,FRAG_000378.bin,FRAG_000786.bin,sample_pdf_007.pdf,sample_pdf_025.pdf,pdf,pdf,8,18,0,0,0,negative_same_type
PAIR_NEG_000756,FRAG_001359,FRAG_001268,FRAG_001359.bin,FRAG_001268.bin,sample_text_025.log,sample_text_017.txt,text,text,1,2,0,0,0,negative_same_type
PAIR_NEG_001338,FRAG_001486,FRAG_000067,FRAG_001486.bin,FRAG_000067.bin,sample_zip_012.zip,sample_jpeg_008.jpeg,zip,jpeg,4,8,0,0,0,negative_diff_type
PAIR_POS_000089,FRAG_000100,FRAG_000101,FRAG_000100.bin,FRAG_000101.bin,sample_jpeg_012.jpg,sample_jpeg_012.jpg,jpeg,jpeg,1,2,0,0,1,consecutive_neighbor
PAIR_POS_001290,FRAG_001392,FRAG_001393,FRAG_001392.bin,FRAG_001393.bin,sample_zip_003.zip,sample_zip_003.zip,zip,zip,7,8,0,0,1,consecutive_neighbor
PAIR_POS_000880,FRAG_000947,FRAG_000948,FRAG_000947.bin,FRAG_000948.bin,sample_png_018.png,sample_png_018.png,png,png,2,3,0,0,1,consecutive_neighbor
PAIR_POS_000909,FRAG_000979,FRAG_000980,FRAG_000979.bin,FRAG_000980.bin,sample_png_021.png,sample_png_021.png,png,png,5,6,0,0,1,consecutive_neighbor
PAIR_POS_001231,FRAG_001327,FRAG_001328,FRAG_001327.bin,FRAG_001328.bin,sample_text_022.log,sample_text_022.log,text,text,2,3,0,0,1,consecutive_neighbor
PAIR_POS_000027,FRAG_000029,FRAG_000030,FRAG_000029.bin,FRAG_000030.bin,sample_jpeg_003.jpg,sample_jpeg_003.jpg,jpeg,jpeg,3,4,0,0,1,consecutive_neighbor
PAIR_POS_001237,FRAG_001333,FRAG_001334,FRAG_001333.bin,FRAG_001334.bin,sample_text_022.log,sample_text_022.log,text,text,8,9,0,0,1,consecutive_neighbor
PAIR_NEG_001509,FRAG_000678,FRAG_000956,FRAG_000678.bin,FRAG_000956.bin,sample_pdf_020.pdf,sample_png_018.png,pdf,png,5,11,0,1,0,negative_diff_type
PAIR_NEG_000609,FRAG_000805,FRAG_000988,FRAG_000805.bin,FRAG_000988.bin,sample_png_002.png,sample_png_022.png,png,png,2,0,0,0,0,negative_same_type
PAIR_POS_000067,FRAG_000075,FRAG_000076,FRAG_000075.bin,FRAG_000076.bin,sample_jpeg_009.jpeg,sample_jpeg_009.jpeg,jpeg,jpeg,5,6,0,0,1,consecutive_neighbor
PAIR_NEG_000929,FRAG_000913,FRAG_000341,FRAG_000913.bin,FRAG_000341.bin,sample_png_014.png,sample_pdf_005.pdf,png,pdf,2,27,0,0,0,negative_diff_type
PAIR_POS_001166,FRAG_001256,FRAG_001257,FRAG_001256.bin,FRAG_001257.bin,sample_text_016.json,sample_text_016.json,text,text,18,19,0,0,1,consecutive_neighbor
PAIR_POS_000142,FRAG_000158,FRAG_000159,FRAG_000158.bin,FRAG_000159.bin,sample_jpeg_017.jpg,sample_jpeg_017.jpg,jpeg,jpeg,10,11,0,0,1,consecutive_neighbor
PAIR_NEG_001480,FRAG_000459,FRAG_001421,FRAG_000459.bin,FRAG_001421.bin,sample_pdf_011.pdf,sample_zip_006.zip,pdf,zip,6,11,0,0,0,negative_diff_type
PAIR_NEG_000115,FRAG_001479,FRAG_001629,FRAG_001479.bin,FRAG_001629.bin,sample_zip_011.zip,sample_zip_025.zip,zip,zip,16,6,0,0,0,negative_same_type
PAIR_NEG_000321,FRAG_000878,FRAG_000825,FRAG_000878.bin,FRAG_000825.bin,sample_png_009.png,sample_png_004.png,png,png,9,10,0,0,0,negative_same_type
PAIR_NEG_000342,FRAG_001199,FRAG_001284,FRAG_001199.bin,FRAG_001284.bin,sample_text_014.txt,sample_text_018.csv,text,text,2,7,0,0,0,negative_same_type
PAIR_POS_001475,FRAG_001595,FRAG_001596,FRAG_001595.bin,FRAG_001596.bin,sample_zip_021.zip,sample_zip_021.zip,zip,zip,6,7,0,0,1,consecutive_neighbor
PAIR_POS_001041,FRAG_001123,FRAG_001124,FRAG_001123.bin,FRAG_001124.bin,sample_text_008.json,sample_text_008.json,text,text,15,16,0,0,1,consecutive_neighbor
PAIR_NEG_001155,FRAG_001516,FRAG_000223,FRAG_001516.bin,FRAG_000223.bin,sample_zip_014.zip,sample_jpeg_025.jpg,zip,jpeg,13,9,0,0,0,negative_diff_type
PAIR_NEG_000025,FRAG_000975,FRAG_000970,FRAG_000975.bin,FRAG_000970.bin,sample_png_021.png,sample_png_020.png,png,png,1,1,0,0,0,negative_same_type
PAIR_POS_000877,FRAG_000943,FRAG_000944,FRAG_000943.bin,FRAG_000944.bin,sample_png_017.png,sample_png_017.png,png,png,4,5,0,1,1,consecutive_neighbor
PAIR_NEG_000723,FRAG_001615,FRAG_001457,FRAG_001615.bin,FRAG_001457.bin,sample_zip_023.zip,sample_zip_010.zip,zip,zip,5,2,0,0,0,negative_same_type
PAIR_NEG_000795,FRAG_001094,FRAG_000655,FRAG_001094.bin,FRAG_000655.bin,sample_text_006.log,sample_pdf_019.pdf,text,pdf,4,22,0,0,0,negative_diff_type
PAIR_POS_000986,FRAG_001063,FRAG_001064,FRAG_001063.bin,FRAG_001064.bin,sample_text_003.log,sample_text_003.log,text,text,4,5,0,0,1,consecutive_neighbor
PAIR_NEG_000981,FRAG_000630,FRAG_000161,FRAG_000630.bin,FRAG_000161.bin,sample_pdf_018.pdf,sample_jpeg_017.jpg,pdf,jpeg,27,13,0,1,0,negative_diff_type
PAIR_POS_001325,FRAG_001432,FRAG_001433,FRAG_001432.bin,FRAG_001433.bin,sample_zip_008.zip,sample_zip_008.zip,zip,zip,0,1,1,0,1,consecutive_neighbor
PAIR_NEG_001467,FRAG_001276,FRAG_000842,FRAG_001276.bin,FRAG_000842.bin,sample_text_017.txt,sample_png_006.png,text,png,10,7,0,0,0,negative_diff_type
PAIR_NEG_001082,FRAG_000935,FRAG_001273,FRAG_000935.bin,FRAG_001273.bin,sample_png_016.png,sample_text_017.txt,png,text,8,7,0,0,0,negative_diff_type
PAIR_NEG_001485,FRAG_001619,FRAG_000872,FRAG_001619.bin,FRAG_000872.bin,sample_zip_024.zip,sample_png_009.png,zip,png,2,3,0,0,0,negative_diff_type
PAIR_NEG_000011,FRAG_000657,FRAG_000573,FRAG_000657.bin,FRAG_000573.bin,sample_pdf_019.pdf,sample_pdf_016.pdf,pdf,pdf,24,12,0,0,0,negative_same_type
PAIR_NEG_001341,FRAG_000165,FRAG_001402,FRAG_000165.bin,FRAG_001402.bin,sample_jpeg_018.jpeg,sample_zip_005.zip,jpeg,zip,3,1,0,0,0,negative_diff_type
PAIR_NEG_000742,FRAG_001564,FRAG_001572,FRAG_001564.bin,FRAG_001572.bin,sample_zip_018.zip,sample_zip_019.zip,zip,zip,6,4,0,0,0,negative_same_type
PAIR_POS_001291,FRAG_001393,FRAG_001394,FRAG_001393.bin,FRAG_001394.bin,sample_zip_003.zip,sample_zip_003.zip,zip,zip,8,9,0,1,1,consecutive_neighbor
PAIR_POS_001444,FRAG_001561,FRAG_001562,FRAG_001561.bin,FRAG_001562.bin,sample_zip_018.zip,sample_zip_018.zip,zip,zip,3,4,0,0,1,consecutive_neighbor
PAIR_NEG_001374,FRAG_001326,FRAG_000522,FRAG_001326.bin,FRAG_000522.bin,sample_text_022.log,sample_pdf_013.pdf,text,pdf,1,4,0,0,0,negative_diff_type
PAIR_NEG_000946,FRAG_001482,FRAG_000075,FRAG_001482.bin,FRAG_000075.bin,sample_zip_012.zip,sample_jpeg_009.jpeg,zip,jpeg,0,5,1,0,0,negative_diff_type
PAIR_NEG_001495,FRAG_001262,FRAG_000957,FRAG_001262.bin,FRAG_000957.bin,sample_text_016.json,sample_png_019.png,text,png,24,0,0,0,0,negative_diff_type
PAIR_POS_000648,FRAG_000692,FRAG_000693,FRAG_000692.bin,FRAG_000693.bin,sample_pdf_020.pdf,sample_pdf_020.pdf,pdf,pdf,19,20,0,0,1,consecutive_neighbor
PAIR_POS_001383,FRAG_001495,FRAG_001496,FRAG_001495.bin,FRAG_001496.bin,sample_zip_013.zip,sample_zip_013.zip,zip,zip,5,6,0,0,1,consecutive_neighbor
PAIR_NEG_000556,FRAG_000391,FRAG_000410,FRAG_000391.bin,FRAG_000410.bin,sample_pdf_008.pdf,sample_pdf_009.pdf,pdf,pdf,1,0,0,0,0,negative_same_type
PAIR_NEG_000133,FRAG_001388,FRAG_001559,FRAG_001388.bin,FRAG_001559.bin,sample_zip_003.zip,sample_zip_018.zip,zip,zip,3,1,0,0,0,negative_same_type
PAIR_NEG_000741,FRAG_000869,FRAG_000827,FRAG_000869.bin,FRAG_000827.bin,sample_png_009.png,sample_png_005.png,png,png,0,0,1,0,0,negative_same_type
PAIR_POS_000739,FRAG_000788,FRAG_000789,FRAG_000788.bin,FRAG_000789.bin,sample_pdf_025.pdf,sample_pdf_025.pdf,pdf,pdf,20,21,0,0,1,consecutive_neighbor
PAIR_POS_000684,FRAG_000730,FRAG_000731,FRAG_000730.bin,FRAG_000731.bin,sample_pdf_022.pdf,sample_pdf_022.pdf,pdf,pdf,10,11,0,0,1,consecutive_neighbor
PAIR_POS_000427,FRAG_000462,FRAG_000463,FRAG_000462.bin,FRAG_000463.bin,sample_pdf_011.pdf,sample_pdf_011.pdf,pdf,pdf,9,10,0,0,1,consecutive_neighbor
PAIR_NEG_000238,FRAG_001431,FRAG_001391,FRAG_001431.bin,FRAG_001391.bin,sample_zip_007.zip,sample_zip_003.zip,zip,zip,7,6,0,0,0,negative_same_type
PAIR_NEG_000367,FRAG_000999,FRAG_000810,FRAG_000999.bin,FRAG_000810.bin,sample_png_023.png,sample_png_003.png,png,png,3,1,0,0,0,negative_same_type
PAIR_POS_001467,FRAG_001586,FRAG_001587,FRAG_001586.bin,FRAG_001587.bin,sample_zip_020.zip,sample_zip_020.zip,zip,zip,10,11,0,0,1,consecutive_neighbor
PAIR_NEG_000850,FRAG_001461,FRAG_001079,FRAG_001461.bin,FRAG_001079.bin,sample_zip_010.zip,sample_text_004.json,zip,text,6,12,0,0,0,negative_diff_type
PAIR_NEG_001352,FRAG_000901,FRAG_000749,FRAG_000901.bin,FRAG_000749.bin,sample_png_012.png,sample_pdf_023.pdf,png,pdf,4,7,0,0,0,negative_diff_type
PAIR_POS_000433,FRAG_000468,FRAG_000469,FRAG_000468.bin,FRAG_000469.bin,sample_pdf_011.pdf,sample_pdf_011.pdf,pdf,pdf,15,16,0,0,1,consecutive_neighbor
PAIR_NEG_000189,FRAG_000700,FRAG_000768,FRAG_000700.bin,FRAG_000768.bin,sample_pdf_020.pdf,sample_pdf_025.pdf,pdf,pdf,27,0,0,0,0,negative_same_type
PAIR_NEG_000775,FRAG_000973,FRAG_001490,FRAG_000973.bin,FRAG_001490.bin,sample_png_020.png,sample_zip_013.zip,png,zip,4,0,0,0,0,negative_diff_type
PAIR_NEG_001304,FRAG_001553,FRAG_000209,FRAG_001553.bin,FRAG_000209.bin,sample_zip_017.zip,sample_jpeg_024.jpeg,zip,jpeg,9,4,0,0,0,negative_diff_type
PAIR_POS_000733,FRAG_000782,FRAG_000783,FRAG_000782.bin,FRAG_000783.bin,sample_pdf_025.pdf,sample_pdf_025.pdf,pdf,pdf,14,15,0,0,1,consecutive_neighbor
PAIR_NEG_001445,FRAG_001547,FRAG_001004,FRAG_001547.bin,FRAG_001004.bin,sample_zip_017.zip,sample_png_023.png,zip,png,3,8,0,0,0,negative_diff_type
PAIR_NEG_000823,FRAG_001072,FRAG_000933,FRAG_001072.bin,FRAG_000933.bin,sample_text_004.json,sample_png_016.png,text,png,5,6,0,0,0,negative_diff_type
PAIR_NEG_001323,FRAG_000564,FRAG_001539,FRAG_000564.bin,FRAG_001539.bin,sample_pdf_016.pdf,sample_zip_016.zip,pdf,zip,3,9,0,0,0,negative_diff_type
PAIR_NEG_001179,FRAG_001108,FRAG_000219,FRAG_001108.bin,FRAG_000219.bin,sample_text_008.json,sample_jpeg_025.jpg,text,jpeg,0,5,1,0,0,negative_diff_type
PAIR_NEG_000644,FRAG_001518,FRAG_001523,FRAG_001518.bin,FRAG_001523.bin,sample_zip_014.zip,sample_zip_015.zip,zip,zip,15,3,0,0,0,negative_same_type
PAIR_POS_000792,FRAG_000848,FRAG_000849,FRAG_000848.bin,FRAG_000849.bin,sample_png_007.png,sample_png_007.png,png,png,2,3,0,0,1,consecutive_neighbor
PAIR_POS_000777,FRAG_000831,FRAG_000832,FRAG_000831.bin,FRAG_000832.bin,sample_png_005.png,sample_png_005.png,png,png,4,5,0,0,1,consecutive_neighbor
PAIR_NEG_000067,FRAG_000908,FRAG_000928,FRAG_000908.bin,FRAG_000928.bin,sample_png_013.png,sample_png_016.png,png,png,5,1,0,0,0,negative_same_type
PAIR_NEG_000666,FRAG_000382,FRAG_000400,FRAG_000382.bin,FRAG_000400.bin,sample_pdf_007.pdf,sample_pdf_008.pdf,pdf,pdf,12,10,0,0,0,negative_same_type
PAIR_POS_000947,FRAG_001021,FRAG_001022,FRAG_001021.bin,FRAG_001022.bin,sample_png_025.png,sample_png_025.png,png,png,10,11,0,0,1,consecutive_neighbor
PAIR_POS_000415,FRAG_000449,FRAG_000450,FRAG_000449.bin,FRAG_000450.bin,sample_pdf_010.pdf,sample_pdf_010.pdf,pdf,pdf,4,5,0,0,1,consecutive_neighbor
PAIR_POS_000398,FRAG_000431,FRAG_000432,FRAG_000431.bin,FRAG_000432.bin,sample_pdf_009.pdf,sample_pdf_009.pdf,pdf,pdf,21,22,0,0,1,consecutive_neighbor
PAIR_NEG_000616,FRAG_001213,FRAG_001290,FRAG_001213.bin,FRAG_001290.bin,sample_text_015.json,sample_text_019.txt,text,text,8,3,0,0,0,negative_same_type
PAIR_POS_000885,FRAG_000952,FRAG_000953,FRAG_000952.bin,FRAG_000953.bin,sample_png_018.png,sample_png_018.png,png,png,7,8,0,0,1,consecutive_neighbor
PAIR_POS_000320,FRAG_000350,FRAG_000351,FRAG_000350.bin,FRAG_000351.bin,sample_pdf_006.pdf,sample_pdf_006.pdf,pdf,pdf,2,3,0,0,1,consecutive_neighbor
PAIR_POS_001245,FRAG_001343,FRAG_001344,FRAG_001343.bin,FRAG_001344.bin,sample_text_024.txt,sample_text_024.txt,text,text,2,3,0,0,1,consecutive_neighbor
PAIR_POS_000289,FRAG_000318,FRAG_000319,FRAG_000318.bin,FRAG_000319.bin,sample_pdf_005.pdf,sample_pdf_005.pdf,pdf,pdf,4,5,0,0,1,consecutive_neighbor
PAIR_POS_000167,FRAG_000187,FRAG_000188,FRAG_000187.bin,FRAG_000188.bin,sample_jpeg_021.jpg,sample_jpeg_021.jpg,jpeg,jpeg,0,1,1,0,1,consecutive_neighbor
PAIR_NEG_000655,FRAG_001263,FRAG_001289,FRAG_001263.bin,FRAG_001289.bin,sample_text_016.json,sample_text_019.txt,text,text,25,2,0,0,0,negative_same_type
PAIR_POS_001089,FRAG_001175,FRAG_001176,FRAG_001175.bin,FRAG_001176.bin,sample_text_012.log,sample_text_012.log,text,text,1,2,0,0,1,consecutive_neighbor
PAIR_NEG_001015,FRAG_001528,FRAG_000171,FRAG_001528.bin,FRAG_000171.bin,sample_zip_015.zip,sample_jpeg_019.jpg,zip,jpeg,8,1,0,0,0,negative_diff_type
PAIR_POS_000239,FRAG_000265,FRAG_000266,FRAG_000265.bin,FRAG_000266.bin,sample_pdf_002.pdf,sample_pdf_002.pdf,pdf,pdf,6,7,0,0,1,consecutive_neighbor
PAIR_POS_001512,FRAG_001636,FRAG_001637,FRAG_001636.bin,FRAG_001637.bin,sample_zip_025.zip,sample_zip_025.zip,zip,zip,13,14,0,1,1,consecutive_neighbor
PAIR_NEG_000192,FRAG_001598,FRAG_001451,FRAG_001598.bin,FRAG_001451.bin,sample_zip_021.zip,sample_zip_009.zip,zip,zip,9,7,0,0,0,negative_same_type
PAIR_NEG_000774,FRAG_000945,FRAG_001375,FRAG_000945.bin,FRAG_001375.bin,sample_png_018.png,sample_zip_001.zip,png,zip,0,5,1,0,0,negative_diff_type
PAIR_POS_001479,FRAG_001599,FRAG_001600,FRAG_001599.bin,FRAG_001600.bin,sample_zip_021.zip,sample_zip_021.zip,zip,zip,10,11,0,0,1,consecutive_neighbor
PAIR_POS_000249,FRAG_000275,FRAG_000276,FRAG_000275.bin,FRAG_000276.bin,sample_pdf_002.pdf,sample_pdf_002.pdf,pdf,pdf,16,17,0,0,1,consecutive_neighbor
PAIR_NEG_001106,FRAG_000841,FRAG_000226,FRAG_000841.bin,FRAG_000226.bin,sample_png_006.png,sample_pdf_001.pdf,png,pdf,6,1,0,0,0,negative_diff_type
PAIR_NEG_000406,FRAG_000945,FRAG_000893,FRAG_000945.bin,FRAG_000893.bin,sample_png_018.png,sample_png_011.png,png,png,0,5,1,0,0,negative_same_type
PAIR_POS_000328,FRAG_000358,FRAG_000359,FRAG_000358.bin,FRAG_000359.bin,sample_pdf_006.pdf,sample_pdf_006.pdf,pdf,pdf,10,11,0,0,1,consecutive_neighbor
PAIR_NEG_000501,FRAG_001589,FRAG_001577,FRAG_001589.bin,FRAG_001577.bin,sample_zip_021.zip,sample_zip_020.zip,zip,zip,0,1,1,0,0,negative_same_type
PAIR_NEG_001174,FRAG_001350,FRAG_001433,FRAG_001350.bin,FRAG_001433.bin,sample_text_024.txt,sample_zip_008.zip,text,zip,9,1,0,0,0,negative_diff_type
PAIR_POS_000855,FRAG_000918,FRAG_000919,FRAG_000918.bin,FRAG_000919.bin,sample_png_014.png,sample_png_014.png,png,png,7,8,0,0,1,consecutive_neighbor
PAIR_POS_000054,FRAG_000061,FRAG_000062,FRAG_000061.bin,FRAG_000062.bin,sample_jpeg_008.jpeg,sample_jpeg_008.jpeg,jpeg,jpeg,2,3,0,0,1,consecutive_neighbor
PAIR_POS_000291,FRAG_000320,FRAG_000321,FRAG_000320.bin,FRAG_000321.bin,sample_pdf_005.pdf,sample_pdf_005.pdf,pdf,pdf,6,7,0,0,1,consecutive_neighbor
PAIR_NEG_000970,FRAG_001057,FRAG_000999,FRAG_001057.bin,FRAG_000999.bin,sample_text_002.txt,sample_png_023.png,text,png,14,3,0,0,0,negative_diff_type
PAIR_POS_000905,FRAG_000975,FRAG_000976,FRAG_000975.bin,FRAG_000976.bin,sample_png_021.png,sample_png_021.png,png,png,1,2,0,0,1,consecutive_neighbor
PAIR_POS_001501,FRAG_001625,FRAG_001626,FRAG_001625.bin,FRAG_001626.bin,sample_zip_025.zip,sample_zip_025.zip,zip,zip,2,3,0,0,1,consecutive_neighbor
PAIR_POS_000202,FRAG_000227,FRAG_000228,FRAG_000227.bin,FRAG_000228.bin,sample_pdf_001.pdf,sample_pdf_001.pdf,pdf,pdf,2,3,0,0,1,consecutive_neighbor
PAIR_POS_001049,FRAG_001132,FRAG_001133,FRAG_001132.bin,FRAG_001133.bin,sample_text_009.txt,sample_text_009.txt,text,text,4,5,0,0,1,consecutive_neighbor
PAIR_NEG_000906,FRAG_001425,FRAG_000197,FRAG_001425.bin,FRAG_000197.bin,sample_zip_007.zip,sample_jpeg_022.jpg,zip,jpeg,1,4,0,0,0,negative_diff_type
PAIR_NEG_001044,FRAG_001584,FRAG_000728,FRAG_001584.bin,FRAG_000728.bin,sample_zip_020.zip,sample_pdf_022.pdf,zip,pdf,8,8,0,0,0,negative_diff_type
PAIR_NEG_000642,FRAG_001069,FRAG_001188,FRAG_001069.bin,FRAG_001188.bin,sample_text_004.json,sample_text_013.csv,text,text,2,0,0,0,0,negative_same_type
PAIR_NEG_000495,FRAG_001245,FRAG_001114,FRAG_001245.bin,FRAG_001114.bin,sample_text_016.json,sample_text_008.json,text,text,7,6,0,0,0,negative_same_type
PAIR_NEG_001183,FRAG_000454,FRAG_000065,FRAG_000454.bin,FRAG_000065.bin,sample_pdf_011.pdf,sample_jpeg_008.jpeg,pdf,jpeg,1,6,0,0,0,negative_diff_type
PAIR_NEG_000080,FRAG_000025,FRAG_000169,FRAG_000025.bin,FRAG_000169.bin,sample_jpeg_002.jpeg,sample_jpeg_018.jpeg,jpeg,jpeg,11,7,0,1,0,negative_same_type
PAIR_NEG_001117,FRAG_000821,FRAG_001270,FRAG_000821.bin,FRAG_001270.bin,sample_png_004.png,sample_text_017.txt,png,text,6,4,0,0,0,negative_diff_type
PAIR_NEG_000827,FRAG_000799,FRAG_001478,FRAG_000799.bin,FRAG_001478.bin,sample_png_001.png,sample_zip_011.zip,png,zip,3,15,0,0,0,negative_diff_type
PAIR_POS_000131,FRAG_000146,FRAG_000147,FRAG_000146.bin,FRAG_000147.bin,sample_jpeg_016.jpeg,sample_jpeg_016.jpeg,jpeg,jpeg,6,7,0,1,1,consecutive_neighbor
PAIR_POS_000405,FRAG_000438,FRAG_000439,FRAG_000438.bin,FRAG_000439.bin,sample_pdf_009.pdf,sample_pdf_009.pdf,pdf,pdf,28,29,0,0,1,consecutive_neighbor
PAIR_POS_000785,FRAG_000840,FRAG_000841,FRAG_000840.bin,FRAG_000841.bin,sample_png_006.png,sample_png_006.png,png,png,5,6,0,0,1,consecutive_neighbor
PAIR_NEG_000477,FRAG_000256,FRAG_000318,FRAG_000256.bin,FRAG_000318.bin,sample_pdf_001.pdf,sample_pdf_005.pdf,pdf,pdf,31,4,0,0,0,negative_same_type
PAIR_POS_000439,FRAG_000474,FRAG_000475,FRAG_000474.bin,FRAG_000475.bin,sample_pdf_011.pdf,sample_pdf_011.pdf,pdf,pdf,21,22,0,0,1,consecutive_neighbor
PAIR_POS_000828,FRAG_000888,FRAG_000889,FRAG_000888.bin,FRAG_000889.bin,sample_png_011.png,sample_png_011.png,png,png,0,1,1,0,1,consecutive_neighbor
PAIR_POS_000129,FRAG_000144,FRAG_000145,FRAG_000144.bin,FRAG_000145.bin,sample_jpeg_016.jpeg,sample_jpeg_016.jpeg,jpeg,jpeg,4,5,0,0,1,consecutive_neighbor
PAIR_POS_000732,FRAG_000781,FRAG_000782,FRAG_000781.bin,FRAG_000782.bin,sample_pdf_025.pdf,sample_pdf_025.pdf,pdf,pdf,13,14,0,0,1,consecutive_neighbor
PAIR_POS_000532,FRAG_000572,FRAG_000573,FRAG_000572.bin,FRAG_000573.bin,sample_pdf_016.pdf,sample_pdf_016.pdf,pdf,pdf,11,12,0,0,1,consecutive_neighbor
PAIR_POS_000180,FRAG_000202,FRAG_000203,FRAG_000202.bin,FRAG_000203.bin,sample_jpeg_023.jpeg,sample_jpeg_023.jpeg,jpeg,jpeg,1,2,0,0,1,consecutive_neighbor
PAIR_POS_000274,FRAG_000301,FRAG_000302,FRAG_000301.bin,FRAG_000302.bin,sample_pdf_003.pdf,sample_pdf_003.pdf,pdf,pdf,21,22,0,0,1,consecutive_neighbor
PAIR_NEG_001187,FRAG_001422,FRAG_001028,FRAG_001422.bin,FRAG_001028.bin,sample_zip_006.zip,sample_text_001.json,zip,text,12,3,0,0,0,negative_diff_type
PAIR_NEG_001479,FRAG_000867,FRAG_001255,FRAG_000867.bin,FRAG_001255.bin,sample_png_008.png,sample_text_016.json,png,text,12,17,0,0,0,negative_diff_type
PAIR_POS_000395,FRAG_000428,FRAG_000429,FRAG_000428.bin,FRAG_000429.bin,sample_pdf_009.pdf,sample_pdf_009.pdf,pdf,pdf,18,19,0,0,1,consecutive_neighbor
PAIR_NEG_001428,FRAG_000460,FRAG_000115,FRAG_000460.bin,FRAG_000115.bin,sample_pdf_011.pdf,sample_jpeg_013.jpeg,pdf,jpeg,7,3,0,0,0,negative_diff_type
PAIR_POS_001320,FRAG_001426,FRAG_001427,FRAG_001426.bin,FRAG_001427.bin,sample_zip_007.zip,sample_zip_007.zip,zip,zip,2,3,0,0,1,consecutive_neighbor
PAIR_NEG_001114,FRAG_000980,FRAG_000001,FRAG_000980.bin,FRAG_000001.bin,sample_png_021.png,sample_jpeg_001.jpeg,png,jpeg,6,0,0,0,0,negative_diff_type
PAIR_NEG_000167,FRAG_000937,FRAG_000828,FRAG_000937.bin,FRAG_000828.bin,sample_png_016.png,sample_png_005.png,png,png,10,1,0,0,0,negative_same_type
PAIR_POS_001322,FRAG_001428,FRAG_001429,FRAG_001428.bin,FRAG_001429.bin,sample_zip_007.zip,sample_zip_007.zip,zip,zip,4,5,0,0,1,consecutive_neighbor
PAIR_POS_001160,FRAG_001250,FRAG_001251,FRAG_001250.bin,FRAG_001251.bin,sample_text_016.json,sample_text_016.json,text,text,12,13,0,0,1,consecutive_neighbor
PAIR_NEG_001442,FRAG_001367,FRAG_000897,FRAG_001367.bin,FRAG_000897.bin,sample_text_025.log,sample_png_012.png,text,png,9,0,0,0,0,negative_diff_type
PAIR_POS_000632,FRAG_000676,FRAG_000677,FRAG_000676.bin,FRAG_000677.bin,sample_pdf_020.pdf,sample_pdf_020.pdf,pdf,pdf,3,4,0,0,1,consecutive_neighbor
PAIR_NEG_000747,FRAG_000987,FRAG_000918,FRAG_000987.bin,FRAG_000918.bin,sample_png_021.png,sample_png_014.png,png,png,13,7,0,0,0,negative_same_type
PAIR_NEG_000526,FRAG_001391,FRAG_001600,FRAG_001391.bin,FRAG_001600.bin,sample_zip_003.zip,sample_zip_021.zip,zip,zip,6,11,0,0,0,negative_same_type
PAIR_NEG_000635,FRAG_000859,FRAG_000825,FRAG_000859.bin,FRAG_000825.bin,sample_png_008.png,sample_png_004.png,png,png,4,10,0,0,0,negative_same_type
PAIR_NEG_001287,FRAG_001591,FRAG_000215,FRAG_001591.bin,FRAG_000215.bin,sample_zip_021.zip,sample_jpeg_025.jpg,zip,jpeg,2,1,0,0,0,negative_diff_type
PAIR_NEG_000076,FRAG_000967,FRAG_000920,FRAG_000967.bin,FRAG_000920.bin,sample_png_019.png,sample_png_014.png,png,png,10,9,0,0,0,negative_same_type
PAIR_NEG_000696,FRAG_001171,FRAG_001299,FRAG_001171.bin,FRAG_001299.bin,sample_text_011.json,sample_text_019.txt,text,text,24,12,0,0,0,negative_same_type
PAIR_NEG_001185,FRAG_001260,FRAG_000860,FRAG_001260.bin,FRAG_000860.bin,sample_text_016.json,sample_png_008.png,text,png,22,5,0,0,0,negative_diff_type
PAIR_POS_000260,FRAG_000287,FRAG_000288,FRAG_000287.bin,FRAG_000288.bin,sample_pdf_003.pdf,sample_pdf_003.pdf,pdf,pdf,7,8,0,0,1,consecutive_neighbor
PAIR_NEG_001418,FRAG_001501,FRAG_001121,FRAG_001501.bin,FRAG_001121.bin,sample_zip_013.zip,sample_text_008.json,zip,text,11,13,0,0,0,negative_diff_type
PAIR_POS_000979,FRAG_001055,FRAG_001056,FRAG_001055.bin,FRAG_001056.bin,sample_text_002.txt,sample_text_002.txt,text,text,12,13,0,0,1,consecutive_neighbor
PAIR_NEG_001029,FRAG_001116,FRAG_000261,FRAG_001116.bin,FRAG_000261.bin,sample_text_008.json,sample_pdf_002.pdf,text,pdf,8,2,0,0,0,negative_diff_type
PAIR_POS_001492,FRAG_001614,FRAG_001615,FRAG_001614.bin,FRAG_001615.bin,sample_zip_023.zip,sample_zip_023.zip,zip,zip,4,5,0,0,1,consecutive_neighbor
PAIR_NEG_001027,FRAG_000220,FRAG_001376,FRAG_000220.bin,FRAG_001376.bin,sample_jpeg_025.jpg,sample_zip_001.zip,jpeg,zip,6,6,0,0,0,negative_diff_type
PAIR_POS_000077,FRAG_000086,FRAG_000087,FRAG_000086.bin,FRAG_000087.bin,sample_jpeg_010.jpg,sample_jpeg_010.jpg,jpeg,jpeg,8,9,0,0,1,consecutive_neighbor
PAIR_POS_000760,FRAG_000812,FRAG_000813,FRAG_000812.bin,FRAG_000813.bin,sample_png_003.png,sample_png_003.png,png,png,3,4,0,0,1,consecutive_neighbor
PAIR_NEG_000041,FRAG_001622,FRAG_001416,FRAG_001622.bin,FRAG_001416.bin,sample_zip_024.zip,sample_zip_006.zip,zip,zip,5,6,0,0,0,negative_same_type
PAIR_NEG_000561,FRAG_000541,FRAG_000705,FRAG_000541.bin,FRAG_000705.bin,sample_pdf_014.pdf,sample_pdf_020.pdf,pdf,pdf,14,32,0,0,0,negative_same_type
PAIR_NEG_001102,FRAG_000836,FRAG_000672,FRAG_000836.bin,FRAG_000672.bin,sample_png_006.png,sample_pdf_019.pdf,png,pdf,1,39,0,1,0,negative_diff_type
PAIR_POS_000003,FRAG_000003,FRAG_000004,FRAG_000003.bin,FRAG_000004.bin,sample_jpeg_001.jpeg,sample_jpeg_001.jpeg,jpeg,jpeg,2,3,0,0,1,consecutive_neighbor
PAIR_NEG_000348,FRAG_001563,FRAG_001603,FRAG_001563.bin,FRAG_001603.bin,sample_zip_018.zip,sample_zip_022.zip,zip,zip,5,0,0,0,0,negative_same_type
PAIR_POS_001504,FRAG_001628,FRAG_001629,FRAG_001628.bin,FRAG_001629.bin,sample_zip_025.zip,sample_zip_025.zip,zip,zip,5,6,0,0,1,consecutive_neighbor
PAIR_NEG_000707,FRAG_000428,FRAG_000746,FRAG_000428.bin,FRAG_000746.bin,sample_pdf_009.pdf,sample_pdf_023.pdf,pdf,pdf,18,4,0,0,0,negative_same_type
PAIR_POS_001079,FRAG_001164,FRAG_001165,FRAG_001164.bin,FRAG_001165.bin,sample_text_011.json,sample_text_011.json,text,text,17,18,0,0,1,consecutive_neighbor
PAIR_POS_001212,FRAG_001306,FRAG_001307,FRAG_001306.bin,FRAG_001307.bin,sample_text_020.txt,sample_text_020.txt,text,text,4,5,0,0,1,consecutive_neighbor
PAIR_NEG_000329,FRAG_001273,FRAG_001087,FRAG_001273.bin,FRAG_001087.bin,sample_text_017.txt,sample_text_005.csv,text,text,7,2,0,0,0,negative_same_type
PAIR_NEG_001326,FRAG_000857,FRAG_001353,FRAG_000857.bin,FRAG_001353.bin,sample_png_008.png,sample_text_024.txt,png,text,2,12,0,0,0,negative_diff_type
PAIR_NEG_000664,FRAG_000953,FRAG_000932,FRAG_000953.bin,FRAG_000932.bin,sample_png_018.png,sample_png_016.png,png,png,8,5,0,0,0,negative_same_type
PAIR_POS_000283,FRAG_000311,FRAG_000312,FRAG_000311.bin,FRAG_000312.bin,sample_pdf_004.pdf,sample_pdf_004.pdf,pdf,pdf,5,6,0,0,1,consecutive_neighbor
PAIR_POS_000657,FRAG_000701,FRAG_000702,FRAG_000701.bin,FRAG_000702.bin,sample_pdf_020.pdf,sample_pdf_020.pdf,pdf,pdf,28,29,0,0,1,consecutive_neighbor
PAIR_NEG_000760,FRAG_001043,FRAG_000631,FRAG_001043.bin,FRAG_000631.bin,sample_text_002.txt,sample_pdf_018.pdf,text,pdf,0,28,1,0,0,negative_diff_type
PAIR_NEG_000941,FRAG_000954,FRAG_001052,FRAG_000954.bin,FRAG_001052.bin,sample_png_018.png,sample_text_002.txt,png,text,9,9,0,0,0,negative_diff_type
PAIR_POS_001128,FRAG_001217,FRAG_001218,FRAG_001217.bin,FRAG_001218.bin,sample_text_015.json,sample_text_015.json,text,text,12,13,0,0,1,consecutive_neighbor
PAIR_NEG_000407,FRAG_000823,FRAG_000968,FRAG_000823.bin,FRAG_000968.bin,sample_png_004.png,sample_png_019.png,png,png,8,11,0,1,0,negative_same_type
PAIR_POS_001326,FRAG_001433,FRAG_001434,FRAG_001433.bin,FRAG_001434.bin,sample_zip_008.zip,sample_zip_008.zip,zip,zip,1,2,0,0,1,consecutive_neighbor
PAIR_POS_001425,FRAG_001540,FRAG_001541,FRAG_001540.bin,FRAG_001541.bin,sample_zip_016.zip,sample_zip_016.zip,zip,zip,10,11,0,0,1,consecutive_neighbor
PAIR_NEG_000715,FRAG_001542,FRAG_001629,FRAG_001542.bin,FRAG_001629.bin,sample_zip_016.zip,sample_zip_025.zip,zip,zip,12,6,0,0,0,negative_same_type
PAIR_POS_000765,FRAG_000818,FRAG_000819,FRAG_000818.bin,FRAG_000819.bin,sample_png_004.png,sample_png_004.png,png,png,3,4,0,0,1,consecutive_neighbor
PAIR_NEG_000810,FRAG_001489,FRAG_001004,FRAG_001489.bin,FRAG_001004.bin,sample_zip_012.zip,sample_png_023.png,zip,png,7,8,0,0,0,negative_diff_type
PAIR_POS_000778,FRAG_000832,FRAG_000833,FRAG_000832.bin,FRAG_000833.bin,sample_png_005.png,sample_png_005.png,png,png,5,6,0,0,1,consecutive_neighbor
PAIR_NEG_000496,FRAG_000614,FRAG_000770,FRAG_000614.bin,FRAG_000770.bin,sample_pdf_018.pdf,sample_pdf_025.pdf,pdf,pdf,11,2,0,0,0,negative_same_type
PAIR_NEG_000712,FRAG_001633,FRAG_001441,FRAG_001633.bin,FRAG_001441.bin,sample_zip_025.zip,sample_zip_008.zip,zip,zip,10,9,0,0,0,negative_same_type
PAIR_POS_001208,FRAG_001302,FRAG_001303,FRAG_001302.bin,FRAG_001303.bin,sample_text_020.txt,sample_text_020.txt,text,text,0,1,1,0,1,consecutive_neighbor
PAIR_NEG_000778,FRAG_000095,FRAG_000953,FRAG_000095.bin,FRAG_000953.bin,sample_jpeg_011.jpeg,sample_png_018.png,jpeg,png,3,8,0,0,0,negative_diff_type
PAIR_NEG_000281,FRAG_001276,FRAG_001062,FRAG_001276.bin,FRAG_001062.bin,sample_text_017.txt,sample_text_003.log,text,text,10,3,0,0,0,negative_same_type
PAIR_NEG_000476,FRAG_000635,FRAG_000296,FRAG_000635.bin,FRAG_000296.bin,sample_pdf_019.pdf,sample_pdf_003.pdf,pdf,pdf,2,16,0,0,0,negative_same_type
PAIR_POS_000162,FRAG_000180,FRAG_000181,FRAG_000180.bin,FRAG_000181.bin,sample_jpeg_019.jpg,sample_jpeg_019.jpg,jpeg,jpeg,10,11,0,1,1,consecutive_neighbor
PAIR_POS_001027,FRAG_001109,FRAG_001110,FRAG_001109.bin,FRAG_001110.bin,sample_text_008.json,sample_text_008.json,text,text,1,2,0,0,1,consecutive_neighbor
PAIR_POS_000552,FRAG_000593,FRAG_000594,FRAG_000593.bin,FRAG_000594.bin,sample_pdf_017.pdf,sample_pdf_017.pdf,pdf,pdf,10,11,0,0,1,consecutive_neighbor
PAIR_POS_001468,FRAG_001587,FRAG_001588,FRAG_001587.bin,FRAG_001588.bin,sample_zip_020.zip,sample_zip_020.zip,zip,zip,11,12,0,1,1,consecutive_neighbor
PAIR_NEG_000036,FRAG_001098,FRAG_001160,FRAG_001098.bin,FRAG_001160.bin,sample_text_007.csv,sample_text_011.json,text,text,0,13,1,0,0,negative_same_type
PAIR_POS_000088,FRAG_000099,FRAG_000100,FRAG_000099.bin,FRAG_000100.bin,sample_jpeg_012.jpg,sample_jpeg_012.jpg,jpeg,jpeg,0,1,1,0,1,consecutive_neighbor
PAIR_POS_000791,FRAG_000847,FRAG_000848,FRAG_000847.bin,FRAG_000848.bin,sample_png_007.png,sample_png_007.png,png,png,1,2,0,0,1,consecutive_neighbor
PAIR_NEG_000285,FRAG_001485,FRAG_001637,FRAG_001485.bin,FRAG_001637.bin,sample_zip_012.zip,sample_zip_025.zip,zip,zip,3,14,0,1,0,negative_same_type
PAIR_NEG_001493,FRAG_000588,FRAG_000879,FRAG_000588.bin,FRAG_000879.bin,sample_pdf_017.pdf,sample_png_009.png,pdf,png,5,10,0,0,0,negative_diff_type
PAIR_NEG_001312,FRAG_001063,FRAG_000416,FRAG_001063.bin,FRAG_000416.bin,sample_text_003.log,sample_pdf_009.pdf,text,pdf,4,6,0,0,0,negative_diff_type
PAIR_NEG_000776,FRAG_000120,FRAG_001527,FRAG_000120.bin,FRAG_001527.bin,sample_jpeg_013.jpeg,sample_zip_015.zip,jpeg,zip,8,7,0,0,0,negative_diff_type
PAIR_POS_001298,FRAG_001402,FRAG_001403,FRAG_001402.bin,FRAG_001403.bin,sample_zip_005.zip,sample_zip_005.zip,zip,zip,1,2,0,0,1,consecutive_neighbor
PAIR_NEG_001405,FRAG_000689,FRAG_000948,FRAG_000689.bin,FRAG_000948.bin,sample_pdf_020.pdf,sample_png_018.png,pdf,png,16,3,0,0,0,negative_diff_type
PAIR_NEG_000487,FRAG_000749,FRAG_000341,FRAG_000749.bin,FRAG_000341.bin,sample_pdf_023.pdf,sample_pdf_005.pdf,pdf,pdf,7,27,0,0,0,negative_same_type
PAIR_POS_000516,FRAG_000555,FRAG_000556,FRAG_000555.bin,FRAG_000556.bin,sample_pdf_015.pdf,sample_pdf_015.pdf,pdf,pdf,6,7,0,0,1,consecutive_neighbor
PAIR_POS_000440,FRAG_000475,FRAG_000476,FRAG_000475.bin,FRAG_000476.bin,sample_pdf_011.pdf,sample_pdf_011.pdf,pdf,pdf,22,23,0,0,1,consecutive_neighbor
PAIR_NEG_000685,FRAG_000013,FRAG_000075,FRAG_000013.bin,FRAG_000075.bin,sample_jpeg_001.jpeg,sample_jpeg_009.jpeg,jpeg,jpeg,12,5,0,0,0,negative_same_type
PAIR_POS_000631,FRAG_000675,FRAG_000676,FRAG_000675.bin,FRAG_000676.bin,sample_pdf_020.pdf,sample_pdf_020.pdf,pdf,pdf,2,3,0,0,1,consecutive_neighbor
PAIR_NEG_001129,FRAG_001052,FRAG_000594,FRAG_001052.bin,FRAG_000594.bin,sample_text_002.txt,sample_pdf_017.pdf,text,pdf,9,11,0,0,0,negative_diff_type
PAIR_POS_001457,FRAG_001576,FRAG_001577,FRAG_001576.bin,FRAG_001577.bin,sample_zip_020.zip,sample_zip_020.zip,zip,zip,0,1,1,0,1,consecutive_neighbor
PAIR_POS_000245,FRAG_000271,FRAG_000272,FRAG_000271.bin,FRAG_000272.bin,sample_pdf_002.pdf,sample_pdf_002.pdf,pdf,pdf,12,13,0,0,1,consecutive_neighbor
PAIR_POS_000246,FRAG_000272,FRAG_000273,FRAG_000272.bin,FRAG_000273.bin,sample_pdf_002.pdf,sample_pdf_002.pdf,pdf,pdf,13,14,0,0,1,consecutive_neighbor
PAIR_NEG_001049,FRAG_001328,FRAG_000146,FRAG_001328.bin,FRAG_000146.bin,sample_text_022.log,sample_jpeg_016.jpeg,text,jpeg,3,6,0,0,0,negative_diff_type
PAIR_POS_001387,FRAG_001499,FRAG_001500,FRAG_001499.bin,FRAG_001500.bin,sample_zip_013.zip,sample_zip_013.zip,zip,zip,9,10,0,0,1,consecutive_neighbor
PAIR_NEG_001022,FRAG_001624,FRAG_000117,FRAG_001624.bin,FRAG_000117.bin,sample_zip_025.zip,sample_jpeg_013.jpeg,zip,jpeg,1,5,0,0,0,negative_diff_type
PAIR_NEG_001298,FRAG_000144,FRAG_000918,FRAG_000144.bin,FRAG_000918.bin,sample_jpeg_016.jpeg,sample_png_014.png,jpeg,png,4,7,0,0,0,negative_diff_type
PAIR_POS_000375,FRAG_000407,FRAG_000408,FRAG_000407.bin,FRAG_000408.bin,sample_pdf_008.pdf,sample_pdf_008.pdf,pdf,pdf,17,18,0,0,1,consecutive_neighbor
PAIR_NEG_000536,FRAG_001396,FRAG_001541,FRAG_001396.bin,FRAG_001541.bin,sample_zip_004.zip,sample_zip_016.zip,zip,zip,1,11,0,0,0,negative_same_type
PAIR_POS_000646,FRAG_000690,FRAG_000691,FRAG_000690.bin,FRAG_000691.bin,sample_pdf_020.pdf,sample_pdf_020.pdf,pdf,pdf,17,18,0,0,1,consecutive_neighbor
PAIR_POS_001019,FRAG_001100,FRAG_001101,FRAG_001100.bin,FRAG_001101.bin,sample_text_007.csv,sample_text_007.csv,text,text,2,3,0,0,1,consecutive_neighbor
PAIR_NEG_001489,FRAG_000191,FRAG_001196,FRAG_000191.bin,FRAG_001196.bin,sample_jpeg_021.jpg,sample_text_013.csv,jpeg,text,4,8,0,1,0,negative_diff_type
PAIR_NEG_001395,FRAG_001270,FRAG_001477,FRAG_001270.bin,FRAG_001477.bin,sample_text_017.txt,sample_zip_011.zip,text,zip,4,14,0,0,0,negative_diff_type
PAIR_POS_000635,FRAG_000679,FRAG_000680,FRAG_000679.bin,FRAG_000680.bin,sample_pdf_020.pdf,sample_pdf_020.pdf,pdf,pdf,6,7,0,0,1,consecutive_neighbor
PAIR_NEG_000931,FRAG_000952,FRAG_001225,FRAG_000952.bin,FRAG_001225.bin,sample_png_018.png,sample_text_015.json,png,text,7,20,0,0,0,negative_diff_type
PAIR_NEG_001308,FRAG_001185,FRAG_001397,FRAG_001185.bin,FRAG_001397.bin,sample_text_012.log,sample_zip_004.zip,text,zip,11,2,0,0,0,negative_diff_type
PAIR_NEG_000435,FRAG_000034,FRAG_000004,FRAG_000034.bin,FRAG_000004.bin,sample_jpeg_004.jpeg,sample_jpeg_001.jpeg,jpeg,jpeg,0,3,1,0,0,negative_same_type
PAIR_NEG_001318,FRAG_001621,FRAG_000998,FRAG_001621.bin,FRAG_000998.bin,sample_zip_024.zip,sample_png_023.png,zip,png,4,2,0,0,0,negative_diff_type
PAIR_NEG_000869,FRAG_001537,FRAG_001040,FRAG_001537.bin,FRAG_001040.bin,sample_zip_016.zip,sample_text_001.json,zip,text,7,15,0,0,0,negative_diff_type
PAIR_NEG_001422,FRAG_000484,FRAG_001158,FRAG_000484.bin,FRAG_001158.bin,sample_pdf_012.pdf,sample_text_011.json,pdf,text,1,11,0,0,0,negative_diff_type
PAIR_POS_000037,FRAG_000040,FRAG_000041,FRAG_000040.bin,FRAG_000041.bin,sample_jpeg_004.jpeg,sample_jpeg_004.jpeg,jpeg,jpeg,6,7,0,1,1,consecutive_neighbor
PAIR_POS_000996,FRAG_001074,FRAG_001075,FRAG_001074.bin,FRAG_001075.bin,sample_text_004.json,sample_text_004.json,text,text,7,8,0,0,1,consecutive_neighbor
PAIR_NEG_000110,FRAG_000848,FRAG_000967,FRAG_000848.bin,FRAG_000967.bin,sample_png_007.png,sample_png_019.png,png,png,2,10,0,0,0,negative_same_type
PAIR_POS_000491,FRAG_000529,FRAG_000530,FRAG_000529.bin,FRAG_000530.bin,sample_pdf_014.pdf,sample_pdf_014.pdf,pdf,pdf,2,3,0,0,1,consecutive_neighbor
PAIR_NEG_000883,FRAG_001636,FRAG_000398,FRAG_001636.bin,FRAG_000398.bin,sample_zip_025.zip,sample_pdf_008.pdf,zip,pdf,13,8,0,0,0,negative_diff_type
PAIR_POS_001131,FRAG_001220,FRAG_001221,FRAG_001220.bin,FRAG_001221.bin,sample_text_015.json,sample_text_015.json,text,text,15,16,0,0,1,consecutive_neighbor
PAIR_POS_000686,FRAG_000732,FRAG_000733,FRAG_000732.bin,FRAG_000733.bin,sample_pdf_022.pdf,sample_pdf_022.pdf,pdf,pdf,12,13,0,0,1,consecutive_neighbor
PAIR_POS_000062,FRAG_000070,FRAG_000071,FRAG_000070.bin,FRAG_000071.bin,sample_jpeg_009.jpeg,sample_jpeg_009.jpeg,jpeg,jpeg,0,1,1,0,1,consecutive_neighbor
PAIR_POS_001330,FRAG_001437,FRAG_001438,FRAG_001437.bin,FRAG_001438.bin,sample_zip_008.zip,sample_zip_008.zip,zip,zip,5,6,0,0,1,consecutive_neighbor
PAIR_NEG_000267,FRAG_000548,FRAG_000347,FRAG_000548.bin,FRAG_000347.bin,sample_pdf_014.pdf,sample_pdf_005.pdf,pdf,pdf,21,33,0,1,0,negative_same_type
PAIR_NEG_001081,FRAG_001379,FRAG_000616,FRAG_001379.bin,FRAG_000616.bin,sample_zip_001.zip,sample_pdf_018.pdf,zip,pdf,9,13,0,0,0,negative_diff_type
PAIR_POS_000967,FRAG_001043,FRAG_001044,FRAG_001043.bin,FRAG_001044.bin,sample_text_002.txt,sample_text_002.txt,text,text,0,1,1,0,1,consecutive_neighbor
PAIR_POS_000463,FRAG_000499,FRAG_000500,FRAG_000499.bin,FRAG_000500.bin,sample_pdf_012.pdf,sample_pdf_012.pdf,pdf,pdf,16,17,0,0,1,consecutive_neighbor
PAIR_POS_000893,FRAG_000961,FRAG_000962,FRAG_000961.bin,FRAG_000962.bin,sample_png_019.png,sample_png_019.png,png,png,4,5,0,0,1,consecutive_neighbor
PAIR_NEG_001219,FRAG_000617,FRAG_000129,FRAG_000617.bin,FRAG_000129.bin,sample_pdf_018.pdf,sample_jpeg_015.jpeg,pdf,jpeg,14,4,0,0,0,negative_diff_type
PAIR_POS_000214,FRAG_000239,FRAG_000240,FRAG_000239.bin,FRAG_000240.bin,sample_pdf_001.pdf,sample_pdf_001.pdf,pdf,pdf,14,15,0,0,1,consecutive_neighbor
PAIR_POS_001477,FRAG_001597,FRAG_001598,FRAG_001597.bin,FRAG_001598.bin,sample_zip_021.zip,sample_zip_021.zip,zip,zip,8,9,0,0,1,consecutive_neighbor
PAIR_POS_000814,FRAG_000872,FRAG_000873,FRAG_000872.bin,FRAG_000873.bin,sample_png_009.png,sample_png_009.png,png,png,3,4,0,0,1,consecutive_neighbor
PAIR_POS_001224,FRAG_001319,FRAG_001320,FRAG_001319.bin,FRAG_001320.bin,sample_text_021.csv,sample_text_021.csv,text,text,1,2,0,0,1,consecutive_neighbor
PAIR_NEG_001104,FRAG_001484,FRAG_000966,FRAG_001484.bin,FRAG_000966.bin,sample_zip_012.zip,sample_png_019.png,zip,png,2,9,0,0,0,negative_diff_type
PAIR_NEG_000460,FRAG_001059,FRAG_001071,FRAG_001059.bin,FRAG_001071.bin,sample_text_003.log,sample_text_004.json,text,text,0,4,1,0,0,negative_same_type
PAIR_POS_001038,FRAG_001120,FRAG_001121,FRAG_001120.bin,FRAG_001121.bin,sample_text_008.json,sample_text_008.json,text,text,12,13,0,0,1,consecutive_neighbor
PAIR_POS_000501,FRAG_000539,FRAG_000540,FRAG_000539.bin,FRAG_000540.bin,sample_pdf_014.pdf,sample_pdf_014.pdf,pdf,pdf,12,13,0,0,1,consecutive_neighbor
PAIR_NEG_000622,FRAG_001110,FRAG_001252,FRAG_001110.bin,FRAG_001252.bin,sample_text_008.json,sample_text_016.json,text,text,2,14,0,0,0,negative_same_type
PAIR_NEG_000740,FRAG_001203,FRAG_001311,FRAG_001203.bin,FRAG_001311.bin,sample_text_014.txt,sample_text_020.txt,text,text,6,9,0,0,0,negative_same_type
PAIR_POS_000173,FRAG_000194,FRAG_000195,FRAG_000194.bin,FRAG_000195.bin,sample_jpeg_022.jpg,sample_jpeg_022.jpg,jpeg,jpeg,1,2,0,0,1,consecutive_neighbor
PAIR_NEG_001066,FRAG_000032,FRAG_000237,FRAG_000032.bin,FRAG_000237.bin,sample_jpeg_003.jpg,sample_pdf_001.pdf,jpeg,pdf,6,12,0,0,0,negative_diff_type
PAIR_POS_000650,FRAG_000694,FRAG_000695,FRAG_000694.bin,FRAG_000695.bin,sample_pdf_020.pdf,sample_pdf_020.pdf,pdf,pdf,21,22,0,0,1,consecutive_neighbor
PAIR_POS_001324,FRAG_001430,FRAG_001431,FRAG_001430.bin,FRAG_001431.bin,sample_zip_007.zip,sample_zip_007.zip,zip,zip,6,7,0,1,1,consecutive_neighbor
PAIR_POS_001279,FRAG_001380,FRAG_001381,FRAG_001380.bin,FRAG_001381.bin,sample_zip_002.zip,sample_zip_002.zip,zip,zip,0,1,1,0,1,consecutive_neighbor
PAIR_NEG_001280,FRAG_000127,FRAG_000368,FRAG_000127.bin,FRAG_000368.bin,sample_jpeg_015.jpeg,sample_pdf_006.pdf,jpeg,pdf,2,20,0,0,0,negative_diff_type
PAIR_NEG_000082,FRAG_001264,FRAG_001052,FRAG_001264.bin,FRAG_001052.bin,sample_text_016.json,sample_text_002.txt,text,text,26,9,0,0,0,negative_same_type
PAIR_NEG_000425,FRAG_000218,FRAG_000211,FRAG_000218.bin,FRAG_000211.bin,sample_jpeg_025.jpg,sample_jpeg_024.jpeg,jpeg,jpeg,4,6,0,0,0,negative_same_type
PAIR_POS_000854,FRAG_000917,FRAG_000918,FRAG_000917.bin,FRAG_000918.bin,sample_png_014.png,sample_png_014.png,png,png,6,7,0,0,1,consecutive_neighbor
PAIR_NEG_001216,FRAG_000194,FRAG_001009,FRAG_000194.bin,FRAG_001009.bin,sample_jpeg_022.jpg,sample_png_024.png,jpeg,png,1,3,0,0,0,negative_diff_type
PAIR_NEG_000623,FRAG_000910,FRAG_000806,FRAG_000910.bin,FRAG_000806.bin,sample_png_013.png,sample_png_002.png,png,png,7,3,0,0,0,negative_same_type
PAIR_POS_000385,FRAG_000418,FRAG_000419,FRAG_000418.bin,FRAG_000419.bin,sample_pdf_009.pdf,sample_pdf_009.pdf,pdf,pdf,8,9,0,0,1,consecutive_neighbor
PAIR_NEG_000376,FRAG_000206,FRAG_000120,FRAG_000206.bin,FRAG_000120.bin,sample_jpeg_024.jpeg,sample_jpeg_013.jpeg,jpeg,jpeg,1,8,0,1,0,negative_same_type
PAIR_POS_000816,FRAG_000874,FRAG_000875,FRAG_000874.bin,FRAG_000875.bin,sample_png_009.png,sample_png_009.png,png,png,5,6,0,0,1,consecutive_neighbor
PAIR_POS_000138,FRAG_000154,FRAG_000155,FRAG_000154.bin,FRAG_000155.bin,sample_jpeg_017.jpg,sample_jpeg_017.jpg,jpeg,jpeg,6,7,0,0,1,consecutive_neighbor
PAIR_POS_001013,FRAG_001093,FRAG_001094,FRAG_001093.bin,FRAG_001094.bin,sample_text_006.log,sample_text_006.log,text,text,3,4,0,0,1,consecutive_neighbor
PAIR_NEG_000303,FRAG_000120,FRAG_000177,FRAG_000120.bin,FRAG_000177.bin,sample_jpeg_013.jpeg,sample_jpeg_019.jpg,jpeg,jpeg,8,7,0,0,0,negative_same_type
PAIR_NEG_000065,FRAG_001472,FRAG_001529,FRAG_001472.bin,FRAG_001529.bin,sample_zip_011.zip,sample_zip_015.zip,zip,zip,9,9,0,1,0,negative_same_type
PAIR_POS_001020,FRAG_001101,FRAG_001102,FRAG_001101.bin,FRAG_001102.bin,sample_text_007.csv,sample_text_007.csv,text,text,3,4,0,0,1,consecutive_neighbor
PAIR_POS_000500,FRAG_000538,FRAG_000539,FRAG_000538.bin,FRAG_000539.bin,sample_pdf_014.pdf,sample_pdf_014.pdf,pdf,pdf,11,12,0,0,1,consecutive_neighbor
PAIR_POS_000052,FRAG_000059,FRAG_000060,FRAG_000059.bin,FRAG_000060.bin,sample_jpeg_008.jpeg,sample_jpeg_008.jpeg,jpeg,jpeg,0,1,1,0,1,consecutive_neighbor
PAIR_NEG_000051,FRAG_000924,FRAG_000991,FRAG_000924.bin,FRAG_000991.bin,sample_png_015.png,sample_png_022.png,png,png,2,3,0,0,0,negative_same_type
PAIR_POS_001025,FRAG_001106,FRAG_001107,FRAG_001106.bin,FRAG_001107.bin,sample_text_007.csv,sample_text_007.csv,text,text,8,9,0,1,1,consecutive_neighbor
PAIR_POS_000788,FRAG_000843,FRAG_000844,FRAG_000843.bin,FRAG_000844.bin,sample_png_006.png,sample_png_006.png,png,png,8,9,0,0,1,consecutive_neighbor
PAIR_POS_000744,FRAG_000793,FRAG_000794,FRAG_000793.bin,FRAG_000794.bin,sample_pdf_025.pdf,sample_pdf_025.pdf,pdf,pdf,25,26,0,0,1,consecutive_neighbor
PAIR_NEG_000414,FRAG_000775,FRAG_000363,FRAG_000775.bin,FRAG_000363.bin,sample_pdf_025.pdf,sample_pdf_006.pdf,pdf,pdf,7,15,0,0,0,negative_same_type
PAIR_NEG_000713,FRAG_000952,FRAG_000877,FRAG_000952.bin,FRAG_000877.bin,sample_png_018.png,sample_png_009.png,png,png,7,8,0,0,0,negative_same_type
PAIR_POS_000293,FRAG_000322,FRAG_000323,FRAG_000322.bin,FRAG_000323.bin,sample_pdf_005.pdf,sample_pdf_005.pdf,pdf,pdf,8,9,0,0,1,consecutive_neighbor
PAIR_NEG_000096,FRAG_001171,FRAG_001241,FRAG_001171.bin,FRAG_001241.bin,sample_text_011.json,sample_text_016.json,text,text,24,3,0,0,0,negative_same_type
PAIR_POS_001092,FRAG_001178,FRAG_001179,FRAG_001178.bin,FRAG_001179.bin,sample_text_012.log,sample_text_012.log,text,text,4,5,0,0,1,consecutive_neighbor
PAIR_POS_000230,FRAG_000255,FRAG_000256,FRAG_000255.bin,FRAG_000256.bin,sample_pdf_001.pdf,sample_pdf_001.pdf,pdf,pdf,30,31,0,0,1,consecutive_neighbor
PAIR_POS_000599,FRAG_000642,FRAG_000643,FRAG_000642.bin,FRAG_000643.bin,sample_pdf_019.pdf,sample_pdf_019.pdf,pdf,pdf,9,10,0,0,1,consecutive_neighbor
PAIR_POS_000329,FRAG_000359,FRAG_000360,FRAG_000359.bin,FRAG_000360.bin,sample_pdf_006.pdf,sample_pdf_006.pdf,pdf,pdf,11,12,0,0,1,consecutive_neighbor
PAIR_POS_001353,FRAG_001463,FRAG_001464,FRAG_001463.bin,FRAG_001464.bin,sample_zip_011.zip,sample_zip_011.zip,zip,zip,0,1,1,0,1,consecutive_neighbor
PAIR_POS_000130,FRAG_000145,FRAG_000146,FRAG_000145.bin,FRAG_000146.bin,sample_jpeg_016.jpeg,sample_jpeg_016.jpeg,jpeg,jpeg,5,6,0,0,1,consecutive_neighbor
PAIR_NEG_001343,FRAG_001518,FRAG_000202,FRAG_001518.bin,FRAG_000202.bin,sample_zip_014.zip,sample_jpeg_023.jpeg,zip,jpeg,15,1,0,0,0,negative_diff_type
PAIR_NEG_000388,FRAG_000585,FRAG_000449,FRAG_000585.bin,FRAG_000449.bin,sample_pdf_017.pdf,sample_pdf_010.pdf,pdf,pdf,2,4,0,0,0,negative_same_type
PAIR_NEG_000010,FRAG_000195,FRAG_000207,FRAG_000195.bin,FRAG_000207.bin,sample_jpeg_022.jpg,sample_jpeg_024.jpeg,jpeg,jpeg,2,2,0,0,0,negative_same_type
PAIR_NEG_000530,FRAG_000208,FRAG_000215,FRAG_000208.bin,FRAG_000215.bin,sample_jpeg_024.jpeg,sample_jpeg_025.jpg,jpeg,jpeg,3,1,0,0,0,negative_same_type
PAIR_POS_001277,FRAG_001377,FRAG_001378,FRAG_001377.bin,FRAG_001378.bin,sample_zip_001.zip,sample_zip_001.zip,zip,zip,7,8,0,0,1,consecutive_neighbor
PAIR_NEG_000210,FRAG_000504,FRAG_000671,FRAG_000504.bin,FRAG_000671.bin,sample_pdf_012.pdf,sample_pdf_019.pdf,pdf,pdf,21,38,0,0,0,negative_same_type
PAIR_POS_001401,FRAG_001514,FRAG_001515,FRAG_001514.bin,FRAG_001515.bin,sample_zip_014.zip,sample_zip_014.zip,zip,zip,11,12,0,0,1,consecutive_neighbor
PAIR_POS_000890,FRAG_000958,FRAG_000959,FRAG_000958.bin,FRAG_000959.bin,sample_png_019.png,sample_png_019.png,png,png,1,2,0,0,1,consecutive_neighbor
PAIR_NEG_000510,FRAG_000131,FRAG_000163,FRAG_000131.bin,FRAG_000163.bin,sample_jpeg_015.jpeg,sample_jpeg_018.jpeg,jpeg,jpeg,6,1,0,0,0,negative_same_type
PAIR_POS_000061,FRAG_000068,FRAG_000069,FRAG_000068.bin,FRAG_000069.bin,sample_jpeg_008.jpeg,sample_jpeg_008.jpeg,jpeg,jpeg,9,10,0,1,1,consecutive_neighbor
PAIR_POS_000618,FRAG_000661,FRAG_000662,FRAG_000661.bin,FRAG_000662.bin,sample_pdf_019.pdf,sample_pdf_019.pdf,pdf,pdf,28,29,0,0,1,consecutive_neighbor
PAIR_POS_000370,FRAG_000402,FRAG_000403,FRAG_000402.bin,FRAG_000403.bin,sample_pdf_008.pdf,sample_pdf_008.pdf,pdf,pdf,12,13,0,0,1,consecutive_neighbor
PAIR_POS_000954,FRAG_001029,FRAG_001030,FRAG_001029.bin,FRAG_001030.bin,sample_text_001.json,sample_text_001.json,text,text,4,5,0,0,1,consecutive_neighbor
PAIR_POS_000034,FRAG_000037,FRAG_000038,FRAG_000037.bin,FRAG_000038.bin,sample_jpeg_004.jpeg,sample_jpeg_004.jpeg,jpeg,jpeg,3,4,0,0,1,consecutive_neighbor
PAIR_NEG_000284,FRAG_000346,FRAG_000651,FRAG_000346.bin,FRAG_000651.bin,sample_pdf_005.pdf,sample_pdf_019.pdf,pdf,pdf,32,18,0,0,0,negative_same_type
PAIR_POS_000513,FRAG_000552,FRAG_000553,FRAG_000552.bin,FRAG_000553.bin,sample_pdf_015.pdf,sample_pdf_015.pdf,pdf,pdf,3,4,0,0,1,consecutive_neighbor
PAIR_POS_001103,FRAG_001190,FRAG_001191,FRAG_001190.bin,FRAG_001191.bin,sample_text_013.csv,sample_text_013.csv,text,text,2,3,0,0,1,consecutive_neighbor
PAIR_POS_001156,FRAG_001246,FRAG_001247,FRAG_001246.bin,FRAG_001247.bin,sample_text_016.json,sample_text_016.json,text,text,8,9,0,0,1,consecutive_neighbor
PAIR_POS_000419,FRAG_000454,FRAG_000455,FRAG_000454.bin,FRAG_000455.bin,sample_pdf_011.pdf,sample_pdf_011.pdf,pdf,pdf,1,2,0,0,1,consecutive_neighbor
PAIR_POS_000762,FRAG_000815,FRAG_000816,FRAG_000815.bin,FRAG_000816.bin,sample_png_004.png,sample_png_004.png,png,png,0,1,1,0,1,consecutive_neighbor
PAIR_POS_000091,FRAG_000102,FRAG_000103,FRAG_000102.bin,FRAG_000103.bin,sample_jpeg_012.jpg,sample_jpeg_012.jpg,jpeg,jpeg,3,4,0,0,1,consecutive_neighbor
PAIR_NEG_001474,FRAG_000328,FRAG_001191,FRAG_000328.bin,FRAG_001191.bin,sample_pdf_005.pdf,sample_text_013.csv,pdf,text,14,3,0,0,0,negative_diff_type
PAIR_POS_000204,FRAG_000229,FRAG_000230,FRAG_000229.bin,FRAG_000230.bin,sample_pdf_001.pdf,sample_pdf_001.pdf,pdf,pdf,4,5,0,0,1,consecutive_neighbor
PAIR_POS_000624,FRAG_000667,FRAG_000668,FRAG_000667.bin,FRAG_000668.bin,sample_pdf_019.pdf,sample_pdf_019.pdf,pdf,pdf,34,35,0,0,1,consecutive_neighbor
PAIR_POS_000080,FRAG_000089,FRAG_000090,FRAG_000089.bin,FRAG_000090.bin,sample_jpeg_010.jpg,sample_jpeg_010.jpg,jpeg,jpeg,11,12,0,0,1,consecutive_neighbor
PAIR_POS_001314,FRAG_001419,FRAG_001420,FRAG_001419.bin,FRAG_001420.bin,sample_zip_006.zip,sample_zip_006.zip,zip,zip,9,10,0,0,1,consecutive_neighbor
PAIR_POS_000770,FRAG_000823,FRAG_000824,FRAG_000823.bin,FRAG_000824.bin,sample_png_004.png,sample_png_004.png,png,png,8,9,0,0,1,consecutive_neighbor
PAIR_NEG_000504,FRAG_000696,FRAG_000595,FRAG_000696.bin,FRAG_000595.bin,sample_pdf_020.pdf,sample_pdf_017.pdf,pdf,pdf,23,12,0,0,0,negative_same_type
PAIR_NEG_001039,FRAG_001470,FRAG_001304,FRAG_001470.bin,FRAG_001304.bin,sample_zip_011.zip,sample_text_020.txt,zip,text,7,2,0,0,0,negative_diff_type
PAIR_NEG_001358,FRAG_001539,FRAG_001207,FRAG_001539.bin,FRAG_001207.bin,sample_zip_016.zip,sample_text_015.json,zip,text,9,2,0,0,0,negative_diff_type
PAIR_POS_001115,FRAG_001203,FRAG_001204,FRAG_001203.bin,FRAG_001204.bin,sample_text_014.txt,sample_text_014.txt,text,text,6,7,0,1,1,consecutive_neighbor
PAIR_NEG_000343,FRAG_001006,FRAG_000796,FRAG_001006.bin,FRAG_000796.bin,sample_png_024.png,sample_png_001.png,png,png,0,0,1,0,0,negative_same_type
PAIR_NEG_001019,FRAG_000345,FRAG_000993,FRAG_000345.bin,FRAG_000993.bin,sample_pdf_005.pdf,sample_png_022.png,pdf,png,31,5,0,0,0,negative_diff_type
PAIR_NEG_000354,FRAG_001076,FRAG_001294,FRAG_001076.bin,FRAG_001294.bin,sample_text_004.json,sample_text_019.txt,text,text,9,7,0,0,0,negative_same_type
PAIR_NEG_001097,FRAG_001436,FRAG_000573,FRAG_001436.bin,FRAG_000573.bin,sample_zip_008.zip,sample_pdf_016.pdf,zip,pdf,4,12,0,0,0,negative_diff_type
PAIR_POS_000453,FRAG_000489,FRAG_000490,FRAG_000489.bin,FRAG_000490.bin,sample_pdf_012.pdf,sample_pdf_012.pdf,pdf,pdf,6,7,0,0,1,consecutive_neighbor
PAIR_POS_001187,FRAG_001279,FRAG_001280,FRAG_001279.bin,FRAG_001280.bin,sample_text_018.csv,sample_text_018.csv,text,text,2,3,0,0,1,consecutive_neighbor
PAIR_POS_000560,FRAG_000601,FRAG_000602,FRAG_000601.bin,FRAG_000602.bin,sample_pdf_017.pdf,sample_pdf_017.pdf,pdf,pdf,18,19,0,1,1,consecutive_neighbor
PAIR_POS_000748,FRAG_000798,FRAG_000799,FRAG_000798.bin,FRAG_000799.bin,sample_png_001.png,sample_png_001.png,png,png,2,3,0,0,1,consecutive_neighbor
PAIR_POS_000281,FRAG_000309,FRAG_000310,FRAG_000309.bin,FRAG_000310.bin,sample_pdf_004.pdf,sample_pdf_004.pdf,pdf,pdf,3,4,0,0,1,consecutive_neighbor
PAIR_POS_000771,FRAG_000824,FRAG_000825,FRAG_000824.bin,FRAG_000825.bin,sample_png_004.png,sample_png_004.png,png,png,9,10,0,0,1,consecutive_neighbor
PAIR_NEG_000180,FRAG_001407,FRAG_001603,FRAG_001407.bin,FRAG_001603.bin,sample_zip_005.zip,sample_zip_022.zip,zip,zip,6,0,0,0,0,negative_same_type
PAIR_POS_001102,FRAG_001189,FRAG_001190,FRAG_001189.bin,FRAG_001190.bin,sample_text_013.csv,sample_text_013.csv,text,text,1,2,0,0,1,consecutive_neighbor
PAIR_NEG_000667,FRAG_001542,FRAG_001391,FRAG_001542.bin,FRAG_001391.bin,sample_zip_016.zip,sample_zip_003.zip,zip,zip,12,6,0,0,0,negative_same_type
PAIR_NEG_001145,FRAG_000031,FRAG_000684,FRAG_000031.bin,FRAG_000684.bin,sample_jpeg_003.jpg,sample_pdf_020.pdf,jpeg,pdf,5,11,0,0,0,negative_diff_type
PAIR_POS_001167,FRAG_001257,FRAG_001258,FRAG_001257.bin,FRAG_001258.bin,sample_text_016.json,sample_text_016.json,text,text,19,20,0,0,1,consecutive_neighbor
PAIR_POS_001114,FRAG_001202,FRAG_001203,FRAG_001202.bin,FRAG_001203.bin,sample_text_014.txt,sample_text_014.txt,text,text,5,6,0,0,1,consecutive_neighbor
PAIR_NEG_001293,FRAG_001095,FRAG_000647,FRAG_001095.bin,FRAG_000647.bin,sample_text_006.log,sample_pdf_019.pdf,text,pdf,5,14,0,0,0,negative_diff_type
PAIR_NEG_001331,FRAG_000878,FRAG_000751,FRAG_000878.bin,FRAG_000751.bin,sample_png_009.png,sample_pdf_023.pdf,png,pdf,9,9,0,0,0,negative_diff_type
PAIR_NEG_001000,FRAG_000127,FRAG_000620,FRAG_000127.bin,FRAG_000620.bin,sample_jpeg_015.jpeg,sample_pdf_018.pdf,jpeg,pdf,2,17,0,0,0,negative_diff_type
PAIR_NEG_000605,FRAG_000363,FRAG_000289,FRAG_000363.bin,FRAG_000289.bin,sample_pdf_006.pdf,sample_pdf_003.pdf,pdf,pdf,15,9,0,0,0,negative_same_type
PAIR_POS_000982,FRAG_001059,FRAG_001060,FRAG_001059.bin,FRAG_001060.bin,sample_text_003.log,sample_text_003.log,text,text,0,1,1,0,1,consecutive_neighbor
PAIR_NEG_001050,FRAG_000170,FRAG_001091,FRAG_000170.bin,FRAG_001091.bin,sample_jpeg_019.jpg,sample_text_006.log,jpeg,text,0,1,1,0,0,negative_diff_type
PAIR_NEG_000218,FRAG_000276,FRAG_000491,FRAG_000276.bin,FRAG_000491.bin,sample_pdf_002.pdf,sample_pdf_012.pdf,pdf,pdf,17,8,0,0,0,negative_same_type
PAIR_POS_000325,FRAG_000355,FRAG_000356,FRAG_000355.bin,FRAG_000356.bin,sample_pdf_006.pdf,sample_pdf_006.pdf,pdf,pdf,7,8,0,0,1,consecutive_neighbor
PAIR_POS_001078,FRAG_001163,FRAG_001164,FRAG_001163.bin,FRAG_001164.bin,sample_text_011.json,sample_text_011.json,text,text,16,17,0,0,1,consecutive_neighbor
PAIR_POS_000904,FRAG_000974,FRAG_000975,FRAG_000974.bin,FRAG_000975.bin,sample_png_021.png,sample_png_021.png,png,png,0,1,1,0,1,consecutive_neighbor
PAIR_NEG_000038,FRAG_000987,FRAG_000945,FRAG_000987.bin,FRAG_000945.bin,sample_png_021.png,sample_png_018.png,png,png,13,0,0,0,0,negative_same_type
PAIR_NEG_000085,FRAG_000064,FRAG_000050,FRAG_000064.bin,FRAG_000050.bin,sample_jpeg_008.jpeg,sample_jpeg_006.jpg,jpeg,jpeg,5,2,0,0,0,negative_same_type
PAIR_NEG_001134,FRAG_000916,FRAG_001275,FRAG_000916.bin,FRAG_001275.bin,sample_png_014.png,sample_text_017.txt,png,text,5,9,0,0,0,negative_diff_type
PAIR_NEG_001417,FRAG_000154,FRAG_001020,FRAG_000154.bin,FRAG_001020.bin,sample_jpeg_017.jpg,sample_png_025.png,jpeg,png,6,9,0,0,0,negative_diff_type
PAIR_POS_000669,FRAG_000714,FRAG_000715,FRAG_000714.bin,FRAG_000715.bin,sample_pdf_021.pdf,sample_pdf_021.pdf,pdf,pdf,6,7,0,0,1,consecutive_neighbor
PAIR_POS_001024,FRAG_001105,FRAG_001106,FRAG_001105.bin,FRAG_001106.bin,sample_text_007.csv,sample_text_007.csv,text,text,7,8,0,0,1,consecutive_neighbor
PAIR_NEG_000105,FRAG_000153,FRAG_000018,FRAG_000153.bin,FRAG_000018.bin,sample_jpeg_017.jpg,sample_jpeg_002.jpeg,jpeg,jpeg,5,4,0,0,0,negative_same_type
PAIR_NEG_000279,FRAG_001016,FRAG_000918,FRAG_001016.bin,FRAG_000918.bin,sample_png_025.png,sample_png_014.png,png,png,5,7,0,0,0,negative_same_type
PAIR_NEG_000785,FRAG_000560,FRAG_001636,FRAG_000560.bin,FRAG_001636.bin,sample_pdf_015.pdf,sample_zip_025.zip,pdf,zip,11,13,0,0,0,negative_diff_type
PAIR_NEG_000175,FRAG_000073,FRAG_000132,FRAG_000073.bin,FRAG_000132.bin,sample_jpeg_009.jpeg,sample_jpeg_015.jpeg,jpeg,jpeg,3,7,0,0,0,negative_same_type
PAIR_POS_000773,FRAG_000827,FRAG_000828,FRAG_000827.bin,FRAG_000828.bin,sample_png_005.png,sample_png_005.png,png,png,0,1,1,0,1,consecutive_neighbor
PAIR_NEG_000019,FRAG_000012,FRAG_000170,FRAG_000012.bin,FRAG_000170.bin,sample_jpeg_001.jpeg,sample_jpeg_019.jpg,jpeg,jpeg,11,0,0,0,0,negative_same_type
PAIR_NEG_000734,FRAG_000935,FRAG_000886,FRAG_000935.bin,FRAG_000886.bin,sample_png_016.png,sample_png_010.png,png,png,8,5,0,0,0,negative_same_type
PAIR_POS_000030,FRAG_000032,FRAG_000033,FRAG_000032.bin,FRAG_000033.bin,sample_jpeg_003.jpg,sample_jpeg_003.jpg,jpeg,jpeg,6,7,0,1,1,consecutive_neighbor
PAIR_POS_000948,FRAG_001022,FRAG_001023,FRAG_001022.bin,FRAG_001023.bin,sample_png_025.png,sample_png_025.png,png,png,11,12,0,0,1,consecutive_neighbor
PAIR_NEG_000934,FRAG_001438,FRAG_000081,FRAG_001438.bin,FRAG_000081.bin,sample_zip_008.zip,sample_jpeg_010.jpg,zip,jpeg,6,3,0,0,0,negative_diff_type
PAIR_POS_001200,FRAG_001293,FRAG_001294,FRAG_001293.bin,FRAG_001294.bin,sample_text_019.txt,sample_text_019.txt,text,text,6,7,0,0,1,consecutive_neighbor
PAIR_NEG_000252,FRAG_000842,FRAG_000920,FRAG_000842.bin,FRAG_000920.bin,sample_png_006.png,sample_png_014.png,png,png,7,9,0,0,0,negative_same_type
PAIR_POS_000038,FRAG_000042,FRAG_000043,FRAG_000042.bin,FRAG_000043.bin,sample_jpeg_005.jpg,sample_jpeg_005.jpg,jpeg,jpeg,0,1,1,0,1,consecutive_neighbor
PAIR_POS_001228,FRAG_001323,FRAG_001324,FRAG_001323.bin,FRAG_001324.bin,sample_text_021.csv,sample_text_021.csv,text,text,5,6,0,1,1,consecutive_neighbor
PAIR_NEG_000443,FRAG_001524,FRAG_001604,FRAG_001524.bin,FRAG_001604.bin,sample_zip_015.zip,sample_zip_022.zip,zip,zip,4,1,0,0,0,negative_same_type
PAIR_NEG_000503,FRAG_001035,FRAG_001191,FRAG_001035.bin,FRAG_001191.bin,sample_text_001.json,sample_text_013.csv,text,text,10,3,0,0,0,negative_same_type
PAIR_NEG_001306,FRAG_001569,FRAG_000468,FRAG_001569.bin,FRAG_000468.bin,sample_zip_019.zip,sample_pdf_011.pdf,zip,pdf,1,15,0,0,0,negative_diff_type
PAIR_POS_000035,FRAG_000038,FRAG_000039,FRAG_000038.bin,FRAG_000039.bin,sample_jpeg_004.jpeg,sample_jpeg_004.jpeg,jpeg,jpeg,4,5,0,0,1,consecutive_neighbor
PAIR_NEG_000680,FRAG_000898,FRAG_000829,FRAG_000898.bin,FRAG_000829.bin,sample_png_012.png,sample_png_005.png,png,png,1,2,0,0,0,negative_same_type
PAIR_NEG_000410,FRAG_000163,FRAG_000211,FRAG_000163.bin,FRAG_000211.bin,sample_jpeg_018.jpeg,sample_jpeg_024.jpeg,jpeg,jpeg,1,6,0,0,0,negative_same_type
PAIR_POS_001175,FRAG_001266,FRAG_001267,FRAG_001266.bin,FRAG_001267.bin,sample_text_017.txt,sample_text_017.txt,text,text,0,1,1,0,1,consecutive_neighbor
PAIR_POS_001409,FRAG_001523,FRAG_001524,FRAG_001523.bin,FRAG_001524.bin,sample_zip_015.zip,sample_zip_015.zip,zip,zip,3,4,0,0,1,consecutive_neighbor
PAIR_POS_000559,FRAG_000600,FRAG_000601,FRAG_000600.bin,FRAG_000601.bin,sample_pdf_017.pdf,sample_pdf_017.pdf,pdf,pdf,17,18,0,0,1,consecutive_neighbor
PAIR_NEG_000632,FRAG_001064,FRAG_001318,FRAG_001064.bin,FRAG_001318.bin,sample_text_003.log,sample_text_021.csv,text,text,5,0,0,0,0,negative_same_type
PAIR_POS_000001,FRAG_000001,FRAG_000002,FRAG_000001.bin,FRAG_000002.bin,sample_jpeg_001.jpeg,sample_jpeg_001.jpeg,jpeg,jpeg,0,1,1,0,1,consecutive_neighbor
PAIR_POS_000044,FRAG_000049,FRAG_000050,FRAG_000049.bin,FRAG_000050.bin,sample_jpeg_006.jpg,sample_jpeg_006.jpg,jpeg,jpeg,1,2,0,0,1,consecutive_neighbor
PAIR_POS_001244,FRAG_001342,FRAG_001343,FRAG_001342.bin,FRAG_001343.bin,sample_text_024.txt,sample_text_024.txt,text,text,1,2,0,0,1,consecutive_neighbor
PAIR_POS_000638,FRAG_000682,FRAG_000683,FRAG_000682.bin,FRAG_000683.bin,sample_pdf_020.pdf,sample_pdf_020.pdf,pdf,pdf,9,10,0,0,1,consecutive_neighbor
PAIR_POS_001065,FRAG_001150,FRAG_001151,FRAG_001150.bin,FRAG_001151.bin,sample_text_011.json,sample_text_011.json,text,text,3,4,0,0,1,consecutive_neighbor
PAIR_NEG_000177,FRAG_000542,FRAG_000455,FRAG_000542.bin,FRAG_000455.bin,sample_pdf_014.pdf,sample_pdf_011.pdf,pdf,pdf,15,2,0,0,0,negative_same_type
PAIR_POS_001499,FRAG_001623,FRAG_001624,FRAG_001623.bin,FRAG_001624.bin,sample_zip_025.zip,sample_zip_025.zip,zip,zip,0,1,1,0,1,consecutive_neighbor
PAIR_POS_001262,FRAG_001361,FRAG_001362,FRAG_001361.bin,FRAG_001362.bin,sample_text_025.log,sample_text_025.log,text,text,3,4,0,0,1,consecutive_neighbor
PAIR_NEG_000298,FRAG_000140,FRAG_000058,FRAG_000140.bin,FRAG_000058.bin,sample_jpeg_016.jpeg,sample_jpeg_007.jpg,jpeg,jpeg,0,5,1,1,0,negative_same_type
PAIR_POS_000367,FRAG_000399,FRAG_000400,FRAG_000399.bin,FRAG_000400.bin,sample_pdf_008.pdf,sample_pdf_008.pdf,pdf,pdf,9,10,0,0,1,consecutive_neighbor
PAIR_POS_000931,FRAG_001003,FRAG_001004,FRAG_001003.bin,FRAG_001004.bin,sample_png_023.png,sample_png_023.png,png,png,7,8,0,0,1,consecutive_neighbor
PAIR_NEG_000699,FRAG_000991,FRAG_000899,FRAG_000991.bin,FRAG_000899.bin,sample_png_022.png,sample_png_012.png,png,png,3,2,0,0,0,negative_same_type
PAIR_NEG_000461,FRAG_000024,FRAG_000111,FRAG_000024.bin,FRAG_000111.bin,sample_jpeg_002.jpeg,sample_jpeg_012.jpg,jpeg,jpeg,10,12,0,1,0,negative_same_type
PAIR_POS_001423,FRAG_001538,FRAG_001539,FRAG_001538.bin,FRAG_001539.bin,sample_zip_016.zip,sample_zip_016.zip,zip,zip,8,9,0,0,1,consecutive_neighbor
PAIR_POS_001269,FRAG_001368,FRAG_001369,FRAG_001368.bin,FRAG_001369.bin,sample_text_025.log,sample_text_025.log,text,text,10,11,0,1,1,consecutive_neighbor
PAIR_NEG_000675,FRAG_000041,FRAG_000113,FRAG_000041.bin,FRAG_000113.bin,sample_jpeg_004.jpeg,sample_jpeg_013.jpeg,jpeg,jpeg,7,1,0,0,0,negative_same_type
PAIR_NEG_001108,FRAG_001483,FRAG_000959,FRAG_001483.bin,FRAG_000959.bin,sample_zip_012.zip,sample_png_019.png,zip,png,1,2,0,0,0,negative_diff_type
PAIR_NEG_001109,FRAG_001624,FRAG_000037,FRAG_001624.bin,FRAG_000037.bin,sample_zip_025.zip,sample_jpeg_004.jpeg,zip,jpeg,1,3,0,0,0,negative_diff_type
PAIR_NEG_000633,FRAG_000767,FRAG_000600,FRAG_000767.bin,FRAG_000600.bin,sample_pdf_024.pdf,sample_pdf_017.pdf,pdf,pdf,12,17,0,0,0,negative_same_type
PAIR_NEG_000270,FRAG_000528,FRAG_000457,FRAG_000528.bin,FRAG_000457.bin,sample_pdf_014.pdf,sample_pdf_011.pdf,pdf,pdf,1,4,0,0,0,negative_same_type
PAIR_NEG_000799,FRAG_000766,FRAG_001090,FRAG_000766.bin,FRAG_001090.bin,sample_pdf_024.pdf,sample_text_006.log,pdf,text,11,0,0,0,0,negative_diff_type
PAIR_NEG_001093,FRAG_000729,FRAG_001528,FRAG_000729.bin,FRAG_001528.bin,sample_pdf_022.pdf,sample_zip_015.zip,pdf,zip,9,8,0,0,0,negative_diff_type
PAIR_NEG_001073,FRAG_001572,FRAG_001279,FRAG_001572.bin,FRAG_001279.bin,sample_zip_019.zip,sample_text_018.csv,zip,text,4,2,0,0,0,negative_diff_type
PAIR_NEG_000359,FRAG_001357,FRAG_001066,FRAG_001357.bin,FRAG_001066.bin,sample_text_024.txt,sample_text_003.log,text,text,16,7,0,1,0,negative_same_type
PAIR_NEG_000936,FRAG_000369,FRAG_000926,FRAG_000369.bin,FRAG_000926.bin,sample_pdf_006.pdf,sample_png_015.png,pdf,png,21,4,0,1,0,negative_diff_type
PAIR_NEG_000909,FRAG_000823,FRAG_001030,FRAG_000823.bin,FRAG_001030.bin,sample_png_004.png,sample_text_001.json,png,text,8,5,0,0,0,negative_diff_type
PAIR_POS_000726,FRAG_000775,FRAG_000776,FRAG_000775.bin,FRAG_000776.bin,sample_pdf_025.pdf,sample_pdf_025.pdf,pdf,pdf,7,8,0,0,1,consecutive_neighbor
PAIR_NEG_000697,FRAG_000217,FRAG_000028,FRAG_000217.bin,FRAG_000028.bin,sample_jpeg_025.jpg,sample_jpeg_003.jpg,jpeg,jpeg,3,2,0,0,0,negative_same_type
PAIR_NEG_001346,FRAG_001298,FRAG_000450,FRAG_001298.bin,FRAG_000450.bin,sample_text_019.txt,sample_pdf_010.pdf,text,pdf,11,5,0,0,0,negative_diff_type
PAIR_POS_000554,FRAG_000595,FRAG_000596,FRAG_000595.bin,FRAG_000596.bin,sample_pdf_017.pdf,sample_pdf_017.pdf,pdf,pdf,12,13,0,0,1,consecutive_neighbor
PAIR_NEG_000311,FRAG_001390,FRAG_001459,FRAG_001390.bin,FRAG_001459.bin,sample_zip_003.zip,sample_zip_010.zip,zip,zip,5,4,0,0,0,negative_same_type
PAIR_NEG_000735,FRAG_000952,FRAG_000919,FRAG_000952.bin,FRAG_000919.bin,sample_png_018.png,sample_png_014.png,png,png,7,8,0,0,0,negative_same_type
PAIR_POS_001116,FRAG_001205,FRAG_001206,FRAG_001205.bin,FRAG_001206.bin,sample_text_015.json,sample_text_015.json,text,text,0,1,1,0,1,consecutive_neighbor
