fragment_a,fragment_b,source_a,source_b,index_a,index_b,label
FRAG_000638,FRAG_000639,sample_pdf_019.pdf,sample_pdf_019.pdf,5,6,1
FRAG_000965,FRAG_000966,sample_png_019.png,sample_png_019.png,8,9,1
FRAG_000261,FRAG_000262,sample_pdf_002.pdf,sample_pdf_002.pdf,2,3,1
FRAG_001033,FRAG_000959,sample_text_001.json,sample_png_019.png,8,2,0
FRAG_001283,FRAG_001284,sample_text_018.csv,sample_text_018.csv,6,7,1
FRAG_001213,FRAG_001214,sample_text_015.json,sample_text_015.json,8,9,1
FRAG_001457,FRAG_001458,sample_zip_010.zip,sample_zip_010.zip,2,3,1
FRAG_001364,FRAG_001365,sample_text_025.log,sample_text_025.log,6,7,1
FRAG_001206,FRAG_000879,sample_text_015.json,sample_png_009.png,1,10,0
FRAG_001366,FRAG_000211,sample_text_025.log,sample_jpeg_024.jpeg,8,6,0
FRAG_000220,FRAG_001521,sample_jpeg_025.jpg,sample_zip_015.zip,6,1,0
FRAG_001273,FRAG_001274,sample_text_017.txt,sample_text_017.txt,7,8,1
FRAG_001136,FRAG_001137,sample_text_009.txt,sample_text_009.txt,8,9,1
FRAG_000265,FRAG_000266,sample_pdf_002.pdf,sample_pdf_002.pdf,6,7,1
FRAG_001309,FRAG_001310,sample_text_020.txt,sample_text_020.txt,7,8,1
FRAG_000743,FRAG_000744,sample_pdf_023.pdf,sample_pdf_023.pdf,1,2,1
FRAG_001480,FRAG_001481,sample_zip_011.zip,sample_zip_011.zip,17,18,1
FRAG_001191,FRAG_001192,sample_text_013.csv,sample_text_013.csv,3,4,1
FRAG_001631,FRAG_000563,sample_zip_025.zip,sample_pdf_016.pdf,8,2,0
FRAG_000764,FRAG_000267,sample_pdf_024.pdf,sample_pdf_002.pdf,9,8,0
FRAG_001331,FRAG_001332,sample_text_022.log,sample_text_022.log,6,7,1
FRAG_001347,FRAG_001348,sample_text_024.txt,sample_text_024.txt,6,7,1
FRAG_000228,FRAG_000581,sample_pdf_001.pdf,sample_pdf_016.pdf,3,20,0
FRAG_001492,FRAG_001493,sample_zip_013.zip,sample_zip_013.zip,2,3,1
FRAG_000104,FRAG_001336,sample_jpeg_012.jpg,sample_text_022.log,5,11,0
FRAG_000756,FRAG_000970,sample_pdf_024.pdf,sample_png_020.png,1,1,0
FRAG_000262,FRAG_000263,sample_pdf_002.pdf,sample_pdf_002.pdf,3,4,1
FRAG_001632,FRAG_001633,sample_zip_025.zip,sample_zip_025.zip,9,10,1
FRAG_000652,FRAG_000653,sample_pdf_019.pdf,sample_pdf_019.pdf,19,20,1
FRAG_000952,FRAG_000953,sample_png_018.png,sample_png_018.png,7,8,1
FRAG_000544,FRAG_000545,sample_pdf_014.pdf,sample_pdf_014.pdf,17,18,1
FRAG_001407,FRAG_000972,sample_zip_005.zip,sample_png_020.png,6,3,0
FRAG_001405,FRAG_000753,sample_zip_005.zip,sample_pdf_023.pdf,4,11,0
FRAG_001176,FRAG_001177,sample_text_012.log,sample_text_012.log,2,3,1
FRAG_001579,FRAG_001580,sample_zip_020.zip,sample_zip_020.zip,3,4,1
FRAG_001508,FRAG_001509,sample_zip_014.zip,sample_zip_014.zip,5,6,1
FRAG_000501,FRAG_000502,sample_pdf_012.pdf,sample_pdf_012.pdf,18,19,1
FRAG_000779,FRAG_000570,sample_pdf_025.pdf,sample_pdf_016.pdf,11,9,0
FRAG_000042,FRAG_001273,sample_jpeg_005.jpg,sample_text_017.txt,0,7,0
FRAG_000346,FRAG_000347,sample_pdf_005.pdf,sample_pdf_005.pdf,32,33,1
FRAG_001579,FRAG_001106,sample_zip_020.zip,sample_text_007.csv,3,8,0
FRAG_000920,FRAG_001395,sample_png_014.png,sample_zip_004.zip,9,0,0
FRAG_000155,FRAG_000289,sample_jpeg_017.jpg,sample_pdf_003.pdf,7,9,0
FRAG_001272,FRAG_000124,sample_text_017.txt,sample_jpeg_014.jpeg,6,3,0
FRAG_000989,FRAG_000990,sample_png_022.png,sample_png_022.png,1,2,1
FRAG_000141,FRAG_000142,sample_jpeg_016.jpeg,sample_jpeg_016.jpeg,1,2,1
FRAG_000825,FRAG_001428,sample_png_004.png,sample_zip_007.zip,10,4,0
FRAG_000184,FRAG_001336,sample_jpeg_020.jpg,sample_text_022.log,2,11,0
FRAG_000651,FRAG_000652,sample_pdf_019.pdf,sample_pdf_019.pdf,18,19,1
FRAG_001162,FRAG_000162,sample_text_011.json,sample_jpeg_018.jpeg,15,0,0
FRAG_000685,FRAG_000686,sample_pdf_020.pdf,sample_pdf_020.pdf,12,13,1
FRAG_001403,FRAG_001404,sample_zip_005.zip,sample_zip_005.zip,2,3,1
FRAG_001218,FRAG_001219,sample_text_015.json,sample_text_015.json,13,14,1
FRAG_000540,FRAG_000541,sample_pdf_014.pdf,sample_pdf_014.pdf,13,14,1
FRAG_000035,FRAG_000036,sample_jpeg_004.jpeg,sample_jpeg_004.jpeg,1,2,1
FRAG_000988,FRAG_000989,sample_png_022.png,sample_png_022.png,0,1,1
FRAG_000342,FRAG_000343,sample_pdf_005.pdf,sample_pdf_005.pdf,28,29,1
FRAG_001611,FRAG_001612,sample_zip_023.zip,sample_zip_023.zip,1,2,1
FRAG_000096,FRAG_000097,sample_jpeg_011.jpeg,sample_jpeg_011.jpeg,4,5,1
FRAG_001390,FRAG_001391,sample_zip_003.zip,sample_zip_003.zip,5,6,1
FRAG_001358,FRAG_001359,sample_text_025.log,sample_text_025.log,0,1,1
FRAG_001528,FRAG_000696,sample_zip_015.zip,sample_pdf_020.pdf,8,23,0
FRAG_001033,FRAG_001034,sample_text_001.json,sample_text_001.json,8,9,1
FRAG_001506,FRAG_000509,sample_zip_014.zip,sample_pdf_012.pdf,3,26,0
FRAG_001572,FRAG_001274,sample_zip_019.zip,sample_text_017.txt,4,8,0
FRAG_000939,FRAG_001273,sample_png_017.png,sample_text_017.txt,0,7,0
FRAG_001467,FRAG_001331,sample_zip_011.zip,sample_text_022.log,4,6,0
FRAG_000562,FRAG_000094,sample_pdf_016.pdf,sample_jpeg_011.jpeg,1,2,0
FRAG_000775,FRAG_000776,sample_pdf_025.pdf,sample_pdf_025.pdf,7,8,1
FRAG_001214,FRAG_001215,sample_text_015.json,sample_text_015.json,9,10,1
FRAG_001606,FRAG_001607,sample_zip_022.zip,sample_zip_022.zip,3,4,1
FRAG_000435,FRAG_000727,sample_pdf_009.pdf,sample_pdf_022.pdf,25,7,0
FRAG_000297,FRAG_000298,sample_pdf_003.pdf,sample_pdf_003.pdf,17,18,1
FRAG_000079,FRAG_000223,sample_jpeg_010.jpg,sample_jpeg_025.jpg,1,9,0
FRAG_000250,FRAG_001175,sample_pdf_001.pdf,sample_text_012.log,25,1,0
FRAG_001029,FRAG_001030,sample_text_001.json,sample_text_001.json,4,5,1
FRAG_001301,FRAG_000351,sample_text_019.txt,sample_pdf_006.pdf,14,3,0
FRAG_001558,FRAG_000759,sample_zip_018.zip,sample_pdf_024.pdf,0,4,0
FRAG_001524,FRAG_001525,sample_zip_015.zip,sample_zip_015.zip,4,5,1
FRAG_000553,FRAG_000554,sample_pdf_015.pdf,sample_pdf_015.pdf,4,5,1
FRAG_000563,FRAG_000564,sample_pdf_016.pdf,sample_pdf_016.pdf,2,3,1
FRAG_000809,FRAG_000029,sample_png_003.png,sample_jpeg_003.jpg,0,3,0
FRAG_001105,FRAG_001547,sample_text_007.csv,sample_zip_017.zip,7,3,0
FRAG_001137,FRAG_001138,sample_text_009.txt,sample_text_009.txt,9,10,1
FRAG_001153,FRAG_001154,sample_text_011.json,sample_text_011.json,6,7,1
FRAG_000159,FRAG_000160,sample_jpeg_017.jpg,sample_jpeg_017.jpg,11,12,1
FRAG_000325,FRAG_000326,sample_pdf_005.pdf,sample_pdf_005.pdf,11,12,1
FRAG_000487,FRAG_000617,sample_pdf_012.pdf,sample_pdf_018.pdf,4,14,0
FRAG_000087,FRAG_000590,sample_jpeg_010.jpg,sample_pdf_017.pdf,9,7,0
FRAG_000558,FRAG_000559,sample_pdf_015.pdf,sample_pdf_015.pdf,9,10,1
FRAG_000236,FRAG_000830,sample_pdf_001.pdf,sample_png_005.png,11,3,0
FRAG_001201,FRAG_000443,sample_text_014.txt,sample_pdf_009.pdf,4,33,0
FRAG_001158,FRAG_001159,sample_text_011.json,sample_text_011.json,11,12,1
FRAG_000990,FRAG_000991,sample_png_022.png,sample_png_022.png,2,3,1
FRAG_001334,FRAG_001335,sample_text_022.log,sample_text_022.log,9,10,1
FRAG_001604,FRAG_001590,sample_zip_022.zip,sample_zip_021.zip,1,1,0
FRAG_000155,FRAG_001416,sample_jpeg_017.jpg,sample_zip_006.zip,7,6,0
FRAG_001107,FRAG_000514,sample_text_007.csv,sample_pdf_012.pdf,9,31,0
FRAG_000779,FRAG_000780,sample_pdf_025.pdf,sample_pdf_025.pdf,11,12,1
FRAG_000820,FRAG_001523,sample_png_004.png,sample_zip_015.zip,5,3,0
FRAG_000230,FRAG_000744,sample_pdf_001.pdf,sample_pdf_023.pdf,5,2,0
FRAG_001548,FRAG_001549,sample_zip_017.zip,sample_zip_017.zip,4,5,1
FRAG_001250,FRAG_000992,sample_text_016.json,sample_png_022.png,12,4,0
FRAG_001518,FRAG_001519,sample_zip_014.zip,sample_zip_014.zip,15,16,1
FRAG_001398,FRAG_001399,sample_zip_004.zip,sample_zip_004.zip,3,4,1
FRAG_001613,FRAG_001614,sample_zip_023.zip,sample_zip_023.zip,3,4,1
FRAG_000024,FRAG_000025,sample_jpeg_002.jpeg,sample_jpeg_002.jpeg,10,11,1
FRAG_000070,FRAG_000071,sample_jpeg_009.jpeg,sample_jpeg_009.jpeg,0,1,1
FRAG_001317,FRAG_000940,sample_text_020.txt,sample_png_017.png,15,1,0
FRAG_001104,FRAG_000992,sample_text_007.csv,sample_png_022.png,6,4,0
FRAG_001590,FRAG_000938,sample_zip_021.zip,sample_png_016.png,1,11,0
FRAG_000636,FRAG_001344,sample_pdf_019.pdf,sample_text_024.txt,3,3,0
FRAG_001119,FRAG_001120,sample_text_008.json,sample_text_008.json,11,12,1
FRAG_000863,FRAG_000864,sample_png_008.png,sample_png_008.png,8,9,1
FRAG_000647,FRAG_000822,sample_pdf_019.pdf,sample_png_004.png,14,7,0
FRAG_000879,FRAG_001149,sample_png_009.png,sample_text_011.json,10,2,0
FRAG_001217,FRAG_001039,sample_text_015.json,sample_text_001.json,12,14,0
FRAG_000290,FRAG_000717,sample_pdf_003.pdf,sample_pdf_021.pdf,10,9,0
FRAG_000723,FRAG_000724,sample_pdf_022.pdf,sample_pdf_022.pdf,3,4,1
FRAG_000854,FRAG_001196,sample_png_007.png,sample_text_013.csv,8,8,0
FRAG_001102,FRAG_001103,sample_text_007.csv,sample_text_007.csv,4,5,1
FRAG_000373,FRAG_000374,sample_pdf_007.pdf,sample_pdf_007.pdf,3,4,1
FRAG_000777,FRAG_000570,sample_pdf_025.pdf,sample_pdf_016.pdf,9,9,0
FRAG_001259,FRAG_001260,sample_text_016.json,sample_text_016.json,21,22,1
FRAG_000278,FRAG_000279,sample_pdf_002.pdf,sample_pdf_002.pdf,19,20,1
FRAG_001311,FRAG_001204,sample_text_020.txt,sample_text_014.txt,9,7,0
FRAG_000094,FRAG_000095,sample_jpeg_011.jpeg,sample_jpeg_011.jpeg,2,3,1
FRAG_001297,FRAG_000063,sample_text_019.txt,sample_jpeg_008.jpeg,10,4,0
FRAG_001224,FRAG_001087,sample_text_015.json,sample_text_005.csv,19,2,0
FRAG_001539,FRAG_001540,sample_zip_016.zip,sample_zip_016.zip,9,10,1
FRAG_000618,FRAG_000939,sample_pdf_018.pdf,sample_png_017.png,15,0,0
FRAG_000299,FRAG_000300,sample_pdf_003.pdf,sample_pdf_003.pdf,19,20,1
FRAG_001001,FRAG_001002,sample_png_023.png,sample_png_023.png,5,6,1
FRAG_001006,FRAG_001007,sample_png_024.png,sample_png_024.png,0,1,1
FRAG_000219,FRAG_000220,sample_jpeg_025.jpg,sample_jpeg_025.jpg,5,6,1
FRAG_001615,FRAG_000139,sample_zip_023.zip,sample_jpeg_015.jpeg,5,14,0
FRAG_000811,FRAG_000812,sample_png_003.png,sample_png_003.png,2,3,1
FRAG_001369,FRAG_000176,sample_text_025.log,sample_jpeg_019.jpg,11,6,0
FRAG_001020,FRAG_001021,sample_png_025.png,sample_png_025.png,9,10,1
FRAG_001078,FRAG_000233,sample_text_004.json,sample_pdf_001.pdf,11,8,0
FRAG_001099,FRAG_000919,sample_text_007.csv,sample_png_014.png,1,8,0
FRAG_000706,FRAG_000707,sample_pdf_020.pdf,sample_pdf_020.pdf,33,34,1
FRAG_001123,FRAG_001124,sample_text_008.json,sample_text_008.json,15,16,1
FRAG_001050,FRAG_000234,sample_text_002.txt,sample_pdf_001.pdf,7,9,0
FRAG_000156,FRAG_000157,sample_jpeg_017.jpg,sample_jpeg_017.jpg,8,9,1
FRAG_001156,FRAG_001358,sample_text_011.json,sample_text_025.log,9,0,0
FRAG_000965,FRAG_001552,sample_png_019.png,sample_zip_017.zip,8,8,0
FRAG_000460,FRAG_001332,sample_pdf_011.pdf,sample_text_022.log,7,7,0
FRAG_000363,FRAG_000364,sample_pdf_006.pdf,sample_pdf_006.pdf,15,16,1
FRAG_000119,FRAG_000494,sample_jpeg_013.jpeg,sample_pdf_012.pdf,7,11,0
FRAG_000773,FRAG_000774,sample_pdf_025.pdf,sample_pdf_025.pdf,5,6,1
FRAG_000082,FRAG_001269,sample_jpeg_010.jpg,sample_text_017.txt,4,3,0
FRAG_000525,FRAG_001571,sample_pdf_013.pdf,sample_zip_019.zip,7,3,0
FRAG_000165,FRAG_000166,sample_jpeg_018.jpeg,sample_jpeg_018.jpeg,3,4,1
FRAG_000941,FRAG_001099,sample_png_017.png,sample_text_007.csv,2,1,0
FRAG_001634,FRAG_000530,sample_zip_025.zip,sample_pdf_014.pdf,11,3,0
FRAG_000063,FRAG_001020,sample_jpeg_008.jpeg,sample_png_025.png,4,9,0
FRAG_000862,FRAG_001362,sample_png_008.png,sample_text_025.log,7,4,0
FRAG_000876,FRAG_001056,sample_png_009.png,sample_text_002.txt,7,13,0
FRAG_000371,FRAG_001419,sample_pdf_007.pdf,sample_zip_006.zip,1,9,0
FRAG_000340,FRAG_001624,sample_pdf_005.pdf,sample_zip_025.zip,26,1,0
FRAG_001531,FRAG_000982,sample_zip_016.zip,sample_png_021.png,1,8,0
FRAG_000695,FRAG_000696,sample_pdf_020.pdf,sample_pdf_020.pdf,22,23,1
FRAG_001190,FRAG_001191,sample_text_013.csv,sample_text_013.csv,2,3,1
FRAG_000391,FRAG_001228,sample_pdf_008.pdf,sample_text_015.json,1,23,0
FRAG_000835,FRAG_000836,sample_png_006.png,sample_png_006.png,0,1,1
FRAG_000187,FRAG_000188,sample_jpeg_021.jpg,sample_jpeg_021.jpg,0,1,1
FRAG_000333,FRAG_000363,sample_pdf_005.pdf,sample_pdf_006.pdf,19,15,0
FRAG_000665,FRAG_001574,sample_pdf_019.pdf,sample_zip_019.zip,32,6,0
FRAG_000173,FRAG_000174,sample_jpeg_019.jpg,sample_jpeg_019.jpg,3,4,1
FRAG_000317,FRAG_000318,sample_pdf_005.pdf,sample_pdf_005.pdf,3,4,1
FRAG_001148,FRAG_001149,sample_text_011.json,sample_text_011.json,1,2,1
FRAG_001397,FRAG_001398,sample_zip_004.zip,sample_zip_004.zip,2,3,1
FRAG_000080,FRAG_000964,sample_jpeg_010.jpg,sample_png_019.png,2,7,0
FRAG_000034,FRAG_000035,sample_jpeg_004.jpeg,sample_jpeg_004.jpeg,0,1,1
FRAG_000552,FRAG_000553,sample_pdf_015.pdf,sample_pdf_015.pdf,3,4,1
FRAG_000544,FRAG_000272,sample_pdf_014.pdf,sample_pdf_002.pdf,17,13,0
FRAG_001535,FRAG_001105,sample_zip_016.zip,sample_text_007.csv,5,7,0
FRAG_000490,FRAG_000634,sample_pdf_012.pdf,sample_pdf_019.pdf,7,1,0
FRAG_001534,FRAG_000593,sample_zip_016.zip,sample_pdf_017.pdf,4,10,0
FRAG_000709,FRAG_000710,sample_pdf_021.pdf,sample_pdf_021.pdf,1,2,1
FRAG_000051,FRAG_000052,sample_jpeg_006.jpg,sample_jpeg_006.jpg,3,4,1
FRAG_000630,FRAG_000631,sample_pdf_018.pdf,sample_pdf_018.pdf,27,28,1
FRAG_001472,FRAG_001473,sample_zip_011.zip,sample_zip_011.zip,9,10,1
FRAG_000792,FRAG_000793,sample_pdf_025.pdf,sample_pdf_025.pdf,24,25,1
FRAG_000293,FRAG_000543,sample_pdf_003.pdf,sample_pdf_014.pdf,13,16,0
FRAG_000908,FRAG_001356,sample_png_013.png,sample_text_024.txt,5,15,0
FRAG_000909,FRAG_000341,sample_png_013.png,sample_pdf_005.pdf,6,27,0
FRAG_001465,FRAG_001466,sample_zip_011.zip,sample_zip_011.zip,2,3,1
FRAG_000164,FRAG_000672,sample_jpeg_018.jpeg,sample_pdf_019.pdf,2,39,0
FRAG_000229,FRAG_000602,sample_pdf_001.pdf,sample_pdf_017.pdf,4,19,0
FRAG_000477,FRAG_000478,sample_pdf_011.pdf,sample_pdf_011.pdf,24,25,1
FRAG_001629,FRAG_001630,sample_zip_025.zip,sample_zip_025.zip,6,7,1
FRAG_001435,FRAG_001307,sample_zip_008.zip,sample_text_020.txt,3,5,0
FRAG_000108,FRAG_000109,sample_jpeg_012.jpg,sample_jpeg_012.jpg,9,10,1
FRAG_000950,FRAG_000951,sample_png_018.png,sample_png_018.png,5,6,1
FRAG_001410,FRAG_001141,sample_zip_006.zip,sample_text_010.log,0,2,0
FRAG_001255,FRAG_001474,sample_text_016.json,sample_zip_011.zip,17,11,0
FRAG_000529,FRAG_000530,sample_pdf_014.pdf,sample_pdf_014.pdf,2,3,1
FRAG_000915,FRAG_000916,sample_png_014.png,sample_png_014.png,4,5,1
FRAG_001517,FRAG_001518,sample_zip_014.zip,sample_zip_014.zip,14,15,1
FRAG_000387,FRAG_001429,sample_pdf_007.pdf,sample_zip_007.zip,17,5,0
FRAG_000633,FRAG_000634,sample_pdf_019.pdf,sample_pdf_019.pdf,0,1,1
FRAG_000266,FRAG_000267,sample_pdf_002.pdf,sample_pdf_002.pdf,7,8,1
FRAG_001411,FRAG_000623,sample_zip_006.zip,sample_pdf_018.pdf,1,20,0
FRAG_000464,FRAG_000282,sample_pdf_011.pdf,sample_pdf_003.pdf,11,2,0
FRAG_001113,FRAG_001074,sample_text_008.json,sample_text_004.json,5,7,0
FRAG_001044,FRAG_001011,sample_text_002.txt,sample_png_025.png,1,0,0
FRAG_000217,FRAG_000888,sample_jpeg_025.jpg,sample_png_011.png,3,0,0
FRAG_000127,FRAG_000923,sample_jpeg_015.jpeg,sample_png_015.png,2,1,0
FRAG_001068,FRAG_001069,sample_text_004.json,sample_text_004.json,1,2,1
FRAG_001051,FRAG_001536,sample_text_002.txt,sample_zip_016.zip,8,6,0
FRAG_000962,FRAG_000963,sample_png_019.png,sample_png_019.png,5,6,1
FRAG_001032,FRAG_001033,sample_text_001.json,sample_text_001.json,7,8,1
FRAG_001149,FRAG_001150,sample_text_011.json,sample_text_011.json,2,3,1
FRAG_000300,FRAG_000301,sample_pdf_003.pdf,sample_pdf_003.pdf,20,21,1
FRAG_001373,FRAG_001374,sample_zip_001.zip,sample_zip_001.zip,3,4,1
FRAG_001030,FRAG_001081,sample_text_001.json,sample_text_004.json,5,14,0
FRAG_000762,FRAG_000910,sample_pdf_024.pdf,sample_png_013.png,7,7,0
FRAG_001547,FRAG_001548,sample_zip_017.zip,sample_zip_017.zip,3,4,1
FRAG_000174,FRAG_000175,sample_jpeg_019.jpg,sample_jpeg_019.jpg,4,5,1
FRAG_000531,FRAG_001540,sample_pdf_014.pdf,sample_zip_016.zip,4,10,0
FRAG_001034,FRAG_001324,sample_text_001.json,sample_text_021.csv,9,6,0
FRAG_000328,FRAG_000671,sample_pdf_005.pdf,sample_pdf_019.pdf,14,38,0
FRAG_001310,FRAG_001621,sample_text_020.txt,sample_zip_024.zip,8,4,0
FRAG_000283,FRAG_000284,sample_pdf_003.pdf,sample_pdf_003.pdf,3,4,1
FRAG_000373,FRAG_000999,sample_pdf_007.pdf,sample_png_023.png,3,3,0
FRAG_000103,FRAG_001142,sample_jpeg_012.jpg,sample_text_010.log,4,3,0
FRAG_000691,FRAG_000692,sample_pdf_020.pdf,sample_pdf_020.pdf,18,19,1
FRAG_000250,FRAG_000251,sample_pdf_001.pdf,sample_pdf_001.pdf,25,26,1
FRAG_001614,FRAG_001615,sample_zip_023.zip,sample_zip_023.zip,4,5,1
FRAG_001284,FRAG_001285,sample_text_018.csv,sample_text_018.csv,7,8,1
FRAG_000162,FRAG_000163,sample_jpeg_018.jpeg,sample_jpeg_018.jpeg,0,1,1
FRAG_001200,FRAG_001201,sample_text_014.txt,sample_text_014.txt,3,4,1
FRAG_000968,FRAG_001426,sample_png_019.png,sample_zip_007.zip,11,2,0
FRAG_000256,FRAG_001475,sample_pdf_001.pdf,sample_zip_011.zip,31,12,0
FRAG_000536,FRAG_000537,sample_pdf_014.pdf,sample_pdf_014.pdf,9,10,1
FRAG_000382,FRAG_001023,sample_pdf_007.pdf,sample_png_025.png,12,12,0
FRAG_000547,FRAG_001575,sample_pdf_014.pdf,sample_zip_019.zip,20,7,0
FRAG_000048,FRAG_000049,sample_jpeg_006.jpg,sample_jpeg_006.jpg,0,1,1
FRAG_000585,FRAG_001323,sample_pdf_017.pdf,sample_text_021.csv,2,5,0
FRAG_000493,FRAG_001415,sample_pdf_012.pdf,sample_zip_006.zip,10,5,0
FRAG_000390,FRAG_000522,sample_pdf_008.pdf,sample_pdf_013.pdf,0,4,0
FRAG_000358,FRAG_000359,sample_pdf_006.pdf,sample_pdf_006.pdf,10,11,1
FRAG_001157,FRAG_001317,sample_text_011.json,sample_text_020.txt,10,15,0
FRAG_000192,FRAG_000448,sample_jpeg_021.jpg,sample_pdf_010.pdf,5,3,0
FRAG_001221,FRAG_001437,sample_text_015.json,sample_zip_008.zip,16,5,0
FRAG_000432,FRAG_001571,sample_pdf_009.pdf,sample_zip_019.zip,22,3,0
FRAG_000876,FRAG_000877,sample_png_009.png,sample_png_009.png,7,8,1
FRAG_000810,FRAG_000811,sample_png_003.png,sample_png_003.png,1,2,1
FRAG_000164,FRAG_000165,sample_jpeg_018.jpeg,sample_jpeg_018.jpeg,2,3,1
FRAG_000480,FRAG_000481,sample_pdf_011.pdf,sample_pdf_011.pdf,27,28,1
FRAG_001263,FRAG_001515,sample_text_016.json,sample_zip_014.zip,25,12,0
FRAG_001113,FRAG_000773,sample_text_008.json,sample_pdf_025.pdf,5,5,0
FRAG_001015,FRAG_000591,sample_png_025.png,sample_pdf_017.pdf,4,8,0
FRAG_000589,FRAG_000590,sample_pdf_017.pdf,sample_pdf_017.pdf,6,7,1
FRAG_000527,FRAG_000528,sample_pdf_014.pdf,sample_pdf_014.pdf,0,1,1
FRAG_001440,FRAG_001441,sample_zip_008.zip,sample_zip_008.zip,8,9,1
FRAG_001238,FRAG_001239,sample_text_016.json,sample_text_016.json,0,1,1
FRAG_000317,FRAG_000485,sample_pdf_005.pdf,sample_pdf_012.pdf,3,2,0
FRAG_000506,FRAG_000507,sample_pdf_012.pdf,sample_pdf_012.pdf,23,24,1
FRAG_000643,FRAG_000355,sample_pdf_019.pdf,sample_pdf_006.pdf,10,7,0
FRAG_000396,FRAG_000817,sample_pdf_008.pdf,sample_png_004.png,6,2,0
FRAG_001603,FRAG_000085,sample_zip_022.zip,sample_jpeg_010.jpg,0,7,0
FRAG_001069,FRAG_001070,sample_text_004.json,sample_text_004.json,2,3,1
FRAG_001038,FRAG_001039,sample_text_001.json,sample_text_001.json,13,14,1
FRAG_001105,FRAG_001106,sample_text_007.csv,sample_text_007.csv,7,8,1
FRAG_000756,FRAG_000958,sample_pdf_024.pdf,sample_png_019.png,1,1,0
FRAG_000598,FRAG_001043,sample_pdf_017.pdf,sample_text_002.txt,15,0,0
FRAG_001130,FRAG_001131,sample_text_009.txt,sample_text_009.txt,2,3,1
FRAG_001361,FRAG_001362,sample_text_025.log,sample_text_025.log,3,4,1
FRAG_000487,FRAG_000488,sample_pdf_012.pdf,sample_pdf_012.pdf,4,5,1
FRAG_001618,FRAG_001615,sample_zip_024.zip,sample_zip_023.zip,1,5,0
FRAG_000883,FRAG_000884,sample_png_010.png,sample_png_010.png,2,3,1
FRAG_001374,FRAG_001375,sample_zip_001.zip,sample_zip_001.zip,4,5,1
FRAG_000454,FRAG_001327,sample_pdf_011.pdf,sample_text_022.log,1,2,0
FRAG_001339,FRAG_000737,sample_text_023.csv,sample_pdf_022.pdf,2,17,0
FRAG_000425,FRAG_000426,sample_pdf_009.pdf,sample_pdf_009.pdf,15,16,1
FRAG_001293,FRAG_001402,sample_text_019.txt,sample_zip_005.zip,6,1,0
FRAG_001180,FRAG_000880,sample_text_012.log,sample_png_009.png,6,11,0
FRAG_001073,FRAG_000739,sample_text_004.json,sample_pdf_022.pdf,6,19,0
FRAG_000753,FRAG_000236,sample_pdf_023.pdf,sample_pdf_001.pdf,11,11,0
FRAG_000712,FRAG_001092,sample_pdf_021.pdf,sample_text_006.log,4,2,0
FRAG_001227,FRAG_001228,sample_text_015.json,sample_text_015.json,22,23,1
FRAG_001193,FRAG_001194,sample_text_013.csv,sample_text_013.csv,5,6,1
FRAG_000394,FRAG_000395,sample_pdf_008.pdf,sample_pdf_008.pdf,4,5,1
FRAG_001611,FRAG_000643,sample_zip_023.zip,sample_pdf_019.pdf,1,10,0
FRAG_001110,FRAG_001111,sample_text_008.json,sample_text_008.json,2,3,1
FRAG_000466,FRAG_000467,sample_pdf_011.pdf,sample_pdf_011.pdf,13,14,1
FRAG_000911,FRAG_000484,sample_png_014.png,sample_pdf_012.pdf,0,1,0
FRAG_000926,FRAG_000354,sample_png_015.png,sample_pdf_006.pdf,4,6,0
FRAG_001290,FRAG_001406,sample_text_019.txt,sample_zip_005.zip,3,5,0
FRAG_000636,FRAG_000461,sample_pdf_019.pdf,sample_pdf_011.pdf,3,8,0
FRAG_000843,FRAG_000844,sample_png_006.png,sample_png_006.png,8,9,1
FRAG_000672,FRAG_001250,sample_pdf_019.pdf,sample_text_016.json,39,12,0
FRAG_000548,FRAG_000060,sample_pdf_014.pdf,sample_jpeg_008.jpeg,21,1,0
FRAG_001476,FRAG_001477,sample_zip_011.zip,sample_zip_011.zip,13,14,1
FRAG_000391,FRAG_000392,sample_pdf_008.pdf,sample_pdf_008.pdf,1,2,1
FRAG_001546,FRAG_001155,sample_zip_017.zip,sample_text_011.json,2,8,0
FRAG_000157,FRAG_000158,sample_jpeg_017.jpg,sample_jpeg_017.jpg,9,10,1
FRAG_000294,FRAG_000295,sample_pdf_003.pdf,sample_pdf_003.pdf,14,15,1
FRAG_001438,FRAG_001439,sample_zip_008.zip,sample_zip_008.zip,6,7,1
FRAG_001558,FRAG_001091,sample_zip_018.zip,sample_text_006.log,0,1,0
FRAG_000537,FRAG_001588,sample_pdf_014.pdf,sample_zip_020.zip,10,12,0
FRAG_000437,FRAG_001037,sample_pdf_009.pdf,sample_text_001.json,27,12,0
FRAG_000259,FRAG_000260,sample_pdf_002.pdf,sample_pdf_002.pdf,0,1,1
FRAG_000754,FRAG_000895,sample_pdf_023.pdf,sample_png_011.png,12,7,0
FRAG_000687,FRAG_000688,sample_pdf_020.pdf,sample_pdf_020.pdf,14,15,1
FRAG_000688,FRAG_000655,sample_pdf_020.pdf,sample_pdf_019.pdf,15,22,0
FRAG_001558,FRAG_001127,sample_zip_018.zip,sample_text_008.json,0,19,0
FRAG_000913,FRAG_000914,sample_png_014.png,sample_png_014.png,2,3,1
FRAG_001567,FRAG_001377,sample_zip_018.zip,sample_zip_001.zip,9,7,0
FRAG_000898,FRAG_001113,sample_png_012.png,sample_text_008.json,1,5,0
FRAG_000214,FRAG_000215,sample_jpeg_025.jpg,sample_jpeg_025.jpg,0,1,1
FRAG_000507,FRAG_000409,sample_pdf_012.pdf,sample_pdf_008.pdf,24,19,0
FRAG_000036,FRAG_000037,sample_jpeg_004.jpeg,sample_jpeg_004.jpeg,2,3,1
FRAG_001206,FRAG_001207,sample_text_015.json,sample_text_015.json,1,2,1
FRAG_000426,FRAG_000427,sample_pdf_009.pdf,sample_pdf_009.pdf,16,17,1
FRAG_001156,FRAG_000230,sample_text_011.json,sample_pdf_001.pdf,9,5,0
FRAG_000022,FRAG_000023,sample_jpeg_002.jpeg,sample_jpeg_002.jpeg,8,9,1
FRAG_000414,FRAG_000415,sample_pdf_009.pdf,sample_pdf_009.pdf,4,5,1
FRAG_000903,FRAG_000069,sample_png_013.png,sample_jpeg_008.jpeg,0,10,0
FRAG_001018,FRAG_001019,sample_png_025.png,sample_png_025.png,7,8,1
FRAG_001312,FRAG_001313,sample_text_020.txt,sample_text_020.txt,10,11,1
FRAG_001207,FRAG_000821,sample_text_015.json,sample_png_004.png,2,6,0
FRAG_001571,FRAG_001572,sample_zip_019.zip,sample_zip_019.zip,3,4,1
FRAG_000092,FRAG_000093,sample_jpeg_011.jpeg,sample_jpeg_011.jpeg,0,1,1
FRAG_001375,FRAG_001306,sample_zip_001.zip,sample_text_020.txt,5,4,0
FRAG_000261,FRAG_000393,sample_pdf_002.pdf,sample_pdf_008.pdf,2,3,0
FRAG_001374,FRAG_000404,sample_zip_001.zip,sample_pdf_008.pdf,4,14,0
FRAG_000600,FRAG_000601,sample_pdf_017.pdf,sample_pdf_017.pdf,17,18,1
FRAG_000314,FRAG_000892,sample_pdf_005.pdf,sample_png_011.png,0,4,0
FRAG_001458,FRAG_001459,sample_zip_010.zip,sample_zip_010.zip,3,4,1
FRAG_000519,FRAG_000520,sample_pdf_013.pdf,sample_pdf_013.pdf,1,2,1
FRAG_000967,FRAG_000968,sample_png_019.png,sample_png_019.png,10,11,1
FRAG_000435,FRAG_000436,sample_pdf_009.pdf,sample_pdf_009.pdf,25,26,1
FRAG_000229,FRAG_000230,sample_pdf_001.pdf,sample_pdf_001.pdf,4,5,1
FRAG_000772,FRAG_000773,sample_pdf_025.pdf,sample_pdf_025.pdf,4,5,1
FRAG_001240,FRAG_000692,sample_text_016.json,sample_pdf_020.pdf,2,19,0
FRAG_000727,FRAG_000728,sample_pdf_022.pdf,sample_pdf_022.pdf,7,8,1
FRAG_000106,FRAG_000590,sample_jpeg_012.jpg,sample_pdf_017.pdf,7,7,0
FRAG_000934,FRAG_000935,sample_png_016.png,sample_png_016.png,7,8,1
FRAG_001521,FRAG_001522,sample_zip_015.zip,sample_zip_015.zip,1,2,1
FRAG_001236,FRAG_001237,sample_text_015.json,sample_text_015.json,31,32,1
FRAG_001528,FRAG_000131,sample_zip_015.zip,sample_jpeg_015.jpeg,8,6,0
FRAG_001109,FRAG_001110,sample_text_008.json,sample_text_008.json,1,2,1
FRAG_000461,FRAG_000233,sample_pdf_011.pdf,sample_pdf_001.pdf,8,8,0
FRAG_000683,FRAG_000684,sample_pdf_020.pdf,sample_pdf_020.pdf,10,11,1
FRAG_001494,FRAG_001495,sample_zip_013.zip,sample_zip_013.zip,4,5,1
FRAG_001208,FRAG_001557,sample_text_015.json,sample_zip_017.zip,3,13,0
FRAG_001125,FRAG_000269,sample_text_008.json,sample_pdf_002.pdf,17,10,0
FRAG_001425,FRAG_001426,sample_zip_007.zip,sample_zip_007.zip,1,2,1
FRAG_001514,FRAG_001515,sample_zip_014.zip,sample_zip_014.zip,11,12,1
FRAG_000411,FRAG_000412,sample_pdf_009.pdf,sample_pdf_009.pdf,1,2,1
FRAG_000914,FRAG_000915,sample_png_014.png,sample_png_014.png,3,4,1
FRAG_000497,FRAG_000498,sample_pdf_012.pdf,sample_pdf_012.pdf,14,15,1
FRAG_001428,FRAG_001429,sample_zip_007.zip,sample_zip_007.zip,4,5,1
FRAG_001291,FRAG_001247,sample_text_019.txt,sample_text_016.json,4,9,0
FRAG_000789,FRAG_000790,sample_pdf_025.pdf,sample_pdf_025.pdf,21,22,1
FRAG_000953,FRAG_000954,sample_png_018.png,sample_png_018.png,8,9,1
FRAG_000545,FRAG_000546,sample_pdf_014.pdf,sample_pdf_014.pdf,18,19,1
FRAG_000056,FRAG_000172,sample_jpeg_007.jpg,sample_jpeg_019.jpg,3,2,0
FRAG_001324,FRAG_000081,sample_text_021.csv,sample_jpeg_010.jpg,6,3,0
FRAG_001190,FRAG_000316,sample_text_013.csv,sample_pdf_005.pdf,2,2,0
FRAG_001257,FRAG_001258,sample_text_016.json,sample_text_016.json,19,20,1
FRAG_001462,FRAG_000683,sample_zip_010.zip,sample_pdf_020.pdf,7,10,0
FRAG_001576,FRAG_000578,sample_zip_020.zip,sample_pdf_016.pdf,0,17,0
FRAG_001418,FRAG_001419,sample_zip_006.zip,sample_zip_006.zip,8,9,1
FRAG_001082,FRAG_001442,sample_text_004.json,sample_zip_008.zip,15,10,0
FRAG_001583,FRAG_001584,sample_zip_020.zip,sample_zip_020.zip,7,8,1
FRAG_001534,FRAG_001535,sample_zip_016.zip,sample_zip_016.zip,4,5,1
FRAG_000853,FRAG_000854,sample_png_007.png,sample_png_007.png,7,8,1
FRAG_000822,FRAG_000121,sample_png_004.png,sample_jpeg_014.jpeg,7,0,0
FRAG_000340,FRAG_000341,sample_pdf_005.pdf,sample_pdf_005.pdf,26,27,1
FRAG_000478,FRAG_000479,sample_pdf_011.pdf,sample_pdf_011.pdf,25,26,1
FRAG_000419,FRAG_001372,sample_pdf_009.pdf,sample_zip_001.zip,9,2,0
FRAG_000993,FRAG_000994,sample_png_022.png,sample_png_022.png,5,6,1
FRAG_000360,FRAG_001252,sample_pdf_006.pdf,sample_text_016.json,12,14,0
FRAG_000644,FRAG_000645,sample_pdf_019.pdf,sample_pdf_019.pdf,11,12,1
FRAG_001537,FRAG_001538,sample_zip_016.zip,sample_zip_016.zip,7,8,1
FRAG_001173,FRAG_001435,sample_text_011.json,sample_zip_008.zip,26,3,0
FRAG_001310,FRAG_001311,sample_text_020.txt,sample_text_020.txt,8,9,1
FRAG_000473,FRAG_000474,sample_pdf_011.pdf,sample_pdf_011.pdf,20,21,1
FRAG_001256,FRAG_001257,sample_text_016.json,sample_text_016.json,18,19,1
FRAG_001533,FRAG_000357,sample_zip_016.zip,sample_pdf_006.pdf,3,9,0
FRAG_000408,FRAG_000409,sample_pdf_008.pdf,sample_pdf_008.pdf,18,19,1
FRAG_000138,FRAG_000187,sample_jpeg_015.jpeg,sample_jpeg_021.jpg,13,0,0
FRAG_000931,FRAG_001314,sample_png_016.png,sample_text_020.txt,4,12,0
FRAG_001114,FRAG_001115,sample_text_008.json,sample_text_008.json,6,7,1
FRAG_000359,FRAG_000856,sample_pdf_006.pdf,sample_png_008.png,11,1,0
FRAG_000631,FRAG_000632,sample_pdf_018.pdf,sample_pdf_018.pdf,28,29,1
FRAG_001490,FRAG_000870,sample_zip_013.zip,sample_png_009.png,0,1,0
FRAG_001578,FRAG_001579,sample_zip_020.zip,sample_zip_020.zip,2,3,1
FRAG_000397,FRAG_000398,sample_pdf_008.pdf,sample_pdf_008.pdf,7,8,1
FRAG_001130,FRAG_001477,sample_text_009.txt,sample_zip_011.zip,2,14,0
FRAG_000280,FRAG_000143,sample_pdf_003.pdf,sample_jpeg_016.jpeg,0,3,0
FRAG_001222,FRAG_000890,sample_text_015.json,sample_png_011.png,17,2,0
FRAG_000336,FRAG_000638,sample_pdf_005.pdf,sample_pdf_019.pdf,22,5,0
FRAG_000097,FRAG_000098,sample_jpeg_011.jpeg,sample_jpeg_011.jpeg,5,6,1
FRAG_000487,FRAG_000910,sample_pdf_012.pdf,sample_png_013.png,4,7,0
FRAG_000996,FRAG_000142,sample_png_023.png,sample_jpeg_016.jpeg,0,2,0
FRAG_000306,FRAG_001153,sample_pdf_004.pdf,sample_text_011.json,0,6,0
FRAG_000361,FRAG_000075,sample_pdf_006.pdf,sample_jpeg_009.jpeg,13,5,0
FRAG_000936,FRAG_000306,sample_png_016.png,sample_pdf_004.pdf,9,0,0
FRAG_000088,FRAG_000089,sample_jpeg_010.jpg,sample_jpeg_010.jpg,10,11,1
FRAG_000014,FRAG_000535,sample_jpeg_002.jpeg,sample_pdf_014.pdf,0,8,0
FRAG_001410,FRAG_001411,sample_zip_006.zip,sample_zip_006.zip,0,1,1
FRAG_000892,FRAG_000893,sample_png_011.png,sample_png_011.png,4,5,1
FRAG_001293,FRAG_001294,sample_text_019.txt,sample_text_019.txt,6,7,1
FRAG_001004,FRAG_001005,sample_png_023.png,sample_png_023.png,8,9,1
FRAG_000856,FRAG_000857,sample_png_008.png,sample_png_008.png,1,2,1
FRAG_000974,FRAG_001126,sample_png_021.png,sample_text_008.json,0,18,0
FRAG_001454,FRAG_001312,sample_zip_009.zip,sample_text_020.txt,10,10,0
FRAG_000182,FRAG_000183,sample_jpeg_020.jpg,sample_jpeg_020.jpg,0,1,1
FRAG_000154,FRAG_000962,sample_jpeg_017.jpg,sample_png_019.png,6,5,0
FRAG_000039,FRAG_000040,sample_jpeg_004.jpeg,sample_jpeg_004.jpeg,5,6,1
FRAG_000348,FRAG_000349,sample_pdf_006.pdf,sample_pdf_006.pdf,0,1,1
FRAG_000034,FRAG_000732,sample_jpeg_004.jpeg,sample_pdf_022.pdf,0,12,0
FRAG_000566,FRAG_001583,sample_pdf_016.pdf,sample_zip_020.zip,5,7,0
FRAG_000147,FRAG_000123,sample_jpeg_016.jpeg,sample_jpeg_014.jpeg,7,2,0
FRAG_000366,FRAG_000367,sample_pdf_006.pdf,sample_pdf_006.pdf,18,19,1
FRAG_000994,FRAG_000995,sample_png_022.png,sample_png_022.png,6,7,1
FRAG_000074,FRAG_000075,sample_jpeg_009.jpeg,sample_jpeg_009.jpeg,4,5,1
FRAG_000577,FRAG_000578,sample_pdf_016.pdf,sample_pdf_016.pdf,16,17,1
FRAG_000949,FRAG_000950,sample_png_018.png,sample_png_018.png,4,5,1
FRAG_000925,FRAG_000468,sample_png_015.png,sample_pdf_011.pdf,3,15,0
FRAG_001061,FRAG_000952,sample_text_003.log,sample_png_018.png,2,7,0
FRAG_000386,FRAG_000659,sample_pdf_007.pdf,sample_pdf_019.pdf,16,26,0
FRAG_000726,FRAG_000148,sample_pdf_022.pdf,sample_jpeg_017.jpg,6,0,0
FRAG_001129,FRAG_000563,sample_text_009.txt,sample_pdf_016.pdf,1,2,0
FRAG_000144,FRAG_000145,sample_jpeg_016.jpeg,sample_jpeg_016.jpeg,4,5,1
FRAG_000914,FRAG_000440,sample_png_014.png,sample_pdf_009.pdf,3,30,0
FRAG_000722,FRAG_000723,sample_pdf_022.pdf,sample_pdf_022.pdf,2,3,1
FRAG_000762,FRAG_000763,sample_pdf_024.pdf,sample_pdf_024.pdf,7,8,1
FRAG_001619,FRAG_001012,sample_zip_024.zip,sample_png_025.png,2,1,0
FRAG_000842,FRAG_000957,sample_png_006.png,sample_png_019.png,7,0,0
FRAG_000324,FRAG_000834,sample_pdf_005.pdf,sample_png_005.png,10,7,0
FRAG_001590,FRAG_001591,sample_zip_021.zip,sample_zip_021.zip,1,2,1
FRAG_000566,FRAG_001139,sample_pdf_016.pdf,sample_text_010.log,5,0,0
FRAG_001432,FRAG_001433,sample_zip_008.zip,sample_zip_008.zip,0,1,1
FRAG_000920,FRAG_000921,sample_png_014.png,sample_png_014.png,9,10,1
FRAG_000174,FRAG_000635,sample_jpeg_019.jpg,sample_pdf_019.pdf,4,2,0
FRAG_000211,FRAG_000300,sample_jpeg_024.jpeg,sample_pdf_003.pdf,6,20,0
FRAG_001371,FRAG_000995,sample_zip_001.zip,sample_png_022.png,1,7,0
FRAG_000936,FRAG_001129,sample_png_016.png,sample_text_009.txt,9,1,0
FRAG_001530,FRAG_001198,sample_zip_016.zip,sample_text_014.txt,0,1,0
FRAG_000168,FRAG_000558,sample_jpeg_018.jpeg,sample_pdf_015.pdf,6,9,0
FRAG_000066,FRAG_000067,sample_jpeg_008.jpeg,sample_jpeg_008.jpeg,7,8,1
FRAG_001337,FRAG_001338,sample_text_023.csv,sample_text_023.csv,0,1,1
FRAG_000723,FRAG_001260,sample_pdf_022.pdf,sample_text_016.json,3,22,0
FRAG_000746,FRAG_000747,sample_pdf_023.pdf,sample_pdf_023.pdf,4,5,1
FRAG_001281,FRAG_001208,sample_text_018.csv,sample_text_015.json,4,3,0
FRAG_000128,FRAG_000129,sample_jpeg_015.jpeg,sample_jpeg_015.jpeg,3,4,1
FRAG_001185,FRAG_001186,sample_text_012.log,sample_text_012.log,11,12,1
FRAG_001203,FRAG_000043,sample_text_014.txt,sample_jpeg_005.jpg,6,1,0
FRAG_000665,FRAG_000666,sample_pdf_019.pdf,sample_pdf_019.pdf,32,33,1
FRAG_000884,FRAG_000885,sample_png_010.png,sample_png_010.png,3,4,1
FRAG_000471,FRAG_000472,sample_pdf_011.pdf,sample_pdf_011.pdf,18,19,1
FRAG_001217,FRAG_000963,sample_text_015.json,sample_png_019.png,12,6,0
FRAG_001463,FRAG_000162,sample_zip_011.zip,sample_jpeg_018.jpeg,0,0,0
FRAG_001493,FRAG_001494,sample_zip_013.zip,sample_zip_013.zip,3,4,1
FRAG_001528,FRAG_001128,sample_zip_015.zip,sample_text_009.txt,8,0,0
FRAG_000404,FRAG_000405,sample_pdf_008.pdf,sample_pdf_008.pdf,14,15,1
FRAG_000557,FRAG_000282,sample_pdf_015.pdf,sample_pdf_003.pdf,8,2,0
FRAG_000413,FRAG_000414,sample_pdf_009.pdf,sample_pdf_009.pdf,3,4,1
FRAG_000303,FRAG_001395,sample_pdf_003.pdf,sample_zip_004.zip,23,0,0
FRAG_000746,FRAG_000764,sample_pdf_023.pdf,sample_pdf_024.pdf,4,9,0
FRAG_000175,FRAG_000176,sample_jpeg_019.jpg,sample_jpeg_019.jpg,5,6,1
FRAG_001074,FRAG_000162,sample_text_004.json,sample_jpeg_018.jpeg,7,0,0
FRAG_000382,FRAG_000029,sample_pdf_007.pdf,sample_jpeg_003.jpg,12,3,0
FRAG_001439,FRAG_001440,sample_zip_008.zip,sample_zip_008.zip,7,8,1
FRAG_000852,FRAG_000128,sample_png_007.png,sample_jpeg_015.jpeg,6,3,0
FRAG_001115,FRAG_001116,sample_text_008.json,sample_text_008.json,7,8,1
FRAG_000139,FRAG_001078,sample_jpeg_015.jpeg,sample_text_004.json,14,11,0
FRAG_000867,FRAG_000868,sample_png_008.png,sample_png_008.png,12,13,1
FRAG_000653,FRAG_000203,sample_pdf_019.pdf,sample_jpeg_023.jpeg,20,2,0
FRAG_001269,FRAG_001270,sample_text_017.txt,sample_text_017.txt,3,4,1
FRAG_001279,FRAG_001476,sample_text_018.csv,sample_zip_011.zip,2,13,0
FRAG_000883,FRAG_000299,sample_png_010.png,sample_pdf_003.pdf,2,19,0
FRAG_001546,FRAG_001266,sample_zip_017.zip,sample_text_017.txt,2,0,0
FRAG_000078,FRAG_000117,sample_jpeg_010.jpg,sample_jpeg_013.jpeg,0,5,0
FRAG_000790,FRAG_000791,sample_pdf_025.pdf,sample_pdf_025.pdf,22,23,1
FRAG_001411,FRAG_000123,sample_zip_006.zip,sample_jpeg_014.jpeg,1,2,0
FRAG_000362,FRAG_000363,sample_pdf_006.pdf,sample_pdf_006.pdf,14,15,1
FRAG_000718,FRAG_001140,sample_pdf_021.pdf,sample_text_010.log,10,1,0
FRAG_000568,FRAG_000569,sample_pdf_016.pdf,sample_pdf_016.pdf,7,8,1
FRAG_001584,FRAG_001585,sample_zip_020.zip,sample_zip_020.zip,8,9,1
FRAG_001215,FRAG_000997,sample_text_015.json,sample_png_023.png,10,1,0
FRAG_000928,FRAG_000929,sample_png_016.png,sample_png_016.png,1,2,1
FRAG_000151,FRAG_000792,sample_jpeg_017.jpg,sample_pdf_025.pdf,3,24,0
FRAG_000623,FRAG_000588,sample_pdf_018.pdf,sample_pdf_017.pdf,20,5,0
FRAG_000811,FRAG_000269,sample_png_003.png,sample_pdf_002.pdf,2,10,0
FRAG_001503,FRAG_001504,sample_zip_014.zip,sample_zip_014.zip,0,1,1
FRAG_001603,FRAG_001604,sample_zip_022.zip,sample_zip_022.zip,0,1,1
FRAG_001156,FRAG_000447,sample_text_011.json,sample_pdf_010.pdf,9,2,0
FRAG_001013,FRAG_000666,sample_png_025.png,sample_pdf_019.pdf,2,33,0
FRAG_000846,FRAG_000847,sample_png_007.png,sample_png_007.png,0,1,1
FRAG_000051,FRAG_000095,sample_jpeg_006.jpg,sample_jpeg_011.jpeg,3,3,0
FRAG_001622,FRAG_001514,sample_zip_024.zip,sample_zip_014.zip,5,11,0
FRAG_000844,FRAG_000845,sample_png_006.png,sample_png_006.png,9,10,1
FRAG_000860,FRAG_000861,sample_png_008.png,sample_png_008.png,5,6,1
FRAG_001167,FRAG_001168,sample_text_011.json,sample_text_011.json,20,21,1
FRAG_000127,FRAG_000128,sample_jpeg_015.jpeg,sample_jpeg_015.jpeg,2,3,1
FRAG_000747,FRAG_000748,sample_pdf_023.pdf,sample_pdf_023.pdf,5,6,1
FRAG_001037,FRAG_001038,sample_text_001.json,sample_text_001.json,12,13,1
FRAG_000781,FRAG_001308,sample_pdf_025.pdf,sample_text_020.txt,13,6,0
FRAG_001204,FRAG_000613,sample_text_014.txt,sample_pdf_018.pdf,7,10,0
FRAG_000918,FRAG_001624,sample_png_014.png,sample_zip_025.zip,7,1,0
FRAG_001212,FRAG_000116,sample_text_015.json,sample_jpeg_013.jpeg,7,4,0
FRAG_000228,FRAG_000229,sample_pdf_001.pdf,sample_pdf_001.pdf,3,4,1
FRAG_000838,FRAG_000839,sample_png_006.png,sample_png_006.png,3,4,1
FRAG_001027,FRAG_001028,sample_text_001.json,sample_text_001.json,2,3,1
FRAG_000314,FRAG_001286,sample_pdf_005.pdf,sample_text_018.csv,0,9,0
FRAG_000100,FRAG_000101,sample_jpeg_012.jpg,sample_jpeg_012.jpg,1,2,1
FRAG_000797,FRAG_000798,sample_png_001.png,sample_png_001.png,1,2,1
FRAG_000326,FRAG_000327,sample_pdf_005.pdf,sample_pdf_005.pdf,12,13,1
FRAG_001514,FRAG_001404,sample_zip_014.zip,sample_zip_005.zip,11,3,0
FRAG_000554,FRAG_000555,sample_pdf_015.pdf,sample_pdf_015.pdf,5,6,1
FRAG_001626,FRAG_001627,sample_zip_025.zip,sample_zip_025.zip,3,4,1
FRAG_001621,FRAG_001622,sample_zip_024.zip,sample_zip_024.zip,4,5,1
FRAG_001490,FRAG_001605,sample_zip_013.zip,sample_zip_022.zip,0,2,0
FRAG_001002,FRAG_001003,sample_png_023.png,sample_png_023.png,6,7,1
FRAG_000007,FRAG_000008,sample_jpeg_001.jpeg,sample_jpeg_001.jpeg,6,7,1
FRAG_000918,FRAG_000919,sample_png_014.png,sample_png_014.png,7,8,1
FRAG_000760,FRAG_000761,sample_pdf_024.pdf,sample_pdf_024.pdf,5,6,1
FRAG_001353,FRAG_001354,sample_text_024.txt,sample_text_024.txt,12,13,1
FRAG_001221,FRAG_001222,sample_text_015.json,sample_text_015.json,16,17,1
FRAG_001465,FRAG_000407,sample_zip_011.zip,sample_pdf_008.pdf,2,17,0
FRAG_000449,FRAG_000450,sample_pdf_010.pdf,sample_pdf_010.pdf,4,5,1
FRAG_001468,FRAG_001469,sample_zip_011.zip,sample_zip_011.zip,5,6,1
FRAG_000431,FRAG_000432,sample_pdf_009.pdf,sample_pdf_009.pdf,21,22,1
FRAG_000453,FRAG_000454,sample_pdf_011.pdf,sample_pdf_011.pdf,0,1,1
FRAG_000816,FRAG_000566,sample_png_004.png,sample_pdf_016.pdf,1,5,0
FRAG_000162,FRAG_000514,sample_jpeg_018.jpeg,sample_pdf_012.pdf,0,31,0
FRAG_001299,FRAG_001300,sample_text_019.txt,sample_text_019.txt,12,13,1
FRAG_000542,FRAG_000237,sample_pdf_014.pdf,sample_pdf_001.pdf,15,12,0
FRAG_000818,FRAG_000742,sample_png_004.png,sample_pdf_023.pdf,3,0,0
FRAG_001176,FRAG_000583,sample_text_012.log,sample_pdf_017.pdf,2,0,0
FRAG_000085,FRAG_000086,sample_jpeg_010.jpg,sample_jpeg_010.jpg,7,8,1
FRAG_000053,FRAG_000639,sample_jpeg_007.jpg,sample_pdf_019.pdf,0,6,0
FRAG_000199,FRAG_001286,sample_jpeg_022.jpg,sample_text_018.csv,6,9,0
FRAG_001256,FRAG_000653,sample_text_016.json,sample_pdf_019.pdf,18,20,0
FRAG_000929,FRAG_000930,sample_png_016.png,sample_png_016.png,2,3,1
FRAG_000314,FRAG_000932,sample_pdf_005.pdf,sample_png_016.png,0,5,0
FRAG_000903,FRAG_000904,sample_png_013.png,sample_png_013.png,0,1,1
FRAG_000083,FRAG_000084,sample_jpeg_010.jpg,sample_jpeg_010.jpg,5,6,1
FRAG_000481,FRAG_000482,sample_pdf_011.pdf,sample_pdf_011.pdf,28,29,1
FRAG_000039,FRAG_000942,sample_jpeg_004.jpeg,sample_png_017.png,5,3,0
FRAG_000507,FRAG_001394,sample_pdf_012.pdf,sample_zip_003.zip,24,9,0
FRAG_000470,FRAG_000471,sample_pdf_011.pdf,sample_pdf_011.pdf,17,18,1
FRAG_000637,FRAG_000638,sample_pdf_019.pdf,sample_pdf_019.pdf,4,5,1
FRAG_000241,FRAG_000242,sample_pdf_001.pdf,sample_pdf_001.pdf,16,17,1
FRAG_001404,FRAG_001405,sample_zip_005.zip,sample_zip_005.zip,3,4,1
FRAG_001608,FRAG_001609,sample_zip_022.zip,sample_zip_022.zip,5,6,1
FRAG_000744,FRAG_000745,sample_pdf_023.pdf,sample_pdf_023.pdf,2,3,1
FRAG_000803,FRAG_000265,sample_png_002.png,sample_pdf_002.pdf,0,6,0
FRAG_000193,FRAG_000194,sample_jpeg_022.jpg,sample_jpeg_022.jpg,0,1,1
FRAG_001161,FRAG_001162,sample_text_011.json,sample_text_011.json,14,15,1
FRAG_000095,FRAG_000096,sample_jpeg_011.jpeg,sample_jpeg_011.jpeg,3,4,1
FRAG_001319,FRAG_001320,sample_text_021.csv,sample_text_021.csv,1,2,1
FRAG_000620,FRAG_000621,sample_pdf_018.pdf,sample_pdf_018.pdf,17,18,1
FRAG_000222,FRAG_000223,sample_jpeg_025.jpg,sample_jpeg_025.jpg,8,9,1
FRAG_001486,FRAG_001487,sample_zip_012.zip,sample_zip_012.zip,4,5,1
FRAG_000324,FRAG_000152,sample_pdf_005.pdf,sample_jpeg_017.jpg,10,4,0
FRAG_000537,FRAG_000538,sample_pdf_014.pdf,sample_pdf_014.pdf,10,11,1
FRAG_000624,FRAG_000625,sample_pdf_018.pdf,sample_pdf_018.pdf,21,22,1
FRAG_000748,FRAG_000334,sample_pdf_023.pdf,sample_pdf_005.pdf,6,20,0
FRAG_000681,FRAG_000274,sample_pdf_020.pdf,sample_pdf_002.pdf,8,15,0
FRAG_000049,FRAG_001352,sample_jpeg_006.jpg,sample_text_024.txt,1,11,0
FRAG_001280,FRAG_001281,sample_text_018.csv,sample_text_018.csv,3,4,1
FRAG_001494,FRAG_000111,sample_zip_013.zip,sample_jpeg_012.jpg,4,12,0
FRAG_000319,FRAG_000320,sample_pdf_005.pdf,sample_pdf_005.pdf,5,6,1
FRAG_000555,FRAG_000628,sample_pdf_015.pdf,sample_pdf_018.pdf,6,25,0
FRAG_001281,FRAG_001282,sample_text_018.csv,sample_text_018.csv,4,5,1
FRAG_000429,FRAG_000430,sample_pdf_009.pdf,sample_pdf_009.pdf,19,20,1
FRAG_000633,FRAG_001616,sample_pdf_019.pdf,sample_zip_023.zip,0,6,0
FRAG_000693,FRAG_001391,sample_pdf_020.pdf,sample_zip_003.zip,20,6,0
FRAG_000945,FRAG_000946,sample_png_018.png,sample_png_018.png,0,1,1
FRAG_000663,FRAG_000664,sample_pdf_019.pdf,sample_pdf_019.pdf,30,31,1
FRAG_000039,FRAG_000904,sample_jpeg_004.jpeg,sample_png_013.png,5,1,0
FRAG_000943,FRAG_000944,sample_png_017.png,sample_png_017.png,4,5,1
FRAG_000493,FRAG_000494,sample_pdf_012.pdf,sample_pdf_012.pdf,10,11,1
FRAG_001569,FRAG_001570,sample_zip_019.zip,sample_zip_019.zip,1,2,1
FRAG_000132,FRAG_000133,sample_jpeg_015.jpeg,sample_jpeg_015.jpeg,7,8,1
FRAG_001252,FRAG_001574,sample_text_016.json,sample_zip_019.zip,14,6,0
FRAG_000712,FRAG_000713,sample_pdf_021.pdf,sample_pdf_021.pdf,4,5,1
FRAG_001453,FRAG_001454,sample_zip_009.zip,sample_zip_009.zip,9,10,1
FRAG_000378,FRAG_000106,sample_pdf_007.pdf,sample_jpeg_012.jpg,8,7,0
FRAG_000977,FRAG_000013,sample_png_021.png,sample_jpeg_001.jpeg,3,12,0
FRAG_000330,FRAG_000331,sample_pdf_005.pdf,sample_pdf_005.pdf,16,17,1
FRAG_000287,FRAG_000093,sample_pdf_003.pdf,sample_jpeg_011.jpeg,7,1,0
FRAG_001617,FRAG_001293,sample_zip_024.zip,sample_text_019.txt,0,6,0
FRAG_000920,FRAG_001207,sample_png_014.png,sample_text_015.json,9,2,0
FRAG_000244,FRAG_000245,sample_pdf_001.pdf,sample_pdf_001.pdf,19,20,1
FRAG_000306,FRAG_001118,sample_pdf_004.pdf,sample_text_008.json,0,10,0
FRAG_000924,FRAG_000716,sample_png_015.png,sample_pdf_021.pdf,2,8,0
FRAG_000567,FRAG_001484,sample_pdf_016.pdf,sample_zip_012.zip,6,2,0
FRAG_001488,FRAG_001489,sample_zip_012.zip,sample_zip_012.zip,6,7,1
FRAG_000823,FRAG_001025,sample_png_004.png,sample_text_001.json,8,0,0
FRAG_000243,FRAG_000954,sample_pdf_001.pdf,sample_png_018.png,18,9,0
FRAG_001124,FRAG_001125,sample_text_008.json,sample_text_008.json,16,17,1
FRAG_001036,FRAG_001037,sample_text_001.json,sample_text_001.json,11,12,1
FRAG_000954,FRAG_000955,sample_png_018.png,sample_png_018.png,9,10,1
FRAG_000079,FRAG_000080,sample_jpeg_010.jpg,sample_jpeg_010.jpg,1,2,1
FRAG_000708,FRAG_001493,sample_pdf_021.pdf,sample_zip_013.zip,0,3,0
FRAG_001261,FRAG_000836,sample_text_016.json,sample_png_006.png,23,1,0
FRAG_001381,FRAG_001179,sample_zip_002.zip,sample_text_012.log,1,5,0
FRAG_001133,FRAG_001134,sample_text_009.txt,sample_text_009.txt,5,6,1
FRAG_001390,FRAG_000792,sample_zip_003.zip,sample_pdf_025.pdf,5,24,0
FRAG_000084,FRAG_000085,sample_jpeg_010.jpg,sample_jpeg_010.jpg,6,7,1
FRAG_001074,FRAG_001075,sample_text_004.json,sample_text_004.json,7,8,1
FRAG_000936,FRAG_000937,sample_png_016.png,sample_png_016.png,9,10,1
FRAG_000925,FRAG_000926,sample_png_015.png,sample_png_015.png,3,4,1
FRAG_000689,FRAG_000059,sample_pdf_020.pdf,sample_jpeg_008.jpeg,16,0,0
FRAG_000921,FRAG_000508,sample_png_014.png,sample_pdf_012.pdf,10,25,0
FRAG_000517,FRAG_000168,sample_pdf_012.pdf,sample_jpeg_018.jpeg,34,6,0
FRAG_000859,FRAG_001103,sample_png_008.png,sample_text_007.csv,4,5,0
FRAG_001538,FRAG_001539,sample_zip_016.zip,sample_zip_016.zip,8,9,1
FRAG_000176,FRAG_000177,sample_jpeg_019.jpg,sample_jpeg_019.jpg,6,7,1
FRAG_001099,FRAG_001100,sample_text_007.csv,sample_text_007.csv,1,2,1
FRAG_000177,FRAG_000178,sample_jpeg_019.jpg,sample_jpeg_019.jpg,7,8,1
FRAG_000723,FRAG_000100,sample_pdf_022.pdf,sample_jpeg_012.jpg,3,1,0
FRAG_001607,FRAG_001608,sample_zip_022.zip,sample_zip_022.zip,4,5,1
FRAG_001416,FRAG_001417,sample_zip_006.zip,sample_zip_006.zip,6,7,1
FRAG_000871,FRAG_000236,sample_png_009.png,sample_pdf_001.pdf,2,11,0
FRAG_000642,FRAG_000643,sample_pdf_019.pdf,sample_pdf_019.pdf,9,10,1
FRAG_000729,FRAG_000730,sample_pdf_022.pdf,sample_pdf_022.pdf,9,10,1
FRAG_001605,FRAG_001139,sample_zip_022.zip,sample_text_010.log,2,0,0
FRAG_000544,FRAG_001606,sample_pdf_014.pdf,sample_zip_022.zip,17,3,0
FRAG_000612,FRAG_000613,sample_pdf_018.pdf,sample_pdf_018.pdf,9,10,1
FRAG_000315,FRAG_000316,sample_pdf_005.pdf,sample_pdf_005.pdf,1,2,1
FRAG_001367,FRAG_001368,sample_text_025.log,sample_text_025.log,9,10,1
FRAG_001360,FRAG_001361,sample_text_025.log,sample_text_025.log,2,3,1
FRAG_000420,FRAG_000421,sample_pdf_009.pdf,sample_pdf_009.pdf,10,11,1
FRAG_000689,FRAG_001039,sample_pdf_020.pdf,sample_text_001.json,16,14,0
FRAG_000567,FRAG_000568,sample_pdf_016.pdf,sample_pdf_016.pdf,6,7,1
FRAG_000804,FRAG_000805,sample_png_002.png,sample_png_002.png,1,2,1
FRAG_000216,FRAG_000217,sample_jpeg_025.jpg,sample_jpeg_025.jpg,2,3,1
FRAG_000948,FRAG_000949,sample_png_018.png,sample_png_018.png,3,4,1
FRAG_001360,FRAG_001192,sample_text_025.log,sample_text_013.csv,2,4,0
FRAG_001177,FRAG_001178,sample_text_012.log,sample_text_012.log,3,4,1
FRAG_001001,FRAG_000040,sample_png_023.png,sample_jpeg_004.jpeg,5,6,0
FRAG_000410,FRAG_000252,sample_pdf_009.pdf,sample_pdf_001.pdf,0,27,0
FRAG_000648,FRAG_000310,sample_pdf_019.pdf,sample_pdf_004.pdf,15,4,0
FRAG_000561,FRAG_000590,sample_pdf_016.pdf,sample_pdf_017.pdf,0,7,0
FRAG_001350,FRAG_001068,sample_text_024.txt,sample_text_004.json,9,1,0
FRAG_000828,FRAG_000829,sample_png_005.png,sample_png_005.png,1,2,1
FRAG_000410,FRAG_000411,sample_pdf_009.pdf,sample_pdf_009.pdf,0,1,1
FRAG_001504,FRAG_000708,sample_zip_014.zip,sample_pdf_021.pdf,1,0,0
FRAG_001490,FRAG_001491,sample_zip_013.zip,sample_zip_013.zip,0,1,1
FRAG_001460,FRAG_001461,sample_zip_010.zip,sample_zip_010.zip,5,6,1
FRAG_000104,FRAG_001372,sample_jpeg_012.jpg,sample_zip_001.zip,5,2,0
FRAG_001112,FRAG_001113,sample_text_008.json,sample_text_008.json,4,5,1
FRAG_000285,FRAG_000286,sample_pdf_003.pdf,sample_pdf_003.pdf,5,6,1
FRAG_001093,FRAG_001094,sample_text_006.log,sample_text_006.log,3,4,1
FRAG_000389,FRAG_000608,sample_pdf_007.pdf,sample_pdf_018.pdf,19,5,0
FRAG_001498,FRAG_001499,sample_zip_013.zip,sample_zip_013.zip,8,9,1
FRAG_001172,FRAG_001173,sample_text_011.json,sample_text_011.json,25,26,1
FRAG_001034,FRAG_001035,sample_text_001.json,sample_text_001.json,9,10,1
FRAG_000803,FRAG_000804,sample_png_002.png,sample_png_002.png,0,1,1
FRAG_001069,FRAG_001333,sample_text_004.json,sample_text_022.log,2,8,0
FRAG_000178,FRAG_000572,sample_jpeg_019.jpg,sample_pdf_016.pdf,8,11,0
FRAG_001587,FRAG_000779,sample_zip_020.zip,sample_pdf_025.pdf,11,11,0
FRAG_001166,FRAG_001167,sample_text_011.json,sample_text_011.json,19,20,1
FRAG_000080,FRAG_000281,sample_jpeg_010.jpg,sample_pdf_003.pdf,2,1,0
FRAG_000257,FRAG_000650,sample_pdf_001.pdf,sample_pdf_019.pdf,32,17,0
FRAG_000436,FRAG_000317,sample_pdf_009.pdf,sample_pdf_005.pdf,26,3,0
FRAG_001253,FRAG_001340,sample_text_016.json,sample_text_023.csv,15,3,0
FRAG_001470,FRAG_001471,sample_zip_011.zip,sample_zip_011.zip,7,8,1
FRAG_000764,FRAG_000765,sample_pdf_024.pdf,sample_pdf_024.pdf,9,10,1
FRAG_000675,FRAG_000676,sample_pdf_020.pdf,sample_pdf_020.pdf,2,3,1
FRAG_000117,FRAG_000118,sample_jpeg_013.jpeg,sample_jpeg_013.jpeg,5,6,1
FRAG_000442,FRAG_001547,sample_pdf_009.pdf,sample_zip_017.zip,32,3,0
FRAG_000482,FRAG_001378,sample_pdf_011.pdf,sample_zip_001.zip,29,8,0
FRAG_001012,FRAG_000951,sample_png_025.png,sample_png_018.png,1,6,0
FRAG_001318,FRAG_001622,sample_text_021.csv,sample_zip_024.zip,0,5,0
FRAG_000192,FRAG_001539,sample_jpeg_021.jpg,sample_zip_016.zip,5,9,0
FRAG_001510,FRAG_001511,sample_zip_014.zip,sample_zip_014.zip,7,8,1
FRAG_001235,FRAG_000220,sample_text_015.json,sample_jpeg_025.jpg,30,6,0
FRAG_000167,FRAG_000168,sample_jpeg_018.jpeg,sample_jpeg_018.jpeg,5,6,1
FRAG_001176,FRAG_000464,sample_text_012.log,sample_pdf_011.pdf,2,11,0
FRAG_000585,FRAG_000867,sample_pdf_017.pdf,sample_png_008.png,2,12,0
FRAG_000184,FRAG_000185,sample_jpeg_020.jpg,sample_jpeg_020.jpg,2,3,1
FRAG_000141,FRAG_001600,sample_jpeg_016.jpeg,sample_zip_021.zip,1,11,0
FRAG_000230,FRAG_000231,sample_pdf_001.pdf,sample_pdf_001.pdf,5,6,1
FRAG_000761,FRAG_000222,sample_pdf_024.pdf,sample_jpeg_025.jpg,6,8,0
FRAG_000942,FRAG_001449,sample_png_017.png,sample_zip_009.zip,3,5,0
FRAG_000062,FRAG_000063,sample_jpeg_008.jpeg,sample_jpeg_008.jpeg,3,4,1
FRAG_000807,FRAG_001213,sample_png_002.png,sample_text_015.json,4,8,0
FRAG_001211,FRAG_001212,sample_text_015.json,sample_text_015.json,6,7,1
FRAG_000403,FRAG_001301,sample_pdf_008.pdf,sample_text_019.txt,13,14,0
FRAG_001372,FRAG_001373,sample_zip_001.zip,sample_zip_001.zip,2,3,1
FRAG_000981,FRAG_000982,sample_png_021.png,sample_png_021.png,7,8,1
FRAG_001168,FRAG_001250,sample_text_011.json,sample_text_016.json,21,12,0
FRAG_001175,FRAG_001176,sample_text_012.log,sample_text_012.log,1,2,1
FRAG_000322,FRAG_000323,sample_pdf_005.pdf,sample_pdf_005.pdf,8,9,1
FRAG_000588,FRAG_000589,sample_pdf_017.pdf,sample_pdf_017.pdf,5,6,1
FRAG_000737,FRAG_000738,sample_pdf_022.pdf,sample_pdf_022.pdf,17,18,1
FRAG_000463,FRAG_000464,sample_pdf_011.pdf,sample_pdf_011.pdf,10,11,1
FRAG_000475,FRAG_000591,sample_pdf_011.pdf,sample_pdf_017.pdf,22,8,0
FRAG_000627,FRAG_000628,sample_pdf_018.pdf,sample_pdf_018.pdf,24,25,1
FRAG_000640,FRAG_000641,sample_pdf_019.pdf,sample_pdf_019.pdf,7,8,1
FRAG_000530,FRAG_000531,sample_pdf_014.pdf,sample_pdf_014.pdf,3,4,1
FRAG_000897,FRAG_000898,sample_png_012.png,sample_png_012.png,0,1,1
FRAG_001607,FRAG_000961,sample_zip_022.zip,sample_png_019.png,4,4,0
FRAG_001594,FRAG_000742,sample_zip_021.zip,sample_pdf_023.pdf,5,0,0
FRAG_000118,FRAG_000154,sample_jpeg_013.jpeg,sample_jpeg_017.jpg,6,6,0
FRAG_001563,FRAG_001564,sample_zip_018.zip,sample_zip_018.zip,5,6,1
FRAG_000211,FRAG_000026,sample_jpeg_024.jpeg,sample_jpeg_003.jpg,6,0,0
FRAG_000555,FRAG_000556,sample_pdf_015.pdf,sample_pdf_015.pdf,6,7,1
FRAG_001335,FRAG_000083,sample_text_022.log,sample_jpeg_010.jpg,10,5,0
FRAG_001320,FRAG_001321,sample_text_021.csv,sample_text_021.csv,2,3,1
FRAG_001041,FRAG_001042,sample_text_001.json,sample_text_001.json,16,17,1
FRAG_001087,FRAG_000002,sample_text_005.csv,sample_jpeg_001.jpeg,2,1,0
FRAG_000143,FRAG_001584,sample_jpeg_016.jpeg,sample_zip_020.zip,3,8,0
FRAG_000751,FRAG_000752,sample_pdf_023.pdf,sample_pdf_023.pdf,9,10,1
FRAG_001096,FRAG_001097,sample_text_006.log,sample_text_006.log,6,7,1
FRAG_000628,FRAG_000914,sample_pdf_018.pdf,sample_png_014.png,25,3,0
FRAG_001531,FRAG_001532,sample_zip_016.zip,sample_zip_016.zip,1,2,1
FRAG_001482,FRAG_001483,sample_zip_012.zip,sample_zip_012.zip,0,1,1
FRAG_000248,FRAG_000249,sample_pdf_001.pdf,sample_pdf_001.pdf,23,24,1
FRAG_001029,FRAG_001209,sample_text_001.json,sample_text_015.json,4,4,0
FRAG_001504,FRAG_001505,sample_zip_014.zip,sample_zip_014.zip,1,2,1
FRAG_000150,FRAG_000933,sample_jpeg_017.jpg,sample_png_016.png,2,6,0
FRAG_001023,FRAG_000811,sample_png_025.png,sample_png_003.png,12,2,0
FRAG_000168,FRAG_000768,sample_jpeg_018.jpeg,sample_pdf_025.pdf,6,0,0
FRAG_001487,FRAG_001488,sample_zip_012.zip,sample_zip_012.zip,5,6,1
FRAG_001088,FRAG_000463,sample_text_005.csv,sample_pdf_011.pdf,3,10,0
FRAG_001380,FRAG_001381,sample_zip_002.zip,sample_zip_002.zip,0,1,1
FRAG_001497,FRAG_001498,sample_zip_013.zip,sample_zip_013.zip,7,8,1
FRAG_000262,FRAG_001275,sample_pdf_002.pdf,sample_text_017.txt,3,9,0
FRAG_001079,FRAG_001080,sample_text_004.json,sample_text_004.json,12,13,1
FRAG_000153,FRAG_000154,sample_jpeg_017.jpg,sample_jpeg_017.jpg,5,6,1
FRAG_000874,FRAG_000875,sample_png_009.png,sample_png_009.png,5,6,1
FRAG_000196,FRAG_000379,sample_jpeg_022.jpg,sample_pdf_007.pdf,3,9,0
FRAG_001019,FRAG_001530,sample_png_025.png,sample_zip_016.zip,8,0,0
FRAG_001399,FRAG_001400,sample_zip_004.zip,sample_zip_004.zip,4,5,1
FRAG_001145,FRAG_001146,sample_text_010.log,sample_text_010.log,6,7,1
FRAG_000972,FRAG_000973,sample_png_020.png,sample_png_020.png,3,4,1
FRAG_001563,FRAG_000327,sample_zip_018.zip,sample_pdf_005.pdf,5,13,0
FRAG_000851,FRAG_000360,sample_png_007.png,sample_pdf_006.pdf,5,12,0
FRAG_001231,FRAG_001232,sample_text_015.json,sample_text_015.json,26,27,1
FRAG_000427,FRAG_000428,sample_pdf_009.pdf,sample_pdf_009.pdf,17,18,1
FRAG_000188,FRAG_000455,sample_jpeg_021.jpg,sample_pdf_011.pdf,1,2,0
FRAG_001601,FRAG_000898,sample_zip_021.zip,sample_png_012.png,12,1,0
FRAG_001446,FRAG_001447,sample_zip_009.zip,sample_zip_009.zip,2,3,1
FRAG_000064,FRAG_000293,sample_jpeg_008.jpeg,sample_pdf_003.pdf,5,13,0
FRAG_000174,FRAG_000108,sample_jpeg_019.jpg,sample_jpeg_012.jpg,4,9,0
FRAG_000430,FRAG_000431,sample_pdf_009.pdf,sample_pdf_009.pdf,20,21,1
FRAG_000666,FRAG_000781,sample_pdf_019.pdf,sample_pdf_025.pdf,33,13,0
FRAG_001152,FRAG_001426,sample_text_011.json,sample_zip_007.zip,5,2,0
FRAG_000799,FRAG_000800,sample_png_001.png,sample_png_001.png,3,4,1
FRAG_000199,FRAG_000200,sample_jpeg_022.jpg,sample_jpeg_022.jpg,6,7,1
FRAG_000636,FRAG_000637,sample_pdf_019.pdf,sample_pdf_019.pdf,3,4,1
FRAG_000757,FRAG_000758,sample_pdf_024.pdf,sample_pdf_024.pdf,2,3,1
FRAG_000721,FRAG_000213,sample_pdf_022.pdf,sample_jpeg_024.jpeg,1,8,0
FRAG_000932,FRAG_000933,sample_png_016.png,sample_png_016.png,5,6,1
FRAG_001011,FRAG_001012,sample_png_025.png,sample_png_025.png,0,1,1
FRAG_001235,FRAG_001470,sample_text_015.json,sample_zip_011.zip,30,7,0
FRAG_000856,FRAG_000593,sample_png_008.png,sample_pdf_017.pdf,1,10,0
FRAG_000694,FRAG_001277,sample_pdf_020.pdf,sample_text_018.csv,21,0,0
FRAG_000946,FRAG_000241,sample_png_018.png,sample_pdf_001.pdf,1,16,0
FRAG_000706,FRAG_000263,sample_pdf_020.pdf,sample_pdf_002.pdf,33,4,0
FRAG_001431,FRAG_001357,sample_zip_007.zip,sample_text_024.txt,7,16,0
FRAG_000501,FRAG_001088,sample_pdf_012.pdf,sample_text_005.csv,18,3,0
FRAG_001611,FRAG_001040,sample_zip_023.zip,sample_text_001.json,1,15,0
FRAG_001506,FRAG_001507,sample_zip_014.zip,sample_zip_014.zip,3,4,1
FRAG_001343,FRAG_001344,sample_text_024.txt,sample_text_024.txt,2,3,1
FRAG_001190,FRAG_000544,sample_text_013.csv,sample_pdf_014.pdf,2,17,0
FRAG_000368,FRAG_000620,sample_pdf_006.pdf,sample_pdf_018.pdf,20,17,0
FRAG_001519,FRAG_000905,sample_zip_014.zip,sample_png_013.png,16,2,0
FRAG_001365,FRAG_001366,sample_text_025.log,sample_text_025.log,7,8,1
FRAG_001562,FRAG_001563,sample_zip_018.zip,sample_zip_018.zip,4,5,1
FRAG_001151,FRAG_000242,sample_text_011.json,sample_pdf_001.pdf,4,17,0
FRAG_001322,FRAG_001323,sample_text_021.csv,sample_text_021.csv,4,5,1
FRAG_000864,FRAG_000865,sample_png_008.png,sample_png_008.png,9,10,1
FRAG_001003,FRAG_001004,sample_png_023.png,sample_png_023.png,7,8,1
FRAG_000460,FRAG_000461,sample_pdf_011.pdf,sample_pdf_011.pdf,7,8,1
FRAG_000929,FRAG_001302,sample_png_016.png,sample_text_020.txt,2,0,0
FRAG_001485,FRAG_001486,sample_zip_012.zip,sample_zip_012.zip,3,4,1
FRAG_001572,FRAG_001573,sample_zip_019.zip,sample_zip_019.zip,4,5,1
FRAG_000472,FRAG_001206,sample_pdf_011.pdf,sample_text_015.json,19,1,0
FRAG_001545,FRAG_000064,sample_zip_017.zip,sample_jpeg_008.jpeg,1,5,0
FRAG_000505,FRAG_000506,sample_pdf_012.pdf,sample_pdf_012.pdf,22,23,1
FRAG_000246,FRAG_000247,sample_pdf_001.pdf,sample_pdf_001.pdf,21,22,1
FRAG_000436,FRAG_000437,sample_pdf_009.pdf,sample_pdf_009.pdf,26,27,1
FRAG_000138,FRAG_000139,sample_jpeg_015.jpeg,sample_jpeg_015.jpeg,13,14,1
FRAG_000106,FRAG_001196,sample_jpeg_012.jpg,sample_text_013.csv,7,8,0
FRAG_000226,FRAG_000227,sample_pdf_001.pdf,sample_pdf_001.pdf,1,2,1
FRAG_001579,FRAG_000282,sample_zip_020.zip,sample_pdf_003.pdf,3,2,0
FRAG_001309,FRAG_001040,sample_text_020.txt,sample_text_001.json,7,15,0
FRAG_001530,FRAG_001531,sample_zip_016.zip,sample_zip_016.zip,0,1,1
FRAG_000206,FRAG_001396,sample_jpeg_024.jpeg,sample_zip_004.zip,1,1,0
FRAG_001422,FRAG_000614,sample_zip_006.zip,sample_pdf_018.pdf,12,11,0
FRAG_001625,FRAG_001438,sample_zip_025.zip,sample_zip_008.zip,2,6,0
FRAG_000302,FRAG_000896,sample_pdf_003.pdf,sample_png_011.png,22,8,0
FRAG_000160,FRAG_000161,sample_jpeg_017.jpg,sample_jpeg_017.jpg,12,13,1
FRAG_000315,FRAG_001391,sample_pdf_005.pdf,sample_zip_003.zip,1,6,0
FRAG_000189,FRAG_000190,sample_jpeg_021.jpg,sample_jpeg_021.jpg,2,3,1
FRAG_000132,FRAG_000850,sample_jpeg_015.jpeg,sample_png_007.png,7,4,0
FRAG_000122,FRAG_000123,sample_jpeg_014.jpeg,sample_jpeg_014.jpeg,1,2,1
FRAG_000768,FRAG_000769,sample_pdf_025.pdf,sample_pdf_025.pdf,0,1,1
FRAG_000398,FRAG_001590,sample_pdf_008.pdf,sample_zip_021.zip,8,1,0
FRAG_000213,FRAG_000276,sample_jpeg_024.jpeg,sample_pdf_002.pdf,8,17,0
FRAG_001232,FRAG_001233,sample_text_015.json,sample_text_015.json,27,28,1
FRAG_001618,FRAG_000850,sample_zip_024.zip,sample_png_007.png,1,4,0
FRAG_000693,FRAG_000694,sample_pdf_020.pdf,sample_pdf_020.pdf,20,21,1
FRAG_000767,FRAG_000313,sample_pdf_024.pdf,sample_pdf_004.pdf,12,7,0
FRAG_000891,FRAG_000892,sample_png_011.png,sample_png_011.png,3,4,1
FRAG_000502,FRAG_000335,sample_pdf_012.pdf,sample_pdf_005.pdf,19,21,0
FRAG_001350,FRAG_000883,sample_text_024.txt,sample_png_010.png,9,2,0
FRAG_000721,FRAG_000722,sample_pdf_022.pdf,sample_pdf_022.pdf,1,2,1
FRAG_000832,FRAG_000833,sample_png_005.png,sample_png_005.png,5,6,1
FRAG_001165,FRAG_001166,sample_text_011.json,sample_text_011.json,18,19,1
FRAG_000091,FRAG_000008,sample_jpeg_010.jpg,sample_jpeg_001.jpeg,13,7,0
FRAG_001207,FRAG_001208,sample_text_015.json,sample_text_015.json,2,3,1
FRAG_001140,FRAG_000123,sample_text_010.log,sample_jpeg_014.jpeg,1,2,0
FRAG_000890,FRAG_000891,sample_png_011.png,sample_png_011.png,2,3,1
FRAG_000902,FRAG_000205,sample_png_012.png,sample_jpeg_024.jpeg,5,0,0
FRAG_000289,FRAG_000199,sample_pdf_003.pdf,sample_jpeg_022.jpg,9,6,0
FRAG_001415,FRAG_000418,sample_zip_006.zip,sample_pdf_009.pdf,5,8,0
FRAG_000398,FRAG_000754,sample_pdf_008.pdf,sample_pdf_023.pdf,8,12,0
FRAG_000679,FRAG_000680,sample_pdf_020.pdf,sample_pdf_020.pdf,6,7,1
FRAG_000798,FRAG_001577,sample_png_001.png,sample_zip_020.zip,2,1,0
FRAG_001598,FRAG_001130,sample_zip_021.zip,sample_text_009.txt,9,2,0
FRAG_000371,FRAG_000372,sample_pdf_007.pdf,sample_pdf_007.pdf,1,2,1
FRAG_001550,FRAG_001551,sample_zip_017.zip,sample_zip_017.zip,6,7,1
FRAG_000130,FRAG_001302,sample_jpeg_015.jpeg,sample_text_020.txt,5,0,0
FRAG_000692,FRAG_001559,sample_pdf_020.pdf,sample_zip_018.zip,19,1,0
FRAG_000285,FRAG_001555,sample_pdf_003.pdf,sample_zip_017.zip,5,11,0
FRAG_000483,FRAG_000791,sample_pdf_012.pdf,sample_pdf_025.pdf,0,23,0
FRAG_001056,FRAG_001057,sample_text_002.txt,sample_text_002.txt,13,14,1
FRAG_001582,FRAG_001477,sample_zip_020.zip,sample_zip_011.zip,6,14,0
FRAG_000060,FRAG_000797,sample_jpeg_008.jpeg,sample_png_001.png,1,1,0
FRAG_001134,FRAG_000592,sample_text_009.txt,sample_pdf_017.pdf,6,9,0
FRAG_000231,FRAG_000678,sample_pdf_001.pdf,sample_pdf_020.pdf,6,5,0
FRAG_000561,FRAG_000562,sample_pdf_016.pdf,sample_pdf_016.pdf,0,1,1
FRAG_001135,FRAG_000042,sample_text_009.txt,sample_jpeg_005.jpg,7,0,0
FRAG_000779,FRAG_000199,sample_pdf_025.pdf,sample_jpeg_022.jpg,11,6,0
FRAG_000125,FRAG_000981,sample_jpeg_015.jpeg,sample_png_021.png,0,7,0
FRAG_000806,FRAG_001036,sample_png_002.png,sample_text_001.json,3,11,0
FRAG_000861,FRAG_001004,sample_png_008.png,sample_png_023.png,6,8,0
FRAG_001195,FRAG_001196,sample_text_013.csv,sample_text_013.csv,7,8,1
FRAG_000001,FRAG_000002,sample_jpeg_001.jpeg,sample_jpeg_001.jpeg,0,1,1
FRAG_001225,FRAG_000082,sample_text_015.json,sample_jpeg_010.jpg,20,4,0
FRAG_000352,FRAG_001266,sample_pdf_006.pdf,sample_text_017.txt,4,0,0
FRAG_001437,FRAG_001117,sample_zip_008.zip,sample_text_008.json,5,9,0
FRAG_000673,FRAG_001382,sample_pdf_020.pdf,sample_zip_002.zip,0,2,0
FRAG_001132,FRAG_001133,sample_text_009.txt,sample_text_009.txt,4,5,1
FRAG_000118,FRAG_000119,sample_jpeg_013.jpeg,sample_jpeg_013.jpeg,6,7,1
FRAG_001359,FRAG_001360,sample_text_025.log,sample_text_025.log,1,2,1
FRAG_000715,FRAG_000716,sample_pdf_021.pdf,sample_pdf_021.pdf,7,8,1
FRAG_000112,FRAG_001134,sample_jpeg_013.jpeg,sample_text_009.txt,0,6,0
FRAG_000477,FRAG_000207,sample_pdf_011.pdf,sample_jpeg_024.jpeg,24,2,0
FRAG_000478,FRAG_000673,sample_pdf_011.pdf,sample_pdf_020.pdf,25,0,0
FRAG_000295,FRAG_000641,sample_pdf_003.pdf,sample_pdf_019.pdf,15,8,0
FRAG_001272,FRAG_001273,sample_text_017.txt,sample_text_017.txt,6,7,1
FRAG_001405,FRAG_001406,sample_zip_005.zip,sample_zip_005.zip,4,5,1
FRAG_000102,FRAG_000103,sample_jpeg_012.jpg,sample_jpeg_012.jpg,3,4,1
FRAG_001352,FRAG_001353,sample_text_024.txt,sample_text_024.txt,11,12,1
FRAG_001490,FRAG_000128,sample_zip_013.zip,sample_jpeg_015.jpeg,0,3,0
FRAG_000104,FRAG_000595,sample_jpeg_012.jpg,sample_pdf_017.pdf,5,12,0
FRAG_000491,FRAG_000492,sample_pdf_012.pdf,sample_pdf_012.pdf,8,9,1
FRAG_000507,FRAG_000508,sample_pdf_012.pdf,sample_pdf_012.pdf,24,25,1
FRAG_001126,FRAG_001127,sample_text_008.json,sample_text_008.json,18,19,1
FRAG_001316,FRAG_000152,sample_text_020.txt,sample_jpeg_017.jpg,14,4,0
FRAG_000898,FRAG_000899,sample_png_012.png,sample_png_012.png,1,2,1
FRAG_000125,FRAG_000825,sample_jpeg_015.jpeg,sample_png_004.png,0,10,0
FRAG_000421,FRAG_000422,sample_pdf_009.pdf,sample_pdf_009.pdf,11,12,1
FRAG_000224,FRAG_000926,sample_jpeg_025.jpg,sample_png_015.png,10,4,0
FRAG_001348,FRAG_001349,sample_text_024.txt,sample_text_024.txt,7,8,1
FRAG_000254,FRAG_000255,sample_pdf_001.pdf,sample_pdf_001.pdf,29,30,1
FRAG_000412,FRAG_001623,sample_pdf_009.pdf,sample_zip_025.zip,2,0,0
FRAG_000254,FRAG_000932,sample_pdf_001.pdf,sample_png_016.png,29,5,0
FRAG_000314,FRAG_000315,sample_pdf_005.pdf,sample_pdf_005.pdf,0,1,1
FRAG_000357,FRAG_000544,sample_pdf_006.pdf,sample_pdf_014.pdf,9,17,0
FRAG_001151,FRAG_000676,sample_text_011.json,sample_pdf_020.pdf,4,3,0
FRAG_000923,FRAG_001412,sample_png_015.png,sample_zip_006.zip,1,2,0
FRAG_000844,FRAG_001372,sample_png_006.png,sample_zip_001.zip,9,2,0
FRAG_000823,FRAG_000824,sample_png_004.png,sample_png_004.png,8,9,1
FRAG_001168,FRAG_001169,sample_text_011.json,sample_text_011.json,21,22,1
FRAG_000190,FRAG_000191,sample_jpeg_021.jpg,sample_jpeg_021.jpg,3,4,1
FRAG_000059,FRAG_000167,sample_jpeg_008.jpeg,sample_jpeg_018.jpeg,0,5,0
FRAG_001388,FRAG_001389,sample_zip_003.zip,sample_zip_003.zip,3,4,1
FRAG_000151,FRAG_001102,sample_jpeg_017.jpg,sample_text_007.csv,3,4,0
FRAG_000935,FRAG_000936,sample_png_016.png,sample_png_016.png,8,9,1
FRAG_001155,FRAG_001156,sample_text_011.json,sample_text_011.json,8,9,1
FRAG_001515,FRAG_001516,sample_zip_014.zip,sample_zip_014.zip,12,13,1
FRAG_001036,FRAG_001240,sample_text_001.json,sample_text_016.json,11,2,0
FRAG_000012,FRAG_000013,sample_jpeg_001.jpeg,sample_jpeg_001.jpeg,11,12,1
FRAG_000063,FRAG_000064,sample_jpeg_008.jpeg,sample_jpeg_008.jpeg,4,5,1
FRAG_000671,FRAG_000672,sample_pdf_019.pdf,sample_pdf_019.pdf,38,39,1
FRAG_000614,FRAG_000615,sample_pdf_018.pdf,sample_pdf_018.pdf,11,12,1
FRAG_000472,FRAG_001244,sample_pdf_011.pdf,sample_text_016.json,19,6,0
FRAG_000029,FRAG_001451,sample_jpeg_003.jpg,sample_zip_009.zip,3,7,0
FRAG_000452,FRAG_001000,sample_pdf_010.pdf,sample_png_023.png,7,4,0
FRAG_001053,FRAG_001054,sample_text_002.txt,sample_text_002.txt,10,11,1
FRAG_000701,FRAG_000702,sample_pdf_020.pdf,sample_pdf_020.pdf,28,29,1
FRAG_000592,FRAG_000900,sample_pdf_017.pdf,sample_png_012.png,9,3,0
FRAG_001163,FRAG_001222,sample_text_011.json,sample_text_015.json,16,17,0
FRAG_000477,FRAG_001035,sample_pdf_011.pdf,sample_text_001.json,24,10,0
FRAG_001376,FRAG_001322,sample_zip_001.zip,sample_text_021.csv,6,4,0
FRAG_000282,FRAG_000283,sample_pdf_003.pdf,sample_pdf_003.pdf,2,3,1
FRAG_001014,FRAG_001015,sample_png_025.png,sample_png_025.png,3,4,1
FRAG_001122,FRAG_001123,sample_text_008.json,sample_text_008.json,14,15,1
FRAG_000479,FRAG_000480,sample_pdf_011.pdf,sample_pdf_011.pdf,26,27,1
FRAG_000498,FRAG_000209,sample_pdf_012.pdf,sample_jpeg_024.jpeg,15,4,0
FRAG_000678,FRAG_000679,sample_pdf_020.pdf,sample_pdf_020.pdf,5,6,1
FRAG_000828,FRAG_001054,sample_png_005.png,sample_text_002.txt,1,11,0
FRAG_001475,FRAG_001476,sample_zip_011.zip,sample_zip_011.zip,12,13,1
FRAG_000576,FRAG_000577,sample_pdf_016.pdf,sample_pdf_016.pdf,15,16,1
FRAG_001590,FRAG_000591,sample_zip_021.zip,sample_pdf_017.pdf,1,8,0
FRAG_001254,FRAG_001255,sample_text_016.json,sample_text_016.json,16,17,1
FRAG_001462,FRAG_000586,sample_zip_010.zip,sample_pdf_017.pdf,7,3,0
FRAG_000108,FRAG_000260,sample_jpeg_012.jpg,sample_pdf_002.pdf,9,1,0
FRAG_001354,FRAG_000606,sample_text_024.txt,sample_pdf_018.pdf,13,3,0
FRAG_001581,FRAG_001582,sample_zip_020.zip,sample_zip_020.zip,5,6,1
FRAG_000791,FRAG_000792,sample_pdf_025.pdf,sample_pdf_025.pdf,23,24,1
FRAG_001055,FRAG_001151,sample_text_002.txt,sample_text_011.json,12,4,0
FRAG_001268,FRAG_001269,sample_text_017.txt,sample_text_017.txt,2,3,1
FRAG_001201,FRAG_001202,sample_text_014.txt,sample_text_014.txt,4,5,1
FRAG_000578,FRAG_000579,sample_pdf_016.pdf,sample_pdf_016.pdf,17,18,1
FRAG_001130,FRAG_000266,sample_text_009.txt,sample_pdf_002.pdf,2,7,0
FRAG_000052,FRAG_001519,sample_jpeg_006.jpg,sample_zip_014.zip,4,16,0
FRAG_000771,FRAG_000772,sample_pdf_025.pdf,sample_pdf_025.pdf,3,4,1
FRAG_000547,FRAG_000676,sample_pdf_014.pdf,sample_pdf_020.pdf,20,3,0
FRAG_001310,FRAG_000229,sample_text_020.txt,sample_pdf_001.pdf,8,4,0
FRAG_000678,FRAG_000721,sample_pdf_020.pdf,sample_pdf_022.pdf,5,1,0
FRAG_001103,FRAG_001587,sample_text_007.csv,sample_zip_020.zip,5,11,0
FRAG_000413,FRAG_000090,sample_pdf_009.pdf,sample_jpeg_010.jpg,3,12,0
FRAG_000054,FRAG_000055,sample_jpeg_007.jpg,sample_jpeg_007.jpg,1,2,1
FRAG_000488,FRAG_000489,sample_pdf_012.pdf,sample_pdf_012.pdf,5,6,1
FRAG_000003,FRAG_001347,sample_jpeg_001.jpeg,sample_text_024.txt,2,6,0
FRAG_000144,FRAG_001361,sample_jpeg_016.jpeg,sample_text_025.log,4,3,0
FRAG_000501,FRAG_000757,sample_pdf_012.pdf,sample_pdf_024.pdf,18,2,0
FRAG_000538,FRAG_000539,sample_pdf_014.pdf,sample_pdf_014.pdf,11,12,1
FRAG_001341,FRAG_001342,sample_text_024.txt,sample_text_024.txt,0,1,1
FRAG_000329,FRAG_000559,sample_pdf_005.pdf,sample_pdf_015.pdf,15,10,0
FRAG_001331,FRAG_000165,sample_text_022.log,sample_jpeg_018.jpeg,6,3,0
FRAG_000794,FRAG_000795,sample_pdf_025.pdf,sample_pdf_025.pdf,26,27,1
FRAG_001220,FRAG_000650,sample_text_015.json,sample_pdf_019.pdf,15,17,0
FRAG_000971,FRAG_000972,sample_png_020.png,sample_png_020.png,2,3,1
FRAG_000324,FRAG_000901,sample_pdf_005.pdf,sample_png_012.png,10,4,0
FRAG_001386,FRAG_001517,sample_zip_003.zip,sample_zip_014.zip,1,14,0
FRAG_000032,FRAG_000033,sample_jpeg_003.jpg,sample_jpeg_003.jpg,6,7,1
FRAG_001509,FRAG_000691,sample_zip_014.zip,sample_pdf_020.pdf,6,18,0
FRAG_000398,FRAG_000607,sample_pdf_008.pdf,sample_pdf_018.pdf,8,4,0
FRAG_000855,FRAG_000856,sample_png_008.png,sample_png_008.png,0,1,1
FRAG_001296,FRAG_001297,sample_text_019.txt,sample_text_019.txt,9,10,1
FRAG_000195,FRAG_000641,sample_jpeg_022.jpg,sample_pdf_019.pdf,2,8,0
FRAG_001375,FRAG_001376,sample_zip_001.zip,sample_zip_001.zip,5,6,1
FRAG_000641,FRAG_000389,sample_pdf_019.pdf,sample_pdf_007.pdf,8,19,0
FRAG_000340,FRAG_001477,sample_pdf_005.pdf,sample_zip_011.zip,26,14,0
FRAG_001386,FRAG_001484,sample_zip_003.zip,sample_zip_012.zip,1,2,0
FRAG_000278,FRAG_000152,sample_pdf_002.pdf,sample_jpeg_017.jpg,19,4,0
FRAG_000533,FRAG_000534,sample_pdf_014.pdf,sample_pdf_014.pdf,6,7,1
FRAG_001129,FRAG_001130,sample_text_009.txt,sample_text_009.txt,1,2,1
FRAG_000723,FRAG_000493,sample_pdf_022.pdf,sample_pdf_012.pdf,3,10,0
FRAG_000462,FRAG_000463,sample_pdf_011.pdf,sample_pdf_011.pdf,9,10,1
FRAG_000119,FRAG_000120,sample_jpeg_013.jpeg,sample_jpeg_013.jpeg,7,8,1
FRAG_001550,FRAG_001021,sample_zip_017.zip,sample_png_025.png,6,10,0
FRAG_000930,FRAG_000931,sample_png_016.png,sample_png_016.png,3,4,1
FRAG_000318,FRAG_000159,sample_pdf_005.pdf,sample_jpeg_017.jpg,4,11,0
FRAG_000793,FRAG_000794,sample_pdf_025.pdf,sample_pdf_025.pdf,25,26,1
FRAG_000761,FRAG_000762,sample_pdf_024.pdf,sample_pdf_024.pdf,6,7,1
FRAG_000152,FRAG_000153,sample_jpeg_017.jpg,sample_jpeg_017.jpg,4,5,1
FRAG_001421,FRAG_001422,sample_zip_006.zip,sample_zip_006.zip,11,12,1
FRAG_001223,FRAG_000044,sample_text_015.json,sample_jpeg_005.jpg,18,2,0
FRAG_000875,FRAG_000876,sample_png_009.png,sample_png_009.png,6,7,1
FRAG_001044,FRAG_001091,sample_text_002.txt,sample_text_006.log,1,1,0
FRAG_000710,FRAG_000711,sample_pdf_021.pdf,sample_pdf_021.pdf,2,3,1
FRAG_000467,FRAG_000468,sample_pdf_011.pdf,sample_pdf_011.pdf,14,15,1
FRAG_000878,FRAG_000879,sample_png_009.png,sample_png_009.png,9,10,1
FRAG_000661,FRAG_001237,sample_pdf_019.pdf,sample_text_015.json,28,32,0
FRAG_000354,FRAG_000081,sample_pdf_006.pdf,sample_jpeg_010.jpg,6,3,0
FRAG_000885,FRAG_000198,sample_png_010.png,sample_jpeg_022.jpg,4,5,0
FRAG_001408,FRAG_001409,sample_zip_005.zip,sample_zip_005.zip,7,8,1
FRAG_000441,FRAG_001195,sample_pdf_009.pdf,sample_text_013.csv,31,7,0
FRAG_001531,FRAG_001505,sample_zip_016.zip,sample_zip_014.zip,1,2,0
FRAG_001178,FRAG_001179,sample_text_012.log,sample_text_012.log,4,5,1
FRAG_001134,FRAG_001135,sample_text_009.txt,sample_text_009.txt,6,7,1
FRAG_001248,FRAG_001249,sample_text_016.json,sample_text_016.json,10,11,1
FRAG_001128,FRAG_000201,sample_text_009.txt,sample_jpeg_023.jpeg,0,0,0
FRAG_000594,FRAG_001315,sample_pdf_017.pdf,sample_text_020.txt,11,13,0
FRAG_000382,FRAG_000383,sample_pdf_007.pdf,sample_pdf_007.pdf,12,13,1
FRAG_000895,FRAG_000896,sample_png_011.png,sample_png_011.png,7,8,1
FRAG_001187,FRAG_000748,sample_text_012.log,sample_pdf_023.pdf,13,6,0
FRAG_000107,FRAG_000108,sample_jpeg_012.jpg,sample_jpeg_012.jpg,8,9,1
FRAG_001169,FRAG_001170,sample_text_011.json,sample_text_011.json,22,23,1
FRAG_000969,FRAG_000970,sample_png_020.png,sample_png_020.png,0,1,1
FRAG_001304,FRAG_000390,sample_text_020.txt,sample_pdf_008.pdf,2,0,0
FRAG_000384,FRAG_001361,sample_pdf_007.pdf,sample_text_025.log,14,3,0
FRAG_000288,FRAG_000865,sample_pdf_003.pdf,sample_png_008.png,8,10,0
FRAG_000155,FRAG_000908,sample_jpeg_017.jpg,sample_png_013.png,7,5,0
FRAG_000986,FRAG_000987,sample_png_021.png,sample_png_021.png,12,13,1
FRAG_000780,FRAG_000923,sample_pdf_025.pdf,sample_png_015.png,12,1,0
FRAG_000045,FRAG_001349,sample_jpeg_005.jpg,sample_text_024.txt,3,8,0
FRAG_000901,FRAG_000792,sample_png_012.png,sample_pdf_025.pdf,4,24,0
FRAG_000746,FRAG_000884,sample_pdf_023.pdf,sample_png_010.png,4,3,0
FRAG_000943,FRAG_001413,sample_png_017.png,sample_zip_006.zip,4,3,0
FRAG_001414,FRAG_000380,sample_zip_006.zip,sample_pdf_007.pdf,4,10,0
FRAG_000619,FRAG_001193,sample_pdf_018.pdf,sample_text_013.csv,16,5,0
FRAG_001381,FRAG_001382,sample_zip_002.zip,sample_zip_002.zip,1,2,1
FRAG_000897,FRAG_000165,sample_png_012.png,sample_jpeg_018.jpeg,0,3,0
FRAG_000982,FRAG_000983,sample_png_021.png,sample_png_021.png,8,9,1
FRAG_000831,FRAG_000832,sample_png_005.png,sample_png_005.png,4,5,1
FRAG_000937,FRAG_000938,sample_png_016.png,sample_png_016.png,10,11,1
FRAG_000109,FRAG_000110,sample_jpeg_012.jpg,sample_jpeg_012.jpg,10,11,1
FRAG_001235,FRAG_001236,sample_text_015.json,sample_text_015.json,30,31,1
FRAG_001574,FRAG_001575,sample_zip_019.zip,sample_zip_019.zip,6,7,1
FRAG_000687,FRAG_001621,sample_pdf_020.pdf,sample_zip_024.zip,14,4,0
FRAG_000351,FRAG_000352,sample_pdf_006.pdf,sample_pdf_006.pdf,3,4,1
FRAG_000265,FRAG_000887,sample_pdf_002.pdf,sample_png_010.png,6,6,0
FRAG_001123,FRAG_000001,sample_text_008.json,sample_jpeg_001.jpeg,15,0,0
FRAG_000218,FRAG_000654,sample_jpeg_025.jpg,sample_pdf_019.pdf,4,21,0
FRAG_000327,FRAG_000328,sample_pdf_005.pdf,sample_pdf_005.pdf,13,14,1
FRAG_000076,FRAG_000259,sample_jpeg_009.jpeg,sample_pdf_002.pdf,6,0,0
FRAG_000235,FRAG_001593,sample_pdf_001.pdf,sample_zip_021.zip,10,4,0
FRAG_000389,FRAG_000251,sample_pdf_007.pdf,sample_pdf_001.pdf,19,26,0
FRAG_001505,FRAG_001506,sample_zip_014.zip,sample_zip_014.zip,2,3,1
FRAG_001112,FRAG_000955,sample_text_008.json,sample_png_018.png,4,10,0
FRAG_000115,FRAG_000116,sample_jpeg_013.jpeg,sample_jpeg_013.jpeg,3,4,1
FRAG_000885,FRAG_001505,sample_png_010.png,sample_zip_014.zip,4,2,0
FRAG_001396,FRAG_001397,sample_zip_004.zip,sample_zip_004.zip,1,2,1
FRAG_001473,FRAG_001474,sample_zip_011.zip,sample_zip_011.zip,10,11,1
FRAG_000650,FRAG_000651,sample_pdf_019.pdf,sample_pdf_019.pdf,17,18,1
FRAG_001134,FRAG_001088,sample_text_009.txt,sample_text_005.csv,6,3,0
FRAG_000510,FRAG_000511,sample_pdf_012.pdf,sample_pdf_012.pdf,27,28,1
FRAG_000565,FRAG_000566,sample_pdf_016.pdf,sample_pdf_016.pdf,4,5,1
FRAG_001635,FRAG_001636,sample_zip_025.zip,sample_zip_025.zip,12,13,1
FRAG_000655,FRAG_001368,sample_pdf_019.pdf,sample_text_025.log,22,10,0
FRAG_000192,FRAG_001544,sample_jpeg_021.jpg,sample_zip_017.zip,5,0,0
FRAG_000335,FRAG_000336,sample_pdf_005.pdf,sample_pdf_005.pdf,21,22,1
FRAG_001092,FRAG_001093,sample_text_006.log,sample_text_006.log,2,3,1
FRAG_000252,FRAG_000253,sample_pdf_001.pdf,sample_pdf_001.pdf,27,28,1
FRAG_001443,FRAG_000143,sample_zip_008.zip,sample_jpeg_016.jpeg,11,3,0
FRAG_000816,FRAG_001469,sample_png_004.png,sample_zip_011.zip,1,6,0
FRAG_000006,FRAG_000007,sample_jpeg_001.jpeg,sample_jpeg_001.jpeg,5,6,1
FRAG_001606,FRAG_000920,sample_zip_022.zip,sample_png_014.png,3,9,0
FRAG_000476,FRAG_000945,sample_pdf_011.pdf,sample_png_018.png,23,0,0
FRAG_001119,FRAG_000694,sample_text_008.json,sample_pdf_020.pdf,11,21,0
FRAG_000664,FRAG_000033,sample_pdf_019.pdf,sample_jpeg_003.jpg,31,7,0
FRAG_000328,FRAG_001623,sample_pdf_005.pdf,sample_zip_025.zip,14,0,0
FRAG_000090,FRAG_000091,sample_jpeg_010.jpg,sample_jpeg_010.jpg,12,13,1
FRAG_000687,FRAG_000583,sample_pdf_020.pdf,sample_pdf_017.pdf,14,0,0
FRAG_000368,FRAG_001509,sample_pdf_006.pdf,sample_zip_014.zip,20,6,0
FRAG_000924,FRAG_000500,sample_png_015.png,sample_pdf_012.pdf,2,17,0
FRAG_000903,FRAG_000698,sample_png_013.png,sample_pdf_020.pdf,0,25,0
FRAG_001512,FRAG_001513,sample_zip_014.zip,sample_zip_014.zip,9,10,1
FRAG_000579,FRAG_000580,sample_pdf_016.pdf,sample_pdf_016.pdf,18,19,1
FRAG_000443,FRAG_000444,sample_pdf_009.pdf,sample_pdf_009.pdf,33,34,1
FRAG_000440,FRAG_000441,sample_pdf_009.pdf,sample_pdf_009.pdf,30,31,1
FRAG_001101,FRAG_001102,sample_text_007.csv,sample_text_007.csv,3,4,1
FRAG_000243,FRAG_000244,sample_pdf_001.pdf,sample_pdf_001.pdf,18,19,1
FRAG_000260,FRAG_000261,sample_pdf_002.pdf,sample_pdf_002.pdf,1,2,1
FRAG_001354,FRAG_001355,sample_text_024.txt,sample_text_024.txt,13,14,1
FRAG_000814,FRAG_001614,sample_png_003.png,sample_zip_023.zip,5,4,0
FRAG_001123,FRAG_000914,sample_text_008.json,sample_png_014.png,15,3,0
FRAG_000559,FRAG_000395,sample_pdf_015.pdf,sample_pdf_008.pdf,10,5,0
FRAG_001303,FRAG_001304,sample_text_020.txt,sample_text_020.txt,1,2,1
FRAG_000032,FRAG_001480,sample_jpeg_003.jpg,sample_zip_011.zip,6,17,0
FRAG_000594,FRAG_000595,sample_pdf_017.pdf,sample_pdf_017.pdf,11,12,1
FRAG_001478,FRAG_001479,sample_zip_011.zip,sample_zip_011.zip,15,16,1
FRAG_001270,FRAG_001271,sample_text_017.txt,sample_text_017.txt,4,5,1
FRAG_000660,FRAG_000661,sample_pdf_019.pdf,sample_pdf_019.pdf,27,28,1
FRAG_000141,FRAG_000481,sample_jpeg_016.jpeg,sample_pdf_011.pdf,1,28,0
FRAG_001633,FRAG_001634,sample_zip_025.zip,sample_zip_025.zip,10,11,1
FRAG_000343,FRAG_000344,sample_pdf_005.pdf,sample_pdf_005.pdf,29,30,1
FRAG_000502,FRAG_001403,sample_pdf_012.pdf,sample_zip_005.zip,19,2,0
FRAG_000557,FRAG_000558,sample_pdf_015.pdf,sample_pdf_015.pdf,8,9,1
FRAG_001392,FRAG_001393,sample_zip_003.zip,sample_zip_003.zip,7,8,1
FRAG_000957,FRAG_001022,sample_png_019.png,sample_png_025.png,0,11,0
FRAG_000895,FRAG_000217,sample_png_011.png,sample_jpeg_025.jpg,7,3,0
FRAG_001434,FRAG_001435,sample_zip_008.zip,sample_zip_008.zip,2,3,1
FRAG_001532,FRAG_001241,sample_zip_016.zip,sample_text_016.json,2,3,0
FRAG_001245,FRAG_001389,sample_text_016.json,sample_zip_003.zip,7,4,0
FRAG_000486,FRAG_000782,sample_pdf_012.pdf,sample_pdf_025.pdf,3,14,0
FRAG_001601,FRAG_001602,sample_zip_021.zip,sample_zip_021.zip,12,13,1
FRAG_000897,FRAG_000090,sample_png_012.png,sample_jpeg_010.jpg,0,12,0
FRAG_000112,FRAG_000113,sample_jpeg_013.jpeg,sample_jpeg_013.jpeg,0,1,1
FRAG_000564,FRAG_000565,sample_pdf_016.pdf,sample_pdf_016.pdf,3,4,1
FRAG_000848,FRAG_000695,sample_png_007.png,sample_pdf_020.pdf,2,22,0
FRAG_001604,FRAG_001605,sample_zip_022.zip,sample_zip_022.zip,1,2,1
FRAG_000801,FRAG_000802,sample_png_001.png,sample_png_001.png,5,6,1
FRAG_000280,FRAG_000281,sample_pdf_003.pdf,sample_pdf_003.pdf,0,1,1
FRAG_000480,FRAG_001094,sample_pdf_011.pdf,sample_text_006.log,27,4,0
FRAG_000067,FRAG_001240,sample_jpeg_008.jpeg,sample_text_016.json,8,2,0
FRAG_000969,FRAG_000498,sample_png_020.png,sample_pdf_012.pdf,0,15,0
FRAG_001363,FRAG_001537,sample_text_025.log,sample_zip_016.zip,5,7,0
FRAG_000296,FRAG_000297,sample_pdf_003.pdf,sample_pdf_003.pdf,16,17,1
FRAG_001588,FRAG_001253,sample_zip_020.zip,sample_text_016.json,12,15,0
FRAG_000141,FRAG_001568,sample_jpeg_016.jpeg,sample_zip_019.zip,1,0,0
FRAG_001130,FRAG_001446,sample_text_009.txt,sample_zip_009.zip,2,2,0
FRAG_001549,FRAG_001550,sample_zip_017.zip,sample_zip_017.zip,5,6,1
FRAG_000458,FRAG_000286,sample_pdf_011.pdf,sample_pdf_003.pdf,5,6,0
FRAG_001315,FRAG_001316,sample_text_020.txt,sample_text_020.txt,13,14,1
FRAG_000684,FRAG_001580,sample_pdf_020.pdf,sample_zip_020.zip,11,4,0
FRAG_001082,FRAG_001083,sample_text_004.json,sample_text_004.json,15,16,1
FRAG_001247,FRAG_001248,sample_text_016.json,sample_text_016.json,9,10,1
FRAG_000302,FRAG_000303,sample_pdf_003.pdf,sample_pdf_003.pdf,22,23,1
FRAG_000537,FRAG_001198,sample_pdf_014.pdf,sample_text_014.txt,10,1,0
FRAG_000868,FRAG_001042,sample_png_008.png,sample_text_001.json,13,17,0
FRAG_001472,FRAG_000654,sample_zip_011.zip,sample_pdf_019.pdf,9,21,0
FRAG_001151,FRAG_001152,sample_text_011.json,sample_text_011.json,4,5,1
FRAG_001007,FRAG_001008,sample_png_024.png,sample_png_024.png,1,2,1
FRAG_000639,FRAG_000640,sample_pdf_019.pdf,sample_pdf_019.pdf,6,7,1
FRAG_000654,FRAG_000655,sample_pdf_019.pdf,sample_pdf_019.pdf,21,22,1
FRAG_000589,FRAG_000658,sample_pdf_017.pdf,sample_pdf_019.pdf,6,25,0
FRAG_000091,FRAG_000722,sample_jpeg_010.jpg,sample_pdf_022.pdf,13,2,0
FRAG_000573,FRAG_001277,sample_pdf_016.pdf,sample_text_018.csv,12,0,0
FRAG_000670,FRAG_000671,sample_pdf_019.pdf,sample_pdf_019.pdf,37,38,1
FRAG_000743,FRAG_000633,sample_pdf_023.pdf,sample_pdf_019.pdf,1,0,0
FRAG_001528,FRAG_001529,sample_zip_015.zip,sample_zip_015.zip,8,9,1
FRAG_000236,FRAG_000237,sample_pdf_001.pdf,sample_pdf_001.pdf,11,12,1
FRAG_000292,FRAG_000293,sample_pdf_003.pdf,sample_pdf_003.pdf,12,13,1
FRAG_000684,FRAG_000685,sample_pdf_020.pdf,sample_pdf_020.pdf,11,12,1
FRAG_001572,FRAG_000282,sample_zip_019.zip,sample_pdf_003.pdf,4,2,0
FRAG_001565,FRAG_001566,sample_zip_018.zip,sample_zip_018.zip,7,8,1
FRAG_000549,FRAG_000550,sample_pdf_015.pdf,sample_pdf_015.pdf,0,1,1
FRAG_000009,FRAG_000010,sample_jpeg_001.jpeg,sample_jpeg_001.jpeg,8,9,1
FRAG_000040,FRAG_000041,sample_jpeg_004.jpeg,sample_jpeg_004.jpeg,6,7,1
FRAG_000966,FRAG_000052,sample_png_019.png,sample_jpeg_006.jpg,9,4,0
FRAG_001174,FRAG_001175,sample_text_012.log,sample_text_012.log,0,1,1
FRAG_000085,FRAG_000922,sample_jpeg_010.jpg,sample_png_015.png,7,0,0
FRAG_000031,FRAG_000032,sample_jpeg_003.jpg,sample_jpeg_003.jpg,5,6,1
FRAG_000818,FRAG_000819,sample_png_004.png,sample_png_004.png,3,4,1
FRAG_000323,FRAG_000758,sample_pdf_005.pdf,sample_pdf_024.pdf,9,3,0
FRAG_001180,FRAG_001181,sample_text_012.log,sample_text_012.log,6,7,1
FRAG_000485,FRAG_000341,sample_pdf_012.pdf,sample_pdf_005.pdf,2,27,0
FRAG_001279,FRAG_001280,sample_text_018.csv,sample_text_018.csv,2,3,1
FRAG_000841,FRAG_000842,sample_png_006.png,sample_png_006.png,6,7,1
FRAG_000742,FRAG_000181,sample_pdf_023.pdf,sample_jpeg_019.jpg,0,11,0
FRAG_000946,FRAG_000947,sample_png_018.png,sample_png_018.png,1,2,1
FRAG_001234,FRAG_001043,sample_text_015.json,sample_text_002.txt,29,0,0
FRAG_001257,FRAG_001383,sample_text_016.json,sample_zip_002.zip,19,3,0
FRAG_000104,FRAG_000577,sample_jpeg_012.jpg,sample_pdf_016.pdf,5,16,0
FRAG_000293,FRAG_000294,sample_pdf_003.pdf,sample_pdf_003.pdf,13,14,1
FRAG_001353,FRAG_000167,sample_text_024.txt,sample_jpeg_018.jpeg,12,5,0
FRAG_001444,FRAG_001002,sample_zip_009.zip,sample_png_023.png,0,6,0
FRAG_000355,FRAG_000356,sample_pdf_006.pdf,sample_pdf_006.pdf,7,8,1
FRAG_001289,FRAG_000055,sample_text_019.txt,sample_jpeg_007.jpg,2,2,0
FRAG_001091,FRAG_001442,sample_text_006.log,sample_zip_008.zip,1,10,0
FRAG_000603,FRAG_000604,sample_pdf_018.pdf,sample_pdf_018.pdf,0,1,1
FRAG_000284,FRAG_000309,sample_pdf_003.pdf,sample_pdf_004.pdf,4,3,0
FRAG_000010,FRAG_000011,sample_jpeg_001.jpeg,sample_jpeg_001.jpeg,9,10,1
FRAG_001406,FRAG_001407,sample_zip_005.zip,sample_zip_005.zip,5,6,1
FRAG_000686,FRAG_000687,sample_pdf_020.pdf,sample_pdf_020.pdf,13,14,1
FRAG_000395,FRAG_000396,sample_pdf_008.pdf,sample_pdf_008.pdf,5,6,1
FRAG_001087,FRAG_001045,sample_text_005.csv,sample_text_002.txt,2,2,0
FRAG_001077,FRAG_001078,sample_text_004.json,sample_text_004.json,10,11,1
FRAG_000185,FRAG_000186,sample_jpeg_020.jpg,sample_jpeg_020.jpg,3,4,1
FRAG_000402,FRAG_000403,sample_pdf_008.pdf,sample_pdf_008.pdf,12,13,1
FRAG_001490,FRAG_000750,sample_zip_013.zip,sample_pdf_023.pdf,0,8,0
FRAG_000323,FRAG_000324,sample_pdf_005.pdf,sample_pdf_005.pdf,9,10,1
FRAG_001000,FRAG_001109,sample_png_023.png,sample_text_008.json,4,1,0
FRAG_000460,FRAG_000058,sample_pdf_011.pdf,sample_jpeg_007.jpg,7,5,0
FRAG_001118,FRAG_000602,sample_text_008.json,sample_pdf_017.pdf,10,19,0
FRAG_000499,FRAG_000628,sample_pdf_012.pdf,sample_pdf_018.pdf,16,25,0
FRAG_000733,FRAG_000431,sample_pdf_022.pdf,sample_pdf_009.pdf,13,21,0
FRAG_001369,FRAG_000777,sample_text_025.log,sample_pdf_025.pdf,11,9,0
FRAG_000788,FRAG_000948,sample_pdf_025.pdf,sample_png_018.png,20,3,0
FRAG_000796,FRAG_000930,sample_png_001.png,sample_png_016.png,0,3,0
FRAG_001316,FRAG_001317,sample_text_020.txt,sample_text_020.txt,14,15,1
FRAG_001230,FRAG_000248,sample_text_015.json,sample_pdf_001.pdf,25,23,0
FRAG_000511,FRAG_000249,sample_pdf_012.pdf,sample_pdf_001.pdf,28,24,0
FRAG_000460,FRAG_000249,sample_pdf_011.pdf,sample_pdf_001.pdf,7,24,0
FRAG_001106,FRAG_001107,sample_text_007.csv,sample_text_007.csv,8,9,1
FRAG_000432,FRAG_000433,sample_pdf_009.pdf,sample_pdf_009.pdf,22,23,1
FRAG_001044,FRAG_001045,sample_text_002.txt,sample_text_002.txt,1,2,1
FRAG_000163,FRAG_000164,sample_jpeg_018.jpeg,sample_jpeg_018.jpeg,1,2,1
FRAG_001340,FRAG_001378,sample_text_023.csv,sample_zip_001.zip,3,8,0
FRAG_001039,FRAG_001040,sample_text_001.json,sample_text_001.json,14,15,1
FRAG_000268,FRAG_000269,sample_pdf_002.pdf,sample_pdf_002.pdf,9,10,1
FRAG_000291,FRAG_001518,sample_pdf_003.pdf,sample_zip_014.zip,11,15,0
FRAG_000646,FRAG_000647,sample_pdf_019.pdf,sample_pdf_019.pdf,13,14,1
FRAG_000574,FRAG_000575,sample_pdf_016.pdf,sample_pdf_016.pdf,13,14,1
FRAG_000815,FRAG_000816,sample_png_004.png,sample_png_004.png,0,1,1
FRAG_000615,FRAG_000937,sample_pdf_018.pdf,sample_png_016.png,12,10,0
FRAG_000927,FRAG_000928,sample_png_016.png,sample_png_016.png,0,1,1
FRAG_000212,FRAG_000704,sample_jpeg_024.jpeg,sample_pdf_020.pdf,7,31,0
FRAG_000630,FRAG_000491,sample_pdf_018.pdf,sample_pdf_012.pdf,27,8,0
FRAG_001225,FRAG_000108,sample_text_015.json,sample_jpeg_012.jpg,20,9,0
FRAG_000693,FRAG_000044,sample_pdf_020.pdf,sample_jpeg_005.jpg,20,2,0
FRAG_001430,FRAG_001431,sample_zip_007.zip,sample_zip_007.zip,6,7,1
FRAG_000490,FRAG_001172,sample_pdf_012.pdf,sample_text_011.json,7,25,0
FRAG_001464,FRAG_001332,sample_zip_011.zip,sample_text_022.log,1,7,0
FRAG_001234,FRAG_001235,sample_text_015.json,sample_text_015.json,29,30,1
FRAG_000996,FRAG_000394,sample_png_023.png,sample_pdf_008.pdf,0,4,0
FRAG_000290,FRAG_000291,sample_pdf_003.pdf,sample_pdf_003.pdf,10,11,1
FRAG_001586,FRAG_001587,sample_zip_020.zip,sample_zip_020.zip,10,11,1
FRAG_000650,FRAG_000983,sample_pdf_019.pdf,sample_png_021.png,17,9,0
FRAG_000645,FRAG_000646,sample_pdf_019.pdf,sample_pdf_019.pdf,12,13,1
FRAG_000403,FRAG_000404,sample_pdf_008.pdf,sample_pdf_008.pdf,13,14,1
FRAG_001233,FRAG_001234,sample_text_015.json,sample_text_015.json,28,29,1
FRAG_001430,FRAG_000866,sample_zip_007.zip,sample_png_008.png,6,11,0
FRAG_000658,FRAG_000659,sample_pdf_019.pdf,sample_pdf_019.pdf,25,26,1
FRAG_001121,FRAG_001122,sample_text_008.json,sample_text_008.json,13,14,1
FRAG_001532,FRAG_000643,sample_zip_016.zip,sample_pdf_019.pdf,2,10,0
FRAG_001051,FRAG_001052,sample_text_002.txt,sample_text_002.txt,8,9,1
FRAG_001595,FRAG_001322,sample_zip_021.zip,sample_text_021.csv,6,4,0
FRAG_001243,FRAG_001341,sample_text_016.json,sample_text_024.txt,5,0,0
FRAG_000750,FRAG_000751,sample_pdf_023.pdf,sample_pdf_023.pdf,8,9,1
FRAG_000422,FRAG_000423,sample_pdf_009.pdf,sample_pdf_009.pdf,12,13,1
FRAG_000129,FRAG_000228,sample_jpeg_015.jpeg,sample_pdf_001.pdf,4,3,0
FRAG_001288,FRAG_001289,sample_text_019.txt,sample_text_019.txt,1,2,1
FRAG_000853,FRAG_001242,sample_png_007.png,sample_text_016.json,7,4,0
FRAG_001167,FRAG_000505,sample_text_011.json,sample_pdf_012.pdf,20,22,0
FRAG_000921,FRAG_001052,sample_png_014.png,sample_text_002.txt,10,9,0
FRAG_000118,FRAG_000103,sample_jpeg_013.jpeg,sample_jpeg_012.jpg,6,4,0
FRAG_000572,FRAG_000573,sample_pdf_016.pdf,sample_pdf_016.pdf,11,12,1
FRAG_000649,FRAG_000650,sample_pdf_019.pdf,sample_pdf_019.pdf,16,17,1
FRAG_001100,FRAG_001101,sample_text_007.csv,sample_text_007.csv,2,3,1
FRAG_000953,FRAG_000590,sample_png_018.png,sample_pdf_017.pdf,8,7,0
FRAG_000582,FRAG_001056,sample_pdf_016.pdf,sample_text_002.txt,21,13,0
FRAG_001507,FRAG_001508,sample_zip_014.zip,sample_zip_014.zip,4,5,1
FRAG_000888,FRAG_000889,sample_png_011.png,sample_png_011.png,0,1,1
FRAG_000131,FRAG_000132,sample_jpeg_015.jpeg,sample_jpeg_015.jpeg,6,7,1
FRAG_000531,FRAG_000532,sample_pdf_014.pdf,sample_pdf_014.pdf,4,5,1
FRAG_000499,FRAG_000893,sample_pdf_012.pdf,sample_png_011.png,16,5,0
FRAG_000907,FRAG_000609,sample_png_013.png,sample_pdf_018.pdf,4,6,0
FRAG_001608,FRAG_000932,sample_zip_022.zip,sample_png_016.png,5,5,0
FRAG_000582,FRAG_000517,sample_pdf_016.pdf,sample_pdf_012.pdf,21,34,0
FRAG_000210,FRAG_000190,sample_jpeg_024.jpeg,sample_jpeg_021.jpg,5,3,0
FRAG_000610,FRAG_000611,sample_pdf_018.pdf,sample_pdf_018.pdf,7,8,1
FRAG_001596,FRAG_001403,sample_zip_021.zip,sample_zip_005.zip,7,2,0
FRAG_000609,FRAG_000610,sample_pdf_018.pdf,sample_pdf_018.pdf,6,7,1
FRAG_000006,FRAG_000568,sample_jpeg_001.jpeg,sample_pdf_016.pdf,5,7,0
FRAG_000146,FRAG_000147,sample_jpeg_016.jpeg,sample_jpeg_016.jpeg,6,7,1
FRAG_001064,FRAG_001065,sample_text_003.log,sample_text_003.log,5,6,1
FRAG_000553,FRAG_001311,sample_pdf_015.pdf,sample_text_020.txt,4,9,0
FRAG_000755,FRAG_000679,sample_pdf_024.pdf,sample_pdf_020.pdf,0,6,0
FRAG_000670,FRAG_001531,sample_pdf_019.pdf,sample_zip_016.zip,37,1,0
FRAG_001511,FRAG_001512,sample_zip_014.zip,sample_zip_014.zip,8,9,1
FRAG_001240,FRAG_001241,sample_text_016.json,sample_text_016.json,2,3,1
FRAG_001036,FRAG_000415,sample_text_001.json,sample_pdf_009.pdf,11,5,0
FRAG_001131,FRAG_001132,sample_text_009.txt,sample_text_009.txt,3,4,1
FRAG_000017,FRAG_000018,sample_jpeg_002.jpeg,sample_jpeg_002.jpeg,3,4,1
FRAG_000235,FRAG_000236,sample_pdf_001.pdf,sample_pdf_001.pdf,10,11,1
FRAG_001551,FRAG_000396,sample_zip_017.zip,sample_pdf_008.pdf,7,6,0
FRAG_001501,FRAG_001502,sample_zip_013.zip,sample_zip_013.zip,11,12,1
FRAG_001152,FRAG_001153,sample_text_011.json,sample_text_011.json,5,6,1
FRAG_000304,FRAG_000881,sample_pdf_003.pdf,sample_png_010.png,24,0,0
FRAG_001031,FRAG_001032,sample_text_001.json,sample_text_001.json,6,7,1
FRAG_000483,FRAG_000484,sample_pdf_012.pdf,sample_pdf_012.pdf,0,1,1
FRAG_000054,FRAG_001248,sample_jpeg_007.jpg,sample_text_016.json,1,10,0
FRAG_000847,FRAG_000677,sample_png_007.png,sample_pdf_020.pdf,1,4,0
FRAG_000639,FRAG_001478,sample_pdf_019.pdf,sample_zip_011.zip,6,15,0
FRAG_000825,FRAG_000826,sample_png_004.png,sample_png_004.png,10,11,1
FRAG_001516,FRAG_001517,sample_zip_014.zip,sample_zip_014.zip,13,14,1
FRAG_000626,FRAG_001629,sample_pdf_018.pdf,sample_zip_025.zip,23,6,0
FRAG_000076,FRAG_000932,sample_jpeg_009.jpeg,sample_png_016.png,6,5,0
FRAG_001344,FRAG_001345,sample_text_024.txt,sample_text_024.txt,3,4,1
FRAG_000556,FRAG_000557,sample_pdf_015.pdf,sample_pdf_015.pdf,7,8,1
FRAG_000495,FRAG_000496,sample_pdf_012.pdf,sample_pdf_012.pdf,12,13,1
FRAG_000019,FRAG_000020,sample_jpeg_002.jpeg,sample_jpeg_002.jpeg,5,6,1
FRAG_000333,FRAG_000805,sample_pdf_005.pdf,sample_png_002.png,19,2,0
FRAG_001523,FRAG_001524,sample_zip_015.zip,sample_zip_015.zip,3,4,1
FRAG_000330,FRAG_000676,sample_pdf_005.pdf,sample_pdf_020.pdf,16,3,0
FRAG_000850,FRAG_001342,sample_png_007.png,sample_text_024.txt,4,1,0
FRAG_001317,FRAG_001141,sample_text_020.txt,sample_text_010.log,15,2,0
FRAG_001448,FRAG_001449,sample_zip_009.zip,sample_zip_009.zip,4,5,1
FRAG_000871,FRAG_000449,sample_png_009.png,sample_pdf_010.pdf,2,4,0
FRAG_000829,FRAG_001484,sample_png_005.png,sample_zip_012.zip,2,2,0
FRAG_001435,FRAG_001436,sample_zip_008.zip,sample_zip_008.zip,3,4,1
FRAG_001223,FRAG_000972,sample_text_015.json,sample_png_020.png,18,3,0
FRAG_000601,FRAG_001288,sample_pdf_017.pdf,sample_text_019.txt,18,1,0
FRAG_000490,FRAG_000491,sample_pdf_012.pdf,sample_pdf_012.pdf,7,8,1
FRAG_000673,FRAG_000262,sample_pdf_020.pdf,sample_pdf_002.pdf,0,3,0
FRAG_000454,FRAG_000683,sample_pdf_011.pdf,sample_pdf_020.pdf,1,10,0
FRAG_001153,FRAG_000614,sample_text_011.json,sample_pdf_018.pdf,6,11,0
FRAG_000684,FRAG_000499,sample_pdf_020.pdf,sample_pdf_012.pdf,11,16,0
FRAG_000848,FRAG_000849,sample_png_007.png,sample_png_007.png,2,3,1
FRAG_000417,FRAG_000547,sample_pdf_009.pdf,sample_pdf_014.pdf,7,20,0
FRAG_000626,FRAG_000627,sample_pdf_018.pdf,sample_pdf_018.pdf,23,24,1
FRAG_000490,FRAG_000563,sample_pdf_012.pdf,sample_pdf_016.pdf,7,2,0
FRAG_000570,FRAG_000571,sample_pdf_016.pdf,sample_pdf_016.pdf,9,10,1
FRAG_000365,FRAG_000366,sample_pdf_006.pdf,sample_pdf_006.pdf,17,18,1
FRAG_000753,FRAG_000754,sample_pdf_023.pdf,sample_pdf_023.pdf,11,12,1
FRAG_000765,FRAG_000766,sample_pdf_024.pdf,sample_pdf_024.pdf,10,11,1
FRAG_001101,FRAG_001361,sample_text_007.csv,sample_text_025.log,3,3,0
FRAG_001075,FRAG_001223,sample_text_004.json,sample_text_015.json,8,18,0
FRAG_001048,FRAG_001049,sample_text_002.txt,sample_text_002.txt,5,6,1
FRAG_001041,FRAG_001529,sample_text_001.json,sample_zip_015.zip,16,9,0
FRAG_000456,FRAG_000409,sample_pdf_011.pdf,sample_pdf_008.pdf,3,19,0
FRAG_001233,FRAG_000055,sample_text_015.json,sample_jpeg_007.jpg,28,2,0
FRAG_001585,FRAG_001586,sample_zip_020.zip,sample_zip_020.zip,9,10,1
FRAG_000185,FRAG_000605,sample_jpeg_020.jpg,sample_pdf_018.pdf,3,2,0
FRAG_000534,FRAG_000535,sample_pdf_014.pdf,sample_pdf_014.pdf,7,8,1
FRAG_000048,FRAG_000185,sample_jpeg_006.jpg,sample_jpeg_020.jpg,0,3,0
FRAG_000281,FRAG_000282,sample_pdf_003.pdf,sample_pdf_003.pdf,1,2,1
FRAG_000871,FRAG_000872,sample_png_009.png,sample_png_009.png,2,3,1
FRAG_001294,FRAG_000621,sample_text_019.txt,sample_pdf_018.pdf,7,18,0
FRAG_001138,FRAG_001553,sample_text_009.txt,sample_zip_017.zip,10,9,0
FRAG_000833,FRAG_001001,sample_png_005.png,sample_png_023.png,6,5,0
FRAG_001601,FRAG_000543,sample_zip_021.zip,sample_pdf_014.pdf,12,16,0
FRAG_000816,FRAG_001113,sample_png_004.png,sample_text_008.json,1,5,0
FRAG_001610,FRAG_001611,sample_zip_023.zip,sample_zip_023.zip,0,1,1
FRAG_000090,FRAG_001302,sample_jpeg_010.jpg,sample_text_020.txt,12,0,0
FRAG_001178,FRAG_000496,sample_text_012.log,sample_pdf_012.pdf,4,13,0
FRAG_000076,FRAG_000077,sample_jpeg_009.jpeg,sample_jpeg_009.jpeg,6,7,1
FRAG_001477,FRAG_001270,sample_zip_011.zip,sample_text_017.txt,14,4,0
FRAG_000133,FRAG_000134,sample_jpeg_015.jpeg,sample_jpeg_015.jpeg,8,9,1
FRAG_000090,FRAG_000652,sample_jpeg_010.jpg,sample_pdf_019.pdf,12,19,0
FRAG_001261,FRAG_001166,sample_text_016.json,sample_text_011.json,23,19,0
FRAG_000619,FRAG_000990,sample_pdf_018.pdf,sample_png_022.png,16,2,0
FRAG_000067,FRAG_000068,sample_jpeg_008.jpeg,sample_jpeg_008.jpeg,8,9,1
FRAG_001255,FRAG_001256,sample_text_016.json,sample_text_016.json,17,18,1
FRAG_001557,FRAG_000106,sample_zip_017.zip,sample_jpeg_012.jpg,13,7,0
FRAG_000306,FRAG_000307,sample_pdf_004.pdf,sample_pdf_004.pdf,0,1,1
FRAG_000886,FRAG_000887,sample_png_010.png,sample_png_010.png,5,6,1
FRAG_001120,FRAG_001121,sample_text_008.json,sample_text_008.json,12,13,1
FRAG_000682,FRAG_000683,sample_pdf_020.pdf,sample_pdf_020.pdf,9,10,1
FRAG_000636,FRAG_001056,sample_pdf_019.pdf,sample_text_002.txt,3,13,0
FRAG_000356,FRAG_000357,sample_pdf_006.pdf,sample_pdf_006.pdf,8,9,1
FRAG_001140,FRAG_001141,sample_text_010.log,sample_text_010.log,1,2,1
FRAG_001108,FRAG_000031,sample_text_008.json,sample_jpeg_003.jpg,0,5,0
FRAG_000146,FRAG_001450,sample_jpeg_016.jpeg,sample_zip_009.zip,6,6,0
FRAG_001142,FRAG_001143,sample_text_010.log,sample_text_010.log,3,4,1
FRAG_000515,FRAG_000105,sample_pdf_012.pdf,sample_jpeg_012.jpg,32,6,0
FRAG_000894,FRAG_000895,sample_png_011.png,sample_png_011.png,6,7,1
FRAG_000468,FRAG_000469,sample_pdf_011.pdf,sample_pdf_011.pdf,15,16,1
FRAG_000975,FRAG_000976,sample_png_021.png,sample_png_021.png,1,2,1
FRAG_000418,FRAG_000419,sample_pdf_009.pdf,sample_pdf_009.pdf,8,9,1
FRAG_000206,FRAG_000207,sample_jpeg_024.jpeg,sample_jpeg_024.jpeg,1,2,1
FRAG_001176,FRAG_000476,sample_text_012.log,sample_pdf_011.pdf,2,23,0
FRAG_001335,FRAG_001336,sample_text_022.log,sample_text_022.log,10,11,1
FRAG_000917,FRAG_000918,sample_png_014.png,sample_png_014.png,6,7,1
FRAG_000593,FRAG_000594,sample_pdf_017.pdf,sample_pdf_017.pdf,10,11,1
FRAG_000702,FRAG_000703,sample_pdf_020.pdf,sample_pdf_020.pdf,29,30,1
FRAG_000978,FRAG_000979,sample_png_021.png,sample_png_021.png,4,5,1
FRAG_000659,FRAG_000660,sample_pdf_019.pdf,sample_pdf_019.pdf,26,27,1
FRAG_001171,FRAG_001335,sample_text_011.json,sample_text_022.log,24,10,0
FRAG_001557,FRAG_001187,sample_zip_017.zip,sample_text_012.log,13,13,0
FRAG_000227,FRAG_000228,sample_pdf_001.pdf,sample_pdf_001.pdf,2,3,1
FRAG_001093,FRAG_000192,sample_text_006.log,sample_jpeg_021.jpg,3,5,0
FRAG_000166,FRAG_000660,sample_jpeg_018.jpeg,sample_pdf_019.pdf,4,27,0
FRAG_001440,FRAG_000930,sample_zip_008.zip,sample_png_016.png,8,3,0
FRAG_000695,FRAG_000383,sample_pdf_020.pdf,sample_pdf_007.pdf,22,13,0
FRAG_000738,FRAG_000739,sample_pdf_022.pdf,sample_pdf_022.pdf,18,19,1
FRAG_000257,FRAG_001281,sample_pdf_001.pdf,sample_text_018.csv,32,4,0
FRAG_000617,FRAG_000832,sample_pdf_018.pdf,sample_png_005.png,14,5,0
FRAG_001564,FRAG_001565,sample_zip_018.zip,sample_zip_018.zip,6,7,1
FRAG_001050,FRAG_001051,sample_text_002.txt,sample_text_002.txt,7,8,1
FRAG_000940,FRAG_001328,sample_png_017.png,sample_text_022.log,1,3,0
FRAG_001637,FRAG_000491,sample_zip_025.zip,sample_pdf_012.pdf,14,8,0
FRAG_000339,FRAG_000958,sample_pdf_005.pdf,sample_png_019.png,25,1,0
FRAG_001596,FRAG_000345,sample_zip_021.zip,sample_pdf_005.pdf,7,31,0
FRAG_000089,FRAG_000090,sample_jpeg_010.jpg,sample_jpeg_010.jpg,11,12,1
FRAG_000135,FRAG_000676,sample_jpeg_015.jpeg,sample_pdf_020.pdf,10,3,0
FRAG_001345,FRAG_001346,sample_text_024.txt,sample_text_024.txt,4,5,1
FRAG_000188,FRAG_000469,sample_jpeg_021.jpg,sample_pdf_011.pdf,1,16,0
FRAG_000324,FRAG_000325,sample_pdf_005.pdf,sample_pdf_005.pdf,10,11,1
FRAG_000885,FRAG_000886,sample_png_010.png,sample_png_010.png,4,5,1
FRAG_001344,FRAG_000526,sample_text_024.txt,sample_pdf_013.pdf,3,8,0
FRAG_000384,FRAG_000385,sample_pdf_007.pdf,sample_pdf_007.pdf,14,15,1
FRAG_000086,FRAG_000087,sample_jpeg_010.jpg,sample_jpeg_010.jpg,8,9,1
FRAG_001045,FRAG_001046,sample_text_002.txt,sample_text_002.txt,2,3,1
FRAG_001145,FRAG_000772,sample_text_010.log,sample_pdf_025.pdf,6,4,0
FRAG_001262,FRAG_001263,sample_text_016.json,sample_text_016.json,24,25,1
FRAG_001251,FRAG_000584,sample_text_016.json,sample_pdf_017.pdf,13,1,0
FRAG_001450,FRAG_001451,sample_zip_009.zip,sample_zip_009.zip,6,7,1
FRAG_000697,FRAG_001243,sample_pdf_020.pdf,sample_text_016.json,24,5,0
FRAG_000029,FRAG_001132,sample_jpeg_003.jpg,sample_text_009.txt,3,4,0
FRAG_000697,FRAG_001614,sample_pdf_020.pdf,sample_zip_023.zip,24,4,0
FRAG_001317,FRAG_000878,sample_text_020.txt,sample_png_009.png,15,9,0
FRAG_001419,FRAG_000815,sample_zip_006.zip,sample_png_004.png,9,0,0
FRAG_000083,FRAG_000093,sample_jpeg_010.jpg,sample_jpeg_011.jpeg,5,1,0
FRAG_000461,FRAG_000132,sample_pdf_011.pdf,sample_jpeg_015.jpeg,8,7,0
FRAG_001243,FRAG_001244,sample_text_016.json,sample_text_016.json,5,6,1
FRAG_000041,FRAG_001568,sample_jpeg_004.jpeg,sample_zip_019.zip,7,0,0
FRAG_001547,FRAG_000907,sample_zip_017.zip,sample_png_013.png,3,4,0
FRAG_000756,FRAG_000588,sample_pdf_024.pdf,sample_pdf_017.pdf,1,5,0
FRAG_001298,FRAG_001299,sample_text_019.txt,sample_text_019.txt,11,12,1
FRAG_001251,FRAG_001252,sample_text_016.json,sample_text_016.json,13,14,1
FRAG_000952,FRAG_001368,sample_png_018.png,sample_text_025.log,7,10,0
FRAG_000336,FRAG_000337,sample_pdf_005.pdf,sample_pdf_005.pdf,22,23,1
FRAG_000076,FRAG_000601,sample_jpeg_009.jpeg,sample_pdf_017.pdf,6,18,0
FRAG_000256,FRAG_000257,sample_pdf_001.pdf,sample_pdf_001.pdf,31,32,1
FRAG_000346,FRAG_001213,sample_pdf_005.pdf,sample_text_015.json,32,8,0
FRAG_001546,FRAG_001547,sample_zip_017.zip,sample_zip_017.zip,2,3,1
FRAG_001297,FRAG_001298,sample_text_019.txt,sample_text_019.txt,10,11,1
FRAG_001377,FRAG_001378,sample_zip_001.zip,sample_zip_001.zip,7,8,1
FRAG_000028,FRAG_000029,sample_jpeg_003.jpg,sample_jpeg_003.jpg,2,3,1
FRAG_000259,FRAG_000970,sample_pdf_002.pdf,sample_png_020.png,0,1,0
FRAG_000249,FRAG_000060,sample_pdf_001.pdf,sample_jpeg_008.jpeg,24,1,0
FRAG_000608,FRAG_000609,sample_pdf_018.pdf,sample_pdf_018.pdf,5,6,1
FRAG_000713,FRAG_000714,sample_pdf_021.pdf,sample_pdf_021.pdf,5,6,1
FRAG_000606,FRAG_001615,sample_pdf_018.pdf,sample_zip_023.zip,3,5,0
FRAG_000872,FRAG_000873,sample_png_009.png,sample_png_009.png,3,4,1
FRAG_001611,FRAG_001105,sample_zip_023.zip,sample_text_007.csv,1,7,0
FRAG_000851,FRAG_000852,sample_png_007.png,sample_png_007.png,5,6,1
FRAG_000201,FRAG_000202,sample_jpeg_023.jpeg,sample_jpeg_023.jpeg,0,1,1
FRAG_001386,FRAG_001113,sample_zip_003.zip,sample_text_008.json,1,5,0
FRAG_000452,FRAG_000810,sample_pdf_010.pdf,sample_png_003.png,7,1,0
FRAG_000569,FRAG_000570,sample_pdf_016.pdf,sample_pdf_016.pdf,8,9,1
FRAG_000094,FRAG_001314,sample_jpeg_011.jpeg,sample_text_020.txt,2,12,0
FRAG_001170,FRAG_001181,sample_text_011.json,sample_text_012.log,23,7,0
FRAG_001387,FRAG_001388,sample_zip_003.zip,sample_zip_003.zip,2,3,1
FRAG_000707,FRAG_001584,sample_pdf_020.pdf,sample_zip_020.zip,34,8,0
FRAG_000960,FRAG_000961,sample_png_019.png,sample_png_019.png,3,4,1
FRAG_000208,FRAG_001040,sample_jpeg_024.jpeg,sample_text_001.json,3,15,0
FRAG_000179,FRAG_000180,sample_jpeg_019.jpg,sample_jpeg_019.jpg,9,10,1
FRAG_001389,FRAG_001548,sample_zip_003.zip,sample_zip_017.zip,4,4,0
FRAG_000789,FRAG_001181,sample_pdf_025.pdf,sample_text_012.log,21,7,0
FRAG_000286,FRAG_000287,sample_pdf_003.pdf,sample_pdf_003.pdf,6,7,1
FRAG_000816,FRAG_000644,sample_png_004.png,sample_pdf_019.pdf,1,11,0
FRAG_000811,FRAG_000636,sample_png_003.png,sample_pdf_019.pdf,2,3,0
FRAG_001309,FRAG_000605,sample_text_020.txt,sample_pdf_018.pdf,7,2,0
FRAG_000386,FRAG_000387,sample_pdf_007.pdf,sample_pdf_007.pdf,16,17,1
FRAG_000991,FRAG_000992,sample_png_022.png,sample_png_022.png,3,4,1
FRAG_001309,FRAG_000831,sample_text_020.txt,sample_png_005.png,7,4,0
FRAG_001247,FRAG_001081,sample_text_016.json,sample_text_004.json,9,14,0
FRAG_001199,FRAG_000893,sample_text_014.txt,sample_png_011.png,2,5,0
FRAG_001500,FRAG_001501,sample_zip_013.zip,sample_zip_013.zip,10,11,1
FRAG_001040,FRAG_000218,sample_text_001.json,sample_jpeg_025.jpg,15,4,0
FRAG_001143,FRAG_001144,sample_text_010.log,sample_text_010.log,4,5,1
FRAG_001260,FRAG_001261,sample_text_016.json,sample_text_016.json,22,23,1
FRAG_000901,FRAG_000140,sample_png_012.png,sample_jpeg_016.jpeg,4,0,0
FRAG_000081,FRAG_000082,sample_jpeg_010.jpg,sample_jpeg_010.jpg,3,4,1
FRAG_000535,FRAG_000366,sample_pdf_014.pdf,sample_pdf_006.pdf,8,18,0
FRAG_000275,FRAG_000542,sample_pdf_002.pdf,sample_pdf_014.pdf,16,15,0
FRAG_001409,FRAG_000012,sample_zip_005.zip,sample_jpeg_001.jpeg,8,11,0
FRAG_001052,FRAG_001053,sample_text_002.txt,sample_text_002.txt,9,10,1
FRAG_000786,FRAG_000483,sample_pdf_025.pdf,sample_pdf_012.pdf,18,0,0
FRAG_001263,FRAG_001264,sample_text_016.json,sample_text_016.json,25,26,1
FRAG_001049,FRAG_001050,sample_text_002.txt,sample_text_002.txt,6,7,1
FRAG_001267,FRAG_000741,sample_text_017.txt,sample_pdf_022.pdf,1,21,0
FRAG_001183,FRAG_001184,sample_text_012.log,sample_text_012.log,9,10,1
FRAG_000922,FRAG_000923,sample_png_015.png,sample_png_015.png,0,1,1
FRAG_001156,FRAG_001157,sample_text_011.json,sample_text_011.json,9,10,1
FRAG_000849,FRAG_000850,sample_png_007.png,sample_png_007.png,3,4,1
FRAG_001477,FRAG_001572,sample_zip_011.zip,sample_zip_019.zip,14,4,0
FRAG_001223,FRAG_001224,sample_text_015.json,sample_text_015.json,18,19,1
FRAG_000502,FRAG_000503,sample_pdf_012.pdf,sample_pdf_012.pdf,19,20,1
FRAG_001302,FRAG_001303,sample_text_020.txt,sample_text_020.txt,0,1,1
FRAG_001413,FRAG_000910,sample_zip_006.zip,sample_png_013.png,3,7,0
FRAG_001197,FRAG_001198,sample_text_014.txt,sample_text_014.txt,0,1,1
FRAG_000610,FRAG_001580,sample_pdf_018.pdf,sample_zip_020.zip,7,4,0
FRAG_001479,FRAG_001480,sample_zip_011.zip,sample_zip_011.zip,16,17,1
FRAG_000197,FRAG_000198,sample_jpeg_022.jpg,sample_jpeg_022.jpg,4,5,1
FRAG_000079,FRAG_000588,sample_jpeg_010.jpg,sample_pdf_017.pdf,1,5,0
FRAG_001477,FRAG_001478,sample_zip_011.zip,sample_zip_011.zip,14,15,1
FRAG_001080,FRAG_001367,sample_text_004.json,sample_text_025.log,13,9,0
FRAG_001189,FRAG_001136,sample_text_013.csv,sample_text_009.txt,1,8,0
FRAG_001047,FRAG_000970,sample_text_002.txt,sample_png_020.png,4,1,0
FRAG_001246,FRAG_001247,sample_text_016.json,sample_text_016.json,8,9,1
FRAG_000592,FRAG_000593,sample_pdf_017.pdf,sample_pdf_017.pdf,9,10,1
FRAG_001136,FRAG_000425,sample_text_009.txt,sample_pdf_009.pdf,8,15,0
FRAG_000286,FRAG_000506,sample_pdf_003.pdf,sample_pdf_012.pdf,6,23,0
FRAG_001520,FRAG_000863,sample_zip_015.zip,sample_png_008.png,0,8,0
FRAG_000970,FRAG_000971,sample_png_020.png,sample_png_020.png,1,2,1
FRAG_000580,FRAG_000581,sample_pdf_016.pdf,sample_pdf_016.pdf,19,20,1
FRAG_000103,FRAG_000104,sample_jpeg_012.jpg,sample_jpeg_012.jpg,4,5,1
FRAG_000122,FRAG_001575,sample_jpeg_014.jpeg,sample_zip_019.zip,1,7,0
FRAG_000572,FRAG_001143,sample_pdf_016.pdf,sample_text_010.log,11,4,0
FRAG_000809,FRAG_000810,sample_png_003.png,sample_png_003.png,0,1,1
FRAG_000837,FRAG_000838,sample_png_006.png,sample_png_006.png,2,3,1
FRAG_000812,FRAG_000813,sample_png_003.png,sample_png_003.png,3,4,1
FRAG_001566,FRAG_001127,sample_zip_018.zip,sample_text_008.json,8,19,0
FRAG_000850,FRAG_000851,sample_png_007.png,sample_png_007.png,4,5,1
FRAG_001116,FRAG_000461,sample_text_008.json,sample_pdf_011.pdf,8,8,0
FRAG_001420,FRAG_001421,sample_zip_006.zip,sample_zip_006.zip,10,11,1
FRAG_001529,FRAG_000694,sample_zip_015.zip,sample_pdf_020.pdf,9,21,0
FRAG_000990,FRAG_000219,sample_png_022.png,sample_jpeg_025.jpg,2,5,0
FRAG_001464,FRAG_001465,sample_zip_011.zip,sample_zip_011.zip,1,2,1
FRAG_001549,FRAG_000359,sample_zip_017.zip,sample_pdf_006.pdf,5,11,0
FRAG_001040,FRAG_001041,sample_text_001.json,sample_text_001.json,15,16,1
FRAG_000873,FRAG_000874,sample_png_009.png,sample_png_009.png,4,5,1
FRAG_001614,FRAG_001621,sample_zip_023.zip,sample_zip_024.zip,4,4,0
FRAG_001242,FRAG_001056,sample_text_016.json,sample_text_002.txt,4,13,0
FRAG_001046,FRAG_001047,sample_text_002.txt,sample_text_002.txt,3,4,1
FRAG_000188,FRAG_000189,sample_jpeg_021.jpg,sample_jpeg_021.jpg,1,2,1
FRAG_000373,FRAG_000103,sample_pdf_007.pdf,sample_jpeg_012.jpg,3,4,0
FRAG_000838,FRAG_001587,sample_png_006.png,sample_zip_020.zip,3,11,0
FRAG_000381,FRAG_000382,sample_pdf_007.pdf,sample_pdf_007.pdf,11,12,1
FRAG_001136,FRAG_000211,sample_text_009.txt,sample_jpeg_024.jpeg,8,6,0
FRAG_000060,FRAG_000061,sample_jpeg_008.jpeg,sample_jpeg_008.jpeg,1,2,1
FRAG_001555,FRAG_001343,sample_zip_017.zip,sample_text_024.txt,11,2,0
FRAG_001107,FRAG_000859,sample_text_007.csv,sample_png_008.png,9,4,0
FRAG_001061,FRAG_001062,sample_text_003.log,sample_text_003.log,2,3,1
FRAG_001244,FRAG_000906,sample_text_016.json,sample_png_013.png,6,3,0
FRAG_001382,FRAG_001383,sample_zip_002.zip,sample_zip_002.zip,2,3,1
FRAG_000771,FRAG_000860,sample_pdf_025.pdf,sample_png_008.png,3,5,0
FRAG_001024,FRAG_001223,sample_png_025.png,sample_text_015.json,13,18,0
FRAG_001327,FRAG_000306,sample_text_022.log,sample_pdf_004.pdf,2,0,0
FRAG_000942,FRAG_000943,sample_png_017.png,sample_png_017.png,3,4,1
FRAG_000008,FRAG_000009,sample_jpeg_001.jpeg,sample_jpeg_001.jpeg,7,8,1
FRAG_000788,FRAG_000789,sample_pdf_025.pdf,sample_pdf_025.pdf,20,21,1
FRAG_000126,FRAG_000127,sample_jpeg_015.jpeg,sample_jpeg_015.jpeg,1,2,1
FRAG_000344,FRAG_000345,sample_pdf_005.pdf,sample_pdf_005.pdf,30,31,1
FRAG_001085,FRAG_001086,sample_text_005.csv,sample_text_005.csv,0,1,1
FRAG_000226,FRAG_001354,sample_pdf_001.pdf,sample_text_024.txt,1,13,0
FRAG_000599,FRAG_001429,sample_pdf_017.pdf,sample_zip_007.zip,16,5,0
FRAG_001094,FRAG_000056,sample_text_006.log,sample_jpeg_007.jpg,4,3,0
FRAG_000114,FRAG_000115,sample_jpeg_013.jpeg,sample_jpeg_013.jpeg,2,3,1
FRAG_000221,FRAG_000222,sample_jpeg_025.jpg,sample_jpeg_025.jpg,7,8,1
FRAG_000524,FRAG_000525,sample_pdf_013.pdf,sample_pdf_013.pdf,6,7,1
FRAG_001176,FRAG_000282,sample_text_012.log,sample_pdf_003.pdf,2,2,0
FRAG_000619,FRAG_000620,sample_pdf_018.pdf,sample_pdf_018.pdf,16,17,1
FRAG_000765,FRAG_001628,sample_pdf_024.pdf,sample_zip_025.zip,10,5,0
FRAG_000226,FRAG_000391,sample_pdf_001.pdf,sample_pdf_008.pdf,1,1,0
FRAG_001194,FRAG_001195,sample_text_013.csv,sample_text_013.csv,6,7,1
FRAG_001618,FRAG_001619,sample_zip_024.zip,sample_zip_024.zip,1,2,1
FRAG_001599,FRAG_001600,sample_zip_021.zip,sample_zip_021.zip,10,11,1
FRAG_000305,FRAG_000915,sample_pdf_003.pdf,sample_png_014.png,25,4,0
FRAG_000326,FRAG_001524,sample_pdf_005.pdf,sample_zip_015.zip,12,4,0
FRAG_000900,FRAG_000901,sample_png_012.png,sample_png_012.png,3,4,1
FRAG_000127,FRAG_001122,sample_jpeg_015.jpeg,sample_text_008.json,2,14,0
FRAG_001631,FRAG_001160,sample_zip_025.zip,sample_text_011.json,8,13,0
FRAG_000558,FRAG_001025,sample_pdf_015.pdf,sample_text_001.json,9,0,0
FRAG_000467,FRAG_001584,sample_pdf_011.pdf,sample_zip_020.zip,14,8,0
FRAG_000006,FRAG_000580,sample_jpeg_001.jpeg,sample_pdf_016.pdf,5,19,0
FRAG_000707,FRAG_000494,sample_pdf_020.pdf,sample_pdf_012.pdf,34,11,0
FRAG_001445,FRAG_000781,sample_zip_009.zip,sample_pdf_025.pdf,1,13,0
FRAG_001342,FRAG_001343,sample_text_024.txt,sample_text_024.txt,1,2,1
FRAG_000181,FRAG_000645,sample_jpeg_019.jpg,sample_pdf_019.pdf,11,12,0
FRAG_000713,FRAG_000837,sample_pdf_021.pdf,sample_png_006.png,5,2,0
FRAG_001281,FRAG_000906,sample_text_018.csv,sample_png_013.png,4,3,0
FRAG_001302,FRAG_001280,sample_text_020.txt,sample_text_018.csv,0,3,0
FRAG_000452,FRAG_000015,sample_pdf_010.pdf,sample_jpeg_002.jpeg,7,1,0
FRAG_001067,FRAG_001068,sample_text_004.json,sample_text_004.json,0,1,1
FRAG_000176,FRAG_001499,sample_jpeg_019.jpg,sample_zip_013.zip,6,9,0
FRAG_001311,FRAG_001312,sample_text_020.txt,sample_text_020.txt,9,10,1
FRAG_000739,FRAG_000740,sample_pdf_022.pdf,sample_pdf_022.pdf,19,20,1
FRAG_001180,FRAG_001388,sample_text_012.log,sample_zip_003.zip,6,3,0
FRAG_001210,FRAG_001211,sample_text_015.json,sample_text_015.json,5,6,1
FRAG_000634,FRAG_001366,sample_pdf_019.pdf,sample_text_025.log,1,8,0
FRAG_000412,FRAG_001461,sample_pdf_009.pdf,sample_zip_010.zip,2,6,0
FRAG_000360,FRAG_000361,sample_pdf_006.pdf,sample_pdf_006.pdf,12,13,1
FRAG_000593,FRAG_000164,sample_pdf_017.pdf,sample_jpeg_018.jpeg,10,2,0
FRAG_001184,FRAG_001477,sample_text_012.log,sample_zip_011.zip,10,14,0
FRAG_000748,FRAG_000749,sample_pdf_023.pdf,sample_pdf_023.pdf,6,7,1
FRAG_000170,FRAG_000171,sample_jpeg_019.jpg,sample_jpeg_019.jpg,0,1,1
FRAG_000240,FRAG_000241,sample_pdf_001.pdf,sample_pdf_001.pdf,15,16,1
FRAG_000278,FRAG_000946,sample_pdf_002.pdf,sample_png_018.png,19,1,0
FRAG_000697,FRAG_000698,sample_pdf_020.pdf,sample_pdf_020.pdf,24,25,1
FRAG_000046,FRAG_000047,sample_jpeg_005.jpg,sample_jpeg_005.jpg,4,5,1
FRAG_000036,FRAG_000191,sample_jpeg_004.jpeg,sample_jpeg_021.jpg,2,4,0
FRAG_000590,FRAG_000898,sample_pdf_017.pdf,sample_png_012.png,7,1,0
FRAG_000314,FRAG_001557,sample_pdf_005.pdf,sample_zip_017.zip,0,13,0
FRAG_000997,FRAG_000998,sample_png_023.png,sample_png_023.png,1,2,1
FRAG_000364,FRAG_000365,sample_pdf_006.pdf,sample_pdf_006.pdf,16,17,1
FRAG_001445,FRAG_000560,sample_zip_009.zip,sample_pdf_015.pdf,1,11,0
FRAG_000889,FRAG_000202,sample_png_011.png,sample_jpeg_023.jpeg,1,1,0
FRAG_001441,FRAG_001442,sample_zip_008.zip,sample_zip_008.zip,9,10,1
FRAG_001246,FRAG_000304,sample_text_016.json,sample_pdf_003.pdf,8,24,0
FRAG_001272,FRAG_001535,sample_text_017.txt,sample_zip_016.zip,6,5,0
FRAG_000233,FRAG_000234,sample_pdf_001.pdf,sample_pdf_001.pdf,8,9,1
FRAG_000822,FRAG_000823,sample_png_004.png,sample_png_004.png,7,8,1
FRAG_001208,FRAG_001209,sample_text_015.json,sample_text_015.json,3,4,1
FRAG_000513,FRAG_000053,sample_pdf_012.pdf,sample_jpeg_007.jpg,30,0,0
FRAG_000830,FRAG_000831,sample_png_005.png,sample_png_005.png,3,4,1
FRAG_000867,FRAG_000228,sample_png_008.png,sample_pdf_001.pdf,12,3,0
FRAG_001101,FRAG_000278,sample_text_007.csv,sample_pdf_002.pdf,3,19,0
FRAG_000372,FRAG_000373,sample_pdf_007.pdf,sample_pdf_007.pdf,2,3,1
FRAG_001428,FRAG_001583,sample_zip_007.zip,sample_zip_020.zip,4,7,0
FRAG_000698,FRAG_000573,sample_pdf_020.pdf,sample_pdf_016.pdf,25,12,0
FRAG_000966,FRAG_000967,sample_png_019.png,sample_png_019.png,9,10,1
FRAG_000847,FRAG_000848,sample_png_007.png,sample_png_007.png,1,2,1
FRAG_000110,FRAG_000111,sample_jpeg_012.jpg,sample_jpeg_012.jpg,11,12,1
FRAG_000135,FRAG_000259,sample_jpeg_015.jpeg,sample_pdf_002.pdf,10,0,0
FRAG_000962,FRAG_000981,sample_png_019.png,sample_png_021.png,5,7,0
FRAG_000247,FRAG_000248,sample_pdf_001.pdf,sample_pdf_001.pdf,22,23,1
FRAG_000566,FRAG_000567,sample_pdf_016.pdf,sample_pdf_016.pdf,5,6,1
FRAG_000497,FRAG_000065,sample_pdf_012.pdf,sample_jpeg_008.jpeg,14,6,0
FRAG_000128,FRAG_001368,sample_jpeg_015.jpeg,sample_text_025.log,3,10,0
FRAG_001535,FRAG_001536,sample_zip_016.zip,sample_zip_016.zip,5,6,1
FRAG_000408,FRAG_000302,sample_pdf_008.pdf,sample_pdf_003.pdf,18,22,0
FRAG_000465,FRAG_000466,sample_pdf_011.pdf,sample_pdf_011.pdf,12,13,1
FRAG_001033,FRAG_000923,sample_text_001.json,sample_png_015.png,8,1,0
FRAG_000026,FRAG_000027,sample_jpeg_003.jpg,sample_jpeg_003.jpg,0,1,1
FRAG_000985,FRAG_000986,sample_png_021.png,sample_png_021.png,11,12,1
FRAG_000734,FRAG_000735,sample_pdf_022.pdf,sample_pdf_022.pdf,14,15,1
FRAG_001617,FRAG_001618,sample_zip_024.zip,sample_zip_024.zip,0,1,1
FRAG_001414,FRAG_001415,sample_zip_006.zip,sample_zip_006.zip,4,5,1
FRAG_000545,FRAG_000292,sample_pdf_014.pdf,sample_pdf_003.pdf,18,12,0
FRAG_000785,FRAG_001162,sample_pdf_025.pdf,sample_text_011.json,17,15,0
FRAG_000194,FRAG_001143,sample_jpeg_022.jpg,sample_text_010.log,1,4,0
FRAG_000991,FRAG_000953,sample_png_022.png,sample_png_018.png,3,8,0
FRAG_000375,FRAG_000376,sample_pdf_007.pdf,sample_pdf_007.pdf,5,6,1
FRAG_000699,FRAG_000700,sample_pdf_020.pdf,sample_pdf_020.pdf,26,27,1
FRAG_000759,FRAG_000760,sample_pdf_024.pdf,sample_pdf_024.pdf,4,5,1
FRAG_000618,FRAG_001402,sample_pdf_018.pdf,sample_zip_005.zip,15,1,0
FRAG_000259,FRAG_001307,sample_pdf_002.pdf,sample_text_020.txt,0,5,0
FRAG_000860,FRAG_000452,sample_png_008.png,sample_pdf_010.pdf,5,7,0
FRAG_000725,FRAG_000726,sample_pdf_022.pdf,sample_pdf_022.pdf,5,6,1
FRAG_000318,FRAG_000319,sample_pdf_005.pdf,sample_pdf_005.pdf,4,5,1
FRAG_000057,FRAG_000237,sample_jpeg_007.jpg,sample_pdf_001.pdf,4,12,0
FRAG_000239,FRAG_000240,sample_pdf_001.pdf,sample_pdf_001.pdf,14,15,1
FRAG_001297,FRAG_001199,sample_text_019.txt,sample_text_014.txt,10,2,0
FRAG_001360,FRAG_001297,sample_text_025.log,sample_text_019.txt,2,10,0
FRAG_000489,FRAG_000490,sample_pdf_012.pdf,sample_pdf_012.pdf,6,7,1
FRAG_001351,FRAG_001352,sample_text_024.txt,sample_text_024.txt,10,11,1
FRAG_000690,FRAG_001570,sample_pdf_020.pdf,sample_zip_019.zip,17,2,0
FRAG_001224,FRAG_000772,sample_text_015.json,sample_pdf_025.pdf,19,4,0
FRAG_000766,FRAG_000852,sample_pdf_024.pdf,sample_png_007.png,11,6,0
FRAG_001433,FRAG_000605,sample_zip_008.zip,sample_pdf_018.pdf,1,2,0
FRAG_001356,FRAG_001472,sample_text_024.txt,sample_zip_011.zip,15,9,0
FRAG_001104,FRAG_000539,sample_text_007.csv,sample_pdf_014.pdf,6,12,0
FRAG_000859,FRAG_000860,sample_png_008.png,sample_png_008.png,4,5,1
FRAG_001112,FRAG_000947,sample_text_008.json,sample_png_018.png,4,2,0
FRAG_001554,FRAG_001555,sample_zip_017.zip,sample_zip_017.zip,10,11,1
FRAG_000004,FRAG_000005,sample_jpeg_001.jpeg,sample_jpeg_001.jpeg,3,4,1
FRAG_001615,FRAG_001616,sample_zip_023.zip,sample_zip_023.zip,5,6,1
FRAG_000479,FRAG_000542,sample_pdf_011.pdf,sample_pdf_014.pdf,26,15,0
FRAG_000288,FRAG_000289,sample_pdf_003.pdf,sample_pdf_003.pdf,8,9,1
FRAG_000647,FRAG_000648,sample_pdf_019.pdf,sample_pdf_019.pdf,14,15,1
FRAG_000715,FRAG_001148,sample_pdf_021.pdf,sample_text_011.json,7,1,0
FRAG_001628,FRAG_001629,sample_zip_025.zip,sample_zip_025.zip,5,6,1
FRAG_000673,FRAG_000674,sample_pdf_020.pdf,sample_pdf_020.pdf,0,1,1
FRAG_000829,FRAG_000830,sample_png_005.png,sample_png_005.png,2,3,1
FRAG_001380,FRAG_000225,sample_zip_002.zip,sample_pdf_001.pdf,0,0,0
FRAG_001300,FRAG_001301,sample_text_019.txt,sample_text_019.txt,13,14,1
FRAG_000937,FRAG_000494,sample_png_016.png,sample_pdf_012.pdf,10,11,0
FRAG_001472,FRAG_000295,sample_zip_011.zip,sample_pdf_003.pdf,9,15,0
FRAG_000780,FRAG_000781,sample_pdf_025.pdf,sample_pdf_025.pdf,12,13,1
FRAG_001227,FRAG_000664,sample_text_015.json,sample_pdf_019.pdf,22,31,0
FRAG_001355,FRAG_001356,sample_text_024.txt,sample_text_024.txt,14,15,1
FRAG_000554,FRAG_001262,sample_pdf_015.pdf,sample_text_016.json,5,24,0
FRAG_001241,FRAG_001242,sample_text_016.json,sample_text_016.json,3,4,1
FRAG_001566,FRAG_001567,sample_zip_018.zip,sample_zip_018.zip,8,9,1
FRAG_000787,FRAG_001013,sample_pdf_025.pdf,sample_png_025.png,19,2,0
FRAG_000694,FRAG_000695,sample_pdf_020.pdf,sample_pdf_020.pdf,21,22,1
FRAG_001437,FRAG_001438,sample_zip_008.zip,sample_zip_008.zip,5,6,1
FRAG_001076,FRAG_001077,sample_text_004.json,sample_text_004.json,9,10,1
FRAG_001415,FRAG_001416,sample_zip_006.zip,sample_zip_006.zip,5,6,1
FRAG_001481,FRAG_001174,sample_zip_011.zip,sample_text_012.log,18,0,0
FRAG_000963,FRAG_000964,sample_png_019.png,sample_png_019.png,6,7,1
FRAG_001624,FRAG_001625,sample_zip_025.zip,sample_zip_025.zip,1,2,1
FRAG_000016,FRAG_000419,sample_jpeg_002.jpeg,sample_pdf_009.pdf,2,9,0
FRAG_000308,FRAG_000309,sample_pdf_004.pdf,sample_pdf_004.pdf,2,3,1
FRAG_000705,FRAG_000706,sample_pdf_020.pdf,sample_pdf_020.pdf,32,33,1
FRAG_000054,FRAG_000740,sample_jpeg_007.jpg,sample_pdf_022.pdf,1,20,0
FRAG_000619,FRAG_001330,sample_pdf_018.pdf,sample_text_022.log,16,5,0
FRAG_000232,FRAG_000233,sample_pdf_001.pdf,sample_pdf_001.pdf,7,8,1
FRAG_001613,FRAG_000168,sample_zip_023.zip,sample_jpeg_018.jpeg,3,6,0
FRAG_000869,FRAG_000870,sample_png_009.png,sample_png_009.png,0,1,1
FRAG_001267,FRAG_000463,sample_text_017.txt,sample_pdf_011.pdf,1,10,0
FRAG_001030,FRAG_000114,sample_text_001.json,sample_jpeg_013.jpeg,5,2,0
FRAG_000460,FRAG_000222,sample_pdf_011.pdf,sample_jpeg_025.jpg,7,8,0
FRAG_000166,FRAG_000167,sample_jpeg_018.jpeg,sample_jpeg_018.jpeg,4,5,1
FRAG_000798,FRAG_000799,sample_png_001.png,sample_png_001.png,2,3,1
FRAG_001395,FRAG_001318,sample_zip_004.zip,sample_text_021.csv,0,0,0
FRAG_001440,FRAG_000930,sample_zip_008.zip,sample_png_016.png,8,3,0
FRAG_000097,FRAG_000225,sample_jpeg_011.jpeg,sample_pdf_001.pdf,5,0,0
FRAG_001327,FRAG_000316,sample_text_022.log,sample_pdf_005.pdf,2,2,0
FRAG_000973,FRAG_000922,sample_png_020.png,sample_png_015.png,4,0,0
FRAG_001295,FRAG_001296,sample_text_019.txt,sample_text_019.txt,8,9,1
FRAG_000662,FRAG_001285,sample_pdf_019.pdf,sample_text_018.csv,29,8,0
FRAG_000616,FRAG_001039,sample_pdf_018.pdf,sample_text_001.json,13,14,0
FRAG_001169,FRAG_000854,sample_text_011.json,sample_png_007.png,22,8,0
FRAG_000708,FRAG_000709,sample_pdf_021.pdf,sample_pdf_021.pdf,0,1,1
FRAG_000146,FRAG_001053,sample_jpeg_016.jpeg,sample_text_002.txt,6,10,0
FRAG_000396,FRAG_000397,sample_pdf_008.pdf,sample_pdf_008.pdf,6,7,1
FRAG_001589,FRAG_001590,sample_zip_021.zip,sample_zip_021.zip,0,1,1
FRAG_000745,FRAG_000746,sample_pdf_023.pdf,sample_pdf_023.pdf,3,4,1
FRAG_001610,FRAG_001188,sample_zip_023.zip,sample_text_013.csv,0,0,0
FRAG_000971,FRAG_001064,sample_png_020.png,sample_text_003.log,2,5,0
FRAG_000447,FRAG_000448,sample_pdf_010.pdf,sample_pdf_010.pdf,2,3,1
FRAG_001613,FRAG_001437,sample_zip_023.zip,sample_zip_008.zip,3,5,0
FRAG_000707,FRAG_000881,sample_pdf_020.pdf,sample_png_010.png,34,0,0
FRAG_000002,FRAG_000003,sample_jpeg_001.jpeg,sample_jpeg_001.jpeg,1,2,1
FRAG_001055,FRAG_001056,sample_text_002.txt,sample_text_002.txt,12,13,1
FRAG_001164,FRAG_001165,sample_text_011.json,sample_text_011.json,17,18,1
FRAG_000045,FRAG_000046,sample_jpeg_005.jpg,sample_jpeg_005.jpg,3,4,1
FRAG_000614,FRAG_001359,sample_pdf_018.pdf,sample_text_025.log,11,1,0
FRAG_001329,FRAG_001330,sample_text_022.log,sample_text_022.log,4,5,1
FRAG_000702,FRAG_001119,sample_pdf_020.pdf,sample_text_008.json,29,11,0
FRAG_000130,FRAG_000131,sample_jpeg_015.jpeg,sample_jpeg_015.jpeg,5,6,1
FRAG_000208,FRAG_000209,sample_jpeg_024.jpeg,sample_jpeg_024.jpeg,3,4,1
FRAG_000087,FRAG_000088,sample_jpeg_010.jpg,sample_jpeg_010.jpg,9,10,1
FRAG_001083,FRAG_001084,sample_text_004.json,sample_text_004.json,16,17,1
FRAG_000392,FRAG_000393,sample_pdf_008.pdf,sample_pdf_008.pdf,2,3,1
FRAG_000677,FRAG_000678,sample_pdf_020.pdf,sample_pdf_020.pdf,4,5,1
FRAG_001600,FRAG_000098,sample_zip_021.zip,sample_jpeg_011.jpeg,11,6,0
FRAG_001088,FRAG_001089,sample_text_005.csv,sample_text_005.csv,3,4,1
FRAG_000821,FRAG_000143,sample_png_004.png,sample_jpeg_016.jpeg,6,3,0
FRAG_000419,FRAG_000420,sample_pdf_009.pdf,sample_pdf_009.pdf,9,10,1
FRAG_001244,FRAG_001245,sample_text_016.json,sample_text_016.json,6,7,1
FRAG_000156,FRAG_001213,sample_jpeg_017.jpg,sample_text_015.json,8,8,0
FRAG_001242,FRAG_001527,sample_text_016.json,sample_zip_015.zip,4,7,0
FRAG_001541,FRAG_000864,sample_zip_016.zip,sample_png_008.png,11,9,0
FRAG_000770,FRAG_000771,sample_pdf_025.pdf,sample_pdf_025.pdf,2,3,1
FRAG_001551,FRAG_001552,sample_zip_017.zip,sample_zip_017.zip,7,8,1
FRAG_001558,FRAG_001559,sample_zip_018.zip,sample_zip_018.zip,0,1,1
FRAG_000065,FRAG_000066,sample_jpeg_008.jpeg,sample_jpeg_008.jpeg,6,7,1
FRAG_000133,FRAG_001127,sample_jpeg_015.jpeg,sample_text_008.json,8,19,0
FRAG_000086,FRAG_000647,sample_jpeg_010.jpg,sample_pdf_019.pdf,8,14,0
FRAG_001545,FRAG_001546,sample_zip_017.zip,sample_zip_017.zip,1,2,1
FRAG_000759,FRAG_000142,sample_pdf_024.pdf,sample_jpeg_016.jpeg,4,2,0
FRAG_000834,FRAG_000390,sample_png_005.png,sample_pdf_008.pdf,7,0,0
FRAG_000689,FRAG_001370,sample_pdf_020.pdf,sample_zip_001.zip,16,0,0
FRAG_001308,FRAG_001309,sample_text_020.txt,sample_text_020.txt,6,7,1
FRAG_001589,FRAG_001071,sample_zip_021.zip,sample_text_004.json,0,4,0
FRAG_000393,FRAG_000394,sample_pdf_008.pdf,sample_pdf_008.pdf,3,4,1
FRAG_001526,FRAG_000969,sample_zip_015.zip,sample_png_020.png,6,0,0
FRAG_000776,FRAG_000777,sample_pdf_025.pdf,sample_pdf_025.pdf,8,9,1
FRAG_001532,FRAG_001472,sample_zip_016.zip,sample_zip_011.zip,2,9,0
FRAG_000248,FRAG_000508,sample_pdf_001.pdf,sample_pdf_012.pdf,23,25,0
FRAG_001271,FRAG_001272,sample_text_017.txt,sample_text_017.txt,5,6,1
FRAG_000486,FRAG_000487,sample_pdf_012.pdf,sample_pdf_012.pdf,3,4,1
FRAG_000450,FRAG_001403,sample_pdf_010.pdf,sample_zip_005.zip,5,2,0
FRAG_000129,FRAG_000130,sample_jpeg_015.jpeg,sample_jpeg_015.jpeg,4,5,1
FRAG_001634,FRAG_001635,sample_zip_025.zip,sample_zip_025.zip,11,12,1
FRAG_000633,FRAG_000696,sample_pdf_019.pdf,sample_pdf_020.pdf,0,23,0
FRAG_001457,FRAG_001057,sample_zip_010.zip,sample_text_002.txt,2,14,0
FRAG_001179,FRAG_001180,sample_text_012.log,sample_text_012.log,5,6,1
FRAG_001341,FRAG_000317,sample_text_024.txt,sample_pdf_005.pdf,0,3,0
FRAG_001530,FRAG_000186,sample_zip_016.zip,sample_jpeg_020.jpg,0,4,0
FRAG_001455,FRAG_001456,sample_zip_010.zip,sample_zip_010.zip,0,1,1
FRAG_000546,FRAG_000547,sample_pdf_014.pdf,sample_pdf_014.pdf,19,20,1
FRAG_000231,FRAG_000232,sample_pdf_001.pdf,sample_pdf_001.pdf,6,7,1
FRAG_000357,FRAG_000358,sample_pdf_006.pdf,sample_pdf_006.pdf,9,10,1
FRAG_001546,FRAG_001221,sample_zip_017.zip,sample_text_015.json,2,16,0
FRAG_000031,FRAG_000734,sample_jpeg_003.jpg,sample_pdf_022.pdf,5,14,0
FRAG_000433,FRAG_001162,sample_pdf_009.pdf,sample_text_011.json,23,15,0
FRAG_000782,FRAG_000783,sample_pdf_025.pdf,sample_pdf_025.pdf,14,15,1
FRAG_001170,FRAG_001171,sample_text_011.json,sample_text_011.json,23,24,1
FRAG_001249,FRAG_001516,sample_text_016.json,sample_zip_014.zip,11,13,0
FRAG_000158,FRAG_001321,sample_jpeg_017.jpg,sample_text_021.csv,10,3,0
FRAG_001440,FRAG_001562,sample_zip_008.zip,sample_zip_018.zip,8,4,0
FRAG_000618,FRAG_000619,sample_pdf_018.pdf,sample_pdf_018.pdf,15,16,1
FRAG_000235,FRAG_001397,sample_pdf_001.pdf,sample_zip_004.zip,10,2,0
FRAG_000720,FRAG_000916,sample_pdf_022.pdf,sample_png_014.png,0,5,0
FRAG_001099,FRAG_000679,sample_text_007.csv,sample_pdf_020.pdf,1,6,0
FRAG_000485,FRAG_000486,sample_pdf_012.pdf,sample_pdf_012.pdf,2,3,1
FRAG_000409,FRAG_001549,sample_pdf_008.pdf,sample_zip_017.zip,19,5,0
FRAG_000698,FRAG_000699,sample_pdf_020.pdf,sample_pdf_020.pdf,25,26,1
FRAG_000061,FRAG_000062,sample_jpeg_008.jpeg,sample_jpeg_008.jpeg,2,3,1
FRAG_000401,FRAG_000402,sample_pdf_008.pdf,sample_pdf_008.pdf,11,12,1
FRAG_000595,FRAG_000596,sample_pdf_017.pdf,sample_pdf_017.pdf,12,13,1
FRAG_000852,FRAG_000853,sample_png_007.png,sample_png_007.png,6,7,1
FRAG_000703,FRAG_000704,sample_pdf_020.pdf,sample_pdf_020.pdf,30,31,1
FRAG_000976,FRAG_000919,sample_png_021.png,sample_png_014.png,2,8,0
FRAG_001249,FRAG_001250,sample_text_016.json,sample_text_016.json,11,12,1
FRAG_000752,FRAG_000753,sample_pdf_023.pdf,sample_pdf_023.pdf,10,11,1
FRAG_000508,FRAG_001450,sample_pdf_012.pdf,sample_zip_009.zip,25,6,0
FRAG_000187,FRAG_000963,sample_jpeg_021.jpg,sample_png_019.png,0,6,0
FRAG_001205,FRAG_001206,sample_text_015.json,sample_text_015.json,0,1,1
FRAG_001060,FRAG_001061,sample_text_003.log,sample_text_003.log,1,2,1
FRAG_000785,FRAG_000786,sample_pdf_025.pdf,sample_pdf_025.pdf,17,18,1
FRAG_001580,FRAG_001581,sample_zip_020.zip,sample_zip_020.zip,4,5,1
FRAG_000540,FRAG_001026,sample_pdf_014.pdf,sample_text_001.json,13,1,0
FRAG_000819,FRAG_001392,sample_png_004.png,sample_zip_003.zip,4,7,0
FRAG_001318,FRAG_000064,sample_text_021.csv,sample_jpeg_008.jpeg,0,5,0
FRAG_001495,FRAG_001413,sample_zip_013.zip,sample_zip_006.zip,5,3,0
FRAG_001202,FRAG_001203,sample_text_014.txt,sample_text_014.txt,5,6,1
FRAG_000065,FRAG_000677,sample_jpeg_008.jpeg,sample_pdf_020.pdf,6,4,0
FRAG_001395,FRAG_001396,sample_zip_004.zip,sample_zip_004.zip,0,1,1
FRAG_000550,FRAG_000551,sample_pdf_015.pdf,sample_pdf_015.pdf,1,2,1
FRAG_000445,FRAG_000909,sample_pdf_010.pdf,sample_png_013.png,0,6,0
FRAG_001060,FRAG_000925,sample_text_003.log,sample_png_015.png,1,3,0
FRAG_001422,FRAG_001423,sample_zip_006.zip,sample_zip_006.zip,12,13,1
FRAG_000442,FRAG_000443,sample_pdf_009.pdf,sample_pdf_009.pdf,32,33,1
FRAG_000712,FRAG_001454,sample_pdf_021.pdf,sample_zip_009.zip,4,10,0
FRAG_000310,FRAG_000311,sample_pdf_004.pdf,sample_pdf_004.pdf,4,5,1
FRAG_000626,FRAG_001165,sample_pdf_018.pdf,sample_text_011.json,23,18,0
FRAG_001131,FRAG_001563,sample_text_009.txt,sample_zip_018.zip,3,5,0
FRAG_000202,FRAG_000203,sample_jpeg_023.jpeg,sample_jpeg_023.jpeg,1,2,1
FRAG_000140,FRAG_000141,sample_jpeg_016.jpeg,sample_jpeg_016.jpeg,0,1,1
FRAG_001059,FRAG_001060,sample_text_003.log,sample_text_003.log,0,1,1
FRAG_000643,FRAG_000858,sample_pdf_019.pdf,sample_png_008.png,10,3,0
FRAG_000906,FRAG_000907,sample_png_013.png,sample_png_013.png,3,4,1
FRAG_001103,FRAG_001104,sample_text_007.csv,sample_text_007.csv,5,6,1
FRAG_000648,FRAG_000649,sample_pdf_019.pdf,sample_pdf_019.pdf,15,16,1
FRAG_001074,FRAG_001289,sample_text_004.json,sample_text_019.txt,7,2,0
FRAG_000542,FRAG_000543,sample_pdf_014.pdf,sample_pdf_014.pdf,15,16,1
FRAG_000817,FRAG_000268,sample_png_004.png,sample_pdf_002.pdf,2,9,0
FRAG_001368,FRAG_001369,sample_text_025.log,sample_text_025.log,10,11,1
FRAG_001356,FRAG_001357,sample_text_024.txt,sample_text_024.txt,15,16,1
FRAG_001061,FRAG_000793,sample_text_003.log,sample_pdf_025.pdf,2,25,0
FRAG_001325,FRAG_000392,sample_text_022.log,sample_pdf_008.pdf,0,2,0
FRAG_000984,FRAG_000985,sample_png_021.png,sample_png_021.png,10,11,1
FRAG_000769,FRAG_000813,sample_pdf_025.pdf,sample_png_003.png,1,4,0
FRAG_000544,FRAG_001343,sample_pdf_014.pdf,sample_text_024.txt,17,2,0
FRAG_000417,FRAG_000418,sample_pdf_009.pdf,sample_pdf_009.pdf,7,8,1
FRAG_000475,FRAG_000476,sample_pdf_011.pdf,sample_pdf_011.pdf,22,23,1
FRAG_000774,FRAG_000775,sample_pdf_025.pdf,sample_pdf_025.pdf,6,7,1
FRAG_000083,FRAG_001563,sample_jpeg_010.jpg,sample_zip_018.zip,5,5,0
FRAG_000940,FRAG_000941,sample_png_017.png,sample_png_017.png,1,2,1
FRAG_001513,FRAG_001514,sample_zip_014.zip,sample_zip_014.zip,10,11,1
FRAG_000839,FRAG_000840,sample_png_006.png,sample_png_006.png,4,5,1
FRAG_000068,FRAG_000069,sample_jpeg_008.jpeg,sample_jpeg_008.jpeg,9,10,1
FRAG_001085,FRAG_000752,sample_text_005.csv,sample_pdf_023.pdf,0,10,0
FRAG_000370,FRAG_000560,sample_pdf_007.pdf,sample_pdf_015.pdf,0,11,0
FRAG_001605,FRAG_001606,sample_zip_022.zip,sample_zip_022.zip,2,3,1
FRAG_000997,FRAG_000318,sample_png_023.png,sample_pdf_005.pdf,1,4,0
FRAG_000955,FRAG_000956,sample_png_018.png,sample_png_018.png,10,11,1
FRAG_001620,FRAG_000605,sample_zip_024.zip,sample_pdf_018.pdf,3,2,0
FRAG_000376,FRAG_000377,sample_pdf_007.pdf,sample_pdf_007.pdf,6,7,1
FRAG_000116,FRAG_000117,sample_jpeg_013.jpeg,sample_jpeg_013.jpeg,4,5,1
FRAG_001019,FRAG_001020,sample_png_025.png,sample_png_025.png,8,9,1
FRAG_000099,FRAG_000100,sample_jpeg_012.jpg,sample_jpeg_012.jpg,0,1,1
FRAG_000277,FRAG_000278,sample_pdf_002.pdf,sample_pdf_002.pdf,18,19,1
FRAG_001522,FRAG_001427,sample_zip_015.zip,sample_zip_007.zip,2,3,0
FRAG_001380,FRAG_001339,sample_zip_002.zip,sample_text_023.csv,0,2,0
FRAG_001186,FRAG_001218,sample_text_012.log,sample_text_015.json,12,13,0
FRAG_000288,FRAG_000978,sample_pdf_003.pdf,sample_png_021.png,8,4,0
FRAG_000017,FRAG_001160,sample_jpeg_002.jpeg,sample_text_011.json,3,13,0
FRAG_000291,FRAG_000292,sample_pdf_003.pdf,sample_pdf_003.pdf,11,12,1
FRAG_001324,FRAG_000202,sample_text_021.csv,sample_jpeg_023.jpeg,6,1,0
FRAG_000979,FRAG_000980,sample_png_021.png,sample_png_021.png,5,6,1
FRAG_000722,FRAG_000449,sample_pdf_022.pdf,sample_pdf_010.pdf,2,4,0
FRAG_000438,FRAG_000439,sample_pdf_009.pdf,sample_pdf_009.pdf,28,29,1
FRAG_000743,FRAG_000204,sample_pdf_023.pdf,sample_jpeg_023.jpeg,1,3,0
FRAG_000050,FRAG_000051,sample_jpeg_006.jpg,sample_jpeg_006.jpg,2,3,1
FRAG_000964,FRAG_000040,sample_png_019.png,sample_jpeg_004.jpeg,7,6,0
FRAG_000948,FRAG_000512,sample_png_018.png,sample_pdf_012.pdf,3,29,0
FRAG_000571,FRAG_000572,sample_pdf_016.pdf,sample_pdf_016.pdf,10,11,1
FRAG_001294,FRAG_001295,sample_text_019.txt,sample_text_019.txt,7,8,1
FRAG_001285,FRAG_001286,sample_text_018.csv,sample_text_018.csv,8,9,1
FRAG_000194,FRAG_000195,sample_jpeg_022.jpg,sample_jpeg_022.jpg,1,2,1
FRAG_001427,FRAG_001428,sample_zip_007.zip,sample_zip_007.zip,3,4,1
FRAG_001393,FRAG_001394,sample_zip_003.zip,sample_zip_003.zip,8,9,1
FRAG_000568,FRAG_001569,sample_pdf_016.pdf,sample_zip_019.zip,7,1,0
FRAG_001372,FRAG_000235,sample_zip_001.zip,sample_pdf_001.pdf,2,10,0
FRAG_000879,FRAG_000880,sample_png_009.png,sample_png_009.png,10,11,1
FRAG_001623,FRAG_001336,sample_zip_025.zip,sample_text_022.log,0,11,0
FRAG_000439,FRAG_000440,sample_pdf_009.pdf,sample_pdf_009.pdf,29,30,1
FRAG_000952,FRAG_000418,sample_png_018.png,sample_pdf_009.pdf,7,8,0
FRAG_000492,FRAG_000493,sample_pdf_012.pdf,sample_pdf_012.pdf,9,10,1
FRAG_000891,FRAG_000324,sample_png_011.png,sample_pdf_005.pdf,3,10,0
FRAG_000168,FRAG_000859,sample_jpeg_018.jpeg,sample_png_008.png,6,4,0
FRAG_000488,FRAG_001206,sample_pdf_012.pdf,sample_text_015.json,5,1,0
FRAG_000027,FRAG_000028,sample_jpeg_003.jpg,sample_jpeg_003.jpg,1,2,1
FRAG_000275,FRAG_000276,sample_pdf_002.pdf,sample_pdf_002.pdf,16,17,1
FRAG_000316,FRAG_000317,sample_pdf_005.pdf,sample_pdf_005.pdf,2,3,1
FRAG_000138,FRAG_000484,sample_jpeg_015.jpeg,sample_pdf_012.pdf,13,1,0
FRAG_000439,FRAG_001105,sample_pdf_009.pdf,sample_text_007.csv,29,7,0
FRAG_000234,FRAG_000235,sample_pdf_001.pdf,sample_pdf_001.pdf,9,10,1
FRAG_001021,FRAG_001022,sample_png_025.png,sample_png_025.png,10,11,1
FRAG_000218,FRAG_000219,sample_jpeg_025.jpg,sample_jpeg_025.jpg,4,5,1
FRAG_000551,FRAG_000552,sample_pdf_015.pdf,sample_pdf_015.pdf,2,3,1
FRAG_001216,FRAG_001217,sample_text_015.json,sample_text_015.json,11,12,1
FRAG_001175,FRAG_000829,sample_text_012.log,sample_png_005.png,1,2,0
FRAG_001228,FRAG_001229,sample_text_015.json,sample_text_015.json,23,24,1
FRAG_000060,FRAG_000095,sample_jpeg_008.jpeg,sample_jpeg_011.jpeg,1,3,0
FRAG_001193,FRAG_001132,sample_text_013.csv,sample_text_009.txt,5,4,0
FRAG_001414,FRAG_000513,sample_zip_006.zip,sample_pdf_012.pdf,4,30,0
FRAG_000072,FRAG_000073,sample_jpeg_009.jpeg,sample_jpeg_009.jpeg,2,3,1
FRAG_001087,FRAG_000441,sample_text_005.csv,sample_pdf_009.pdf,2,31,0
FRAG_000107,FRAG_000717,sample_jpeg_012.jpg,sample_pdf_021.pdf,8,9,0
FRAG_000573,FRAG_000574,sample_pdf_016.pdf,sample_pdf_016.pdf,12,13,1
FRAG_000656,FRAG_000657,sample_pdf_019.pdf,sample_pdf_019.pdf,23,24,1
FRAG_001499,FRAG_001500,sample_zip_013.zip,sample_zip_013.zip,9,10,1
FRAG_001145,FRAG_001369,sample_text_010.log,sample_text_025.log,6,11,0
FRAG_001135,FRAG_001136,sample_text_009.txt,sample_text_009.txt,7,8,1
FRAG_000870,FRAG_000871,sample_png_009.png,sample_png_009.png,1,2,1
FRAG_000778,FRAG_000779,sample_pdf_025.pdf,sample_pdf_025.pdf,10,11,1
FRAG_000518,FRAG_000979,sample_pdf_013.pdf,sample_png_021.png,0,5,0
FRAG_001576,FRAG_001577,sample_zip_020.zip,sample_zip_020.zip,0,1,1
FRAG_000210,FRAG_000211,sample_jpeg_024.jpeg,sample_jpeg_024.jpeg,5,6,1
FRAG_000333,FRAG_000334,sample_pdf_005.pdf,sample_pdf_005.pdf,19,20,1
FRAG_001106,FRAG_001012,sample_text_007.csv,sample_png_025.png,8,1,0
FRAG_001631,FRAG_000082,sample_zip_025.zip,sample_jpeg_010.jpg,8,4,0
FRAG_000149,FRAG_000020,sample_jpeg_017.jpg,sample_jpeg_002.jpeg,1,6,0
FRAG_000476,FRAG_000477,sample_pdf_011.pdf,sample_pdf_011.pdf,23,24,1
FRAG_000093,FRAG_000094,sample_jpeg_011.jpeg,sample_jpeg_011.jpeg,1,2,1
FRAG_001040,FRAG_000548,sample_text_001.json,sample_pdf_014.pdf,15,21,0
FRAG_001414,FRAG_000759,sample_zip_006.zip,sample_pdf_024.pdf,4,4,0
FRAG_001561,FRAG_001562,sample_zip_018.zip,sample_zip_018.zip,3,4,1
FRAG_001041,FRAG_000165,sample_text_001.json,sample_jpeg_018.jpeg,16,3,0
FRAG_000667,FRAG_000668,sample_pdf_019.pdf,sample_pdf_019.pdf,34,35,1
FRAG_000102,FRAG_001381,sample_jpeg_012.jpg,sample_zip_002.zip,3,1,0
FRAG_000726,FRAG_000868,sample_pdf_022.pdf,sample_png_008.png,6,13,0
FRAG_000353,FRAG_000354,sample_pdf_006.pdf,sample_pdf_006.pdf,5,6,1
FRAG_000663,FRAG_000509,sample_pdf_019.pdf,sample_pdf_012.pdf,30,26,0
FRAG_000272,FRAG_000273,sample_pdf_002.pdf,sample_pdf_002.pdf,13,14,1
FRAG_000876,FRAG_001149,sample_png_009.png,sample_text_011.json,7,2,0
FRAG_000055,FRAG_000850,sample_jpeg_007.jpg,sample_png_007.png,2,4,0
FRAG_001023,FRAG_001024,sample_png_025.png,sample_png_025.png,12,13,1
FRAG_000961,FRAG_000906,sample_png_019.png,sample_png_013.png,4,3,0
FRAG_000832,FRAG_000745,sample_png_005.png,sample_pdf_023.pdf,5,3,0
FRAG_000461,FRAG_000462,sample_pdf_011.pdf,sample_pdf_011.pdf,8,9,1
FRAG_000314,FRAG_000623,sample_pdf_005.pdf,sample_pdf_018.pdf,0,20,0
FRAG_000783,FRAG_000784,sample_pdf_025.pdf,sample_pdf_025.pdf,15,16,1
FRAG_001240,FRAG_000975,sample_text_016.json,sample_png_021.png,2,1,0
FRAG_000665,FRAG_001591,sample_pdf_019.pdf,sample_zip_021.zip,32,2,0
FRAG_000256,FRAG_000584,sample_pdf_001.pdf,sample_pdf_017.pdf,31,1,0
FRAG_000688,FRAG_000689,sample_pdf_020.pdf,sample_pdf_020.pdf,15,16,1
FRAG_001030,FRAG_001031,sample_text_001.json,sample_text_001.json,5,6,1
FRAG_001636,FRAG_000358,sample_zip_025.zip,sample_pdf_006.pdf,13,10,0
FRAG_001077,FRAG_000842,sample_text_004.json,sample_png_006.png,10,7,0
FRAG_000242,FRAG_000243,sample_pdf_001.pdf,sample_pdf_001.pdf,17,18,1
FRAG_000349,FRAG_000350,sample_pdf_006.pdf,sample_pdf_006.pdf,1,2,1
FRAG_000297,FRAG_000786,sample_pdf_003.pdf,sample_pdf_025.pdf,17,18,0
FRAG_001291,FRAG_001292,sample_text_019.txt,sample_text_019.txt,4,5,1
FRAG_000903,FRAG_000946,sample_png_013.png,sample_png_018.png,0,1,0
FRAG_001313,FRAG_000697,sample_text_020.txt,sample_pdf_020.pdf,11,24,0
FRAG_001135,FRAG_001173,sample_text_009.txt,sample_text_011.json,7,26,0
FRAG_000450,FRAG_000451,sample_pdf_010.pdf,sample_pdf_010.pdf,5,6,1
FRAG_000171,FRAG_000172,sample_jpeg_019.jpg,sample_jpeg_019.jpg,1,2,1
FRAG_000515,FRAG_000516,sample_pdf_012.pdf,sample_pdf_012.pdf,32,33,1
FRAG_000598,FRAG_000599,sample_pdf_017.pdf,sample_pdf_017.pdf,15,16,1
FRAG_001000,FRAG_001001,sample_png_023.png,sample_png_023.png,4,5,1
FRAG_000905,FRAG_000708,sample_png_013.png,sample_pdf_021.pdf,2,0,0
FRAG_000714,FRAG_000715,sample_pdf_021.pdf,sample_pdf_021.pdf,6,7,1
FRAG_000597,FRAG_000067,sample_pdf_017.pdf,sample_jpeg_008.jpeg,14,8,0
FRAG_000882,FRAG_000360,sample_png_010.png,sample_pdf_006.pdf,1,12,0
FRAG_000953,FRAG_001433,sample_png_018.png,sample_zip_008.zip,8,1,0
FRAG_000862,FRAG_000863,sample_png_008.png,sample_png_008.png,7,8,1
FRAG_001293,FRAG_000121,sample_text_019.txt,sample_jpeg_014.jpeg,6,0,0
FRAG_000160,FRAG_000642,sample_jpeg_017.jpg,sample_pdf_019.pdf,12,9,0
FRAG_000690,FRAG_000691,sample_pdf_020.pdf,sample_pdf_020.pdf,17,18,1
FRAG_000537,FRAG_000331,sample_pdf_014.pdf,sample_pdf_005.pdf,10,17,0
FRAG_001018,FRAG_000587,sample_png_025.png,sample_pdf_017.pdf,7,4,0
FRAG_000829,FRAG_001417,sample_png_005.png,sample_zip_006.zip,2,7,0
FRAG_000522,FRAG_000523,sample_pdf_013.pdf,sample_pdf_013.pdf,4,5,1
FRAG_000295,FRAG_000296,sample_pdf_003.pdf,sample_pdf_003.pdf,15,16,1
FRAG_001633,FRAG_001064,sample_zip_025.zip,sample_text_003.log,10,5,0
FRAG_000959,FRAG_000960,sample_png_019.png,sample_png_019.png,2,3,1
FRAG_000143,FRAG_000144,sample_jpeg_016.jpeg,sample_jpeg_016.jpeg,3,4,1
FRAG_001253,FRAG_001254,sample_text_016.json,sample_text_016.json,15,16,1
FRAG_001307,FRAG_001308,sample_text_020.txt,sample_text_020.txt,5,6,1
FRAG_000172,FRAG_000173,sample_jpeg_019.jpg,sample_jpeg_019.jpg,2,3,1
FRAG_001184,FRAG_001040,sample_text_012.log,sample_text_001.json,10,15,0
FRAG_001427,FRAG_001497,sample_zip_007.zip,sample_zip_013.zip,3,7,0
FRAG_001486,FRAG_001410,sample_zip_012.zip,sample_zip_006.zip,4,0,0
FRAG_000301,FRAG_000302,sample_pdf_003.pdf,sample_pdf_003.pdf,21,22,1
FRAG_001118,FRAG_001119,sample_text_008.json,sample_text_008.json,10,11,1
FRAG_000220,FRAG_000221,sample_jpeg_025.jpg,sample_jpeg_025.jpg,6,7,1
FRAG_001282,FRAG_001283,sample_text_018.csv,sample_text_018.csv,5,6,1
FRAG_000195,FRAG_000196,sample_jpeg_022.jpg,sample_jpeg_022.jpg,2,3,1
FRAG_000697,FRAG_000570,sample_pdf_020.pdf,sample_pdf_016.pdf,24,9,0
FRAG_001013,FRAG_001014,sample_png_025.png,sample_png_025.png,2,3,1
FRAG_000816,FRAG_000817,sample_png_004.png,sample_png_004.png,1,2,1
FRAG_000502,FRAG_000974,sample_pdf_012.pdf,sample_png_021.png,19,0,0
FRAG_001552,FRAG_001553,sample_zip_017.zip,sample_zip_017.zip,8,9,1
FRAG_000908,FRAG_000909,sample_png_013.png,sample_png_013.png,5,6,1
FRAG_001150,FRAG_001151,sample_text_011.json,sample_text_011.json,3,4,1
FRAG_001239,FRAG_000432,sample_text_016.json,sample_pdf_009.pdf,1,22,0
FRAG_001012,FRAG_000275,sample_png_025.png,sample_pdf_002.pdf,1,16,0
FRAG_000511,FRAG_000512,sample_pdf_012.pdf,sample_pdf_012.pdf,28,29,1
FRAG_001307,FRAG_000477,sample_text_020.txt,sample_pdf_011.pdf,5,24,0
FRAG_000024,FRAG_000536,sample_jpeg_002.jpeg,sample_pdf_014.pdf,10,9,0
FRAG_000586,FRAG_000732,sample_pdf_017.pdf,sample_pdf_022.pdf,3,12,0
FRAG_001589,FRAG_000842,sample_zip_021.zip,sample_png_006.png,0,7,0
FRAG_001295,FRAG_001056,sample_text_019.txt,sample_text_002.txt,8,13,0
FRAG_000321,FRAG_000322,sample_pdf_005.pdf,sample_pdf_005.pdf,7,8,1
FRAG_000137,FRAG_000138,sample_jpeg_015.jpeg,sample_jpeg_015.jpeg,12,13,1
FRAG_001087,FRAG_001088,sample_text_005.csv,sample_text_005.csv,2,3,1
FRAG_001014,FRAG_001224,sample_png_025.png,sample_text_015.json,3,19,0
FRAG_000525,FRAG_000526,sample_pdf_013.pdf,sample_pdf_013.pdf,7,8,1
FRAG_001171,FRAG_001172,sample_text_011.json,sample_text_011.json,24,25,1
FRAG_000456,FRAG_000457,sample_pdf_011.pdf,sample_pdf_011.pdf,3,4,1
FRAG_001195,FRAG_000294,sample_text_013.csv,sample_pdf_003.pdf,7,14,0
FRAG_000674,FRAG_000675,sample_pdf_020.pdf,sample_pdf_020.pdf,1,2,1
FRAG_001612,FRAG_001613,sample_zip_023.zip,sample_zip_023.zip,2,3,1
FRAG_000412,FRAG_000271,sample_pdf_009.pdf,sample_pdf_002.pdf,2,12,0
FRAG_000868,FRAG_000567,sample_png_008.png,sample_pdf_016.pdf,13,6,0
FRAG_001100,FRAG_000017,sample_text_007.csv,sample_jpeg_002.jpeg,2,3,0
FRAG_001456,FRAG_001457,sample_zip_010.zip,sample_zip_010.zip,1,2,1
FRAG_000430,FRAG_001373,sample_pdf_009.pdf,sample_zip_001.zip,20,3,0
FRAG_000408,FRAG_000788,sample_pdf_008.pdf,sample_pdf_025.pdf,18,20,0
FRAG_000733,FRAG_000734,sample_pdf_022.pdf,sample_pdf_022.pdf,13,14,1
FRAG_001343,FRAG_000680,sample_text_024.txt,sample_pdf_020.pdf,2,7,0
FRAG_000021,FRAG_000022,sample_jpeg_002.jpeg,sample_jpeg_002.jpeg,7,8,1
FRAG_001438,FRAG_001125,sample_zip_008.zip,sample_text_008.json,6,17,0
FRAG_000750,FRAG_001088,sample_pdf_023.pdf,sample_text_005.csv,8,3,0
FRAG_000584,FRAG_000324,sample_pdf_017.pdf,sample_pdf_005.pdf,1,10,0
FRAG_001407,FRAG_001408,sample_zip_005.zip,sample_zip_005.zip,6,7,1
FRAG_001124,FRAG_001459,sample_text_008.json,sample_zip_010.zip,16,4,0
FRAG_001198,FRAG_001199,sample_text_014.txt,sample_text_014.txt,1,2,1
FRAG_000514,FRAG_000515,sample_pdf_012.pdf,sample_pdf_012.pdf,31,32,1
FRAG_001422,FRAG_001006,sample_zip_006.zip,sample_png_024.png,12,0,0
FRAG_000901,FRAG_000902,sample_png_012.png,sample_png_012.png,4,5,1
FRAG_000496,FRAG_000956,sample_pdf_012.pdf,sample_png_018.png,13,11,0
FRAG_000015,FRAG_000016,sample_jpeg_002.jpeg,sample_jpeg_002.jpeg,1,2,1
FRAG_000338,FRAG_000339,sample_pdf_005.pdf,sample_pdf_005.pdf,24,25,1
FRAG_000541,FRAG_000542,sample_pdf_014.pdf,sample_pdf_014.pdf,14,15,1
FRAG_000385,FRAG_001062,sample_pdf_007.pdf,sample_text_003.log,15,3,0
FRAG_000147,FRAG_001248,sample_jpeg_016.jpeg,sample_text_016.json,7,10,0
FRAG_001338,FRAG_000975,sample_text_023.csv,sample_png_021.png,1,1,0
FRAG_001538,FRAG_001578,sample_zip_016.zip,sample_zip_020.zip,8,2,0
FRAG_001625,FRAG_001626,sample_zip_025.zip,sample_zip_025.zip,2,3,1
FRAG_000793,FRAG_000765,sample_pdf_025.pdf,sample_pdf_024.pdf,25,10,0
FRAG_001222,FRAG_000131,sample_text_015.json,sample_jpeg_015.jpeg,17,6,0
FRAG_000450,FRAG_000284,sample_pdf_010.pdf,sample_pdf_003.pdf,5,4,0
FRAG_000742,FRAG_000038,sample_pdf_023.pdf,sample_jpeg_004.jpeg,0,4,0
FRAG_001306,FRAG_001307,sample_text_020.txt,sample_text_020.txt,4,5,1
FRAG_000806,FRAG_000807,sample_png_002.png,sample_png_002.png,3,4,1
FRAG_000800,FRAG_000963,sample_png_001.png,sample_png_019.png,4,6,0
FRAG_000535,FRAG_000536,sample_pdf_014.pdf,sample_pdf_014.pdf,8,9,1
FRAG_001376,FRAG_001377,sample_zip_001.zip,sample_zip_001.zip,6,7,1
FRAG_000564,FRAG_000502,sample_pdf_016.pdf,sample_pdf_012.pdf,3,19,0
FRAG_000666,FRAG_000667,sample_pdf_019.pdf,sample_pdf_019.pdf,33,34,1
FRAG_001248,FRAG_000408,sample_text_016.json,sample_pdf_008.pdf,10,18,0
FRAG_001245,FRAG_001246,sample_text_016.json,sample_text_016.json,7,8,1
FRAG_000078,FRAG_001356,sample_jpeg_010.jpg,sample_text_024.txt,0,15,0
FRAG_000445,FRAG_000446,sample_pdf_010.pdf,sample_pdf_010.pdf,0,1,1
FRAG_000964,FRAG_000586,sample_png_019.png,sample_pdf_017.pdf,7,3,0
FRAG_000018,FRAG_000019,sample_jpeg_002.jpeg,sample_jpeg_002.jpeg,4,5,1
FRAG_000356,FRAG_001131,sample_pdf_006.pdf,sample_text_009.txt,8,3,0
FRAG_001143,FRAG_001566,sample_text_010.log,sample_zip_018.zip,4,8,0
FRAG_000198,FRAG_000199,sample_jpeg_022.jpg,sample_jpeg_022.jpg,5,6,1
FRAG_000716,FRAG_000717,sample_pdf_021.pdf,sample_pdf_021.pdf,8,9,1
FRAG_000683,FRAG_000658,sample_pdf_020.pdf,sample_pdf_019.pdf,10,25,0
FRAG_000558,FRAG_000578,sample_pdf_015.pdf,sample_pdf_016.pdf,9,17,0
FRAG_000637,FRAG_001129,sample_pdf_019.pdf,sample_text_009.txt,4,1,0
FRAG_000621,FRAG_000622,sample_pdf_018.pdf,sample_pdf_018.pdf,18,19,1
FRAG_000943,FRAG_000717,sample_png_017.png,sample_pdf_021.pdf,4,9,0
FRAG_001028,FRAG_001029,sample_text_001.json,sample_text_001.json,3,4,1
FRAG_001065,FRAG_001103,sample_text_003.log,sample_text_007.csv,6,5,0
FRAG_000158,FRAG_000159,sample_jpeg_017.jpg,sample_jpeg_017.jpg,10,11,1
FRAG_000881,FRAG_000882,sample_png_010.png,sample_png_010.png,0,1,1
FRAG_000735,FRAG_000768,sample_pdf_022.pdf,sample_pdf_025.pdf,15,0,0
FRAG_000152,FRAG_000636,sample_jpeg_017.jpg,sample_pdf_019.pdf,4,3,0
FRAG_001141,FRAG_001142,sample_text_010.log,sample_text_010.log,2,3,1
FRAG_000517,FRAG_000663,sample_pdf_012.pdf,sample_pdf_019.pdf,34,30,0
FRAG_000494,FRAG_000495,sample_pdf_012.pdf,sample_pdf_012.pdf,11,12,1
FRAG_000107,FRAG_001314,sample_jpeg_012.jpg,sample_text_020.txt,8,12,0
FRAG_000985,FRAG_000761,sample_png_021.png,sample_pdf_024.pdf,11,6,0
FRAG_001406,FRAG_000222,sample_zip_005.zip,sample_jpeg_025.jpg,5,8,0
FRAG_001491,FRAG_001492,sample_zip_013.zip,sample_zip_013.zip,1,2,1
FRAG_001111,FRAG_001112,sample_text_008.json,sample_text_008.json,3,4,1
FRAG_000271,FRAG_000272,sample_pdf_002.pdf,sample_pdf_002.pdf,12,13,1
FRAG_000372,FRAG_000294,sample_pdf_007.pdf,sample_pdf_003.pdf,2,14,0
FRAG_001261,FRAG_001262,sample_text_016.json,sample_text_016.json,23,24,1
FRAG_000178,FRAG_000179,sample_jpeg_019.jpg,sample_jpeg_019.jpg,8,9,1
FRAG_000323,FRAG_000117,sample_pdf_005.pdf,sample_jpeg_013.jpeg,9,5,0
FRAG_000409,FRAG_001239,sample_pdf_008.pdf,sample_text_016.json,19,1,0
FRAG_000930,FRAG_000699,sample_png_016.png,sample_pdf_020.pdf,3,26,0
FRAG_000146,FRAG_001408,sample_jpeg_016.jpeg,sample_zip_005.zip,6,7,0
FRAG_001525,FRAG_001514,sample_zip_015.zip,sample_zip_014.zip,5,11,0
FRAG_000916,FRAG_000917,sample_png_014.png,sample_png_014.png,5,6,1
FRAG_001178,FRAG_000606,sample_text_012.log,sample_pdf_018.pdf,4,3,0
FRAG_000704,FRAG_000705,sample_pdf_020.pdf,sample_pdf_020.pdf,31,32,1
FRAG_000496,FRAG_000497,sample_pdf_012.pdf,sample_pdf_012.pdf,13,14,1
FRAG_000185,FRAG_001260,sample_jpeg_020.jpg,sample_text_016.json,3,22,0
FRAG_001451,FRAG_001452,sample_zip_009.zip,sample_zip_009.zip,7,8,1
FRAG_001509,FRAG_000210,sample_zip_014.zip,sample_jpeg_024.jpeg,6,5,0
FRAG_001582,FRAG_001583,sample_zip_020.zip,sample_zip_020.zip,6,7,1
FRAG_001577,FRAG_000637,sample_zip_020.zip,sample_pdf_019.pdf,1,4,0
FRAG_000488,FRAG_000571,sample_pdf_012.pdf,sample_pdf_016.pdf,5,10,0
FRAG_001222,FRAG_001223,sample_text_015.json,sample_text_015.json,17,18,1
FRAG_000082,FRAG_000083,sample_jpeg_010.jpg,sample_jpeg_010.jpg,4,5,1
FRAG_001397,FRAG_000512,sample_zip_004.zip,sample_pdf_012.pdf,2,29,0
FRAG_001537,FRAG_000952,sample_zip_016.zip,sample_png_018.png,7,7,0
FRAG_000533,FRAG_000777,sample_pdf_014.pdf,sample_pdf_025.pdf,6,9,0
FRAG_000399,FRAG_000400,sample_pdf_008.pdf,sample_pdf_008.pdf,9,10,1
FRAG_000337,FRAG_000338,sample_pdf_005.pdf,sample_pdf_005.pdf,23,24,1
FRAG_001180,FRAG_000780,sample_text_012.log,sample_pdf_025.pdf,6,12,0
FRAG_000840,FRAG_000841,sample_png_006.png,sample_png_006.png,5,6,1
FRAG_000796,FRAG_000797,sample_png_001.png,sample_png_001.png,0,1,1
FRAG_001043,FRAG_001044,sample_text_002.txt,sample_text_002.txt,0,1,1
FRAG_000106,FRAG_000107,sample_jpeg_012.jpg,sample_jpeg_012.jpg,7,8,1
FRAG_000539,FRAG_000540,sample_pdf_014.pdf,sample_pdf_014.pdf,12,13,1
FRAG_001390,FRAG_001169,sample_zip_003.zip,sample_text_011.json,5,22,0
FRAG_000203,FRAG_000204,sample_jpeg_023.jpeg,sample_jpeg_023.jpeg,2,3,1
FRAG_001500,FRAG_000270,sample_zip_013.zip,sample_pdf_002.pdf,10,11,0
FRAG_001009,FRAG_001010,sample_png_024.png,sample_png_024.png,3,4,1
FRAG_000509,FRAG_000510,sample_pdf_012.pdf,sample_pdf_012.pdf,26,27,1
FRAG_000457,FRAG_000458,sample_pdf_011.pdf,sample_pdf_011.pdf,4,5,1
FRAG_000749,FRAG_001547,sample_pdf_023.pdf,sample_zip_017.zip,7,3,0
FRAG_000689,FRAG_000690,sample_pdf_020.pdf,sample_pdf_020.pdf,16,17,1
FRAG_001631,FRAG_001632,sample_zip_025.zip,sample_zip_025.zip,8,9,1
FRAG_000255,FRAG_000960,sample_pdf_001.pdf,sample_png_019.png,30,3,0
FRAG_001077,FRAG_000915,sample_text_004.json,sample_png_014.png,10,4,0
FRAG_000274,FRAG_000980,sample_pdf_002.pdf,sample_png_021.png,15,6,0
FRAG_001596,FRAG_001597,sample_zip_021.zip,sample_zip_021.zip,7,8,1
FRAG_001593,FRAG_001068,sample_zip_021.zip,sample_text_004.json,4,1,0
FRAG_000623,FRAG_000175,sample_pdf_018.pdf,sample_jpeg_019.jpg,20,5,0
FRAG_000700,FRAG_001570,sample_pdf_020.pdf,sample_zip_019.zip,27,2,0
FRAG_001163,FRAG_001164,sample_text_011.json,sample_text_011.json,16,17,1
FRAG_000672,FRAG_000178,sample_pdf_019.pdf,sample_jpeg_019.jpg,39,8,0
FRAG_001203,FRAG_001204,sample_text_014.txt,sample_text_014.txt,6,7,1
FRAG_000933,FRAG_000660,sample_png_016.png,sample_pdf_019.pdf,6,27,0
FRAG_001484,FRAG_001485,sample_zip_012.zip,sample_zip_012.zip,2,3,1
FRAG_000135,FRAG_000136,sample_jpeg_015.jpeg,sample_jpeg_015.jpeg,10,11,1
FRAG_000521,FRAG_000522,sample_pdf_013.pdf,sample_pdf_013.pdf,3,4,1
FRAG_001545,FRAG_000463,sample_zip_017.zip,sample_pdf_011.pdf,1,10,0
FRAG_000543,FRAG_001334,sample_pdf_014.pdf,sample_text_022.log,16,9,0
FRAG_000837,FRAG_000239,sample_png_006.png,sample_pdf_001.pdf,2,14,0
FRAG_000564,FRAG_001279,sample_pdf_016.pdf,sample_text_018.csv,3,2,0
FRAG_001147,FRAG_001148,sample_text_011.json,sample_text_011.json,0,1,1
FRAG_001536,FRAG_001537,sample_zip_016.zip,sample_zip_016.zip,6,7,1
FRAG_000509,FRAG_000243,sample_pdf_012.pdf,sample_pdf_001.pdf,26,18,0
FRAG_000717,FRAG_000718,sample_pdf_021.pdf,sample_pdf_021.pdf,9,10,1
FRAG_000053,FRAG_000054,sample_jpeg_007.jpg,sample_jpeg_007.jpg,0,1,1
FRAG_000605,FRAG_000606,sample_pdf_018.pdf,sample_pdf_018.pdf,2,3,1
FRAG_000059,FRAG_000060,sample_jpeg_008.jpeg,sample_jpeg_008.jpeg,0,1,1
FRAG_000528,FRAG_000529,sample_pdf_014.pdf,sample_pdf_014.pdf,1,2,1
FRAG_000769,FRAG_000770,sample_pdf_025.pdf,sample_pdf_025.pdf,1,2,1
FRAG_001366,FRAG_001367,sample_text_025.log,sample_text_025.log,8,9,1
FRAG_000251,FRAG_000252,sample_pdf_001.pdf,sample_pdf_001.pdf,26,27,1
FRAG_000453,FRAG_000449,sample_pdf_011.pdf,sample_pdf_010.pdf,0,4,0
FRAG_000246,FRAG_000016,sample_pdf_001.pdf,sample_jpeg_002.jpeg,21,2,0
FRAG_000572,FRAG_000720,sample_pdf_016.pdf,sample_pdf_022.pdf,11,0,0
FRAG_000385,FRAG_000386,sample_pdf_007.pdf,sample_pdf_007.pdf,15,16,1
FRAG_001080,FRAG_001081,sample_text_004.json,sample_text_004.json,13,14,1
FRAG_000264,FRAG_000265,sample_pdf_002.pdf,sample_pdf_002.pdf,5,6,1
FRAG_000875,FRAG_000641,sample_png_009.png,sample_pdf_019.pdf,6,8,0
FRAG_001048,FRAG_000237,sample_text_002.txt,sample_pdf_001.pdf,5,12,0
FRAG_001371,FRAG_001372,sample_zip_001.zip,sample_zip_001.zip,1,2,1
FRAG_000298,FRAG_000299,sample_pdf_003.pdf,sample_pdf_003.pdf,18,19,1
FRAG_000930,FRAG_000007,sample_png_016.png,sample_jpeg_001.jpeg,3,6,0
FRAG_001447,FRAG_001448,sample_zip_009.zip,sample_zip_009.zip,3,4,1
FRAG_000681,FRAG_000682,sample_pdf_020.pdf,sample_pdf_020.pdf,8,9,1
FRAG_000929,FRAG_000150,sample_png_016.png,sample_jpeg_017.jpg,2,2,0
FRAG_001301,FRAG_001008,sample_text_019.txt,sample_png_024.png,14,2,0
FRAG_000966,FRAG_001507,sample_png_019.png,sample_zip_014.zip,9,4,0
FRAG_001370,FRAG_001371,sample_zip_001.zip,sample_zip_001.zip,0,1,1
FRAG_000374,FRAG_000375,sample_pdf_007.pdf,sample_pdf_007.pdf,4,5,1
FRAG_001226,FRAG_001227,sample_text_015.json,sample_text_015.json,21,22,1
FRAG_000669,FRAG_000670,sample_pdf_019.pdf,sample_pdf_019.pdf,36,37,1
FRAG_000942,FRAG_000523,sample_png_017.png,sample_pdf_013.pdf,3,5,0
FRAG_000592,FRAG_001444,sample_pdf_017.pdf,sample_zip_009.zip,9,0,0
FRAG_001299,FRAG_000541,sample_text_019.txt,sample_pdf_014.pdf,12,14,0
FRAG_001414,FRAG_000241,sample_zip_006.zip,sample_pdf_001.pdf,4,16,0
FRAG_000006,FRAG_000837,sample_jpeg_001.jpeg,sample_png_006.png,5,2,0
FRAG_001264,FRAG_001265,sample_text_016.json,sample_text_016.json,26,27,1
FRAG_001583,FRAG_001287,sample_zip_020.zip,sample_text_019.txt,7,0,0
FRAG_001376,FRAG_001331,sample_zip_001.zip,sample_text_022.log,6,6,0
FRAG_000357,FRAG_001626,sample_pdf_006.pdf,sample_zip_025.zip,9,3,0
FRAG_000183,FRAG_000184,sample_jpeg_020.jpg,sample_jpeg_020.jpg,1,2,1
FRAG_000951,FRAG_000952,sample_png_018.png,sample_png_018.png,6,7,1
FRAG_001159,FRAG_001160,sample_text_011.json,sample_text_011.json,12,13,1
FRAG_000064,FRAG_000065,sample_jpeg_008.jpeg,sample_jpeg_008.jpeg,5,6,1
FRAG_000304,FRAG_000305,sample_pdf_003.pdf,sample_pdf_003.pdf,24,25,1
FRAG_001254,FRAG_000585,sample_text_016.json,sample_pdf_017.pdf,16,2,0
FRAG_000221,FRAG_000883,sample_jpeg_025.jpg,sample_png_010.png,7,2,0
FRAG_000756,FRAG_000344,sample_pdf_024.pdf,sample_pdf_005.pdf,1,30,0
FRAG_000756,FRAG_000757,sample_pdf_024.pdf,sample_pdf_024.pdf,1,2,1
FRAG_001620,FRAG_001621,sample_zip_024.zip,sample_zip_024.zip,3,4,1
FRAG_001084,FRAG_000017,sample_text_004.json,sample_jpeg_002.jpeg,17,3,0
FRAG_000187,FRAG_001548,sample_jpeg_021.jpg,sample_zip_017.zip,0,4,0
FRAG_000199,FRAG_000807,sample_jpeg_022.jpg,sample_png_002.png,6,4,0
FRAG_001401,FRAG_001402,sample_zip_005.zip,sample_zip_005.zip,0,1,1
FRAG_000370,FRAG_000439,sample_pdf_007.pdf,sample_pdf_009.pdf,0,29,0
FRAG_000056,FRAG_000057,sample_jpeg_007.jpg,sample_jpeg_007.jpg,3,4,1
FRAG_000074,FRAG_001265,sample_jpeg_009.jpeg,sample_text_016.json,4,27,0
FRAG_000426,FRAG_001282,sample_pdf_009.pdf,sample_text_018.csv,16,5,0
FRAG_001563,FRAG_000158,sample_zip_018.zip,sample_jpeg_017.jpg,5,10,0
FRAG_000498,FRAG_000499,sample_pdf_012.pdf,sample_pdf_012.pdf,15,16,1
FRAG_000878,FRAG_001196,sample_png_009.png,sample_text_013.csv,9,8,0
FRAG_001030,FRAG_001313,sample_text_001.json,sample_text_020.txt,5,11,0
FRAG_000787,FRAG_001261,sample_pdf_025.pdf,sample_text_016.json,19,23,0
FRAG_000249,FRAG_000250,sample_pdf_001.pdf,sample_pdf_001.pdf,24,25,1
FRAG_000265,FRAG_000779,sample_pdf_002.pdf,sample_pdf_025.pdf,6,11,0
FRAG_001281,FRAG_000612,sample_text_018.csv,sample_pdf_018.pdf,4,9,0
FRAG_000224,FRAG_001261,sample_jpeg_025.jpg,sample_text_016.json,10,23,0
FRAG_000552,FRAG_001181,sample_pdf_015.pdf,sample_text_012.log,3,7,0
FRAG_001431,FRAG_000993,sample_zip_007.zip,sample_png_022.png,7,5,0
FRAG_000448,FRAG_001561,sample_pdf_010.pdf,sample_zip_018.zip,3,3,0
FRAG_001332,FRAG_001333,sample_text_022.log,sample_text_022.log,7,8,1
FRAG_000123,FRAG_000124,sample_jpeg_014.jpeg,sample_jpeg_014.jpeg,2,3,1
FRAG_001258,FRAG_001259,sample_text_016.json,sample_text_016.json,20,21,1
FRAG_000716,FRAG_000720,sample_pdf_021.pdf,sample_pdf_022.pdf,8,0,0
FRAG_000377,FRAG_000378,sample_pdf_007.pdf,sample_pdf_007.pdf,7,8,1
FRAG_001224,FRAG_001225,sample_text_015.json,sample_text_015.json,19,20,1
FRAG_001095,FRAG_001096,sample_text_006.log,sample_text_006.log,5,6,1
FRAG_000615,FRAG_000616,sample_pdf_018.pdf,sample_pdf_018.pdf,12,13,1
FRAG_001005,FRAG_001459,sample_png_023.png,sample_zip_010.zip,9,4,0
FRAG_001481,FRAG_000077,sample_zip_011.zip,sample_jpeg_009.jpeg,18,7,0
FRAG_001556,FRAG_001557,sample_zip_017.zip,sample_zip_017.zip,12,13,1
FRAG_001260,FRAG_000089,sample_text_016.json,sample_jpeg_010.jpg,22,11,0
FRAG_000543,FRAG_000544,sample_pdf_014.pdf,sample_pdf_014.pdf,16,17,1
FRAG_000333,FRAG_001498,sample_pdf_005.pdf,sample_zip_013.zip,19,8,0
FRAG_000446,FRAG_000447,sample_pdf_010.pdf,sample_pdf_010.pdf,1,2,1
FRAG_000387,FRAG_000388,sample_pdf_007.pdf,sample_pdf_007.pdf,17,18,1
FRAG_000394,FRAG_000505,sample_pdf_008.pdf,sample_pdf_012.pdf,4,22,0
FRAG_000777,FRAG_001388,sample_pdf_025.pdf,sample_zip_003.zip,9,3,0
FRAG_001111,FRAG_000125,sample_text_008.json,sample_jpeg_015.jpeg,3,0,0
FRAG_000664,FRAG_000665,sample_pdf_019.pdf,sample_pdf_019.pdf,31,32,1
FRAG_000939,FRAG_000940,sample_png_017.png,sample_png_017.png,0,1,1
FRAG_001555,FRAG_001556,sample_zip_017.zip,sample_zip_017.zip,11,12,1
FRAG_000677,FRAG_001277,sample_pdf_020.pdf,sample_text_018.csv,4,0,0
FRAG_000718,FRAG_000719,sample_pdf_021.pdf,sample_pdf_021.pdf,10,11,1
FRAG_000038,FRAG_000039,sample_jpeg_004.jpeg,sample_jpeg_004.jpeg,4,5,1
FRAG_000309,FRAG_000310,sample_pdf_004.pdf,sample_pdf_004.pdf,3,4,1
FRAG_000628,FRAG_000629,sample_pdf_018.pdf,sample_pdf_018.pdf,25,26,1
FRAG_000587,FRAG_000588,sample_pdf_017.pdf,sample_pdf_017.pdf,4,5,1
FRAG_000470,FRAG_000066,sample_pdf_011.pdf,sample_jpeg_008.jpeg,17,7,0
FRAG_000604,FRAG_000605,sample_pdf_018.pdf,sample_pdf_018.pdf,1,2,1
FRAG_000952,FRAG_001425,sample_png_018.png,sample_zip_007.zip,7,1,0
FRAG_001630,FRAG_001631,sample_zip_025.zip,sample_zip_025.zip,7,8,1
FRAG_000842,FRAG_000725,sample_png_006.png,sample_pdf_022.pdf,7,5,0
FRAG_000458,FRAG_000459,sample_pdf_011.pdf,sample_pdf_011.pdf,5,6,1
FRAG_001032,FRAG_000454,sample_text_001.json,sample_pdf_011.pdf,7,1,0
FRAG_000398,FRAG_000399,sample_pdf_008.pdf,sample_pdf_008.pdf,8,9,1
FRAG_000549,FRAG_000136,sample_pdf_015.pdf,sample_jpeg_015.jpeg,0,11,0
FRAG_001012,FRAG_001013,sample_png_025.png,sample_png_025.png,1,2,1
FRAG_000320,FRAG_000321,sample_pdf_005.pdf,sample_pdf_005.pdf,6,7,1
FRAG_000361,FRAG_001503,sample_pdf_006.pdf,sample_zip_014.zip,13,0,0
FRAG_000583,FRAG_000584,sample_pdf_017.pdf,sample_pdf_017.pdf,0,1,1
FRAG_001134,FRAG_000319,sample_text_009.txt,sample_pdf_005.pdf,6,5,0
FRAG_000532,FRAG_000533,sample_pdf_014.pdf,sample_pdf_014.pdf,5,6,1
FRAG_001526,FRAG_000101,sample_zip_015.zip,sample_jpeg_012.jpg,6,2,0
FRAG_000037,FRAG_000038,sample_jpeg_004.jpeg,sample_jpeg_004.jpeg,3,4,1
FRAG_000658,FRAG_000211,sample_pdf_019.pdf,sample_jpeg_024.jpeg,25,6,0
FRAG_001384,FRAG_000438,sample_zip_002.zip,sample_pdf_009.pdf,4,28,0
FRAG_000836,FRAG_000191,sample_png_006.png,sample_jpeg_021.jpg,1,4,0
FRAG_000999,FRAG_001000,sample_png_023.png,sample_png_023.png,3,4,1
FRAG_001098,FRAG_000034,sample_text_007.csv,sample_jpeg_004.jpeg,0,0,0
FRAG_000350,FRAG_000351,sample_pdf_006.pdf,sample_pdf_006.pdf,2,3,1
FRAG_000742,FRAG_001302,sample_pdf_023.pdf,sample_text_020.txt,0,0,0
FRAG_000941,FRAG_000942,sample_png_017.png,sample_png_017.png,2,3,1
FRAG_000005,FRAG_000006,sample_jpeg_001.jpeg,sample_jpeg_001.jpeg,4,5,1
FRAG_000423,FRAG_000424,sample_pdf_009.pdf,sample_pdf_009.pdf,13,14,1
FRAG_000406,FRAG_000407,sample_pdf_008.pdf,sample_pdf_008.pdf,16,17,1
FRAG_000725,FRAG_001598,sample_pdf_022.pdf,sample_zip_021.zip,5,9,0
FRAG_000726,FRAG_001385,sample_pdf_022.pdf,sample_zip_003.zip,6,0,0
FRAG_001350,FRAG_001351,sample_text_024.txt,sample_text_024.txt,9,10,1
FRAG_000339,FRAG_000543,sample_pdf_005.pdf,sample_pdf_014.pdf,25,16,0
FRAG_000238,FRAG_000239,sample_pdf_001.pdf,sample_pdf_001.pdf,13,14,1
FRAG_000724,FRAG_000725,sample_pdf_022.pdf,sample_pdf_022.pdf,4,5,1
FRAG_001150,FRAG_000408,sample_text_011.json,sample_pdf_008.pdf,3,18,0
FRAG_000368,FRAG_000369,sample_pdf_006.pdf,sample_pdf_006.pdf,20,21,1
FRAG_001108,FRAG_001109,sample_text_008.json,sample_text_008.json,0,1,1
FRAG_001597,FRAG_001598,sample_zip_021.zip,sample_zip_021.zip,8,9,1
FRAG_000087,FRAG_001489,sample_jpeg_010.jpg,sample_zip_012.zip,9,7,0
FRAG_001212,FRAG_001213,sample_text_015.json,sample_text_015.json,7,8,1
FRAG_000696,FRAG_000697,sample_pdf_020.pdf,sample_pdf_020.pdf,23,24,1
FRAG_001446,FRAG_000283,sample_zip_009.zip,sample_pdf_003.pdf,2,3,0
FRAG_000753,FRAG_001259,sample_pdf_023.pdf,sample_text_016.json,11,21,0
FRAG_000889,FRAG_000890,sample_png_011.png,sample_png_011.png,1,2,1
FRAG_000262,FRAG_000086,sample_pdf_002.pdf,sample_jpeg_010.jpg,3,8,0
FRAG_000003,FRAG_000004,sample_jpeg_001.jpeg,sample_jpeg_001.jpeg,2,3,1
FRAG_000481,FRAG_000557,sample_pdf_011.pdf,sample_pdf_015.pdf,28,8,0
FRAG_001285,FRAG_001118,sample_text_018.csv,sample_text_008.json,8,10,0
FRAG_000692,FRAG_000693,sample_pdf_020.pdf,sample_pdf_020.pdf,19,20,1
FRAG_000547,FRAG_000548,sample_pdf_014.pdf,sample_pdf_014.pdf,20,21,1
FRAG_001172,FRAG_000854,sample_text_011.json,sample_png_007.png,25,8,0
FRAG_001197,FRAG_001425,sample_text_014.txt,sample_zip_007.zip,0,1,0
FRAG_000441,FRAG_000442,sample_pdf_009.pdf,sample_pdf_009.pdf,31,32,1
FRAG_000212,FRAG_000213,sample_jpeg_024.jpeg,sample_jpeg_024.jpeg,7,8,1
FRAG_001629,FRAG_001478,sample_zip_025.zip,sample_zip_011.zip,6,15,0
FRAG_001522,FRAG_001523,sample_zip_015.zip,sample_zip_015.zip,2,3,1
FRAG_000603,FRAG_000454,sample_pdf_018.pdf,sample_pdf_011.pdf,0,1,0
FRAG_000575,FRAG_000576,sample_pdf_016.pdf,sample_pdf_016.pdf,14,15,1
FRAG_001496,FRAG_001497,sample_zip_013.zip,sample_zip_013.zip,6,7,1
FRAG_001252,FRAG_001253,sample_text_016.json,sample_text_016.json,14,15,1
FRAG_001429,FRAG_001430,sample_zip_007.zip,sample_zip_007.zip,5,6,1
FRAG_001266,FRAG_000269,sample_text_017.txt,sample_pdf_002.pdf,0,10,0
FRAG_000234,FRAG_000134,sample_pdf_001.pdf,sample_jpeg_015.jpeg,9,9,0
FRAG_000632,FRAG_001019,sample_pdf_018.pdf,sample_png_025.png,29,8,0
FRAG_001309,FRAG_001626,sample_text_020.txt,sample_zip_025.zip,7,3,0
FRAG_000915,FRAG_001544,sample_png_014.png,sample_zip_017.zip,4,0,0
FRAG_000639,FRAG_000818,sample_pdf_019.pdf,sample_png_004.png,6,3,0
FRAG_001442,FRAG_000206,sample_zip_008.zip,sample_jpeg_024.jpeg,10,1,0
FRAG_001513,FRAG_001079,sample_zip_014.zip,sample_text_004.json,10,12,0
FRAG_001587,FRAG_001588,sample_zip_020.zip,sample_zip_020.zip,11,12,1
FRAG_000835,FRAG_000678,sample_png_006.png,sample_pdf_020.pdf,0,5,0
FRAG_000337,FRAG_000527,sample_pdf_005.pdf,sample_pdf_014.pdf,23,0,0
FRAG_000011,FRAG_000012,sample_jpeg_001.jpeg,sample_jpeg_001.jpeg,10,11,1
FRAG_001449,FRAG_001450,sample_zip_009.zip,sample_zip_009.zip,5,6,1
FRAG_000248,FRAG_001478,sample_pdf_001.pdf,sample_zip_011.zip,23,15,0
FRAG_000507,FRAG_001306,sample_pdf_012.pdf,sample_text_020.txt,24,4,0
FRAG_001636,FRAG_001637,sample_zip_025.zip,sample_zip_025.zip,13,14,1
FRAG_001229,FRAG_001230,sample_text_015.json,sample_text_015.json,24,25,1
FRAG_000847,FRAG_000112,sample_png_007.png,sample_jpeg_013.jpeg,1,0,0
FRAG_001607,FRAG_000969,sample_zip_022.zip,sample_png_020.png,4,0,0
FRAG_000858,FRAG_000332,sample_png_008.png,sample_pdf_005.pdf,3,18,0
FRAG_000339,FRAG_000340,sample_pdf_005.pdf,sample_pdf_005.pdf,25,26,1
FRAG_000935,FRAG_000274,sample_png_016.png,sample_pdf_002.pdf,8,15,0
FRAG_000736,FRAG_000705,sample_pdf_022.pdf,sample_pdf_020.pdf,16,32,0
FRAG_000827,FRAG_000246,sample_png_005.png,sample_pdf_001.pdf,0,21,0
FRAG_001188,FRAG_001189,sample_text_013.csv,sample_text_013.csv,0,1,1
FRAG_000625,FRAG_000626,sample_pdf_018.pdf,sample_pdf_018.pdf,22,23,1
FRAG_000867,FRAG_001477,sample_png_008.png,sample_zip_011.zip,12,14,0
FRAG_001562,FRAG_000331,sample_zip_018.zip,sample_pdf_005.pdf,4,17,0
FRAG_001116,FRAG_001321,sample_text_008.json,sample_text_021.csv,8,3,0
FRAG_001426,FRAG_001427,sample_zip_007.zip,sample_zip_007.zip,2,3,1
FRAG_000643,FRAG_000644,sample_pdf_019.pdf,sample_pdf_019.pdf,10,11,1
FRAG_001104,FRAG_001105,sample_text_007.csv,sample_text_007.csv,6,7,1
FRAG_000585,FRAG_000586,sample_pdf_017.pdf,sample_pdf_017.pdf,2,3,1
FRAG_000559,FRAG_000560,sample_pdf_015.pdf,sample_pdf_015.pdf,10,11,1
FRAG_001225,FRAG_001226,sample_text_015.json,sample_text_015.json,20,21,1
FRAG_000269,FRAG_000270,sample_pdf_002.pdf,sample_pdf_002.pdf,10,11,1
FRAG_001187,FRAG_001507,sample_text_012.log,sample_zip_014.zip,13,4,0
FRAG_000597,FRAG_000598,sample_pdf_017.pdf,sample_pdf_017.pdf,14,15,1
FRAG_001015,FRAG_000382,sample_png_025.png,sample_pdf_007.pdf,4,12,0
FRAG_000238,FRAG_001583,sample_pdf_001.pdf,sample_zip_020.zip,13,7,0
FRAG_001182,FRAG_001183,sample_text_012.log,sample_text_012.log,8,9,1
FRAG_001278,FRAG_001279,sample_text_018.csv,sample_text_018.csv,1,2,1
FRAG_001292,FRAG_001293,sample_text_019.txt,sample_text_019.txt,5,6,1
FRAG_001433,FRAG_001434,sample_zip_008.zip,sample_zip_008.zip,1,2,1
FRAG_000255,FRAG_001062,sample_pdf_001.pdf,sample_text_003.log,30,3,0
FRAG_001307,FRAG_000521,sample_text_020.txt,sample_pdf_013.pdf,5,3,0
FRAG_001242,FRAG_001243,sample_text_016.json,sample_text_016.json,4,5,1
FRAG_001472,FRAG_001556,sample_zip_011.zip,sample_zip_017.zip,9,12,0
FRAG_000629,FRAG_000328,sample_pdf_018.pdf,sample_pdf_005.pdf,26,14,0
FRAG_000270,FRAG_000271,sample_pdf_002.pdf,sample_pdf_002.pdf,11,12,1
FRAG_001235,FRAG_000308,sample_text_015.json,sample_pdf_004.pdf,30,2,0
FRAG_000909,FRAG_000910,sample_png_013.png,sample_png_013.png,6,7,1
FRAG_000721,FRAG_001040,sample_pdf_022.pdf,sample_text_001.json,1,15,0
FRAG_000726,FRAG_000727,sample_pdf_022.pdf,sample_pdf_022.pdf,6,7,1
FRAG_000632,FRAG_000747,sample_pdf_018.pdf,sample_pdf_023.pdf,29,5,0
FRAG_001553,FRAG_001554,sample_zip_017.zip,sample_zip_017.zip,9,10,1
FRAG_000924,FRAG_000925,sample_png_015.png,sample_png_015.png,2,3,1
FRAG_001063,FRAG_000425,sample_text_003.log,sample_pdf_009.pdf,4,15,0
FRAG_001021,FRAG_001055,sample_png_025.png,sample_text_002.txt,10,12,0
FRAG_001520,FRAG_001510,sample_zip_015.zip,sample_zip_014.zip,0,7,0
FRAG_000388,FRAG_000389,sample_pdf_007.pdf,sample_pdf_007.pdf,18,19,1
FRAG_001544,FRAG_001545,sample_zip_017.zip,sample_zip_017.zip,0,1,1
FRAG_001162,FRAG_001163,sample_text_011.json,sample_text_011.json,15,16,1
FRAG_001394,FRAG_001252,sample_zip_003.zip,sample_text_016.json,9,14,0
FRAG_000149,FRAG_000150,sample_jpeg_017.jpg,sample_jpeg_017.jpg,1,2,1
FRAG_001314,FRAG_001315,sample_text_020.txt,sample_text_020.txt,12,13,1
FRAG_000108,FRAG_000206,sample_jpeg_012.jpg,sample_jpeg_024.jpeg,9,1,0
FRAG_000455,FRAG_000456,sample_pdf_011.pdf,sample_pdf_011.pdf,2,3,1
FRAG_000268,FRAG_001305,sample_pdf_002.pdf,sample_text_020.txt,9,3,0
FRAG_000285,FRAG_000485,sample_pdf_003.pdf,sample_pdf_012.pdf,5,2,0
FRAG_001351,FRAG_001395,sample_text_024.txt,sample_zip_004.zip,10,0,0
FRAG_000837,FRAG_000669,sample_png_006.png,sample_pdf_019.pdf,2,36,0
FRAG_000191,FRAG_000192,sample_jpeg_021.jpg,sample_jpeg_021.jpg,4,5,1
FRAG_000750,FRAG_000093,sample_pdf_023.pdf,sample_jpeg_011.jpeg,8,1,0
FRAG_001627,FRAG_001628,sample_zip_025.zip,sample_zip_025.zip,4,5,1
FRAG_000970,FRAG_000519,sample_png_020.png,sample_pdf_013.pdf,1,1,0
FRAG_000442,FRAG_000307,sample_pdf_009.pdf,sample_pdf_004.pdf,32,1,0
FRAG_000043,FRAG_000666,sample_jpeg_005.jpg,sample_pdf_019.pdf,1,33,0
FRAG_000500,FRAG_000501,sample_pdf_012.pdf,sample_pdf_012.pdf,17,18,1
FRAG_000441,FRAG_000881,sample_pdf_009.pdf,sample_png_010.png,31,0,0
FRAG_001028,FRAG_000559,sample_text_001.json,sample_pdf_015.pdf,3,10,0
FRAG_000152,FRAG_001182,sample_jpeg_017.jpg,sample_text_012.log,4,8,0
FRAG_000474,FRAG_000785,sample_pdf_011.pdf,sample_pdf_025.pdf,21,17,0
FRAG_000735,FRAG_000736,sample_pdf_022.pdf,sample_pdf_022.pdf,15,16,1
FRAG_001274,FRAG_001275,sample_text_017.txt,sample_text_017.txt,8,9,1
FRAG_001270,FRAG_001400,sample_text_017.txt,sample_zip_004.zip,4,5,0
FRAG_000992,FRAG_000993,sample_png_022.png,sample_png_022.png,4,5,1
FRAG_000534,FRAG_001442,sample_pdf_014.pdf,sample_zip_008.zip,7,10,0
FRAG_000150,FRAG_000151,sample_jpeg_017.jpg,sample_jpeg_017.jpg,2,3,1
FRAG_001290,FRAG_001291,sample_text_019.txt,sample_text_019.txt,3,4,1
FRAG_000974,FRAG_000975,sample_png_021.png,sample_png_021.png,0,1,1
FRAG_000142,FRAG_000143,sample_jpeg_016.jpeg,sample_jpeg_016.jpeg,2,3,1
FRAG_001616,FRAG_001221,sample_zip_023.zip,sample_text_015.json,6,16,0
FRAG_001234,FRAG_000370,sample_text_015.json,sample_pdf_007.pdf,29,0,0
FRAG_000732,FRAG_000733,sample_pdf_022.pdf,sample_pdf_022.pdf,12,13,1
FRAG_001063,FRAG_000582,sample_text_003.log,sample_pdf_016.pdf,4,21,0
FRAG_000431,FRAG_000881,sample_pdf_009.pdf,sample_png_010.png,21,0,0
FRAG_001158,FRAG_001071,sample_text_011.json,sample_text_004.json,11,4,0
FRAG_001094,FRAG_000260,sample_text_006.log,sample_pdf_002.pdf,4,1,0
FRAG_000946,FRAG_000926,sample_png_018.png,sample_png_015.png,1,4,0
FRAG_000821,FRAG_001008,sample_png_004.png,sample_png_024.png,6,2,0
FRAG_000630,FRAG_001219,sample_pdf_018.pdf,sample_text_015.json,27,14,0
FRAG_000735,FRAG_000125,sample_pdf_022.pdf,sample_jpeg_015.jpeg,15,0,0
FRAG_001287,FRAG_000213,sample_text_019.txt,sample_jpeg_024.jpeg,0,8,0
FRAG_000857,FRAG_000858,sample_png_008.png,sample_png_008.png,2,3,1
FRAG_000601,FRAG_000602,sample_pdf_017.pdf,sample_pdf_017.pdf,18,19,1
FRAG_001458,FRAG_001006,sample_zip_010.zip,sample_png_024.png,3,0,0
FRAG_000044,FRAG_000045,sample_jpeg_005.jpg,sample_jpeg_005.jpg,2,3,1
FRAG_001591,FRAG_001592,sample_zip_021.zip,sample_zip_021.zip,2,3,1
FRAG_000547,FRAG_000170,sample_pdf_014.pdf,sample_jpeg_019.jpg,20,0,0
FRAG_000361,FRAG_001426,sample_pdf_006.pdf,sample_zip_007.zip,13,2,0
FRAG_000891,FRAG_000563,sample_png_011.png,sample_pdf_016.pdf,3,2,0
FRAG_000820,FRAG_000821,sample_png_004.png,sample_png_004.png,5,6,1
FRAG_000617,FRAG_000618,sample_pdf_018.pdf,sample_pdf_018.pdf,14,15,1
FRAG_001275,FRAG_001276,sample_text_017.txt,sample_text_017.txt,9,10,1
FRAG_001513,FRAG_000992,sample_zip_014.zip,sample_png_022.png,10,4,0
FRAG_000730,FRAG_000731,sample_pdf_022.pdf,sample_pdf_022.pdf,10,11,1
FRAG_000172,FRAG_001563,sample_jpeg_019.jpg,sample_zip_018.zip,2,5,0
FRAG_000758,FRAG_000759,sample_pdf_024.pdf,sample_pdf_024.pdf,3,4,1
FRAG_001249,FRAG_000784,sample_text_016.json,sample_pdf_025.pdf,11,16,0
FRAG_000705,FRAG_000872,sample_pdf_020.pdf,sample_png_009.png,32,3,0
FRAG_001276,FRAG_000937,sample_text_017.txt,sample_png_016.png,10,10,0
FRAG_001470,FRAG_000703,sample_zip_011.zip,sample_pdf_020.pdf,7,30,0
FRAG_001471,FRAG_000645,sample_zip_011.zip,sample_pdf_019.pdf,8,12,0
FRAG_000604,FRAG_000930,sample_pdf_018.pdf,sample_png_016.png,1,3,0
FRAG_000607,FRAG_000608,sample_pdf_018.pdf,sample_pdf_018.pdf,4,5,1
FRAG_000155,FRAG_000363,sample_jpeg_017.jpg,sample_pdf_006.pdf,7,15,0
FRAG_001373,FRAG_000251,sample_zip_001.zip,sample_pdf_001.pdf,3,26,0
FRAG_000570,FRAG_000372,sample_pdf_016.pdf,sample_pdf_007.pdf,9,2,0
FRAG_000622,FRAG_000623,sample_pdf_018.pdf,sample_pdf_018.pdf,19,20,1
FRAG_001555,FRAG_000327,sample_zip_017.zip,sample_pdf_005.pdf,11,13,0
FRAG_000800,FRAG_000801,sample_png_001.png,sample_png_001.png,4,5,1
FRAG_000516,FRAG_000517,sample_pdf_012.pdf,sample_pdf_012.pdf,33,34,1
FRAG_001349,FRAG_001350,sample_text_024.txt,sample_text_024.txt,8,9,1
FRAG_001054,FRAG_001055,sample_text_002.txt,sample_text_002.txt,11,12,1
FRAG_000520,FRAG_000521,sample_pdf_013.pdf,sample_pdf_013.pdf,2,3,1
FRAG_001385,FRAG_001386,sample_zip_003.zip,sample_zip_003.zip,0,1,1
FRAG_000590,FRAG_000591,sample_pdf_017.pdf,sample_pdf_017.pdf,7,8,1
FRAG_000379,FRAG_000380,sample_pdf_007.pdf,sample_pdf_007.pdf,9,10,1
FRAG_001313,FRAG_001314,sample_text_020.txt,sample_text_020.txt,11,12,1
FRAG_000755,FRAG_000756,sample_pdf_024.pdf,sample_pdf_024.pdf,0,1,1
FRAG_001373,FRAG_001440,sample_zip_001.zip,sample_zip_008.zip,3,8,0
FRAG_001559,FRAG_001560,sample_zip_018.zip,sample_zip_018.zip,1,2,1
FRAG_001541,FRAG_001542,sample_zip_016.zip,sample_zip_016.zip,11,12,1
FRAG_000504,FRAG_000505,sample_pdf_012.pdf,sample_pdf_012.pdf,21,22,1
FRAG_000314,FRAG_000766,sample_pdf_005.pdf,sample_pdf_024.pdf,0,11,0
FRAG_001084,FRAG_000515,sample_text_004.json,sample_pdf_012.pdf,17,32,0
FRAG_001386,FRAG_001387,sample_zip_003.zip,sample_zip_003.zip,1,2,1
FRAG_000791,FRAG_001360,sample_pdf_025.pdf,sample_text_025.log,23,2,0
FRAG_000393,FRAG_000444,sample_pdf_008.pdf,sample_pdf_009.pdf,3,34,0
FRAG_001160,FRAG_001161,sample_text_011.json,sample_text_011.json,13,14,1
FRAG_001027,FRAG_000309,sample_text_001.json,sample_pdf_004.pdf,2,3,0
FRAG_001422,FRAG_000313,sample_zip_006.zip,sample_pdf_004.pdf,12,7,0
FRAG_000865,FRAG_000866,sample_png_008.png,sample_png_008.png,10,11,1
FRAG_001444,FRAG_001445,sample_zip_009.zip,sample_zip_009.zip,0,1,1
FRAG_001623,FRAG_001624,sample_zip_025.zip,sample_zip_025.zip,0,1,1
FRAG_000819,FRAG_000820,sample_png_004.png,sample_png_004.png,4,5,1
FRAG_001565,FRAG_000826,sample_zip_018.zip,sample_png_004.png,7,11,0
FRAG_000451,FRAG_000452,sample_pdf_010.pdf,sample_pdf_010.pdf,6,7,1
FRAG_000929,FRAG_000817,sample_png_016.png,sample_png_004.png,2,2,0
FRAG_000284,FRAG_000285,sample_pdf_003.pdf,sample_pdf_003.pdf,4,5,1
FRAG_001230,FRAG_001231,sample_text_015.json,sample_text_015.json,25,26,1
FRAG_000905,FRAG_000906,sample_png_013.png,sample_png_013.png,2,3,1
FRAG_000947,FRAG_000948,sample_png_018.png,sample_png_018.png,2,3,1
FRAG_000020,FRAG_000021,sample_jpeg_002.jpeg,sample_jpeg_002.jpeg,6,7,1
FRAG_001134,FRAG_000024,sample_text_009.txt,sample_jpeg_002.jpeg,6,10,0
FRAG_001147,FRAG_000833,sample_text_011.json,sample_png_005.png,0,6,0
FRAG_000819,FRAG_000500,sample_png_004.png,sample_pdf_012.pdf,4,17,0
FRAG_000866,FRAG_000867,sample_png_008.png,sample_png_008.png,11,12,1
FRAG_000134,FRAG_000135,sample_jpeg_015.jpeg,sample_jpeg_015.jpeg,9,10,1
FRAG_000612,FRAG_001164,sample_pdf_018.pdf,sample_text_011.json,9,17,0
FRAG_000222,FRAG_000784,sample_jpeg_025.jpg,sample_pdf_025.pdf,8,16,0
FRAG_000817,FRAG_000818,sample_png_004.png,sample_png_004.png,2,3,1
FRAG_000807,FRAG_000808,sample_png_002.png,sample_png_002.png,4,5,1
FRAG_001492,FRAG_000695,sample_zip_013.zip,sample_pdf_020.pdf,2,22,0
FRAG_001025,FRAG_001026,sample_text_001.json,sample_text_001.json,0,1,1
FRAG_000450,FRAG_000559,sample_pdf_010.pdf,sample_pdf_015.pdf,5,10,0
FRAG_000020,FRAG_000230,sample_jpeg_002.jpeg,sample_pdf_001.pdf,6,5,0
FRAG_000573,FRAG_000068,sample_pdf_016.pdf,sample_jpeg_008.jpeg,12,9,0
FRAG_001466,FRAG_001467,sample_zip_011.zip,sample_zip_011.zip,3,4,1
FRAG_000700,FRAG_000701,sample_pdf_020.pdf,sample_pdf_020.pdf,27,28,1
FRAG_001142,FRAG_000750,sample_text_010.log,sample_pdf_023.pdf,3,8,0
FRAG_000763,FRAG_000764,sample_pdf_024.pdf,sample_pdf_024.pdf,8,9,1
FRAG_000741,FRAG_001276,sample_pdf_022.pdf,sample_text_017.txt,21,10,0
FRAG_001078,FRAG_001079,sample_text_004.json,sample_text_004.json,11,12,1
FRAG_000741,FRAG_000160,sample_pdf_022.pdf,sample_jpeg_017.jpg,21,12,0
FRAG_001490,FRAG_001322,sample_zip_013.zip,sample_text_021.csv,0,4,0
FRAG_000618,FRAG_000433,sample_pdf_018.pdf,sample_pdf_009.pdf,15,23,0
FRAG_000104,FRAG_000105,sample_jpeg_012.jpg,sample_jpeg_012.jpg,5,6,1
FRAG_000508,FRAG_000509,sample_pdf_012.pdf,sample_pdf_012.pdf,25,26,1
FRAG_000207,FRAG_000208,sample_jpeg_024.jpeg,sample_jpeg_024.jpeg,2,3,1
FRAG_001326,FRAG_001327,sample_text_022.log,sample_text_022.log,1,2,1
FRAG_000300,FRAG_000595,sample_pdf_003.pdf,sample_pdf_017.pdf,20,12,0
FRAG_000942,FRAG_001092,sample_png_017.png,sample_text_006.log,3,2,0
FRAG_001088,FRAG_001145,sample_text_005.csv,sample_text_010.log,3,6,0
FRAG_000091,FRAG_001452,sample_jpeg_010.jpg,sample_zip_009.zip,13,8,0
FRAG_000433,FRAG_000434,sample_pdf_009.pdf,sample_pdf_009.pdf,23,24,1
FRAG_000699,FRAG_000026,sample_pdf_020.pdf,sample_jpeg_003.jpg,26,0,0
FRAG_001566,FRAG_000524,sample_zip_018.zip,sample_pdf_013.pdf,8,6,0
FRAG_000392,FRAG_000176,sample_pdf_008.pdf,sample_jpeg_019.jpg,2,6,0
FRAG_001386,FRAG_001474,sample_zip_003.zip,sample_zip_011.zip,1,11,0
FRAG_000911,FRAG_000912,sample_png_014.png,sample_png_014.png,0,1,1
FRAG_000993,FRAG_001284,sample_png_022.png,sample_text_018.csv,5,7,0
FRAG_001520,FRAG_001521,sample_zip_015.zip,sample_zip_015.zip,0,1,1
FRAG_001378,FRAG_001379,sample_zip_001.zip,sample_zip_001.zip,8,9,1
FRAG_001542,FRAG_001543,sample_zip_016.zip,sample_zip_016.zip,12,13,1
FRAG_000623,FRAG_000624,sample_pdf_018.pdf,sample_pdf_018.pdf,20,21,1
FRAG_000512,FRAG_000513,sample_pdf_012.pdf,sample_pdf_012.pdf,29,30,1
FRAG_000250,FRAG_000098,sample_pdf_001.pdf,sample_jpeg_011.jpeg,25,6,0
FRAG_000648,FRAG_000535,sample_pdf_019.pdf,sample_pdf_014.pdf,15,8,0
FRAG_001305,FRAG_001306,sample_text_020.txt,sample_text_020.txt,3,4,1
FRAG_000464,FRAG_000465,sample_pdf_011.pdf,sample_pdf_011.pdf,11,12,1
FRAG_000021,FRAG_001059,sample_jpeg_002.jpeg,sample_text_003.log,7,0,0
FRAG_000113,FRAG_000114,sample_jpeg_013.jpeg,sample_jpeg_013.jpeg,1,2,1
FRAG_001527,FRAG_001528,sample_zip_015.zip,sample_zip_015.zip,7,8,1
FRAG_000661,FRAG_000662,sample_pdf_019.pdf,sample_pdf_019.pdf,28,29,1
FRAG_000322,FRAG_000492,sample_pdf_005.pdf,sample_pdf_012.pdf,8,9,0
FRAG_000188,FRAG_001529,sample_jpeg_021.jpg,sample_zip_015.zip,1,9,0
FRAG_000287,FRAG_000672,sample_pdf_003.pdf,sample_pdf_019.pdf,7,39,0
FRAG_001561,FRAG_000366,sample_zip_018.zip,sample_pdf_006.pdf,3,18,0
FRAG_000319,FRAG_000441,sample_pdf_005.pdf,sample_pdf_009.pdf,5,31,0
FRAG_001350,FRAG_000174,sample_text_024.txt,sample_jpeg_019.jpg,9,4,0
FRAG_000841,FRAG_001028,sample_png_006.png,sample_text_001.json,6,3,0
FRAG_000882,FRAG_000204,sample_png_010.png,sample_jpeg_023.jpeg,1,3,0
FRAG_001202,FRAG_001151,sample_text_014.txt,sample_text_011.json,5,4,0
FRAG_000760,FRAG_001374,sample_pdf_024.pdf,sample_zip_001.zip,5,4,0
FRAG_001454,FRAG_000325,sample_zip_009.zip,sample_pdf_005.pdf,10,11,0
FRAG_001335,FRAG_000906,sample_text_022.log,sample_png_013.png,10,3,0
FRAG_000980,FRAG_000981,sample_png_021.png,sample_png_021.png,6,7,1
FRAG_001144,FRAG_001145,sample_text_010.log,sample_text_010.log,5,6,1
FRAG_000852,FRAG_000992,sample_png_007.png,sample_png_022.png,6,4,0
FRAG_000049,FRAG_000050,sample_jpeg_006.jpg,sample_jpeg_006.jpg,1,2,1
FRAG_000469,FRAG_000470,sample_pdf_011.pdf,sample_pdf_011.pdf,16,17,1
FRAG_000683,FRAG_000167,sample_pdf_020.pdf,sample_jpeg_018.jpeg,10,5,0
FRAG_001581,FRAG_001192,sample_zip_020.zip,sample_text_013.csv,5,4,0
FRAG_001205,FRAG_001135,sample_text_015.json,sample_text_009.txt,0,7,0
FRAG_000104,FRAG_001612,sample_jpeg_012.jpg,sample_zip_023.zip,5,2,0
FRAG_000425,FRAG_001414,sample_pdf_009.pdf,sample_zip_006.zip,15,4,0
FRAG_000728,FRAG_000729,sample_pdf_022.pdf,sample_pdf_022.pdf,8,9,1
FRAG_001573,FRAG_001574,sample_zip_019.zip,sample_zip_019.zip,5,6,1
FRAG_001098,FRAG_001099,sample_text_007.csv,sample_text_007.csv,0,1,1
FRAG_000484,FRAG_000485,sample_pdf_012.pdf,sample_pdf_012.pdf,1,2,1
FRAG_000380,FRAG_000381,sample_pdf_007.pdf,sample_pdf_007.pdf,10,11,1
FRAG_001324,FRAG_001374,sample_text_021.csv,sample_zip_001.zip,6,4,0
FRAG_001397,FRAG_001624,sample_zip_004.zip,sample_zip_025.zip,2,1,0
FRAG_001593,FRAG_001594,sample_zip_021.zip,sample_zip_021.zip,4,5,1
FRAG_000168,FRAG_000169,sample_jpeg_018.jpeg,sample_jpeg_018.jpeg,6,7,1
FRAG_001405,FRAG_001594,sample_zip_005.zip,sample_zip_021.zip,4,5,0
FRAG_001154,FRAG_000205,sample_text_011.json,sample_jpeg_024.jpeg,7,0,0
FRAG_001434,FRAG_000825,sample_zip_008.zip,sample_png_004.png,2,10,0
FRAG_001558,FRAG_001298,sample_zip_018.zip,sample_text_019.txt,0,11,0
FRAG_000469,FRAG_000139,sample_pdf_011.pdf,sample_jpeg_015.jpeg,16,14,0
FRAG_001230,FRAG_000640,sample_text_015.json,sample_pdf_019.pdf,25,7,0
FRAG_001079,FRAG_000192,sample_text_004.json,sample_jpeg_021.jpg,12,5,0
FRAG_001594,FRAG_000783,sample_zip_021.zip,sample_pdf_025.pdf,5,15,0
FRAG_001472,FRAG_001427,sample_zip_011.zip,sample_zip_007.zip,9,3,0
FRAG_000332,FRAG_000333,sample_pdf_005.pdf,sample_pdf_005.pdf,18,19,1
FRAG_000873,FRAG_000342,sample_png_009.png,sample_pdf_005.pdf,4,28,0
FRAG_000417,FRAG_001408,sample_pdf_009.pdf,sample_zip_005.zip,7,7,0
FRAG_001445,FRAG_000961,sample_zip_009.zip,sample_png_019.png,1,4,0
FRAG_001117,FRAG_001118,sample_text_008.json,sample_text_008.json,9,10,1
FRAG_001070,FRAG_001071,sample_text_004.json,sample_text_004.json,3,4,1
FRAG_001338,FRAG_001339,sample_text_023.csv,sample_text_023.csv,1,2,1
FRAG_000613,FRAG_000614,sample_pdf_018.pdf,sample_pdf_018.pdf,10,11,1
FRAG_000621,FRAG_001259,sample_pdf_018.pdf,sample_text_016.json,18,21,0
FRAG_000005,FRAG_000800,sample_jpeg_001.jpeg,sample_png_001.png,4,4,0
FRAG_000312,FRAG_000313,sample_pdf_004.pdf,sample_pdf_004.pdf,6,7,1
FRAG_000580,FRAG_000794,sample_pdf_016.pdf,sample_pdf_025.pdf,19,26,0
FRAG_000894,FRAG_000004,sample_png_011.png,sample_jpeg_001.jpeg,6,3,0
FRAG_000923,FRAG_000924,sample_png_015.png,sample_png_015.png,1,2,1
FRAG_001119,FRAG_001236,sample_text_008.json,sample_text_015.json,11,31,0
FRAG_000125,FRAG_000126,sample_jpeg_015.jpeg,sample_jpeg_015.jpeg,0,1,1
FRAG_000987,FRAG_000605,sample_png_021.png,sample_pdf_018.pdf,13,2,0
FRAG_000786,FRAG_000787,sample_pdf_025.pdf,sample_pdf_025.pdf,18,19,1
FRAG_001272,FRAG_000514,sample_text_017.txt,sample_pdf_012.pdf,6,31,0
FRAG_000849,FRAG_000560,sample_png_007.png,sample_pdf_015.pdf,3,11,0
FRAG_000877,FRAG_000878,sample_png_009.png,sample_png_009.png,8,9,1
FRAG_001317,FRAG_000359,sample_text_020.txt,sample_pdf_006.pdf,15,11,0
FRAG_000503,FRAG_000504,sample_pdf_012.pdf,sample_pdf_012.pdf,20,21,1
FRAG_001619,FRAG_001620,sample_zip_024.zip,sample_zip_024.zip,2,3,1
FRAG_001096,FRAG_001513,sample_text_006.log,sample_zip_014.zip,6,10,0
FRAG_000075,FRAG_001543,sample_jpeg_009.jpeg,sample_zip_016.zip,5,13,0
FRAG_000256,FRAG_000776,sample_pdf_001.pdf,sample_pdf_025.pdf,31,8,0
FRAG_001442,FRAG_001443,sample_zip_008.zip,sample_zip_008.zip,10,11,1
FRAG_001071,FRAG_001072,sample_text_004.json,sample_text_004.json,4,5,1
FRAG_000235,FRAG_001341,sample_pdf_001.pdf,sample_text_024.txt,10,0,0
FRAG_000466,FRAG_000740,sample_pdf_011.pdf,sample_pdf_022.pdf,13,20,0
FRAG_001287,FRAG_001288,sample_text_019.txt,sample_text_019.txt,0,1,1
FRAG_001413,FRAG_001414,sample_zip_006.zip,sample_zip_006.zip,3,4,1
FRAG_000374,FRAG_000277,sample_pdf_007.pdf,sample_pdf_002.pdf,4,18,0
FRAG_000777,FRAG_000778,sample_pdf_025.pdf,sample_pdf_025.pdf,9,10,1
FRAG_001389,FRAG_001390,sample_zip_003.zip,sample_zip_003.zip,4,5,1
FRAG_001214,FRAG_000550,sample_text_015.json,sample_pdf_015.pdf,9,1,0
FRAG_000882,FRAG_000883,sample_png_010.png,sample_png_010.png,1,2,1
FRAG_001297,FRAG_000234,sample_text_019.txt,sample_pdf_001.pdf,10,9,0
FRAG_001149,FRAG_000666,sample_text_011.json,sample_pdf_019.pdf,2,33,0
FRAG_000311,FRAG_000846,sample_pdf_004.pdf,sample_png_007.png,5,0,0
FRAG_000599,FRAG_000600,sample_pdf_017.pdf,sample_pdf_017.pdf,16,17,1
FRAG_001228,FRAG_000113,sample_text_015.json,sample_jpeg_013.jpeg,23,1,0
FRAG_000054,FRAG_001507,sample_jpeg_007.jpg,sample_zip_014.zip,1,4,0
FRAG_001483,FRAG_001484,sample_zip_012.zip,sample_zip_012.zip,1,2,1
FRAG_000643,FRAG_001359,sample_pdf_019.pdf,sample_text_025.log,10,1,0
FRAG_001459,FRAG_001460,sample_zip_010.zip,sample_zip_010.zip,4,5,1
FRAG_000011,FRAG_000163,sample_jpeg_001.jpeg,sample_jpeg_018.jpeg,10,1,0
FRAG_001471,FRAG_001472,sample_zip_011.zip,sample_zip_011.zip,8,9,1
FRAG_001569,FRAG_000258,sample_zip_019.zip,sample_pdf_001.pdf,1,33,0
FRAG_001461,FRAG_000912,sample_zip_010.zip,sample_png_014.png,6,1,0
FRAG_001346,FRAG_001347,sample_text_024.txt,sample_text_024.txt,5,6,1
FRAG_000527,FRAG_001472,sample_pdf_014.pdf,sample_zip_011.zip,0,9,0
FRAG_001331,FRAG_000571,sample_text_022.log,sample_pdf_016.pdf,6,10,0
FRAG_001447,FRAG_000439,sample_zip_009.zip,sample_pdf_009.pdf,3,29,0
FRAG_000858,FRAG_000859,sample_png_008.png,sample_png_008.png,3,4,1
FRAG_001111,FRAG_000595,sample_text_008.json,sample_pdf_017.pdf,3,12,0
FRAG_000778,FRAG_000809,sample_pdf_025.pdf,sample_png_003.png,10,0,0
FRAG_000984,FRAG_000350,sample_png_021.png,sample_pdf_006.pdf,10,2,0
FRAG_001091,FRAG_001092,sample_text_006.log,sample_text_006.log,1,2,1
FRAG_001113,FRAG_001114,sample_text_008.json,sample_text_008.json,5,6,1
FRAG_001600,FRAG_001601,sample_zip_021.zip,sample_zip_021.zip,11,12,1
FRAG_000981,FRAG_001294,sample_png_021.png,sample_text_019.txt,7,7,0
FRAG_000976,FRAG_001323,sample_png_021.png,sample_text_021.csv,2,5,0
FRAG_001323,FRAG_001324,sample_text_021.csv,sample_text_021.csv,5,6,1
FRAG_001368,FRAG_001136,sample_text_025.log,sample_text_009.txt,10,8,0
FRAG_001220,FRAG_001221,sample_text_015.json,sample_text_015.json,15,16,1
FRAG_001314,FRAG_001044,sample_text_020.txt,sample_text_002.txt,12,1,0
FRAG_000731,FRAG_000732,sample_pdf_022.pdf,sample_pdf_022.pdf,11,12,1
FRAG_000287,FRAG_000288,sample_pdf_003.pdf,sample_pdf_003.pdf,7,8,1
FRAG_001266,FRAG_001309,sample_text_017.txt,sample_text_020.txt,0,7,0
FRAG_001542,FRAG_001006,sample_zip_016.zip,sample_png_024.png,12,0,0
FRAG_000399,FRAG_000743,sample_pdf_008.pdf,sample_pdf_023.pdf,9,1,0
FRAG_001330,FRAG_001331,sample_text_022.log,sample_text_022.log,5,6,1
FRAG_001189,FRAG_001190,sample_text_013.csv,sample_text_013.csv,1,2,1
FRAG_000611,FRAG_000612,sample_pdf_018.pdf,sample_pdf_018.pdf,8,9,1
FRAG_000842,FRAG_000747,sample_png_006.png,sample_pdf_023.pdf,7,5,0
FRAG_000251,FRAG_000548,sample_pdf_001.pdf,sample_pdf_014.pdf,26,21,0
FRAG_000742,FRAG_000743,sample_pdf_023.pdf,sample_pdf_023.pdf,0,1,1
FRAG_000851,FRAG_000989,sample_png_007.png,sample_png_022.png,5,1,0
FRAG_000823,FRAG_000874,sample_png_004.png,sample_png_009.png,8,5,0
FRAG_000631,FRAG_001632,sample_pdf_018.pdf,sample_zip_025.zip,28,9,0
FRAG_000203,FRAG_001003,sample_jpeg_023.jpeg,sample_png_023.png,2,7,0
FRAG_000378,FRAG_000379,sample_pdf_007.pdf,sample_pdf_007.pdf,8,9,1
FRAG_001394,FRAG_000865,sample_zip_003.zip,sample_png_008.png,9,10,0
FRAG_001219,FRAG_000140,sample_text_015.json,sample_jpeg_016.jpeg,14,0,0
FRAG_001289,FRAG_001290,sample_text_019.txt,sample_text_019.txt,2,3,1
FRAG_000057,FRAG_000058,sample_jpeg_007.jpg,sample_jpeg_007.jpg,4,5,1
FRAG_001526,FRAG_001150,sample_zip_015.zip,sample_text_011.json,6,3,0
FRAG_001436,FRAG_001437,sample_zip_008.zip,sample_zip_008.zip,4,5,1
FRAG_001077,FRAG_000772,sample_text_004.json,sample_pdf_025.pdf,10,4,0
FRAG_000472,FRAG_001025,sample_pdf_011.pdf,sample_text_001.json,19,0,0
FRAG_000415,FRAG_000416,sample_pdf_009.pdf,sample_pdf_009.pdf,5,6,1
FRAG_001383,FRAG_000479,sample_zip_002.zip,sample_pdf_011.pdf,3,26,0
FRAG_001568,FRAG_001569,sample_zip_019.zip,sample_zip_019.zip,0,1,1
FRAG_000400,FRAG_000401,sample_pdf_008.pdf,sample_pdf_008.pdf,10,11,1
FRAG_000121,FRAG_000122,sample_jpeg_014.jpeg,sample_jpeg_014.jpeg,0,1,1
FRAG_000459,FRAG_000460,sample_pdf_011.pdf,sample_pdf_011.pdf,6,7,1
FRAG_000833,FRAG_000995,sample_png_005.png,sample_png_022.png,6,7,0
FRAG_001373,FRAG_000215,sample_zip_001.zip,sample_jpeg_025.jpg,3,1,0
FRAG_001269,FRAG_001150,sample_text_017.txt,sample_text_011.json,3,3,0
FRAG_001009,FRAG_000238,sample_png_024.png,sample_pdf_001.pdf,3,13,0
FRAG_001179,FRAG_000399,sample_text_012.log,sample_pdf_008.pdf,5,9,0
FRAG_000681,FRAG_001603,sample_pdf_020.pdf,sample_zip_022.zip,8,0,0
FRAG_000821,FRAG_000822,sample_png_004.png,sample_png_004.png,6,7,1
FRAG_000390,FRAG_000391,sample_pdf_008.pdf,sample_pdf_008.pdf,0,1,1
FRAG_000584,FRAG_000585,sample_pdf_017.pdf,sample_pdf_017.pdf,1,2,1
FRAG_000454,FRAG_000455,sample_pdf_011.pdf,sample_pdf_011.pdf,1,2,1
FRAG_001192,FRAG_001193,sample_text_013.csv,sample_text_013.csv,4,5,1
FRAG_001595,FRAG_001596,sample_zip_021.zip,sample_zip_021.zip,6,7,1
FRAG_000660,FRAG_000953,sample_pdf_019.pdf,sample_png_018.png,27,8,0
FRAG_001419,FRAG_000484,sample_zip_006.zip,sample_pdf_012.pdf,9,1,0
FRAG_000023,FRAG_000024,sample_jpeg_002.jpeg,sample_jpeg_002.jpeg,9,10,1
FRAG_000407,FRAG_000408,sample_pdf_008.pdf,sample_pdf_008.pdf,17,18,1
FRAG_000472,FRAG_000473,sample_pdf_011.pdf,sample_pdf_011.pdf,19,20,1
FRAG_001598,FRAG_001599,sample_zip_021.zip,sample_zip_021.zip,9,10,1
FRAG_001402,FRAG_001403,sample_zip_005.zip,sample_zip_005.zip,1,2,1
FRAG_001100,FRAG_001538,sample_text_007.csv,sample_zip_016.zip,2,8,0
FRAG_000039,FRAG_000525,sample_jpeg_004.jpeg,sample_pdf_013.pdf,5,7,0
FRAG_000110,FRAG_000812,sample_jpeg_012.jpg,sample_png_003.png,11,3,0
FRAG_000489,FRAG_000860,sample_pdf_012.pdf,sample_png_008.png,6,5,0
FRAG_000676,FRAG_000677,sample_pdf_020.pdf,sample_pdf_020.pdf,3,4,1
FRAG_001184,FRAG_001185,sample_text_012.log,sample_text_012.log,10,11,1
FRAG_000367,FRAG_000368,sample_pdf_006.pdf,sample_pdf_006.pdf,19,20,1
FRAG_000331,FRAG_000332,sample_pdf_005.pdf,sample_pdf_005.pdf,17,18,1
FRAG_001090,FRAG_001091,sample_text_006.log,sample_text_006.log,0,1,1
FRAG_001155,FRAG_000085,sample_text_011.json,sample_jpeg_010.jpg,8,7,0
FRAG_001194,FRAG_001360,sample_text_013.csv,sample_text_025.log,6,2,0
FRAG_000383,FRAG_000384,sample_pdf_007.pdf,sample_pdf_007.pdf,13,14,1
FRAG_001400,FRAG_001328,sample_zip_004.zip,sample_text_022.log,5,3,0
FRAG_001348,FRAG_001421,sample_text_024.txt,sample_zip_006.zip,7,11,0
FRAG_000813,FRAG_000814,sample_png_003.png,sample_png_003.png,4,5,1
FRAG_000547,FRAG_000327,sample_pdf_014.pdf,sample_pdf_005.pdf,20,13,0
FRAG_001237,FRAG_000542,sample_text_015.json,sample_pdf_014.pdf,32,15,0
FRAG_000755,FRAG_001378,sample_pdf_024.pdf,sample_zip_001.zip,0,8,0
FRAG_001577,FRAG_001578,sample_zip_020.zip,sample_zip_020.zip,1,2,1
FRAG_001008,FRAG_001009,sample_png_024.png,sample_png_024.png,2,3,1
FRAG_000661,FRAG_001453,sample_pdf_019.pdf,sample_zip_009.zip,28,9,0
FRAG_000219,FRAG_001595,sample_jpeg_025.jpg,sample_zip_021.zip,5,6,0
FRAG_001209,FRAG_001210,sample_text_015.json,sample_text_015.json,4,5,1
FRAG_001029,FRAG_000766,sample_text_001.json,sample_pdf_024.pdf,4,11,0
FRAG_000136,FRAG_000137,sample_jpeg_015.jpeg,sample_jpeg_015.jpeg,11,12,1
FRAG_001445,FRAG_001446,sample_zip_009.zip,sample_zip_009.zip,1,2,1
FRAG_000857,FRAG_000509,sample_png_008.png,sample_pdf_012.pdf,2,26,0
FRAG_000593,FRAG_000672,sample_pdf_017.pdf,sample_pdf_019.pdf,10,39,0
FRAG_001463,FRAG_000173,sample_zip_011.zip,sample_jpeg_019.jpg,0,3,0
FRAG_000356,FRAG_001234,sample_pdf_006.pdf,sample_text_015.json,8,29,0
FRAG_001509,FRAG_001510,sample_zip_014.zip,sample_zip_014.zip,6,7,1
FRAG_000341,FRAG_000342,sample_pdf_005.pdf,sample_pdf_005.pdf,27,28,1
FRAG_001026,FRAG_001027,sample_text_001.json,sample_text_001.json,1,2,1
FRAG_000894,FRAG_001242,sample_png_011.png,sample_text_016.json,6,4,0
FRAG_000434,FRAG_000435,sample_pdf_009.pdf,sample_pdf_009.pdf,24,25,1
FRAG_000245,FRAG_000246,sample_pdf_001.pdf,sample_pdf_001.pdf,20,21,1
FRAG_001532,FRAG_001533,sample_zip_016.zip,sample_zip_016.zip,2,3,1
FRAG_000154,FRAG_000321,sample_jpeg_017.jpg,sample_pdf_005.pdf,6,7,0
FRAG_000352,FRAG_000353,sample_pdf_006.pdf,sample_pdf_006.pdf,4,5,1
FRAG_000373,FRAG_001573,sample_pdf_007.pdf,sample_zip_019.zip,3,5,0
FRAG_000436,FRAG_001343,sample_pdf_009.pdf,sample_text_024.txt,26,2,0
FRAG_001469,FRAG_001470,sample_zip_011.zip,sample_zip_011.zip,6,7,1
FRAG_001309,FRAG_000869,sample_text_020.txt,sample_png_009.png,7,0,0
FRAG_001394,FRAG_001477,sample_zip_003.zip,sample_zip_011.zip,9,14,0
FRAG_000560,FRAG_000255,sample_pdf_015.pdf,sample_pdf_001.pdf,11,30,0
FRAG_001062,FRAG_001063,sample_text_003.log,sample_text_003.log,3,4,1
FRAG_001030,FRAG_001441,sample_text_001.json,sample_zip_008.zip,5,9,0
FRAG_000711,FRAG_000712,sample_pdf_021.pdf,sample_pdf_021.pdf,3,4,1
FRAG_001321,FRAG_001322,sample_text_021.csv,sample_text_021.csv,3,4,1
FRAG_000345,FRAG_000346,sample_pdf_005.pdf,sample_pdf_005.pdf,31,32,1
FRAG_000765,FRAG_000898,sample_pdf_024.pdf,sample_png_012.png,10,1,0
FRAG_000634,FRAG_000635,sample_pdf_019.pdf,sample_pdf_019.pdf,1,2,1
FRAG_000719,FRAG_000013,sample_pdf_021.pdf,sample_jpeg_001.jpeg,11,12,0
FRAG_000912,FRAG_000913,sample_png_014.png,sample_png_014.png,1,2,1
FRAG_000615,FRAG_000323,sample_pdf_018.pdf,sample_pdf_005.pdf,12,9,0
FRAG_001391,FRAG_001392,sample_zip_003.zip,sample_zip_003.zip,6,7,1
FRAG_000512,FRAG_000233,sample_pdf_012.pdf,sample_pdf_001.pdf,29,8,0
FRAG_000151,FRAG_000152,sample_jpeg_017.jpg,sample_jpeg_017.jpg,3,4,1
FRAG_000258,FRAG_001612,sample_pdf_001.pdf,sample_zip_023.zip,33,2,0
FRAG_000811,FRAG_000563,sample_png_003.png,sample_pdf_016.pdf,2,2,0
FRAG_001239,FRAG_001240,sample_text_016.json,sample_text_016.json,1,2,1
FRAG_001357,FRAG_000980,sample_text_024.txt,sample_png_021.png,16,6,0
FRAG_000215,FRAG_000216,sample_jpeg_025.jpg,sample_jpeg_025.jpg,1,2,1
FRAG_001199,FRAG_001200,sample_text_014.txt,sample_text_014.txt,2,3,1
FRAG_000878,FRAG_001355,sample_png_009.png,sample_text_024.txt,9,14,0
FRAG_000053,FRAG_000270,sample_jpeg_007.jpg,sample_pdf_002.pdf,0,11,0
FRAG_000931,FRAG_000932,sample_png_016.png,sample_png_016.png,4,5,1
FRAG_001016,FRAG_001017,sample_png_025.png,sample_png_025.png,5,6,1
FRAG_000196,FRAG_000197,sample_jpeg_022.jpg,sample_jpeg_022.jpg,3,4,1
FRAG_000312,FRAG_001015,sample_pdf_004.pdf,sample_png_025.png,6,4,0
FRAG_000424,FRAG_000425,sample_pdf_009.pdf,sample_pdf_009.pdf,14,15,1
FRAG_000297,FRAG_000267,sample_pdf_003.pdf,sample_pdf_002.pdf,17,8,0
FRAG_001467,FRAG_001468,sample_zip_011.zip,sample_zip_011.zip,4,5,1
FRAG_000520,FRAG_001531,sample_pdf_013.pdf,sample_zip_016.zip,2,1,0
FRAG_000673,FRAG_000571,sample_pdf_020.pdf,sample_pdf_016.pdf,0,10,0
FRAG_000433,FRAG_000542,sample_pdf_009.pdf,sample_pdf_014.pdf,23,15,0
FRAG_000370,FRAG_000371,sample_pdf_007.pdf,sample_pdf_007.pdf,0,1,1
FRAG_000749,FRAG_000750,sample_pdf_023.pdf,sample_pdf_023.pdf,7,8,1
FRAG_000043,FRAG_000044,sample_jpeg_005.jpg,sample_jpeg_005.jpg,1,2,1
FRAG_000919,FRAG_001261,sample_png_014.png,sample_text_016.json,8,23,0
FRAG_000255,FRAG_000256,sample_pdf_001.pdf,sample_pdf_001.pdf,30,31,1
FRAG_001037,FRAG_001327,sample_text_001.json,sample_text_022.log,12,2,0
FRAG_000542,FRAG_001099,sample_pdf_014.pdf,sample_text_007.csv,15,1,0
FRAG_000821,FRAG_000105,sample_png_004.png,sample_jpeg_012.jpg,6,6,0
FRAG_001470,FRAG_000968,sample_zip_011.zip,sample_png_019.png,7,11,0
FRAG_000224,FRAG_000510,sample_jpeg_025.jpg,sample_pdf_012.pdf,10,27,0
FRAG_000416,FRAG_000417,sample_pdf_009.pdf,sample_pdf_009.pdf,6,7,1
FRAG_001163,FRAG_001382,sample_text_011.json,sample_zip_002.zip,16,2,0
FRAG_001621,FRAG_000409,sample_zip_024.zip,sample_pdf_008.pdf,4,19,0
FRAG_001019,FRAG_000753,sample_png_025.png,sample_pdf_023.pdf,8,11,0
FRAG_000361,FRAG_000362,sample_pdf_006.pdf,sample_pdf_006.pdf,13,14,1
FRAG_000973,FRAG_000035,sample_png_020.png,sample_jpeg_004.jpeg,4,1,0
FRAG_000998,FRAG_000999,sample_png_023.png,sample_png_023.png,2,3,1
FRAG_001075,FRAG_001076,sample_text_004.json,sample_text_004.json,8,9,1
FRAG_001586,FRAG_000303,sample_zip_020.zip,sample_pdf_003.pdf,10,23,0
FRAG_000424,FRAG_000861,sample_pdf_009.pdf,sample_png_008.png,14,6,0
FRAG_000376,FRAG_000571,sample_pdf_007.pdf,sample_pdf_016.pdf,6,10,0
FRAG_000741,FRAG_001042,sample_pdf_022.pdf,sample_text_001.json,21,17,0
FRAG_000244,FRAG_000264,sample_pdf_001.pdf,sample_pdf_002.pdf,19,5,0
FRAG_000867,FRAG_000434,sample_png_008.png,sample_pdf_009.pdf,12,24,0
FRAG_001181,FRAG_001182,sample_text_012.log,sample_text_012.log,7,8,1
FRAG_001570,FRAG_001571,sample_zip_019.zip,sample_zip_019.zip,2,3,1
FRAG_001116,FRAG_001117,sample_text_008.json,sample_text_008.json,8,9,1
FRAG_000785,FRAG_000479,sample_pdf_025.pdf,sample_pdf_011.pdf,17,26,0
FRAG_001219,FRAG_001452,sample_text_015.json,sample_zip_009.zip,14,8,0
FRAG_000842,FRAG_000843,sample_png_006.png,sample_png_006.png,7,8,1
FRAG_000613,FRAG_001216,sample_pdf_018.pdf,sample_text_015.json,10,11,0
FRAG_000653,FRAG_000654,sample_pdf_019.pdf,sample_pdf_019.pdf,20,21,1
FRAG_001203,FRAG_001188,sample_text_014.txt,sample_text_013.csv,6,0,0
FRAG_000428,FRAG_000429,sample_pdf_009.pdf,sample_pdf_009.pdf,18,19,1
FRAG_000474,FRAG_000475,sample_pdf_011.pdf,sample_pdf_011.pdf,21,22,1
FRAG_000784,FRAG_000785,sample_pdf_025.pdf,sample_pdf_025.pdf,16,17,1
FRAG_000845,FRAG_000051,sample_png_006.png,sample_jpeg_006.jpg,10,3,0
FRAG_001448,FRAG_000580,sample_zip_009.zip,sample_pdf_016.pdf,4,19,0
FRAG_000080,FRAG_000081,sample_jpeg_010.jpg,sample_jpeg_010.jpg,2,3,1
FRAG_001266,FRAG_001267,sample_text_017.txt,sample_text_017.txt,0,1,1
FRAG_000115,FRAG_000601,sample_jpeg_013.jpeg,sample_pdf_017.pdf,3,18,0
FRAG_001215,FRAG_001216,sample_text_015.json,sample_text_015.json,10,11,1
FRAG_001078,FRAG_000936,sample_text_004.json,sample_png_016.png,11,9,0
FRAG_000078,FRAG_000079,sample_jpeg_010.jpg,sample_jpeg_010.jpg,0,1,1
FRAG_000055,FRAG_000056,sample_jpeg_007.jpg,sample_jpeg_007.jpg,2,3,1
FRAG_000446,FRAG_000120,sample_pdf_010.pdf,sample_jpeg_013.jpeg,1,8,0
FRAG_001382,FRAG_000814,sample_zip_002.zip,sample_png_003.png,2,5,0
FRAG_000649,FRAG_001284,sample_pdf_019.pdf,sample_text_018.csv,16,7,0
FRAG_000030,FRAG_000031,sample_jpeg_003.jpg,sample_jpeg_003.jpg,4,5,1
FRAG_000710,FRAG_000906,sample_pdf_021.pdf,sample_png_013.png,2,3,0
FRAG_000515,FRAG_000473,sample_pdf_012.pdf,sample_pdf_011.pdf,32,20,0
FRAG_001392,FRAG_000328,sample_zip_003.zip,sample_pdf_005.pdf,7,14,0
FRAG_000495,FRAG_001475,sample_pdf_012.pdf,sample_zip_011.zip,12,12,0
FRAG_001326,FRAG_000686,sample_text_022.log,sample_pdf_020.pdf,1,13,0
FRAG_000180,FRAG_001397,sample_jpeg_019.jpg,sample_zip_004.zip,10,2,0
FRAG_001124,FRAG_001490,sample_text_008.json,sample_zip_013.zip,16,0,0
FRAG_001483,FRAG_001345,sample_zip_012.zip,sample_text_024.txt,1,4,0
FRAG_000274,FRAG_000275,sample_pdf_002.pdf,sample_pdf_002.pdf,15,16,1
FRAG_000570,FRAG_000014,sample_pdf_016.pdf,sample_jpeg_002.jpeg,9,0,0
FRAG_000901,FRAG_000159,sample_png_012.png,sample_jpeg_017.jpg,4,11,0
FRAG_001534,FRAG_001166,sample_zip_016.zip,sample_text_011.json,4,19,0
FRAG_000964,FRAG_000965,sample_png_019.png,sample_png_019.png,7,8,1
FRAG_000042,FRAG_000043,sample_jpeg_005.jpg,sample_jpeg_005.jpg,0,1,1
FRAG_000662,FRAG_000663,sample_pdf_019.pdf,sample_pdf_019.pdf,29,30,1
FRAG_000307,FRAG_000308,sample_pdf_004.pdf,sample_pdf_004.pdf,1,2,1
FRAG_001022,FRAG_001023,sample_png_025.png,sample_png_025.png,11,12,1
FRAG_000284,FRAG_000513,sample_pdf_003.pdf,sample_pdf_012.pdf,4,30,0
FRAG_000606,FRAG_000607,sample_pdf_018.pdf,sample_pdf_018.pdf,3,4,1
FRAG_001197,FRAG_000977,sample_text_014.txt,sample_png_021.png,0,3,0
FRAG_000029,FRAG_000030,sample_jpeg_003.jpg,sample_jpeg_003.jpg,3,4,1
FRAG_000223,FRAG_000224,sample_jpeg_025.jpg,sample_jpeg_025.jpg,9,10,1
FRAG_001458,FRAG_001454,sample_zip_010.zip,sample_zip_009.zip,3,10,0
FRAG_000334,FRAG_000335,sample_pdf_005.pdf,sample_pdf_005.pdf,20,21,1
FRAG_000155,FRAG_000156,sample_jpeg_017.jpg,sample_jpeg_017.jpg,7,8,1
FRAG_001487,FRAG_000612,sample_zip_012.zip,sample_pdf_018.pdf,5,9,0
FRAG_000267,FRAG_000268,sample_pdf_002.pdf,sample_pdf_002.pdf,8,9,1
FRAG_000462,FRAG_000709,sample_pdf_011.pdf,sample_pdf_021.pdf,9,1,0
FRAG_001172,FRAG_000736,sample_text_011.json,sample_pdf_022.pdf,25,16,0
FRAG_000821,FRAG_001371,sample_png_004.png,sample_zip_001.zip,6,1,0
FRAG_000395,FRAG_000647,sample_pdf_008.pdf,sample_pdf_019.pdf,5,14,0
FRAG_000281,FRAG_001287,sample_pdf_003.pdf,sample_text_019.txt,1,0,0
FRAG_001420,FRAG_000542,sample_zip_006.zip,sample_pdf_014.pdf,10,15,0
FRAG_000740,FRAG_000741,sample_pdf_022.pdf,sample_pdf_022.pdf,20,21,1
FRAG_001560,FRAG_001561,sample_zip_018.zip,sample_zip_018.zip,2,3,1
FRAG_000736,FRAG_000737,sample_pdf_022.pdf,sample_pdf_022.pdf,16,17,1
FRAG_001544,FRAG_000799,sample_zip_017.zip,sample_png_001.png,0,3,0
FRAG_000580,FRAG_000206,sample_pdf_016.pdf,sample_jpeg_024.jpeg,19,1,0
FRAG_000004,FRAG_001260,sample_jpeg_001.jpeg,sample_text_016.json,3,22,0
FRAG_000245,FRAG_001522,sample_pdf_001.pdf,sample_zip_015.zip,20,2,0
FRAG_001139,FRAG_001140,sample_text_010.log,sample_text_010.log,0,1,1
FRAG_001495,FRAG_001496,sample_zip_013.zip,sample_zip_013.zip,5,6,1
FRAG_000162,FRAG_000882,sample_jpeg_018.jpeg,sample_png_010.png,0,1,0
FRAG_000236,FRAG_000960,sample_pdf_001.pdf,sample_png_019.png,11,3,0
FRAG_000204,FRAG_001563,sample_jpeg_023.jpeg,sample_zip_018.zip,3,5,0
FRAG_001086,FRAG_001087,sample_text_005.csv,sample_text_005.csv,1,2,1
FRAG_001052,FRAG_001216,sample_text_002.txt,sample_text_015.json,9,11,0
FRAG_000547,FRAG_001438,sample_pdf_014.pdf,sample_zip_008.zip,20,6,0
FRAG_001017,FRAG_001018,sample_png_025.png,sample_png_025.png,6,7,1
FRAG_001461,FRAG_001462,sample_zip_010.zip,sample_zip_010.zip,6,7,1
FRAG_000861,FRAG_000862,sample_png_008.png,sample_png_008.png,6,7,1
FRAG_000668,FRAG_000669,sample_pdf_019.pdf,sample_pdf_019.pdf,35,36,1
FRAG_001304,FRAG_001305,sample_text_020.txt,sample_text_020.txt,2,3,1
FRAG_000648,FRAG_001540,sample_pdf_019.pdf,sample_zip_016.zip,15,10,0
FRAG_000175,FRAG_000191,sample_jpeg_019.jpg,sample_jpeg_021.jpg,5,4,0
FRAG_001562,FRAG_000571,sample_zip_018.zip,sample_pdf_016.pdf,4,10,0
FRAG_001534,FRAG_001377,sample_zip_016.zip,sample_zip_001.zip,4,7,0
FRAG_001154,FRAG_001155,sample_text_011.json,sample_text_011.json,7,8,1
FRAG_000075,FRAG_000076,sample_jpeg_009.jpeg,sample_jpeg_009.jpeg,5,6,1
FRAG_000641,FRAG_000642,sample_pdf_019.pdf,sample_pdf_019.pdf,8,9,1
FRAG_000977,FRAG_000978,sample_png_021.png,sample_png_021.png,3,4,1
FRAG_001358,FRAG_000435,sample_text_025.log,sample_pdf_009.pdf,0,25,0
FRAG_000211,FRAG_000212,sample_jpeg_024.jpeg,sample_jpeg_024.jpeg,6,7,1
FRAG_001383,FRAG_000482,sample_zip_002.zip,sample_pdf_011.pdf,3,29,0
FRAG_001383,FRAG_001384,sample_zip_002.zip,sample_zip_002.zip,3,4,1
FRAG_001117,FRAG_000179,sample_text_008.json,sample_jpeg_019.jpg,9,9,0
FRAG_000695,FRAG_001143,sample_pdf_020.pdf,sample_text_010.log,22,4,0
FRAG_001417,FRAG_001418,sample_zip_006.zip,sample_zip_006.zip,7,8,1
FRAG_000313,FRAG_000489,sample_pdf_004.pdf,sample_pdf_012.pdf,7,6,0
FRAG_000437,FRAG_000438,sample_pdf_009.pdf,sample_pdf_009.pdf,27,28,1
FRAG_000671,FRAG_000434,sample_pdf_019.pdf,sample_pdf_009.pdf,38,24,0
FRAG_001221,FRAG_001620,sample_text_015.json,sample_zip_024.zip,16,3,0
FRAG_000844,FRAG_001421,sample_png_006.png,sample_zip_006.zip,9,11,0
FRAG_001594,FRAG_001595,sample_zip_021.zip,sample_zip_021.zip,5,6,1
FRAG_001157,FRAG_001158,sample_text_011.json,sample_text_011.json,10,11,1
FRAG_001363,FRAG_001364,sample_text_025.log,sample_text_025.log,5,6,1
FRAG_001592,FRAG_001593,sample_zip_021.zip,sample_zip_021.zip,3,4,1
FRAG_000130,FRAG_001467,sample_jpeg_015.jpeg,sample_zip_011.zip,5,4,0
FRAG_000589,FRAG_000466,sample_pdf_017.pdf,sample_pdf_011.pdf,6,13,0
FRAG_000932,FRAG_000670,sample_png_016.png,sample_pdf_019.pdf,5,37,0
FRAG_001094,FRAG_001494,sample_text_006.log,sample_zip_013.zip,4,4,0
FRAG_001250,FRAG_001251,sample_text_016.json,sample_text_016.json,12,13,1
FRAG_001424,FRAG_001425,sample_zip_007.zip,sample_zip_007.zip,0,1,1
FRAG_000185,FRAG_001620,sample_jpeg_020.jpg,sample_zip_024.zip,3,3,0
FRAG_001057,FRAG_001058,sample_text_002.txt,sample_text_002.txt,14,15,1
FRAG_001081,FRAG_001243,sample_text_004.json,sample_text_016.json,14,5,0
FRAG_000899,FRAG_000900,sample_png_012.png,sample_png_012.png,2,3,1
FRAG_000303,FRAG_000484,sample_pdf_003.pdf,sample_pdf_012.pdf,23,1,0
FRAG_001072,FRAG_001073,sample_text_004.json,sample_text_004.json,5,6,1
FRAG_000893,FRAG_001498,sample_png_011.png,sample_zip_013.zip,5,8,0
FRAG_000518,FRAG_000519,sample_pdf_013.pdf,sample_pdf_013.pdf,0,1,1
FRAG_000833,FRAG_000834,sample_png_005.png,sample_png_005.png,6,7,1
FRAG_000933,FRAG_000934,sample_png_016.png,sample_png_016.png,6,7,1
FRAG_000071,FRAG_000072,sample_jpeg_009.jpeg,sample_jpeg_009.jpeg,1,2,1
FRAG_001339,FRAG_001340,sample_text_023.csv,sample_text_023.csv,2,3,1
FRAG_001474,FRAG_001475,sample_zip_011.zip,sample_zip_011.zip,11,12,1
FRAG_000919,FRAG_000920,sample_png_014.png,sample_png_014.png,8,9,1
FRAG_000661,FRAG_000503,sample_pdf_019.pdf,sample_pdf_012.pdf,28,20,0
FRAG_000957,FRAG_000958,sample_png_019.png,sample_png_019.png,0,1,1
FRAG_001489,FRAG_000317,sample_zip_012.zip,sample_pdf_005.pdf,7,3,0
FRAG_000135,FRAG_000634,sample_jpeg_015.jpeg,sample_pdf_019.pdf,10,1,0
FRAG_001160,FRAG_001347,sample_text_011.json,sample_text_024.txt,13,6,0
FRAG_000824,FRAG_000825,sample_png_004.png,sample_png_004.png,9,10,1
FRAG_000328,FRAG_000329,sample_pdf_005.pdf,sample_pdf_005.pdf,14,15,1
FRAG_000180,FRAG_000181,sample_jpeg_019.jpg,sample_jpeg_019.jpg,10,11,1
FRAG_000157,FRAG_001046,sample_jpeg_017.jpg,sample_text_002.txt,9,3,0
FRAG_000525,FRAG_000405,sample_pdf_013.pdf,sample_pdf_008.pdf,7,15,0
FRAG_001393,FRAG_001060,sample_zip_003.zip,sample_text_003.log,8,1,0
FRAG_001183,FRAG_000394,sample_text_012.log,sample_pdf_008.pdf,9,4,0
FRAG_001186,FRAG_001187,sample_text_012.log,sample_text_012.log,12,13,1
FRAG_000237,FRAG_000238,sample_pdf_001.pdf,sample_pdf_001.pdf,12,13,1
FRAG_000836,FRAG_000837,sample_png_006.png,sample_png_006.png,1,2,1
FRAG_000665,FRAG_001631,sample_pdf_019.pdf,sample_zip_025.zip,32,8,0
FRAG_000412,FRAG_000413,sample_pdf_009.pdf,sample_pdf_009.pdf,2,3,1
FRAG_001210,FRAG_000865,sample_text_015.json,sample_png_008.png,5,10,0
FRAG_000303,FRAG_001344,sample_pdf_003.pdf,sample_text_024.txt,23,3,0
FRAG_000354,FRAG_000355,sample_pdf_006.pdf,sample_pdf_006.pdf,6,7,1
FRAG_001506,FRAG_001550,sample_zip_014.zip,sample_zip_017.zip,3,6,0
FRAG_001463,FRAG_001464,sample_zip_011.zip,sample_zip_011.zip,0,1,1
FRAG_000893,FRAG_000894,sample_png_011.png,sample_png_011.png,5,6,1
FRAG_001128,FRAG_001129,sample_text_009.txt,sample_text_009.txt,0,1,1
FRAG_001073,FRAG_001074,sample_text_004.json,sample_text_004.json,6,7,1
FRAG_001221,FRAG_000959,sample_text_015.json,sample_png_019.png,16,2,0
FRAG_000591,FRAG_000592,sample_pdf_017.pdf,sample_pdf_017.pdf,8,9,1
FRAG_000296,FRAG_000840,sample_pdf_003.pdf,sample_png_006.png,16,5,0
FRAG_000200,FRAG_000481,sample_jpeg_022.jpg,sample_pdf_011.pdf,7,28,0
FRAG_000489,FRAG_000544,sample_pdf_012.pdf,sample_pdf_014.pdf,6,17,0
FRAG_001030,FRAG_001088,sample_text_001.json,sample_text_005.csv,5,3,0
FRAG_000932,FRAG_000188,sample_png_016.png,sample_jpeg_021.jpg,5,1,0
FRAG_000831,FRAG_001406,sample_png_005.png,sample_zip_005.zip,4,5,0
FRAG_000978,FRAG_001333,sample_png_021.png,sample_text_022.log,4,8,0
FRAG_000635,FRAG_000636,sample_pdf_019.pdf,sample_pdf_019.pdf,2,3,1
FRAG_001328,FRAG_001329,sample_text_022.log,sample_text_022.log,3,4,1
FRAG_000996,FRAG_000997,sample_png_023.png,sample_png_023.png,0,1,1
FRAG_001065,FRAG_001066,sample_text_003.log,sample_text_003.log,6,7,1
FRAG_001415,FRAG_001285,sample_zip_006.zip,sample_text_018.csv,5,8,0
FRAG_000494,FRAG_001020,sample_pdf_012.pdf,sample_png_025.png,11,9,0
FRAG_000805,FRAG_000806,sample_png_002.png,sample_png_002.png,2,3,1
FRAG_000162,FRAG_001131,sample_jpeg_018.jpeg,sample_text_009.txt,0,3,0
FRAG_001325,FRAG_001326,sample_text_022.log,sample_text_022.log,0,1,1
FRAG_000655,FRAG_000656,sample_pdf_019.pdf,sample_pdf_019.pdf,22,23,1
FRAG_000986,FRAG_000438,sample_png_021.png,sample_pdf_009.pdf,12,28,0
FRAG_001467,FRAG_000644,sample_zip_011.zip,sample_pdf_019.pdf,4,11,0
FRAG_000296,FRAG_000408,sample_pdf_003.pdf,sample_pdf_008.pdf,16,18,0
FRAG_001411,FRAG_001412,sample_zip_006.zip,sample_zip_006.zip,1,2,1
FRAG_001352,FRAG_001003,sample_text_024.txt,sample_png_023.png,11,7,0
FRAG_000947,FRAG_000778,sample_png_018.png,sample_pdf_025.pdf,2,10,0
FRAG_001254,FRAG_000177,sample_text_016.json,sample_jpeg_019.jpg,16,7,0
FRAG_001115,FRAG_001040,sample_text_008.json,sample_text_001.json,7,15,0
FRAG_001525,FRAG_001526,sample_zip_015.zip,sample_zip_015.zip,5,6,1
FRAG_000217,FRAG_000218,sample_jpeg_025.jpg,sample_jpeg_025.jpg,3,4,1
FRAG_000110,FRAG_000311,sample_jpeg_012.jpg,sample_pdf_004.pdf,11,5,0
FRAG_000951,FRAG_001436,sample_png_018.png,sample_zip_008.zip,6,4,0
FRAG_000074,FRAG_000757,sample_jpeg_009.jpeg,sample_pdf_024.pdf,4,2,0
FRAG_000351,FRAG_001350,sample_pdf_006.pdf,sample_text_024.txt,3,9,0
FRAG_001580,FRAG_001280,sample_zip_020.zip,sample_text_018.csv,4,3,0
FRAG_000766,FRAG_000767,sample_pdf_024.pdf,sample_pdf_024.pdf,11,12,1
FRAG_000869,FRAG_000995,sample_png_009.png,sample_png_022.png,0,7,0
FRAG_000077,FRAG_000624,sample_jpeg_009.jpeg,sample_pdf_018.pdf,7,21,0
FRAG_000276,FRAG_000277,sample_pdf_002.pdf,sample_pdf_002.pdf,17,18,1
FRAG_001217,FRAG_001218,sample_text_015.json,sample_text_015.json,12,13,1
FRAG_001327,FRAG_001328,sample_text_022.log,sample_text_022.log,2,3,1
FRAG_000381,FRAG_000141,sample_pdf_007.pdf,sample_jpeg_016.jpeg,11,1,0
FRAG_000976,FRAG_000977,sample_png_021.png,sample_png_021.png,2,3,1
FRAG_000968,FRAG_000500,sample_png_019.png,sample_pdf_012.pdf,11,17,0
FRAG_001104,FRAG_000556,sample_text_007.csv,sample_pdf_015.pdf,6,7,0
FRAG_000629,FRAG_000630,sample_pdf_018.pdf,sample_pdf_018.pdf,26,27,1
FRAG_001333,FRAG_001334,sample_text_022.log,sample_text_022.log,8,9,1
FRAG_001047,FRAG_001048,sample_text_002.txt,sample_text_002.txt,4,5,1
FRAG_001419,FRAG_001420,sample_zip_006.zip,sample_zip_006.zip,9,10,1
FRAG_001576,FRAG_000839,sample_zip_020.zip,sample_png_006.png,0,4,0
FRAG_000087,FRAG_000894,sample_jpeg_010.jpg,sample_png_011.png,9,6,0
FRAG_000852,FRAG_001495,sample_png_007.png,sample_zip_013.zip,6,5,0
FRAG_001412,FRAG_001413,sample_zip_006.zip,sample_zip_006.zip,2,3,1
FRAG_001334,FRAG_001575,sample_text_022.log,sample_zip_019.zip,9,7,0
FRAG_000612,FRAG_000461,sample_pdf_018.pdf,sample_pdf_011.pdf,9,8,0
FRAG_001277,FRAG_001278,sample_text_018.csv,sample_text_018.csv,0,1,1
FRAG_001355,FRAG_000406,sample_text_024.txt,sample_pdf_008.pdf,14,16,0
FRAG_000616,FRAG_000617,sample_pdf_018.pdf,sample_pdf_018.pdf,13,14,1
FRAG_000257,FRAG_000258,sample_pdf_001.pdf,sample_pdf_001.pdf,32,33,1
FRAG_000958,FRAG_000959,sample_png_019.png,sample_png_019.png,1,2,1
FRAG_001388,FRAG_001120,sample_zip_003.zip,sample_text_008.json,3,12,0
FRAG_001035,FRAG_001036,sample_text_001.json,sample_text_001.json,10,11,1
FRAG_001407,FRAG_001474,sample_zip_005.zip,sample_zip_011.zip,6,11,0
FRAG_000271,FRAG_001482,sample_pdf_002.pdf,sample_zip_012.zip,12,0,0
FRAG_000205,FRAG_000206,sample_jpeg_024.jpeg,sample_jpeg_024.jpeg,0,1,1
FRAG_001081,FRAG_001082,sample_text_004.json,sample_text_004.json,14,15,1
FRAG_000225,FRAG_000226,sample_pdf_001.pdf,sample_pdf_001.pdf,0,1,1
FRAG_000467,FRAG_001478,sample_pdf_011.pdf,sample_zip_011.zip,14,15,0
FRAG_001473,FRAG_000981,sample_zip_011.zip,sample_png_021.png,10,7,0
FRAG_000814,FRAG_001520,sample_png_003.png,sample_zip_015.zip,5,0,0
FRAG_001269,FRAG_000687,sample_text_017.txt,sample_pdf_020.pdf,3,14,0
FRAG_000154,FRAG_000155,sample_jpeg_017.jpg,sample_jpeg_017.jpg,6,7,1
FRAG_000632,FRAG_000094,sample_pdf_018.pdf,sample_jpeg_011.jpeg,29,2,0
FRAG_000448,FRAG_000449,sample_pdf_010.pdf,sample_pdf_010.pdf,3,4,1
FRAG_000303,FRAG_000304,sample_pdf_003.pdf,sample_pdf_003.pdf,23,24,1
FRAG_000907,FRAG_000908,sample_png_013.png,sample_png_013.png,4,5,1
FRAG_001063,FRAG_001064,sample_text_003.log,sample_text_003.log,4,5,1
FRAG_000073,FRAG_000074,sample_jpeg_009.jpeg,sample_jpeg_009.jpeg,3,4,1
FRAG_001249,FRAG_000326,sample_text_016.json,sample_pdf_005.pdf,11,12,0
FRAG_000715,FRAG_000141,sample_pdf_021.pdf,sample_jpeg_016.jpeg,7,1,0
FRAG_000072,FRAG_000259,sample_jpeg_009.jpeg,sample_pdf_002.pdf,2,0,0
FRAG_000148,FRAG_000149,sample_jpeg_017.jpg,sample_jpeg_017.jpg,0,1,1
FRAG_000499,FRAG_000500,sample_pdf_012.pdf,sample_pdf_012.pdf,16,17,1
FRAG_000827,FRAG_000828,sample_png_005.png,sample_png_005.png,0,1,1
FRAG_001219,FRAG_001220,sample_text_015.json,sample_text_015.json,14,15,1
FRAG_000680,FRAG_000681,sample_pdf_020.pdf,sample_pdf_020.pdf,7,8,1
FRAG_001533,FRAG_001534,sample_zip_016.zip,sample_zip_016.zip,3,4,1
FRAG_000721,FRAG_000612,sample_pdf_022.pdf,sample_pdf_018.pdf,1,9,0
FRAG_001094,FRAG_001095,sample_text_006.log,sample_text_006.log,4,5,1
FRAG_001015,FRAG_001016,sample_png_025.png,sample_png_025.png,4,5,1
FRAG_000759,FRAG_000728,sample_pdf_024.pdf,sample_pdf_022.pdf,4,8,0
FRAG_001093,FRAG_000779,sample_text_006.log,sample_pdf_025.pdf,3,11,0
FRAG_000190,FRAG_001300,sample_jpeg_021.jpg,sample_text_019.txt,3,13,0
FRAG_001589,FRAG_001637,sample_zip_021.zip,sample_zip_025.zip,0,14,0
FRAG_000011,FRAG_001128,sample_jpeg_001.jpeg,sample_text_009.txt,10,0,0
FRAG_000922,FRAG_000955,sample_png_015.png,sample_png_018.png,0,10,0
FRAG_001391,FRAG_001635,sample_zip_003.zip,sample_zip_025.zip,6,12,0
FRAG_001318,FRAG_001319,sample_text_021.csv,sample_text_021.csv,0,1,1
FRAG_000105,FRAG_000106,sample_jpeg_012.jpg,sample_jpeg_012.jpg,6,7,1
FRAG_000016,FRAG_000017,sample_jpeg_002.jpeg,sample_jpeg_002.jpeg,2,3,1
FRAG_000983,FRAG_000984,sample_png_021.png,sample_png_021.png,9,10,1
FRAG_000562,FRAG_000563,sample_pdf_016.pdf,sample_pdf_016.pdf,1,2,1
FRAG_000680,FRAG_000206,sample_pdf_020.pdf,sample_jpeg_024.jpeg,7,1,0
FRAG_001105,FRAG_001595,sample_text_007.csv,sample_zip_021.zip,7,6,0
FRAG_000359,FRAG_000162,sample_pdf_006.pdf,sample_jpeg_018.jpeg,11,0,0
FRAG_000781,FRAG_000782,sample_pdf_025.pdf,sample_pdf_025.pdf,13,14,1
FRAG_000523,FRAG_000524,sample_pdf_013.pdf,sample_pdf_013.pdf,5,6,1
FRAG_001540,FRAG_001541,sample_zip_016.zip,sample_zip_016.zip,10,11,1
FRAG_001017,FRAG_001418,sample_png_025.png,sample_zip_006.zip,6,8,0
FRAG_000586,FRAG_000587,sample_pdf_017.pdf,sample_pdf_017.pdf,3,4,1
FRAG_001366,FRAG_000020,sample_text_025.log,sample_jpeg_002.jpeg,8,6,0
FRAG_000922,FRAG_000760,sample_png_015.png,sample_pdf_024.pdf,0,5,0
FRAG_000832,FRAG_000610,sample_png_005.png,sample_pdf_018.pdf,5,7,0
FRAG_000359,FRAG_000360,sample_pdf_006.pdf,sample_pdf_006.pdf,11,12,1
FRAG_000089,FRAG_001495,sample_jpeg_010.jpg,sample_zip_013.zip,11,5,0
FRAG_000094,FRAG_001355,sample_jpeg_011.jpeg,sample_text_024.txt,2,14,0
FRAG_000849,FRAG_001290,sample_png_007.png,sample_text_019.txt,3,3,0
FRAG_001590,FRAG_000115,sample_zip_021.zip,sample_jpeg_013.jpeg,1,3,0
FRAG_001564,FRAG_000690,sample_zip_018.zip,sample_pdf_020.pdf,6,17,0
FRAG_001441,FRAG_000620,sample_zip_008.zip,sample_pdf_018.pdf,9,17,0
FRAG_001502,FRAG_001346,sample_zip_013.zip,sample_text_024.txt,12,5,0
FRAG_000597,FRAG_000880,sample_pdf_017.pdf,sample_png_009.png,14,11,0
FRAG_000596,FRAG_000597,sample_pdf_017.pdf,sample_pdf_017.pdf,13,14,1
FRAG_000787,FRAG_000788,sample_pdf_025.pdf,sample_pdf_025.pdf,19,20,1
FRAG_000338,FRAG_000777,sample_pdf_005.pdf,sample_pdf_025.pdf,24,9,0
FRAG_001267,FRAG_001268,sample_text_017.txt,sample_text_017.txt,1,2,1
FRAG_000145,FRAG_000146,sample_jpeg_016.jpeg,sample_jpeg_016.jpeg,5,6,1
FRAG_000222,FRAG_001186,sample_jpeg_025.jpg,sample_text_012.log,8,12,0
FRAG_000311,FRAG_000312,sample_pdf_004.pdf,sample_pdf_004.pdf,5,6,1
FRAG_000273,FRAG_000274,sample_pdf_002.pdf,sample_pdf_002.pdf,14,15,1
FRAG_000936,FRAG_000619,sample_png_016.png,sample_pdf_018.pdf,9,16,0
FRAG_000289,FRAG_000290,sample_pdf_003.pdf,sample_pdf_003.pdf,9,10,1
FRAG_001004,FRAG_001452,sample_png_023.png,sample_zip_009.zip,8,8,0
FRAG_001526,FRAG_001527,sample_zip_015.zip,sample_zip_015.zip,6,7,1
FRAG_001036,FRAG_001001,sample_text_001.json,sample_png_023.png,11,5,0
FRAG_000209,FRAG_000210,sample_jpeg_024.jpeg,sample_jpeg_024.jpeg,4,5,1
FRAG_000329,FRAG_000330,sample_pdf_005.pdf,sample_pdf_005.pdf,15,16,1
FRAG_001363,FRAG_000523,sample_text_025.log,sample_pdf_013.pdf,5,5,0
FRAG_000961,FRAG_000962,sample_png_019.png,sample_png_019.png,4,5,1
FRAG_000014,FRAG_000015,sample_jpeg_002.jpeg,sample_jpeg_002.jpeg,0,1,1
FRAG_001125,FRAG_001126,sample_text_008.json,sample_text_008.json,17,18,1
FRAG_000263,FRAG_001352,sample_pdf_002.pdf,sample_text_024.txt,4,11,0
FRAG_000101,FRAG_000102,sample_jpeg_012.jpg,sample_jpeg_012.jpg,2,3,1
FRAG_000077,FRAG_000019,sample_jpeg_009.jpeg,sample_jpeg_002.jpeg,7,5,0
FRAG_001362,FRAG_001363,sample_text_025.log,sample_text_025.log,4,5,1
FRAG_001178,FRAG_000152,sample_text_012.log,sample_jpeg_017.jpg,4,4,0
FRAG_000893,FRAG_000995,sample_png_011.png,sample_png_022.png,5,7,0
FRAG_001203,FRAG_001521,sample_text_014.txt,sample_zip_015.zip,6,1,0
FRAG_000263,FRAG_000264,sample_pdf_002.pdf,sample_pdf_002.pdf,4,5,1
FRAG_001157,FRAG_000421,sample_text_011.json,sample_pdf_009.pdf,10,11,0
FRAG_001107,FRAG_000166,sample_text_007.csv,sample_jpeg_018.jpeg,9,4,0
FRAG_001347,FRAG_001196,sample_text_024.txt,sample_text_013.csv,6,8,0
FRAG_001357,FRAG_000821,sample_text_024.txt,sample_png_004.png,16,6,0
FRAG_000581,FRAG_000582,sample_pdf_016.pdf,sample_pdf_016.pdf,20,21,1
FRAG_001034,FRAG_000874,sample_text_001.json,sample_png_009.png,9,5,0
FRAG_000253,FRAG_000254,sample_pdf_001.pdf,sample_pdf_001.pdf,28,29,1
FRAG_001508,FRAG_000348,sample_zip_014.zip,sample_pdf_006.pdf,5,0,0
FRAG_000964,FRAG_001063,sample_png_019.png,sample_text_003.log,7,4,0
FRAG_000405,FRAG_000406,sample_pdf_008.pdf,sample_pdf_008.pdf,15,16,1
FRAG_001098,FRAG_001561,sample_text_007.csv,sample_zip_018.zip,0,3,0
FRAG_001345,FRAG_000988,sample_text_024.txt,sample_png_022.png,4,0,0
FRAG_001518,FRAG_001202,sample_zip_014.zip,sample_text_014.txt,15,5,0
FRAG_000904,FRAG_000905,sample_png_013.png,sample_png_013.png,1,2,1
FRAG_001580,FRAG_001182,sample_zip_020.zip,sample_text_012.log,4,8,0
FRAG_000513,FRAG_000514,sample_pdf_012.pdf,sample_pdf_012.pdf,30,31,1
FRAG_000606,FRAG_001136,sample_pdf_018.pdf,sample_text_009.txt,3,8,0
FRAG_001021,FRAG_001468,sample_png_025.png,sample_zip_011.zip,10,5,0
FRAG_001452,FRAG_001453,sample_zip_009.zip,sample_zip_009.zip,8,9,1
FRAG_000720,FRAG_000721,sample_pdf_022.pdf,sample_pdf_022.pdf,0,1,1
FRAG_000657,FRAG_000658,sample_pdf_019.pdf,sample_pdf_019.pdf,24,25,1
FRAG_000844,FRAG_001160,sample_png_006.png,sample_text_011.json,9,13,0
FRAG_000909,FRAG_000151,sample_png_013.png,sample_jpeg_017.jpg,6,3,0
